suite	relpath	observed	expected	adjudication	basis
ispras-sv-tests	ieee-1364-2005/parts/count.v	pass	chained_only	deferred:chained_only	ispras-1364: no '// ! TYPE:' key (multi-file companion under parts/) - not a standalone keyed unit
ispras-sv-tests	ieee-1364-2005/test_03_05_01_1.v	fail	out_of_scope_with_cause:impl_varying_v2005	deferred:impl_varying_v2005	ispras-1364: TYPE VARYING - implementation-dependent verdict by suite contract
ispras-sv-tests	ieee-1364-2005/test_03_05_01_2.v	fail	must_accept	divergence:unexplained_rejects_valid	ispras-1364 POSITIVE pinned .8c.2 (KNOWN_TEXT_BUGS re-adjudicated, no errata flip): 3.5.1/5.1 spaced + signed based literals - 3.5.1 verbatim: the size, base and value are separate tokens (A.8.7), white space is allowed between size and base, and the unsigned number token 'shall immediately follow the base format, optionally preceded by white space'; the s designator and unary minus on based primaries are ordinary A.8.3/A.8.6 syntax; KNOWN_TEXT_BUGS covers only Example 3 (16'sd?) - none of these texts
ispras-sv-tests	ieee-1364-2005/test_03_05_01_3.v	fail	out_of_scope_with_cause:impl_varying_v2005	deferred:impl_varying_v2005	ispras-1364: TYPE VARYING - implementation-dependent verdict by suite contract
ispras-sv-tests	ieee-1364-2005/test_03_05_01_4.v	fail	must_accept	divergence:unexplained_rejects_valid	ispras-1364 POSITIVE pinned .8c.2 (KNOWN_TEXT_BUGS re-adjudicated, no errata flip): 3.5.1/5.1 spaced + signed based literals - 3.5.1 verbatim: the size, base and value are separate tokens (A.8.7), white space is allowed between size and base, and the unsigned number token 'shall immediately follow the base format, optionally preceded by white space'; the s designator and unary minus on based primaries are ordinary A.8.3/A.8.6 syntax; KNOWN_TEXT_BUGS covers only Example 3 (16'sd?) - none of these texts
ispras-sv-tests	ieee-1364-2005/test_03_05_01_5.v	fail	must_accept	divergence:unexplained_rejects_valid	ispras-1364 POSITIVE pinned .8c.2 (KNOWN_TEXT_BUGS re-adjudicated, no errata flip): 3.5.1/5.1 spaced + signed based literals - 3.5.1 verbatim: the size, base and value are separate tokens (A.8.7), white space is allowed between size and base, and the unsigned number token 'shall immediately follow the base format, optionally preceded by white space'; the s designator and unary minus on based primaries are ordinary A.8.3/A.8.6 syntax; KNOWN_TEXT_BUGS covers only Example 3 (16'sd?) - none of these texts
ispras-sv-tests	ieee-1364-2005/test_03_05_02_1.v	fail	out_of_scope_with_cause:impl_varying_v2005	deferred:impl_varying_v2005	ispras-1364: TYPE VARYING - implementation-dependent verdict by suite contract
ispras-sv-tests	ieee-1364-2005/test_03_06_01_1.v	pass	must_accept	match	ispras-1364: '// ! TYPE: POSITIVE' clause-keyed valid example (a failing residue re-adjudicates against the suite's KNOWN_TEXT_BUGS errata in leaf .8c.2 - committed-text-over-intent)
ispras-sv-tests	ieee-1364-2005/test_03_06_02_1.v	pass	must_accept	match	ispras-1364: '// ! TYPE: POSITIVE' clause-keyed valid example (a failing residue re-adjudicates against the suite's KNOWN_TEXT_BUGS errata in leaf .8c.2 - committed-text-over-intent)
ispras-sv-tests	ieee-1364-2005/test_03_06_03_1.v	pass	must_accept	match	ispras-1364: '// ! TYPE: POSITIVE' clause-keyed valid example (a failing residue re-adjudicates against the suite's KNOWN_TEXT_BUGS errata in leaf .8c.2 - committed-text-over-intent)
ispras-sv-tests	ieee-1364-2005/test_03_07_00_1.v	pass	must_accept	match	ispras-1364: '// ! TYPE: POSITIVE' clause-keyed valid example (a failing residue re-adjudicates against the suite's KNOWN_TEXT_BUGS errata in leaf .8c.2 - committed-text-over-intent)
ispras-sv-tests	ieee-1364-2005/test_03_07_01_1.v	pass	must_accept	match	ispras-1364: '// ! TYPE: POSITIVE' clause-keyed valid example (a failing residue re-adjudicates against the suite's KNOWN_TEXT_BUGS errata in leaf .8c.2 - committed-text-over-intent)
ispras-sv-tests	ieee-1364-2005/test_03_07_03_1.v	pass	must_accept	match	ispras-1364: '// ! TYPE: POSITIVE' clause-keyed valid example (a failing residue re-adjudicates against the suite's KNOWN_TEXT_BUGS errata in leaf .8c.2 - committed-text-over-intent)
ispras-sv-tests	ieee-1364-2005/test_03_07_04_1.v	fail	must_accept	divergence:explained_svpp_macro_use	ispras-1364: '// ! TYPE: POSITIVE' clause-keyed valid example (a failing residue re-adjudicates against the suite's KNOWN_TEXT_BUGS errata in leaf .8c.2 - committed-text-over-intent)
ispras-sv-tests	ieee-1364-2005/test_03_08_01_1.v	pass	must_accept	match	ispras-1364: '// ! TYPE: POSITIVE' clause-keyed valid example (a failing residue re-adjudicates against the suite's KNOWN_TEXT_BUGS errata in leaf .8c.2 - committed-text-over-intent)
ispras-sv-tests	ieee-1364-2005/test_03_08_01_2.v	pass	must_accept	match	ispras-1364: '// ! TYPE: POSITIVE' clause-keyed valid example (a failing residue re-adjudicates against the suite's KNOWN_TEXT_BUGS errata in leaf .8c.2 - committed-text-over-intent)
ispras-sv-tests	ieee-1364-2005/test_03_08_01_3.v	pass	must_accept	match	ispras-1364: '// ! TYPE: POSITIVE' clause-keyed valid example (a failing residue re-adjudicates against the suite's KNOWN_TEXT_BUGS errata in leaf .8c.2 - committed-text-over-intent)
ispras-sv-tests	ieee-1364-2005/test_03_08_01_4.v	pass	must_accept	match	ispras-1364: '// ! TYPE: POSITIVE' clause-keyed valid example (a failing residue re-adjudicates against the suite's KNOWN_TEXT_BUGS errata in leaf .8c.2 - committed-text-over-intent)
ispras-sv-tests	ieee-1364-2005/test_03_08_01_5.v	pass	must_accept	match	ispras-1364: '// ! TYPE: POSITIVE' clause-keyed valid example (a failing residue re-adjudicates against the suite's KNOWN_TEXT_BUGS errata in leaf .8c.2 - committed-text-over-intent)
ispras-sv-tests	ieee-1364-2005/test_03_08_01_6.v	pass	must_accept	match	ispras-1364: '// ! TYPE: POSITIVE' clause-keyed valid example (a failing residue re-adjudicates against the suite's KNOWN_TEXT_BUGS errata in leaf .8c.2 - committed-text-over-intent)
ispras-sv-tests	ieee-1364-2005/test_03_08_01_7.v	pass	must_accept	match	ispras-1364: '// ! TYPE: POSITIVE' clause-keyed valid example (a failing residue re-adjudicates against the suite's KNOWN_TEXT_BUGS errata in leaf .8c.2 - committed-text-over-intent)
ispras-sv-tests	ieee-1364-2005/test_03_08_01_8.v	pass	must_accept	match	ispras-1364: '// ! TYPE: POSITIVE' clause-keyed valid example (a failing residue re-adjudicates against the suite's KNOWN_TEXT_BUGS errata in leaf .8c.2 - committed-text-over-intent)
ispras-sv-tests	ieee-1364-2005/test_04_03_01_1.v	pass	must_accept	match	ispras-1364: '// ! TYPE: POSITIVE' clause-keyed valid example (a failing residue re-adjudicates against the suite's KNOWN_TEXT_BUGS errata in leaf .8c.2 - committed-text-over-intent)
ispras-sv-tests	ieee-1364-2005/test_04_03_02_1.v	fail	must_accept	divergence:unexplained_rejects_valid	ispras-1364 POSITIVE pinned .8c.2 (KNOWN_TEXT_BUGS re-adjudicated, no errata flip): scalared/vectored net declaration - A.2.1.3 net_declaration 'net_type [ vectored | scalared ] [ signed ] range' alternative
ispras-sv-tests	ieee-1364-2005/test_04_04_01_1.v	pass	must_accept	match	ispras-1364: '// ! TYPE: POSITIVE' clause-keyed valid example (a failing residue re-adjudicates against the suite's KNOWN_TEXT_BUGS errata in leaf .8c.2 - committed-text-over-intent)
ispras-sv-tests	ieee-1364-2005/test_04_05_00_1.v	pass	must_accept	match	ispras-1364: '// ! TYPE: POSITIVE' clause-keyed valid example (a failing residue re-adjudicates against the suite's KNOWN_TEXT_BUGS errata in leaf .8c.2 - committed-text-over-intent)
ispras-sv-tests	ieee-1364-2005/test_04_05_00_2.v	pass	must_accept	match	ispras-1364: '// ! TYPE: POSITIVE' clause-keyed valid example (a failing residue re-adjudicates against the suite's KNOWN_TEXT_BUGS errata in leaf .8c.2 - committed-text-over-intent)
ispras-sv-tests	ieee-1364-2005/test_04_05_00_3.v	pass	must_accept	match	ispras-1364: '// ! TYPE: POSITIVE' clause-keyed valid example (a failing residue re-adjudicates against the suite's KNOWN_TEXT_BUGS errata in leaf .8c.2 - committed-text-over-intent)
ispras-sv-tests	ieee-1364-2005/test_04_08_00_1.v	pass	must_accept	match	ispras-1364: '// ! TYPE: POSITIVE' clause-keyed valid example (a failing residue re-adjudicates against the suite's KNOWN_TEXT_BUGS errata in leaf .8c.2 - committed-text-over-intent)
ispras-sv-tests	ieee-1364-2005/test_04_09_00_1.v	pass	must_accept	match	ispras-1364: '// ! TYPE: POSITIVE' clause-keyed valid example (a failing residue re-adjudicates against the suite's KNOWN_TEXT_BUGS errata in leaf .8c.2 - committed-text-over-intent)
ispras-sv-tests	ieee-1364-2005/test_04_09_03_1_1.v	pass	must_accept	match	ispras-1364: '// ! TYPE: POSITIVE' clause-keyed valid example (a failing residue re-adjudicates against the suite's KNOWN_TEXT_BUGS errata in leaf .8c.2 - committed-text-over-intent)
ispras-sv-tests	ieee-1364-2005/test_04_09_03_1_2.v	fail	must_accept	divergence:explained_svpp_conditional	ispras-1364: '// ! TYPE: POSITIVE' clause-keyed valid example (a failing residue re-adjudicates against the suite's KNOWN_TEXT_BUGS errata in leaf .8c.2 - committed-text-over-intent)
ispras-sv-tests	ieee-1364-2005/test_04_09_03_1_3.v	pass	must_accept	match	ispras-1364: '// ! TYPE: POSITIVE' clause-keyed valid example (a failing residue re-adjudicates against the suite's KNOWN_TEXT_BUGS errata in leaf .8c.2 - committed-text-over-intent)
ispras-sv-tests	ieee-1364-2005/test_04_10_01_1.v	pass	must_accept	match	ispras-1364: '// ! TYPE: POSITIVE' clause-keyed valid example (a failing residue re-adjudicates against the suite's KNOWN_TEXT_BUGS errata in leaf .8c.2 - committed-text-over-intent)
ispras-sv-tests	ieee-1364-2005/test_04_10_03_1.v	pass	must_accept	match	ispras-1364: '// ! TYPE: POSITIVE' clause-keyed valid example (a failing residue re-adjudicates against the suite's KNOWN_TEXT_BUGS errata in leaf .8c.2 - committed-text-over-intent)
ispras-sv-tests	ieee-1364-2005/test_04_10_03_2.v	fail	out_of_scope_with_cause:impl_varying_v2005	deferred:impl_varying_v2005	ispras-1364: TYPE VARYING - implementation-dependent verdict by suite contract
ispras-sv-tests	ieee-1364-2005/test_05_01_03_1.v	fail	must_accept	divergence:unexplained_rejects_valid	ispras-1364 POSITIVE pinned .8c.2 (KNOWN_TEXT_BUGS re-adjudicated, no errata flip): 3.5.1/5.1 spaced + signed based literals - 3.5.1 verbatim: the size, base and value are separate tokens (A.8.7), white space is allowed between size and base, and the unsigned number token 'shall immediately follow the base format, optionally preceded by white space'; the s designator and unary minus on based primaries are ordinary A.8.3/A.8.6 syntax; KNOWN_TEXT_BUGS covers only Example 3 (16'sd?) - none of these texts
ispras-sv-tests	ieee-1364-2005/test_05_01_04_1.v	pass	must_accept	match	ispras-1364: '// ! TYPE: POSITIVE' clause-keyed valid example (a failing residue re-adjudicates against the suite's KNOWN_TEXT_BUGS errata in leaf .8c.2 - committed-text-over-intent)
ispras-sv-tests	ieee-1364-2005/test_05_01_05_1.v	pass	must_accept	match	ispras-1364: '// ! TYPE: POSITIVE' clause-keyed valid example (a failing residue re-adjudicates against the suite's KNOWN_TEXT_BUGS errata in leaf .8c.2 - committed-text-over-intent)
ispras-sv-tests	ieee-1364-2005/test_05_01_05_2.v	fail	must_accept	divergence:unexplained_rejects_valid	ispras-1364 POSITIVE pinned .8c.2 (KNOWN_TEXT_BUGS re-adjudicated, no errata flip): 3.5.1/5.1 spaced + signed based literals - 3.5.1 verbatim: the size, base and value are separate tokens (A.8.7), white space is allowed between size and base, and the unsigned number token 'shall immediately follow the base format, optionally preceded by white space'; the s designator and unary minus on based primaries are ordinary A.8.3/A.8.6 syntax; KNOWN_TEXT_BUGS covers only Example 3 (16'sd?) - none of these texts
ispras-sv-tests	ieee-1364-2005/test_05_01_06_1.v	pass	must_accept	match	ispras-1364: '// ! TYPE: POSITIVE' clause-keyed valid example (a failing residue re-adjudicates against the suite's KNOWN_TEXT_BUGS errata in leaf .8c.2 - committed-text-over-intent)
ispras-sv-tests	ieee-1364-2005/test_05_01_07_1.v	pass	must_accept	match	ispras-1364: '// ! TYPE: POSITIVE' clause-keyed valid example (a failing residue re-adjudicates against the suite's KNOWN_TEXT_BUGS errata in leaf .8c.2 - committed-text-over-intent)
ispras-sv-tests	ieee-1364-2005/test_05_01_07_2.v	pass	must_accept	match	ispras-1364: '// ! TYPE: POSITIVE' clause-keyed valid example (a failing residue re-adjudicates against the suite's KNOWN_TEXT_BUGS errata in leaf .8c.2 - committed-text-over-intent)
ispras-sv-tests	ieee-1364-2005/test_05_01_08_1.v	pass	must_accept	match	ispras-1364: '// ! TYPE: POSITIVE' clause-keyed valid example (a failing residue re-adjudicates against the suite's KNOWN_TEXT_BUGS errata in leaf .8c.2 - committed-text-over-intent)
ispras-sv-tests	ieee-1364-2005/test_05_01_09_1.v	pass	must_accept	match	ispras-1364: '// ! TYPE: POSITIVE' clause-keyed valid example (a failing residue re-adjudicates against the suite's KNOWN_TEXT_BUGS errata in leaf .8c.2 - committed-text-over-intent)
ispras-sv-tests	ieee-1364-2005/test_05_01_09_2.v	pass	must_accept	match	ispras-1364: '// ! TYPE: POSITIVE' clause-keyed valid example (a failing residue re-adjudicates against the suite's KNOWN_TEXT_BUGS errata in leaf .8c.2 - committed-text-over-intent)
ispras-sv-tests	ieee-1364-2005/test_05_01_09_3.v	pass	must_accept	match	ispras-1364: '// ! TYPE: POSITIVE' clause-keyed valid example (a failing residue re-adjudicates against the suite's KNOWN_TEXT_BUGS errata in leaf .8c.2 - committed-text-over-intent)
ispras-sv-tests	ieee-1364-2005/test_05_01_12_1.v	pass	must_accept	match	ispras-1364: '// ! TYPE: POSITIVE' clause-keyed valid example (a failing residue re-adjudicates against the suite's KNOWN_TEXT_BUGS errata in leaf .8c.2 - committed-text-over-intent)
ispras-sv-tests	ieee-1364-2005/test_05_01_12_2.v	pass	must_accept	match	ispras-1364: '// ! TYPE: POSITIVE' clause-keyed valid example (a failing residue re-adjudicates against the suite's KNOWN_TEXT_BUGS errata in leaf .8c.2 - committed-text-over-intent)
ispras-sv-tests	ieee-1364-2005/test_05_01_13_1.v	pass	must_accept	match	ispras-1364: '// ! TYPE: POSITIVE' clause-keyed valid example (a failing residue re-adjudicates against the suite's KNOWN_TEXT_BUGS errata in leaf .8c.2 - committed-text-over-intent)
ispras-sv-tests	ieee-1364-2005/test_05_01_14_1.v	pass	must_accept	match	ispras-1364: '// ! TYPE: POSITIVE' clause-keyed valid example (a failing residue re-adjudicates against the suite's KNOWN_TEXT_BUGS errata in leaf .8c.2 - committed-text-over-intent)
ispras-sv-tests	ieee-1364-2005/test_05_01_14_2.v	fail	out_of_scope_with_cause:impl_varying_v2005	deferred:impl_varying_v2005	ispras-1364: TYPE VARYING - implementation-dependent verdict by suite contract
ispras-sv-tests	ieee-1364-2005/test_05_01_14_3.v	fail	out_of_scope_with_cause:impl_varying_v2005	deferred:impl_varying_v2005	ispras-1364: TYPE VARYING - implementation-dependent verdict by suite contract
ispras-sv-tests	ieee-1364-2005/test_05_01_14_4.v	pass	must_accept	match	ispras-1364: '// ! TYPE: POSITIVE' clause-keyed valid example (a failing residue re-adjudicates against the suite's KNOWN_TEXT_BUGS errata in leaf .8c.2 - committed-text-over-intent)
ispras-sv-tests	ieee-1364-2005/test_05_02_01_1.v	fail	out_of_scope_with_cause:impl_varying_v2005	deferred:impl_varying_v2005	ispras-1364: TYPE VARYING - implementation-dependent verdict by suite contract
ispras-sv-tests	ieee-1364-2005/test_05_02_01_2.v	pass	must_accept	match	ispras-1364: '// ! TYPE: POSITIVE' clause-keyed valid example (a failing residue re-adjudicates against the suite's KNOWN_TEXT_BUGS errata in leaf .8c.2 - committed-text-over-intent)
ispras-sv-tests	ieee-1364-2005/test_05_02_01_3.v	pass	must_accept	match	ispras-1364: '// ! TYPE: POSITIVE' clause-keyed valid example (a failing residue re-adjudicates against the suite's KNOWN_TEXT_BUGS errata in leaf .8c.2 - committed-text-over-intent)
ispras-sv-tests	ieee-1364-2005/test_05_02_01_4.v	pass	must_accept	match	ispras-1364: '// ! TYPE: POSITIVE' clause-keyed valid example (a failing residue re-adjudicates against the suite's KNOWN_TEXT_BUGS errata in leaf .8c.2 - committed-text-over-intent)
ispras-sv-tests	ieee-1364-2005/test_05_02_02_1.v	pass	must_accept	match	ispras-1364: '// ! TYPE: POSITIVE' clause-keyed valid example (a failing residue re-adjudicates against the suite's KNOWN_TEXT_BUGS errata in leaf .8c.2 - committed-text-over-intent)
ispras-sv-tests	ieee-1364-2005/test_05_02_02_2.v	fail	must_accept	divergence:explained_svpp_conditional	ispras-1364: '// ! TYPE: POSITIVE' clause-keyed valid example (a failing residue re-adjudicates against the suite's KNOWN_TEXT_BUGS errata in leaf .8c.2 - committed-text-over-intent)
ispras-sv-tests	ieee-1364-2005/test_05_02_03_1.v	pass	must_accept	match	ispras-1364: '// ! TYPE: POSITIVE' clause-keyed valid example (a failing residue re-adjudicates against the suite's KNOWN_TEXT_BUGS errata in leaf .8c.2 - committed-text-over-intent)
ispras-sv-tests	ieee-1364-2005/test_05_02_03_2_1.v	pass	out_of_scope_with_cause:impl_varying_v2005	deferred:impl_varying_v2005	ispras-1364: TYPE VARYING - implementation-dependent verdict by suite contract
ispras-sv-tests	ieee-1364-2005/test_05_03_00_1.v	fail	must_accept	divergence:unexplained_rejects_valid	ispras-1364 POSITIVE pinned .8c.2 (KNOWN_TEXT_BUGS re-adjudicated, no errata flip): parenthesized mintypmax as a parameter value - A.2.4 param_assignment RHS is constant_mintypmax_expression and A.8.4 constant_primary admits ( constant_mintypmax_expression )
ispras-sv-tests	ieee-1364-2005/test_05_04_00_1.v	pass	must_accept	match	ispras-1364: '// ! TYPE: POSITIVE' clause-keyed valid example (a failing residue re-adjudicates against the suite's KNOWN_TEXT_BUGS errata in leaf .8c.2 - committed-text-over-intent)
ispras-sv-tests	ieee-1364-2005/test_05_04_02_1.v	fail	out_of_scope_with_cause:impl_varying_v2005	deferred:impl_varying_v2005	ispras-1364: TYPE VARYING - implementation-dependent verdict by suite contract
ispras-sv-tests	ieee-1364-2005/test_05_04_02_2.v	pass	must_accept	match	ispras-1364: '// ! TYPE: POSITIVE' clause-keyed valid example (a failing residue re-adjudicates against the suite's KNOWN_TEXT_BUGS errata in leaf .8c.2 - committed-text-over-intent)
ispras-sv-tests	ieee-1364-2005/test_05_04_03_1.v	pass	must_accept	match	ispras-1364: '// ! TYPE: POSITIVE' clause-keyed valid example (a failing residue re-adjudicates against the suite's KNOWN_TEXT_BUGS errata in leaf .8c.2 - committed-text-over-intent)
ispras-sv-tests	ieee-1364-2005/test_05_05_00_1.v	pass	must_accept	match	ispras-1364: '// ! TYPE: POSITIVE' clause-keyed valid example (a failing residue re-adjudicates against the suite's KNOWN_TEXT_BUGS errata in leaf .8c.2 - committed-text-over-intent)
ispras-sv-tests	ieee-1364-2005/test_05_05_01_1.v	pass	must_accept	match	ispras-1364: '// ! TYPE: POSITIVE' clause-keyed valid example (a failing residue re-adjudicates against the suite's KNOWN_TEXT_BUGS errata in leaf .8c.2 - committed-text-over-intent)
ispras-sv-tests	ieee-1364-2005/test_05_06_00_1.v	pass	must_accept	match	ispras-1364: '// ! TYPE: POSITIVE' clause-keyed valid example (a failing residue re-adjudicates against the suite's KNOWN_TEXT_BUGS errata in leaf .8c.2 - committed-text-over-intent)
ispras-sv-tests	ieee-1364-2005/test_05_06_00_2.v	pass	must_accept	match	ispras-1364: '// ! TYPE: POSITIVE' clause-keyed valid example (a failing residue re-adjudicates against the suite's KNOWN_TEXT_BUGS errata in leaf .8c.2 - committed-text-over-intent)
ispras-sv-tests	ieee-1364-2005/test_05_06_00_3.v	pass	must_accept	match	ispras-1364: '// ! TYPE: POSITIVE' clause-keyed valid example (a failing residue re-adjudicates against the suite's KNOWN_TEXT_BUGS errata in leaf .8c.2 - committed-text-over-intent)
ispras-sv-tests	ieee-1364-2005/test_06_01_01_1.v	fail	must_accept	divergence:unexplained_rejects_valid	ispras-1364 POSITIVE pinned .8c.2 (KNOWN_TEXT_BUGS re-adjudicated, no errata flip): 1364 strength grammar (the .8b.1 1364->1800 edition law's origin - these placements ARE grammar in 1364-2005): A.2.1.3 net_declaration [ drive_strength ] with a decl assignment, A.6.1 continuous_assign [ drive_strength ], A.3.1 gate [ drive_strength ] with A.2.2.2 ( highz1 , strength0 ) a listed alternative, A.3.2 pullup_strength ( strength1 )
ispras-sv-tests	ieee-1364-2005/test_06_01_02_1.v	fail	must_accept	divergence:unexplained_rejects_valid	ispras-1364 POSITIVE pinned .8c.2 (KNOWN_TEXT_BUGS re-adjudicated, no errata flip): 1364 strength grammar (the .8b.1 1364->1800 edition law's origin - these placements ARE grammar in 1364-2005): A.2.1.3 net_declaration [ drive_strength ] with a decl assignment, A.6.1 continuous_assign [ drive_strength ], A.3.1 gate [ drive_strength ] with A.2.2.2 ( highz1 , strength0 ) a listed alternative, A.3.2 pullup_strength ( strength1 )
ispras-sv-tests	ieee-1364-2005/test_06_01_02_2.v	pass	must_accept	match	ispras-1364: '// ! TYPE: POSITIVE' clause-keyed valid example (a failing residue re-adjudicates against the suite's KNOWN_TEXT_BUGS errata in leaf .8c.2 - committed-text-over-intent)
ispras-sv-tests	ieee-1364-2005/test_06_01_02_3.v	pass	must_accept	match	ispras-1364: '// ! TYPE: POSITIVE' clause-keyed valid example (a failing residue re-adjudicates against the suite's KNOWN_TEXT_BUGS errata in leaf .8c.2 - committed-text-over-intent)
ispras-sv-tests	ieee-1364-2005/test_06_01_03_1.v	pass	must_accept	match	ispras-1364: '// ! TYPE: POSITIVE' clause-keyed valid example (a failing residue re-adjudicates against the suite's KNOWN_TEXT_BUGS errata in leaf .8c.2 - committed-text-over-intent)
ispras-sv-tests	ieee-1364-2005/test_06_02_01_1.v	pass	must_accept	match	ispras-1364: '// ! TYPE: POSITIVE' clause-keyed valid example (a failing residue re-adjudicates against the suite's KNOWN_TEXT_BUGS errata in leaf .8c.2 - committed-text-over-intent)
ispras-sv-tests	ieee-1364-2005/test_06_02_01_2.v	fail	out_of_scope_with_cause:impl_varying_v2005	deferred:impl_varying_v2005	ispras-1364: TYPE VARYING - implementation-dependent verdict by suite contract
ispras-sv-tests	ieee-1364-2005/test_06_02_01_3.v	pass	must_accept	match	ispras-1364: '// ! TYPE: POSITIVE' clause-keyed valid example (a failing residue re-adjudicates against the suite's KNOWN_TEXT_BUGS errata in leaf .8c.2 - committed-text-over-intent)
ispras-sv-tests	ieee-1364-2005/test_06_02_01_4.v	pass	must_accept	match	ispras-1364: '// ! TYPE: POSITIVE' clause-keyed valid example (a failing residue re-adjudicates against the suite's KNOWN_TEXT_BUGS errata in leaf .8c.2 - committed-text-over-intent)
ispras-sv-tests	ieee-1364-2005/test_06_02_01_5.v	pass	must_accept	match	ispras-1364: '// ! TYPE: POSITIVE' clause-keyed valid example (a failing residue re-adjudicates against the suite's KNOWN_TEXT_BUGS errata in leaf .8c.2 - committed-text-over-intent)
ispras-sv-tests	ieee-1364-2005/test_07_01_02_1.v	fail	must_accept	divergence:unexplained_rejects_valid	ispras-1364 POSITIVE pinned .8c.2 (KNOWN_TEXT_BUGS re-adjudicated, no errata flip): 1364 strength grammar (the .8b.1 1364->1800 edition law's origin - these placements ARE grammar in 1364-2005): A.2.1.3 net_declaration [ drive_strength ] with a decl assignment, A.6.1 continuous_assign [ drive_strength ], A.3.1 gate [ drive_strength ] with A.2.2.2 ( highz1 , strength0 ) a listed alternative, A.3.2 pullup_strength ( strength1 )
ispras-sv-tests	ieee-1364-2005/test_07_01_05_1.v	fail	out_of_scope_with_cause:impl_varying_v2005	deferred:impl_varying_v2005	ispras-1364: TYPE VARYING - implementation-dependent verdict by suite contract
ispras-sv-tests	ieee-1364-2005/test_07_01_06_1.v	pass	must_accept	match	ispras-1364: '// ! TYPE: POSITIVE' clause-keyed valid example (a failing residue re-adjudicates against the suite's KNOWN_TEXT_BUGS errata in leaf .8c.2 - committed-text-over-intent)
ispras-sv-tests	ieee-1364-2005/test_07_01_06_2.v	pass	must_accept	match	ispras-1364: '// ! TYPE: POSITIVE' clause-keyed valid example (a failing residue re-adjudicates against the suite's KNOWN_TEXT_BUGS errata in leaf .8c.2 - committed-text-over-intent)
ispras-sv-tests	ieee-1364-2005/test_07_01_06_3.v	pass	must_accept	match	ispras-1364: '// ! TYPE: POSITIVE' clause-keyed valid example (a failing residue re-adjudicates against the suite's KNOWN_TEXT_BUGS errata in leaf .8c.2 - committed-text-over-intent)
ispras-sv-tests	ieee-1364-2005/test_07_01_06_4.v	pass	must_accept	match	ispras-1364: '// ! TYPE: POSITIVE' clause-keyed valid example (a failing residue re-adjudicates against the suite's KNOWN_TEXT_BUGS errata in leaf .8c.2 - committed-text-over-intent)
ispras-sv-tests	ieee-1364-2005/test_07_02_00_1.v	pass	must_accept	match	ispras-1364: '// ! TYPE: POSITIVE' clause-keyed valid example (a failing residue re-adjudicates against the suite's KNOWN_TEXT_BUGS errata in leaf .8c.2 - committed-text-over-intent)
ispras-sv-tests	ieee-1364-2005/test_07_03_00_1.v	pass	must_accept	match	ispras-1364: '// ! TYPE: POSITIVE' clause-keyed valid example (a failing residue re-adjudicates against the suite's KNOWN_TEXT_BUGS errata in leaf .8c.2 - committed-text-over-intent)
ispras-sv-tests	ieee-1364-2005/test_07_04_00_1.v	pass	must_accept	match	ispras-1364: '// ! TYPE: POSITIVE' clause-keyed valid example (a failing residue re-adjudicates against the suite's KNOWN_TEXT_BUGS errata in leaf .8c.2 - committed-text-over-intent)
ispras-sv-tests	ieee-1364-2005/test_07_05_00_1.v	pass	must_accept	match	ispras-1364: '// ! TYPE: POSITIVE' clause-keyed valid example (a failing residue re-adjudicates against the suite's KNOWN_TEXT_BUGS errata in leaf .8c.2 - committed-text-over-intent)
ispras-sv-tests	ieee-1364-2005/test_07_06_00_1.v	pass	must_accept	match	ispras-1364: '// ! TYPE: POSITIVE' clause-keyed valid example (a failing residue re-adjudicates against the suite's KNOWN_TEXT_BUGS errata in leaf .8c.2 - committed-text-over-intent)
ispras-sv-tests	ieee-1364-2005/test_07_07_00_1.v	pass	must_accept	match	ispras-1364: '// ! TYPE: POSITIVE' clause-keyed valid example (a failing residue re-adjudicates against the suite's KNOWN_TEXT_BUGS errata in leaf .8c.2 - committed-text-over-intent)
ispras-sv-tests	ieee-1364-2005/test_07_08_00_1.v	fail	must_accept	divergence:unexplained_rejects_valid	ispras-1364 POSITIVE pinned .8c.2 (KNOWN_TEXT_BUGS re-adjudicated, no errata flip): 1364 strength grammar (the .8b.1 1364->1800 edition law's origin - these placements ARE grammar in 1364-2005): A.2.1.3 net_declaration [ drive_strength ] with a decl assignment, A.6.1 continuous_assign [ drive_strength ], A.3.1 gate [ drive_strength ] with A.2.2.2 ( highz1 , strength0 ) a listed alternative, A.3.2 pullup_strength ( strength1 )
ispras-sv-tests	ieee-1364-2005/test_07_14_00_1.v	pass	must_accept	match	ispras-1364: '// ! TYPE: POSITIVE' clause-keyed valid example (a failing residue re-adjudicates against the suite's KNOWN_TEXT_BUGS errata in leaf .8c.2 - committed-text-over-intent)
ispras-sv-tests	ieee-1364-2005/test_07_14_00_2.v	pass	must_accept	match	ispras-1364: '// ! TYPE: POSITIVE' clause-keyed valid example (a failing residue re-adjudicates against the suite's KNOWN_TEXT_BUGS errata in leaf .8c.2 - committed-text-over-intent)
ispras-sv-tests	ieee-1364-2005/test_07_14_01_1.v	pass	must_accept	match	ispras-1364: '// ! TYPE: POSITIVE' clause-keyed valid example (a failing residue re-adjudicates against the suite's KNOWN_TEXT_BUGS errata in leaf .8c.2 - committed-text-over-intent)
ispras-sv-tests	ieee-1364-2005/test_07_14_01_2.v	pass	must_accept	match	ispras-1364: '// ! TYPE: POSITIVE' clause-keyed valid example (a failing residue re-adjudicates against the suite's KNOWN_TEXT_BUGS errata in leaf .8c.2 - committed-text-over-intent)
ispras-sv-tests	ieee-1364-2005/test_07_14_02_2_1.v	pass	must_accept	match	ispras-1364: '// ! TYPE: POSITIVE' clause-keyed valid example (a failing residue re-adjudicates against the suite's KNOWN_TEXT_BUGS errata in leaf .8c.2 - committed-text-over-intent)
ispras-sv-tests	ieee-1364-2005/test_07_14_02_2_2.v	pass	must_accept	match	ispras-1364: '// ! TYPE: POSITIVE' clause-keyed valid example (a failing residue re-adjudicates against the suite's KNOWN_TEXT_BUGS errata in leaf .8c.2 - committed-text-over-intent)
ispras-sv-tests	ieee-1364-2005/test_08_02_00_1.v	pass	must_accept	match	ispras-1364: '// ! TYPE: POSITIVE' clause-keyed valid example (a failing residue re-adjudicates against the suite's KNOWN_TEXT_BUGS errata in leaf .8c.2 - committed-text-over-intent)
ispras-sv-tests	ieee-1364-2005/test_08_02_00_2.v	pass	must_accept	match	ispras-1364: '// ! TYPE: POSITIVE' clause-keyed valid example (a failing residue re-adjudicates against the suite's KNOWN_TEXT_BUGS errata in leaf .8c.2 - committed-text-over-intent)
ispras-sv-tests	ieee-1364-2005/test_08_03_00_1.v	pass	must_accept	match	ispras-1364: '// ! TYPE: POSITIVE' clause-keyed valid example (a failing residue re-adjudicates against the suite's KNOWN_TEXT_BUGS errata in leaf .8c.2 - committed-text-over-intent)
ispras-sv-tests	ieee-1364-2005/test_08_04_00_1.v	fail	must_accept	divergence:unexplained_rejects_valid	ispras-1364 POSITIVE pinned .8c.2 (KNOWN_TEXT_BUGS re-adjudicated, no errata flip): UDP bodies and instances - A.5.3 edge_indicator '( level level )' and edge_symbol '*' inside edge_input_list, level_symbol 'b', next_state '-'; A.5.4 udp_instantiation [ delay2 ] with '# identifier' a legal delay_value (and the instance is module-instantiation-shaped either way)
ispras-sv-tests	ieee-1364-2005/test_08_05_00_1.v	pass	must_accept	match	ispras-1364: '// ! TYPE: POSITIVE' clause-keyed valid example (a failing residue re-adjudicates against the suite's KNOWN_TEXT_BUGS errata in leaf .8c.2 - committed-text-over-intent)
ispras-sv-tests	ieee-1364-2005/test_08_05_00_2.v	pass	must_accept	match	ispras-1364: '// ! TYPE: POSITIVE' clause-keyed valid example (a failing residue re-adjudicates against the suite's KNOWN_TEXT_BUGS errata in leaf .8c.2 - committed-text-over-intent)
ispras-sv-tests	ieee-1364-2005/test_08_06_00_1.v	fail	must_accept	divergence:unexplained_rejects_valid	ispras-1364 POSITIVE pinned .8c.2 (KNOWN_TEXT_BUGS re-adjudicated, no errata flip): UDP bodies and instances - A.5.3 edge_indicator '( level level )' and edge_symbol '*' inside edge_input_list, level_symbol 'b', next_state '-'; A.5.4 udp_instantiation [ delay2 ] with '# identifier' a legal delay_value (and the instance is module-instantiation-shaped either way)
ispras-sv-tests	ieee-1364-2005/test_08_07_00_1.v	fail	must_accept	divergence:unexplained_rejects_valid	ispras-1364 POSITIVE pinned .8c.2 (KNOWN_TEXT_BUGS re-adjudicated, no errata flip): UDP bodies and instances - A.5.3 edge_indicator '( level level )' and edge_symbol '*' inside edge_input_list, level_symbol 'b', next_state '-'; A.5.4 udp_instantiation [ delay2 ] with '# identifier' a legal delay_value (and the instance is module-instantiation-shaped either way)
ispras-sv-tests	ieee-1364-2005/test_09_01_00_1.v	pass	must_accept	match	ispras-1364: '// ! TYPE: POSITIVE' clause-keyed valid example (a failing residue re-adjudicates against the suite's KNOWN_TEXT_BUGS errata in leaf .8c.2 - committed-text-over-intent)
ispras-sv-tests	ieee-1364-2005/test_09_02_01_1.v	pass	must_accept	match	ispras-1364: '// ! TYPE: POSITIVE' clause-keyed valid example (a failing residue re-adjudicates against the suite's KNOWN_TEXT_BUGS errata in leaf .8c.2 - committed-text-over-intent)
ispras-sv-tests	ieee-1364-2005/test_09_02_02_1.v	pass	must_accept	match	ispras-1364: '// ! TYPE: POSITIVE' clause-keyed valid example (a failing residue re-adjudicates against the suite's KNOWN_TEXT_BUGS errata in leaf .8c.2 - committed-text-over-intent)
ispras-sv-tests	ieee-1364-2005/test_09_02_02_2.v	pass	must_accept	match	ispras-1364: '// ! TYPE: POSITIVE' clause-keyed valid example (a failing residue re-adjudicates against the suite's KNOWN_TEXT_BUGS errata in leaf .8c.2 - committed-text-over-intent)
ispras-sv-tests	ieee-1364-2005/test_09_02_02_3.v	pass	must_accept	match	ispras-1364: '// ! TYPE: POSITIVE' clause-keyed valid example (a failing residue re-adjudicates against the suite's KNOWN_TEXT_BUGS errata in leaf .8c.2 - committed-text-over-intent)
ispras-sv-tests	ieee-1364-2005/test_09_02_02_4.v	pass	must_accept	match	ispras-1364: '// ! TYPE: POSITIVE' clause-keyed valid example (a failing residue re-adjudicates against the suite's KNOWN_TEXT_BUGS errata in leaf .8c.2 - committed-text-over-intent)
ispras-sv-tests	ieee-1364-2005/test_09_02_02_5.v	pass	must_accept	match	ispras-1364: '// ! TYPE: POSITIVE' clause-keyed valid example (a failing residue re-adjudicates against the suite's KNOWN_TEXT_BUGS errata in leaf .8c.2 - committed-text-over-intent)
ispras-sv-tests	ieee-1364-2005/test_09_02_02_6.v	pass	must_accept	match	ispras-1364: '// ! TYPE: POSITIVE' clause-keyed valid example (a failing residue re-adjudicates against the suite's KNOWN_TEXT_BUGS errata in leaf .8c.2 - committed-text-over-intent)
ispras-sv-tests	ieee-1364-2005/test_09_02_02_7.v	pass	must_accept	match	ispras-1364: '// ! TYPE: POSITIVE' clause-keyed valid example (a failing residue re-adjudicates against the suite's KNOWN_TEXT_BUGS errata in leaf .8c.2 - committed-text-over-intent)
ispras-sv-tests	ieee-1364-2005/test_09_03_01_1.v	pass	must_accept	match	ispras-1364: '// ! TYPE: POSITIVE' clause-keyed valid example (a failing residue re-adjudicates against the suite's KNOWN_TEXT_BUGS errata in leaf .8c.2 - committed-text-over-intent)
ispras-sv-tests	ieee-1364-2005/test_09_03_02_1.v	pass	must_accept	match	ispras-1364: '// ! TYPE: POSITIVE' clause-keyed valid example (a failing residue re-adjudicates against the suite's KNOWN_TEXT_BUGS errata in leaf .8c.2 - committed-text-over-intent)
ispras-sv-tests	ieee-1364-2005/test_09_03_02_2.v	pass	must_accept	match	ispras-1364: '// ! TYPE: POSITIVE' clause-keyed valid example (a failing residue re-adjudicates against the suite's KNOWN_TEXT_BUGS errata in leaf .8c.2 - committed-text-over-intent)
ispras-sv-tests	ieee-1364-2005/test_09_04_00_1.v	pass	must_accept	match	ispras-1364: '// ! TYPE: POSITIVE' clause-keyed valid example (a failing residue re-adjudicates against the suite's KNOWN_TEXT_BUGS errata in leaf .8c.2 - committed-text-over-intent)
ispras-sv-tests	ieee-1364-2005/test_09_04_00_2.v	pass	must_accept	match	ispras-1364: '// ! TYPE: POSITIVE' clause-keyed valid example (a failing residue re-adjudicates against the suite's KNOWN_TEXT_BUGS errata in leaf .8c.2 - committed-text-over-intent)
ispras-sv-tests	ieee-1364-2005/test_09_04_00_3.v	pass	must_accept	match	ispras-1364: '// ! TYPE: POSITIVE' clause-keyed valid example (a failing residue re-adjudicates against the suite's KNOWN_TEXT_BUGS errata in leaf .8c.2 - committed-text-over-intent)
ispras-sv-tests	ieee-1364-2005/test_09_04_01_1.v	pass	must_accept	match	ispras-1364: '// ! TYPE: POSITIVE' clause-keyed valid example (a failing residue re-adjudicates against the suite's KNOWN_TEXT_BUGS errata in leaf .8c.2 - committed-text-over-intent)
ispras-sv-tests	ieee-1364-2005/test_09_05_00_1.v	pass	must_accept	match	ispras-1364: '// ! TYPE: POSITIVE' clause-keyed valid example (a failing residue re-adjudicates against the suite's KNOWN_TEXT_BUGS errata in leaf .8c.2 - committed-text-over-intent)
ispras-sv-tests	ieee-1364-2005/test_09_05_00_2.v	pass	must_accept	match	ispras-1364: '// ! TYPE: POSITIVE' clause-keyed valid example (a failing residue re-adjudicates against the suite's KNOWN_TEXT_BUGS errata in leaf .8c.2 - committed-text-over-intent)
ispras-sv-tests	ieee-1364-2005/test_09_05_00_3.v	pass	must_accept	match	ispras-1364: '// ! TYPE: POSITIVE' clause-keyed valid example (a failing residue re-adjudicates against the suite's KNOWN_TEXT_BUGS errata in leaf .8c.2 - committed-text-over-intent)
ispras-sv-tests	ieee-1364-2005/test_09_05_01_1.v	pass	must_accept	match	ispras-1364: '// ! TYPE: POSITIVE' clause-keyed valid example (a failing residue re-adjudicates against the suite's KNOWN_TEXT_BUGS errata in leaf .8c.2 - committed-text-over-intent)
ispras-sv-tests	ieee-1364-2005/test_09_05_01_2.v	pass	must_accept	match	ispras-1364: '// ! TYPE: POSITIVE' clause-keyed valid example (a failing residue re-adjudicates against the suite's KNOWN_TEXT_BUGS errata in leaf .8c.2 - committed-text-over-intent)
ispras-sv-tests	ieee-1364-2005/test_09_05_02_1.v	pass	must_accept	match	ispras-1364: '// ! TYPE: POSITIVE' clause-keyed valid example (a failing residue re-adjudicates against the suite's KNOWN_TEXT_BUGS errata in leaf .8c.2 - committed-text-over-intent)
ispras-sv-tests	ieee-1364-2005/test_09_06_00_1.v	pass	must_accept	match	ispras-1364: '// ! TYPE: POSITIVE' clause-keyed valid example (a failing residue re-adjudicates against the suite's KNOWN_TEXT_BUGS errata in leaf .8c.2 - committed-text-over-intent)
ispras-sv-tests	ieee-1364-2005/test_09_06_00_2.v	pass	must_accept	match	ispras-1364: '// ! TYPE: POSITIVE' clause-keyed valid example (a failing residue re-adjudicates against the suite's KNOWN_TEXT_BUGS errata in leaf .8c.2 - committed-text-over-intent)
ispras-sv-tests	ieee-1364-2005/test_09_06_00_3.v	pass	must_accept	match	ispras-1364: '// ! TYPE: POSITIVE' clause-keyed valid example (a failing residue re-adjudicates against the suite's KNOWN_TEXT_BUGS errata in leaf .8c.2 - committed-text-over-intent)
ispras-sv-tests	ieee-1364-2005/test_09_07_01_1.v	pass	must_accept	match	ispras-1364: '// ! TYPE: POSITIVE' clause-keyed valid example (a failing residue re-adjudicates against the suite's KNOWN_TEXT_BUGS errata in leaf .8c.2 - committed-text-over-intent)
ispras-sv-tests	ieee-1364-2005/test_09_07_01_2.v	pass	must_accept	match	ispras-1364: '// ! TYPE: POSITIVE' clause-keyed valid example (a failing residue re-adjudicates against the suite's KNOWN_TEXT_BUGS errata in leaf .8c.2 - committed-text-over-intent)
ispras-sv-tests	ieee-1364-2005/test_09_07_02_1.v	pass	must_accept	match	ispras-1364: '// ! TYPE: POSITIVE' clause-keyed valid example (a failing residue re-adjudicates against the suite's KNOWN_TEXT_BUGS errata in leaf .8c.2 - committed-text-over-intent)
ispras-sv-tests	ieee-1364-2005/test_09_07_04_1.v	pass	must_accept	match	ispras-1364: '// ! TYPE: POSITIVE' clause-keyed valid example (a failing residue re-adjudicates against the suite's KNOWN_TEXT_BUGS errata in leaf .8c.2 - committed-text-over-intent)
ispras-sv-tests	ieee-1364-2005/test_09_07_04_2.v	pass	must_accept	match	ispras-1364: '// ! TYPE: POSITIVE' clause-keyed valid example (a failing residue re-adjudicates against the suite's KNOWN_TEXT_BUGS errata in leaf .8c.2 - committed-text-over-intent)
ispras-sv-tests	ieee-1364-2005/test_09_07_04_3.v	pass	must_accept	match	ispras-1364: '// ! TYPE: POSITIVE' clause-keyed valid example (a failing residue re-adjudicates against the suite's KNOWN_TEXT_BUGS errata in leaf .8c.2 - committed-text-over-intent)
ispras-sv-tests	ieee-1364-2005/test_09_07_04_4.v	pass	must_accept	match	ispras-1364: '// ! TYPE: POSITIVE' clause-keyed valid example (a failing residue re-adjudicates against the suite's KNOWN_TEXT_BUGS errata in leaf .8c.2 - committed-text-over-intent)
ispras-sv-tests	ieee-1364-2005/test_09_07_05_1.v	pass	must_accept	match	ispras-1364: '// ! TYPE: POSITIVE' clause-keyed valid example (a failing residue re-adjudicates against the suite's KNOWN_TEXT_BUGS errata in leaf .8c.2 - committed-text-over-intent)
ispras-sv-tests	ieee-1364-2005/test_09_07_05_2.v	pass	must_accept	match	ispras-1364: '// ! TYPE: POSITIVE' clause-keyed valid example (a failing residue re-adjudicates against the suite's KNOWN_TEXT_BUGS errata in leaf .8c.2 - committed-text-over-intent)
ispras-sv-tests	ieee-1364-2005/test_09_07_05_3.v	pass	must_accept	match	ispras-1364: '// ! TYPE: POSITIVE' clause-keyed valid example (a failing residue re-adjudicates against the suite's KNOWN_TEXT_BUGS errata in leaf .8c.2 - committed-text-over-intent)
ispras-sv-tests	ieee-1364-2005/test_09_07_05_4.v	pass	must_accept	match	ispras-1364: '// ! TYPE: POSITIVE' clause-keyed valid example (a failing residue re-adjudicates against the suite's KNOWN_TEXT_BUGS errata in leaf .8c.2 - committed-text-over-intent)
ispras-sv-tests	ieee-1364-2005/test_09_07_05_5.v	pass	must_accept	match	ispras-1364: '// ! TYPE: POSITIVE' clause-keyed valid example (a failing residue re-adjudicates against the suite's KNOWN_TEXT_BUGS errata in leaf .8c.2 - committed-text-over-intent)
ispras-sv-tests	ieee-1364-2005/test_09_07_05_6.v	pass	must_accept	match	ispras-1364: '// ! TYPE: POSITIVE' clause-keyed valid example (a failing residue re-adjudicates against the suite's KNOWN_TEXT_BUGS errata in leaf .8c.2 - committed-text-over-intent)
ispras-sv-tests	ieee-1364-2005/test_09_07_06_1.v	pass	must_accept	match	ispras-1364: '// ! TYPE: POSITIVE' clause-keyed valid example (a failing residue re-adjudicates against the suite's KNOWN_TEXT_BUGS errata in leaf .8c.2 - committed-text-over-intent)
ispras-sv-tests	ieee-1364-2005/test_09_07_07_1.v	pass	must_accept	match	ispras-1364: '// ! TYPE: POSITIVE' clause-keyed valid example (a failing residue re-adjudicates against the suite's KNOWN_TEXT_BUGS errata in leaf .8c.2 - committed-text-over-intent)
ispras-sv-tests	ieee-1364-2005/test_09_07_07_10.v	pass	must_accept	match	ispras-1364: '// ! TYPE: POSITIVE' clause-keyed valid example (a failing residue re-adjudicates against the suite's KNOWN_TEXT_BUGS errata in leaf .8c.2 - committed-text-over-intent)
ispras-sv-tests	ieee-1364-2005/test_09_07_07_2.v	pass	must_accept	match	ispras-1364: '// ! TYPE: POSITIVE' clause-keyed valid example (a failing residue re-adjudicates against the suite's KNOWN_TEXT_BUGS errata in leaf .8c.2 - committed-text-over-intent)
ispras-sv-tests	ieee-1364-2005/test_09_07_07_3.v	pass	must_accept	match	ispras-1364: '// ! TYPE: POSITIVE' clause-keyed valid example (a failing residue re-adjudicates against the suite's KNOWN_TEXT_BUGS errata in leaf .8c.2 - committed-text-over-intent)
ispras-sv-tests	ieee-1364-2005/test_09_07_07_4.v	pass	must_accept	match	ispras-1364: '// ! TYPE: POSITIVE' clause-keyed valid example (a failing residue re-adjudicates against the suite's KNOWN_TEXT_BUGS errata in leaf .8c.2 - committed-text-over-intent)
ispras-sv-tests	ieee-1364-2005/test_09_07_07_5.v	pass	must_accept	match	ispras-1364: '// ! TYPE: POSITIVE' clause-keyed valid example (a failing residue re-adjudicates against the suite's KNOWN_TEXT_BUGS errata in leaf .8c.2 - committed-text-over-intent)
ispras-sv-tests	ieee-1364-2005/test_09_07_07_6.v	pass	must_accept	match	ispras-1364: '// ! TYPE: POSITIVE' clause-keyed valid example (a failing residue re-adjudicates against the suite's KNOWN_TEXT_BUGS errata in leaf .8c.2 - committed-text-over-intent)
ispras-sv-tests	ieee-1364-2005/test_09_07_07_7.v	pass	must_accept	match	ispras-1364: '// ! TYPE: POSITIVE' clause-keyed valid example (a failing residue re-adjudicates against the suite's KNOWN_TEXT_BUGS errata in leaf .8c.2 - committed-text-over-intent)
ispras-sv-tests	ieee-1364-2005/test_09_07_07_8.v	pass	must_accept	match	ispras-1364: '// ! TYPE: POSITIVE' clause-keyed valid example (a failing residue re-adjudicates against the suite's KNOWN_TEXT_BUGS errata in leaf .8c.2 - committed-text-over-intent)
ispras-sv-tests	ieee-1364-2005/test_09_07_07_9.v	pass	must_accept	match	ispras-1364: '// ! TYPE: POSITIVE' clause-keyed valid example (a failing residue re-adjudicates against the suite's KNOWN_TEXT_BUGS errata in leaf .8c.2 - committed-text-over-intent)
ispras-sv-tests	ieee-1364-2005/test_09_08_01_1.v	pass	must_accept	match	ispras-1364: '// ! TYPE: POSITIVE' clause-keyed valid example (a failing residue re-adjudicates against the suite's KNOWN_TEXT_BUGS errata in leaf .8c.2 - committed-text-over-intent)
ispras-sv-tests	ieee-1364-2005/test_09_08_01_2.v	pass	chained_only	deferred:chained_only	ispras-1364: no '// ! TYPE:' key (multi-file companion under parts/) - not a standalone keyed unit
ispras-sv-tests	ieee-1364-2005/test_09_08_01_3.v	pass	must_accept	match	ispras-1364: '// ! TYPE: POSITIVE' clause-keyed valid example (a failing residue re-adjudicates against the suite's KNOWN_TEXT_BUGS errata in leaf .8c.2 - committed-text-over-intent)
ispras-sv-tests	ieee-1364-2005/test_09_08_02_1.v	pass	must_accept	match	ispras-1364: '// ! TYPE: POSITIVE' clause-keyed valid example (a failing residue re-adjudicates against the suite's KNOWN_TEXT_BUGS errata in leaf .8c.2 - committed-text-over-intent)
ispras-sv-tests	ieee-1364-2005/test_09_08_04_1.v	pass	must_accept	match	ispras-1364: '// ! TYPE: POSITIVE' clause-keyed valid example (a failing residue re-adjudicates against the suite's KNOWN_TEXT_BUGS errata in leaf .8c.2 - committed-text-over-intent)
ispras-sv-tests	ieee-1364-2005/test_09_08_04_2.v	pass	must_accept	match	ispras-1364: '// ! TYPE: POSITIVE' clause-keyed valid example (a failing residue re-adjudicates against the suite's KNOWN_TEXT_BUGS errata in leaf .8c.2 - committed-text-over-intent)
ispras-sv-tests	ieee-1364-2005/test_09_08_04_3.v	pass	must_accept	match	ispras-1364: '// ! TYPE: POSITIVE' clause-keyed valid example (a failing residue re-adjudicates against the suite's KNOWN_TEXT_BUGS errata in leaf .8c.2 - committed-text-over-intent)
ispras-sv-tests	ieee-1364-2005/test_09_09_01_1.v	pass	must_accept	match	ispras-1364: '// ! TYPE: POSITIVE' clause-keyed valid example (a failing residue re-adjudicates against the suite's KNOWN_TEXT_BUGS errata in leaf .8c.2 - committed-text-over-intent)
ispras-sv-tests	ieee-1364-2005/test_09_09_01_2.v	pass	must_accept	match	ispras-1364: '// ! TYPE: POSITIVE' clause-keyed valid example (a failing residue re-adjudicates against the suite's KNOWN_TEXT_BUGS errata in leaf .8c.2 - committed-text-over-intent)
ispras-sv-tests	ieee-1364-2005/test_09_09_02_1.v	pass	must_accept	match	ispras-1364: '// ! TYPE: POSITIVE' clause-keyed valid example (a failing residue re-adjudicates against the suite's KNOWN_TEXT_BUGS errata in leaf .8c.2 - committed-text-over-intent)
ispras-sv-tests	ieee-1364-2005/test_09_09_02_2.v	pass	must_accept	match	ispras-1364: '// ! TYPE: POSITIVE' clause-keyed valid example (a failing residue re-adjudicates against the suite's KNOWN_TEXT_BUGS errata in leaf .8c.2 - committed-text-over-intent)
ispras-sv-tests	ieee-1364-2005/test_10_01_00_1.v	pass	must_accept	match	ispras-1364: '// ! TYPE: POSITIVE' clause-keyed valid example (a failing residue re-adjudicates against the suite's KNOWN_TEXT_BUGS errata in leaf .8c.2 - committed-text-over-intent)
ispras-sv-tests	ieee-1364-2005/test_10_01_00_2.v	pass	must_accept	match	ispras-1364: '// ! TYPE: POSITIVE' clause-keyed valid example (a failing residue re-adjudicates against the suite's KNOWN_TEXT_BUGS errata in leaf .8c.2 - committed-text-over-intent)
ispras-sv-tests	ieee-1364-2005/test_10_02_02_1_1.v	pass	must_accept	match	ispras-1364: '// ! TYPE: POSITIVE' clause-keyed valid example (a failing residue re-adjudicates against the suite's KNOWN_TEXT_BUGS errata in leaf .8c.2 - committed-text-over-intent)
ispras-sv-tests	ieee-1364-2005/test_10_02_02_1_2.v	pass	must_accept	match	ispras-1364: '// ! TYPE: POSITIVE' clause-keyed valid example (a failing residue re-adjudicates against the suite's KNOWN_TEXT_BUGS errata in leaf .8c.2 - committed-text-over-intent)
ispras-sv-tests	ieee-1364-2005/test_10_02_02_2.v	pass	must_accept	match	ispras-1364: '// ! TYPE: POSITIVE' clause-keyed valid example (a failing residue re-adjudicates against the suite's KNOWN_TEXT_BUGS errata in leaf .8c.2 - committed-text-over-intent)
ispras-sv-tests	ieee-1364-2005/test_10_03_00_1.v	pass	must_accept	match	ispras-1364: '// ! TYPE: POSITIVE' clause-keyed valid example (a failing residue re-adjudicates against the suite's KNOWN_TEXT_BUGS errata in leaf .8c.2 - committed-text-over-intent)
ispras-sv-tests	ieee-1364-2005/test_10_03_00_2.v	pass	must_accept	match	ispras-1364: '// ! TYPE: POSITIVE' clause-keyed valid example (a failing residue re-adjudicates against the suite's KNOWN_TEXT_BUGS errata in leaf .8c.2 - committed-text-over-intent)
ispras-sv-tests	ieee-1364-2005/test_10_03_00_3.v	pass	must_accept	match	ispras-1364: '// ! TYPE: POSITIVE' clause-keyed valid example (a failing residue re-adjudicates against the suite's KNOWN_TEXT_BUGS errata in leaf .8c.2 - committed-text-over-intent)
ispras-sv-tests	ieee-1364-2005/test_10_03_00_4.v	pass	must_accept	match	ispras-1364: '// ! TYPE: POSITIVE' clause-keyed valid example (a failing residue re-adjudicates against the suite's KNOWN_TEXT_BUGS errata in leaf .8c.2 - committed-text-over-intent)
ispras-sv-tests	ieee-1364-2005/test_10_03_00_5.v	pass	must_accept	match	ispras-1364: '// ! TYPE: POSITIVE' clause-keyed valid example (a failing residue re-adjudicates against the suite's KNOWN_TEXT_BUGS errata in leaf .8c.2 - committed-text-over-intent)
ispras-sv-tests	ieee-1364-2005/test_10_03_00_6.v	pass	must_accept	match	ispras-1364: '// ! TYPE: POSITIVE' clause-keyed valid example (a failing residue re-adjudicates against the suite's KNOWN_TEXT_BUGS errata in leaf .8c.2 - committed-text-over-intent)
ispras-sv-tests	ieee-1364-2005/test_10_04_01_1.v	pass	must_accept	match	ispras-1364: '// ! TYPE: POSITIVE' clause-keyed valid example (a failing residue re-adjudicates against the suite's KNOWN_TEXT_BUGS errata in leaf .8c.2 - committed-text-over-intent)
ispras-sv-tests	ieee-1364-2005/test_10_04_01_2.v	pass	must_accept	match	ispras-1364: '// ! TYPE: POSITIVE' clause-keyed valid example (a failing residue re-adjudicates against the suite's KNOWN_TEXT_BUGS errata in leaf .8c.2 - committed-text-over-intent)
ispras-sv-tests	ieee-1364-2005/test_10_04_03_1.v	pass	must_accept	match	ispras-1364: '// ! TYPE: POSITIVE' clause-keyed valid example (a failing residue re-adjudicates against the suite's KNOWN_TEXT_BUGS errata in leaf .8c.2 - committed-text-over-intent)
ispras-sv-tests	ieee-1364-2005/test_10_04_04_1.v	pass	must_accept	match	ispras-1364: '// ! TYPE: POSITIVE' clause-keyed valid example (a failing residue re-adjudicates against the suite's KNOWN_TEXT_BUGS errata in leaf .8c.2 - committed-text-over-intent)
ispras-sv-tests	ieee-1364-2005/test_10_04_05_1.v	pass	must_accept	match	ispras-1364: '// ! TYPE: POSITIVE' clause-keyed valid example (a failing residue re-adjudicates against the suite's KNOWN_TEXT_BUGS errata in leaf .8c.2 - committed-text-over-intent)
ispras-sv-tests	ieee-1364-2005/test_11_04_01_1.v	pass	must_accept	match	ispras-1364: '// ! TYPE: POSITIVE' clause-keyed valid example (a failing residue re-adjudicates against the suite's KNOWN_TEXT_BUGS errata in leaf .8c.2 - committed-text-over-intent)
ispras-sv-tests	ieee-1364-2005/test_11_05_00_1.v	pass	must_accept	match	ispras-1364: '// ! TYPE: POSITIVE' clause-keyed valid example (a failing residue re-adjudicates against the suite's KNOWN_TEXT_BUGS errata in leaf .8c.2 - committed-text-over-intent)
ispras-sv-tests	ieee-1364-2005/test_12_01_02_1.v	pass	must_accept	match	ispras-1364: '// ! TYPE: POSITIVE' clause-keyed valid example (a failing residue re-adjudicates against the suite's KNOWN_TEXT_BUGS errata in leaf .8c.2 - committed-text-over-intent)
ispras-sv-tests	ieee-1364-2005/test_12_01_02_2.v	pass	must_accept	match	ispras-1364: '// ! TYPE: POSITIVE' clause-keyed valid example (a failing residue re-adjudicates against the suite's KNOWN_TEXT_BUGS errata in leaf .8c.2 - committed-text-over-intent)
ispras-sv-tests	ieee-1364-2005/test_12_02_00_1.v	pass	must_accept	match	ispras-1364: '// ! TYPE: POSITIVE' clause-keyed valid example (a failing residue re-adjudicates against the suite's KNOWN_TEXT_BUGS errata in leaf .8c.2 - committed-text-over-intent)
ispras-sv-tests	ieee-1364-2005/test_12_02_00_2.v	pass	must_accept	match	ispras-1364: '// ! TYPE: POSITIVE' clause-keyed valid example (a failing residue re-adjudicates against the suite's KNOWN_TEXT_BUGS errata in leaf .8c.2 - committed-text-over-intent)
ispras-sv-tests	ieee-1364-2005/test_12_02_01_1.v	fail	out_of_scope_with_cause:impl_varying_v2005	deferred:impl_varying_v2005	ispras-1364: TYPE VARYING - implementation-dependent verdict by suite contract
ispras-sv-tests	ieee-1364-2005/test_12_02_01_2.v	pass	must_accept	match	ispras-1364: '// ! TYPE: POSITIVE' clause-keyed valid example (a failing residue re-adjudicates against the suite's KNOWN_TEXT_BUGS errata in leaf .8c.2 - committed-text-over-intent)
ispras-sv-tests	ieee-1364-2005/test_12_02_02_1_1.v	pass	must_accept	match	ispras-1364: '// ! TYPE: POSITIVE' clause-keyed valid example (a failing residue re-adjudicates against the suite's KNOWN_TEXT_BUGS errata in leaf .8c.2 - committed-text-over-intent)
ispras-sv-tests	ieee-1364-2005/test_12_02_02_1_2.v	pass	must_accept	match	ispras-1364: '// ! TYPE: POSITIVE' clause-keyed valid example (a failing residue re-adjudicates against the suite's KNOWN_TEXT_BUGS errata in leaf .8c.2 - committed-text-over-intent)
ispras-sv-tests	ieee-1364-2005/test_12_02_02_2_1.v	pass	must_accept	match	ispras-1364: '// ! TYPE: POSITIVE' clause-keyed valid example (a failing residue re-adjudicates against the suite's KNOWN_TEXT_BUGS errata in leaf .8c.2 - committed-text-over-intent)
ispras-sv-tests	ieee-1364-2005/test_12_02_02_2_2.v	fail	out_of_scope_with_cause:impl_varying_v2005	deferred:impl_varying_v2005	ispras-1364: TYPE VARYING - implementation-dependent verdict by suite contract
ispras-sv-tests	ieee-1364-2005/test_12_02_03_1.v	pass	must_accept	match	ispras-1364: '// ! TYPE: POSITIVE' clause-keyed valid example (a failing residue re-adjudicates against the suite's KNOWN_TEXT_BUGS errata in leaf .8c.2 - committed-text-over-intent)
ispras-sv-tests	ieee-1364-2005/test_12_03_03_1.v	fail	out_of_scope_with_cause:impl_varying_v2005	deferred:impl_varying_v2005	ispras-1364: TYPE VARYING - implementation-dependent verdict by suite contract
ispras-sv-tests	ieee-1364-2005/test_12_03_03_2.v	pass	must_accept	match	pinned .8c.1: 12.3.3 port/net signedness-inheritance and concat/part-select/named header ports - every module header form is 1364-2005 A.1.4 port/port_expression/port_reference BNF and the redeclaration pairs are legal declaration sequences; the cited invalidities (signedness coherence, named-connection usability) are semantic stage
ispras-sv-tests	ieee-1364-2005/test_12_03_03_3.v	pass	must_accept	match	ispras-1364: '// ! TYPE: POSITIVE' clause-keyed valid example (a failing residue re-adjudicates against the suite's KNOWN_TEXT_BUGS errata in leaf .8c.2 - committed-text-over-intent)
ispras-sv-tests	ieee-1364-2005/test_12_03_05_1.v	pass	must_accept	match	ispras-1364: '// ! TYPE: POSITIVE' clause-keyed valid example (a failing residue re-adjudicates against the suite's KNOWN_TEXT_BUGS errata in leaf .8c.2 - committed-text-over-intent)
ispras-sv-tests	ieee-1364-2005/test_12_03_06_1.v	pass	must_accept	match	ispras-1364: '// ! TYPE: POSITIVE' clause-keyed valid example (a failing residue re-adjudicates against the suite's KNOWN_TEXT_BUGS errata in leaf .8c.2 - committed-text-over-intent)
ispras-sv-tests	ieee-1364-2005/test_12_03_06_2.v	pass	must_accept	match	ispras-1364: '// ! TYPE: POSITIVE' clause-keyed valid example (a failing residue re-adjudicates against the suite's KNOWN_TEXT_BUGS errata in leaf .8c.2 - committed-text-over-intent)
ispras-sv-tests	ieee-1364-2005/test_12_03_06_3.v	fail	out_of_scope_with_cause:impl_varying_v2005	deferred:impl_varying_v2005	ispras-1364: TYPE VARYING - implementation-dependent verdict by suite contract
ispras-sv-tests	ieee-1364-2005/test_12_03_07_1.v	pass	must_accept	match	ispras-1364: '// ! TYPE: POSITIVE' clause-keyed valid example (a failing residue re-adjudicates against the suite's KNOWN_TEXT_BUGS errata in leaf .8c.2 - committed-text-over-intent)
ispras-sv-tests	ieee-1364-2005/test_12_04_01_1.v	fail	out_of_scope_with_cause:impl_varying_v2005	deferred:impl_varying_v2005	ispras-1364: TYPE VARYING - implementation-dependent verdict by suite contract
ispras-sv-tests	ieee-1364-2005/test_12_04_01_2.v	pass	must_accept	match	ispras-1364: '// ! TYPE: POSITIVE' clause-keyed valid example (a failing residue re-adjudicates against the suite's KNOWN_TEXT_BUGS errata in leaf .8c.2 - committed-text-over-intent)
ispras-sv-tests	ieee-1364-2005/test_12_04_01_3.v	pass	must_accept	match	ispras-1364: '// ! TYPE: POSITIVE' clause-keyed valid example (a failing residue re-adjudicates against the suite's KNOWN_TEXT_BUGS errata in leaf .8c.2 - committed-text-over-intent)
ispras-sv-tests	ieee-1364-2005/test_12_04_01_4.v	pass	must_accept	match	ispras-1364: '// ! TYPE: POSITIVE' clause-keyed valid example (a failing residue re-adjudicates against the suite's KNOWN_TEXT_BUGS errata in leaf .8c.2 - committed-text-over-intent)
ispras-sv-tests	ieee-1364-2005/test_12_04_01_5.v	pass	must_accept	match	ispras-1364: '// ! TYPE: POSITIVE' clause-keyed valid example (a failing residue re-adjudicates against the suite's KNOWN_TEXT_BUGS errata in leaf .8c.2 - committed-text-over-intent)
ispras-sv-tests	ieee-1364-2005/test_12_04_02_1.v	pass	must_accept	match	ispras-1364: '// ! TYPE: POSITIVE' clause-keyed valid example (a failing residue re-adjudicates against the suite's KNOWN_TEXT_BUGS errata in leaf .8c.2 - committed-text-over-intent)
ispras-sv-tests	ieee-1364-2005/test_12_04_02_2.v	pass	must_accept	match	ispras-1364: '// ! TYPE: POSITIVE' clause-keyed valid example (a failing residue re-adjudicates against the suite's KNOWN_TEXT_BUGS errata in leaf .8c.2 - committed-text-over-intent)
ispras-sv-tests	ieee-1364-2005/test_12_04_02_3.v	pass	must_accept	match	ispras-1364: '// ! TYPE: POSITIVE' clause-keyed valid example (a failing residue re-adjudicates against the suite's KNOWN_TEXT_BUGS errata in leaf .8c.2 - committed-text-over-intent)
ispras-sv-tests	ieee-1364-2005/test_12_04_02_4.v	pass	must_accept	match	ispras-1364: '// ! TYPE: POSITIVE' clause-keyed valid example (a failing residue re-adjudicates against the suite's KNOWN_TEXT_BUGS errata in leaf .8c.2 - committed-text-over-intent)
ispras-sv-tests	ieee-1364-2005/test_12_04_03_1.v	pass	must_accept	match	ispras-1364: '// ! TYPE: POSITIVE' clause-keyed valid example (a failing residue re-adjudicates against the suite's KNOWN_TEXT_BUGS errata in leaf .8c.2 - committed-text-over-intent)
ispras-sv-tests	ieee-1364-2005/test_12_05_00_1.v	pass	must_accept	match	ispras-1364: '// ! TYPE: POSITIVE' clause-keyed valid example (a failing residue re-adjudicates against the suite's KNOWN_TEXT_BUGS errata in leaf .8c.2 - committed-text-over-intent)
ispras-sv-tests	ieee-1364-2005/test_12_05_00_2.v	pass	must_accept	match	ispras-1364: '// ! TYPE: POSITIVE' clause-keyed valid example (a failing residue re-adjudicates against the suite's KNOWN_TEXT_BUGS errata in leaf .8c.2 - committed-text-over-intent)
ispras-sv-tests	ieee-1364-2005/test_12_06_00_1.v	pass	must_accept	match	ispras-1364: '// ! TYPE: POSITIVE' clause-keyed valid example (a failing residue re-adjudicates against the suite's KNOWN_TEXT_BUGS errata in leaf .8c.2 - committed-text-over-intent)
ispras-sv-tests	ieee-1364-2005/test_12_07_00_1.v	pass	must_accept	match	ispras-1364: '// ! TYPE: POSITIVE' clause-keyed valid example (a failing residue re-adjudicates against the suite's KNOWN_TEXT_BUGS errata in leaf .8c.2 - committed-text-over-intent)
ispras-sv-tests	ieee-1364-2005/test_12_08_02_1.v	pass	must_accept	match	pinned .8c.1: 12.8.2 early defparam hierarchical-name resolution ambiguity - pure elaboration semantics; defparam and the generate block are ordinary 1364-2005 BNF
ispras-sv-tests	ieee-1364-2005/test_14_01_00_1.v	pass	must_accept	match	ispras-1364: '// ! TYPE: POSITIVE' clause-keyed valid example (a failing residue re-adjudicates against the suite's KNOWN_TEXT_BUGS errata in leaf .8c.2 - committed-text-over-intent)
ispras-sv-tests	ieee-1364-2005/test_14_02_02_1.v	pass	must_accept	match	ispras-1364: '// ! TYPE: POSITIVE' clause-keyed valid example (a failing residue re-adjudicates against the suite's KNOWN_TEXT_BUGS errata in leaf .8c.2 - committed-text-over-intent)
ispras-sv-tests	ieee-1364-2005/test_14_02_03_1.v	pass	must_accept	match	ispras-1364: '// ! TYPE: POSITIVE' clause-keyed valid example (a failing residue re-adjudicates against the suite's KNOWN_TEXT_BUGS errata in leaf .8c.2 - committed-text-over-intent)
ispras-sv-tests	ieee-1364-2005/test_14_02_03_2.v	pass	must_accept	match	ispras-1364: '// ! TYPE: POSITIVE' clause-keyed valid example (a failing residue re-adjudicates against the suite's KNOWN_TEXT_BUGS errata in leaf .8c.2 - committed-text-over-intent)
ispras-sv-tests	ieee-1364-2005/test_14_02_03_3.v	pass	must_accept	match	ispras-1364: '// ! TYPE: POSITIVE' clause-keyed valid example (a failing residue re-adjudicates against the suite's KNOWN_TEXT_BUGS errata in leaf .8c.2 - committed-text-over-intent)
ispras-sv-tests	ieee-1364-2005/test_14_02_04_2_1.v	pass	must_accept	match	ispras-1364: '// ! TYPE: POSITIVE' clause-keyed valid example (a failing residue re-adjudicates against the suite's KNOWN_TEXT_BUGS errata in leaf .8c.2 - committed-text-over-intent)
ispras-sv-tests	ieee-1364-2005/test_14_02_04_2_2.v	pass	must_accept	match	ispras-1364: '// ! TYPE: POSITIVE' clause-keyed valid example (a failing residue re-adjudicates against the suite's KNOWN_TEXT_BUGS errata in leaf .8c.2 - committed-text-over-intent)
ispras-sv-tests	ieee-1364-2005/test_14_02_04_3_1.v	pass	must_accept	match	ispras-1364: '// ! TYPE: POSITIVE' clause-keyed valid example (a failing residue re-adjudicates against the suite's KNOWN_TEXT_BUGS errata in leaf .8c.2 - committed-text-over-intent)
ispras-sv-tests	ieee-1364-2005/test_14_02_04_3_2.v	pass	must_accept	match	ispras-1364: '// ! TYPE: POSITIVE' clause-keyed valid example (a failing residue re-adjudicates against the suite's KNOWN_TEXT_BUGS errata in leaf .8c.2 - committed-text-over-intent)
ispras-sv-tests	ieee-1364-2005/test_14_02_04_3_3.v	pass	must_accept	match	ispras-1364: '// ! TYPE: POSITIVE' clause-keyed valid example (a failing residue re-adjudicates against the suite's KNOWN_TEXT_BUGS errata in leaf .8c.2 - committed-text-over-intent)
ispras-sv-tests	ieee-1364-2005/test_14_02_04_3_4.v	fail	out_of_scope_with_cause:impl_varying_v2005	deferred:impl_varying_v2005	ispras-1364: TYPE VARYING - implementation-dependent verdict by suite contract
ispras-sv-tests	ieee-1364-2005/test_14_02_04_4_1.v	pass	must_accept	match	ispras-1364: '// ! TYPE: POSITIVE' clause-keyed valid example (a failing residue re-adjudicates against the suite's KNOWN_TEXT_BUGS errata in leaf .8c.2 - committed-text-over-intent)
ispras-sv-tests	ieee-1364-2005/test_14_02_04_4_2.v	pass	must_accept	match	ispras-1364: '// ! TYPE: POSITIVE' clause-keyed valid example (a failing residue re-adjudicates against the suite's KNOWN_TEXT_BUGS errata in leaf .8c.2 - committed-text-over-intent)
ispras-sv-tests	ieee-1364-2005/test_14_02_05_1.v	pass	must_accept	match	ispras-1364: '// ! TYPE: POSITIVE' clause-keyed valid example (a failing residue re-adjudicates against the suite's KNOWN_TEXT_BUGS errata in leaf .8c.2 - committed-text-over-intent)
ispras-sv-tests	ieee-1364-2005/test_14_02_06_1.v	pass	must_accept	match	ispras-1364: '// ! TYPE: POSITIVE' clause-keyed valid example (a failing residue re-adjudicates against the suite's KNOWN_TEXT_BUGS errata in leaf .8c.2 - committed-text-over-intent)
ispras-sv-tests	ieee-1364-2005/test_14_02_07_1_1.v	pass	must_accept	match	ispras-1364: '// ! TYPE: POSITIVE' clause-keyed valid example (a failing residue re-adjudicates against the suite's KNOWN_TEXT_BUGS errata in leaf .8c.2 - committed-text-over-intent)
ispras-sv-tests	ieee-1364-2005/test_14_02_07_2_1.v	pass	must_accept	match	ispras-1364: '// ! TYPE: POSITIVE' clause-keyed valid example (a failing residue re-adjudicates against the suite's KNOWN_TEXT_BUGS errata in leaf .8c.2 - committed-text-over-intent)
ispras-sv-tests	ieee-1364-2005/test_14_02_07_3_1.v	pass	must_accept	match	ispras-1364: '// ! TYPE: POSITIVE' clause-keyed valid example (a failing residue re-adjudicates against the suite's KNOWN_TEXT_BUGS errata in leaf .8c.2 - committed-text-over-intent)
ispras-sv-tests	ieee-1364-2005/test_14_03_00_1.v	pass	must_accept	match	ispras-1364: '// ! TYPE: POSITIVE' clause-keyed valid example (a failing residue re-adjudicates against the suite's KNOWN_TEXT_BUGS errata in leaf .8c.2 - committed-text-over-intent)
ispras-sv-tests	ieee-1364-2005/test_14_03_01_1.v	pass	must_accept	match	ispras-1364: '// ! TYPE: POSITIVE' clause-keyed valid example (a failing residue re-adjudicates against the suite's KNOWN_TEXT_BUGS errata in leaf .8c.2 - committed-text-over-intent)
ispras-sv-tests	ieee-1364-2005/test_14_03_01_2.v	pass	must_accept	match	ispras-1364: '// ! TYPE: POSITIVE' clause-keyed valid example (a failing residue re-adjudicates against the suite's KNOWN_TEXT_BUGS errata in leaf .8c.2 - committed-text-over-intent)
ispras-sv-tests	ieee-1364-2005/test_14_03_01_3.v	pass	must_accept	match	ispras-1364: '// ! TYPE: POSITIVE' clause-keyed valid example (a failing residue re-adjudicates against the suite's KNOWN_TEXT_BUGS errata in leaf .8c.2 - committed-text-over-intent)
ispras-sv-tests	ieee-1364-2005/test_14_03_01_4.v	pass	must_accept	match	ispras-1364: '// ! TYPE: POSITIVE' clause-keyed valid example (a failing residue re-adjudicates against the suite's KNOWN_TEXT_BUGS errata in leaf .8c.2 - committed-text-over-intent)
ispras-sv-tests	ieee-1364-2005/test_14_03_01_5.v	pass	must_accept	match	ispras-1364: '// ! TYPE: POSITIVE' clause-keyed valid example (a failing residue re-adjudicates against the suite's KNOWN_TEXT_BUGS errata in leaf .8c.2 - committed-text-over-intent)
ispras-sv-tests	ieee-1364-2005/test_14_03_03_1.v	pass	must_accept	match	ispras-1364: '// ! TYPE: POSITIVE' clause-keyed valid example (a failing residue re-adjudicates against the suite's KNOWN_TEXT_BUGS errata in leaf .8c.2 - committed-text-over-intent)
ispras-sv-tests	ieee-1364-2005/test_14_03_03_2.v	fail	out_of_scope_with_cause:impl_varying_v2005	deferred:impl_varying_v2005	ispras-1364: TYPE VARYING - implementation-dependent verdict by suite contract
ispras-sv-tests	ieee-1364-2005/test_14_06_01_1.v	fail	must_accept	divergence:unexplained_rejects_valid	ispras-1364 POSITIVE pinned .8c.2 (KNOWN_TEXT_BUGS re-adjudicated, no errata flip): PATHPULSE$ - the KNOWN_TEXT_BUGS candidate ruled STILL PARSEABLE: 'PATHPULSE$ = 3;' matches A.2.4 specparam_assignment's 'specparam_identifier = constant_mintypmax_expression' alternative because A.9.3 simple_identifier admits '$' and Annex B does not reserve PATHPULSE$ (the identifier escape-hatch law, the A.8.2 system_tf_call mirror); the (2,9) rows match pulse_control_specparam; (clr, pre *> q) is an A.7.2 full_path_description
ispras-sv-tests	ieee-1364-2005/test_14_06_04_2_1.v	pass	must_accept	match	ispras-1364: '// ! TYPE: POSITIVE' clause-keyed valid example (a failing residue re-adjudicates against the suite's KNOWN_TEXT_BUGS errata in leaf .8c.2 - committed-text-over-intent)
ispras-sv-tests	ieee-1364-2005/test_14_06_04_2_2.v	fail	out_of_scope_with_cause:impl_varying_v2005	deferred:impl_varying_v2005	ispras-1364: TYPE VARYING - implementation-dependent verdict by suite contract
ispras-sv-tests	ieee-1364-2005/test_14_06_04_2_3.v	pass	must_accept	match	ispras-1364: '// ! TYPE: POSITIVE' clause-keyed valid example (a failing residue re-adjudicates against the suite's KNOWN_TEXT_BUGS errata in leaf .8c.2 - committed-text-over-intent)
ispras-sv-tests	ieee-1364-2005/test_14_06_04_2_4.v	pass	must_accept	match	ispras-1364: '// ! TYPE: POSITIVE' clause-keyed valid example (a failing residue re-adjudicates against the suite's KNOWN_TEXT_BUGS errata in leaf .8c.2 - committed-text-over-intent)
ispras-sv-tests	ieee-1364-2005/test_15_02_03_1.v	pass	must_accept	match	ispras-1364: '// ! TYPE: POSITIVE' clause-keyed valid example (a failing residue re-adjudicates against the suite's KNOWN_TEXT_BUGS errata in leaf .8c.2 - committed-text-over-intent)
ispras-sv-tests	ieee-1364-2005/test_15_02_06_1.v	pass	must_accept	match	ispras-1364: '// ! TYPE: POSITIVE' clause-keyed valid example (a failing residue re-adjudicates against the suite's KNOWN_TEXT_BUGS errata in leaf .8c.2 - committed-text-over-intent)
ispras-sv-tests	ieee-1364-2005/test_15_03_02_1.v	pass	must_accept	match	ispras-1364: '// ! TYPE: POSITIVE' clause-keyed valid example (a failing residue re-adjudicates against the suite's KNOWN_TEXT_BUGS errata in leaf .8c.2 - committed-text-over-intent)
ispras-sv-tests	ieee-1364-2005/test_15_03_03_1.v	pass	must_accept	match	ispras-1364: '// ! TYPE: POSITIVE' clause-keyed valid example (a failing residue re-adjudicates against the suite's KNOWN_TEXT_BUGS errata in leaf .8c.2 - committed-text-over-intent)
ispras-sv-tests	ieee-1364-2005/test_15_03_04_1.v	pass	must_accept	match	ispras-1364: '// ! TYPE: POSITIVE' clause-keyed valid example (a failing residue re-adjudicates against the suite's KNOWN_TEXT_BUGS errata in leaf .8c.2 - committed-text-over-intent)
ispras-sv-tests	ieee-1364-2005/test_15_03_04_2.v	fail	out_of_scope_with_cause:impl_varying_v2005	deferred:impl_varying_v2005	ispras-1364: TYPE VARYING - implementation-dependent verdict by suite contract
ispras-sv-tests	ieee-1364-2005/test_15_03_06_1.v	pass	must_accept	match	ispras-1364: '// ! TYPE: POSITIVE' clause-keyed valid example (a failing residue re-adjudicates against the suite's KNOWN_TEXT_BUGS errata in leaf .8c.2 - committed-text-over-intent)
ispras-sv-tests	ieee-1364-2005/test_15_04_00_1.v	fail	must_accept	divergence:unexplained_rejects_valid	ispras-1364 POSITIVE pinned .8c.2 (KNOWN_TEXT_BUGS re-adjudicated, no errata flip): timing checks - A.7.5.1 $width ( controlled_reference_event , timing_check_limit ) with threshold/notifier optional; A.7.5.3 edge_control_specifier 'edge [ 01 , 0x , x1 ]' via edge_descriptor 01 | z_or_x zero_or_one | zero_or_one z_or_x
ispras-sv-tests	ieee-1364-2005/test_15_05_00_1.v	pass	must_accept	match	ispras-1364: '// ! TYPE: POSITIVE' clause-keyed valid example (a failing residue re-adjudicates against the suite's KNOWN_TEXT_BUGS errata in leaf .8c.2 - committed-text-over-intent)
ispras-sv-tests	ieee-1364-2005/test_15_05_00_2.v	pass	must_accept	match	ispras-1364: '// ! TYPE: POSITIVE' clause-keyed valid example (a failing residue re-adjudicates against the suite's KNOWN_TEXT_BUGS errata in leaf .8c.2 - committed-text-over-intent)
ispras-sv-tests	ieee-1364-2005/test_15_05_01_1.v	pass	must_accept	match	ispras-1364: '// ! TYPE: POSITIVE' clause-keyed valid example (a failing residue re-adjudicates against the suite's KNOWN_TEXT_BUGS errata in leaf .8c.2 - committed-text-over-intent)
ispras-sv-tests	ieee-1364-2005/test_15_05_01_2.v	pass	must_accept	match	ispras-1364: '// ! TYPE: POSITIVE' clause-keyed valid example (a failing residue re-adjudicates against the suite's KNOWN_TEXT_BUGS errata in leaf .8c.2 - committed-text-over-intent)
ispras-sv-tests	ieee-1364-2005/test_15_05_01_3.v	pass	must_accept	match	ispras-1364: '// ! TYPE: POSITIVE' clause-keyed valid example (a failing residue re-adjudicates against the suite's KNOWN_TEXT_BUGS errata in leaf .8c.2 - committed-text-over-intent)
ispras-sv-tests	ieee-1364-2005/test_15_05_01_4.v	fail	out_of_scope_with_cause:impl_varying_v2005	deferred:impl_varying_v2005	ispras-1364: TYPE VARYING - implementation-dependent verdict by suite contract
ispras-sv-tests	ieee-1364-2005/test_15_05_02_1.v	pass	must_accept	match	ispras-1364: '// ! TYPE: POSITIVE' clause-keyed valid example (a failing residue re-adjudicates against the suite's KNOWN_TEXT_BUGS errata in leaf .8c.2 - committed-text-over-intent)
ispras-sv-tests	ieee-1364-2005/test_15_05_02_2.v	pass	must_accept	match	ispras-1364: '// ! TYPE: POSITIVE' clause-keyed valid example (a failing residue re-adjudicates against the suite's KNOWN_TEXT_BUGS errata in leaf .8c.2 - committed-text-over-intent)
ispras-sv-tests	ieee-1364-2005/test_15_05_02_3.v	pass	must_accept	match	ispras-1364: '// ! TYPE: POSITIVE' clause-keyed valid example (a failing residue re-adjudicates against the suite's KNOWN_TEXT_BUGS errata in leaf .8c.2 - committed-text-over-intent)
ispras-sv-tests	ieee-1364-2005/test_15_06_00_1.v	pass	must_accept	match	ispras-1364: '// ! TYPE: POSITIVE' clause-keyed valid example (a failing residue re-adjudicates against the suite's KNOWN_TEXT_BUGS errata in leaf .8c.2 - committed-text-over-intent)
ispras-sv-tests	ieee-1364-2005/test_15_06_00_2.v	pass	must_accept	match	ispras-1364: '// ! TYPE: POSITIVE' clause-keyed valid example (a failing residue re-adjudicates against the suite's KNOWN_TEXT_BUGS errata in leaf .8c.2 - committed-text-over-intent)
ispras-sv-tests	ieee-1364-2005/test_15_06_00_3.v	pass	must_accept	match	ispras-1364: '// ! TYPE: POSITIVE' clause-keyed valid example (a failing residue re-adjudicates against the suite's KNOWN_TEXT_BUGS errata in leaf .8c.2 - committed-text-over-intent)
ispras-sv-tests	ieee-1364-2005/test_15_07_00_1.v	pass	must_accept	match	ispras-1364: '// ! TYPE: POSITIVE' clause-keyed valid example (a failing residue re-adjudicates against the suite's KNOWN_TEXT_BUGS errata in leaf .8c.2 - committed-text-over-intent)
ispras-sv-tests	ieee-1364-2005/test_16_02_01_1.v	pass	must_accept	match	ispras-1364: '// ! TYPE: POSITIVE' clause-keyed valid example (a failing residue re-adjudicates against the suite's KNOWN_TEXT_BUGS errata in leaf .8c.2 - committed-text-over-intent)
ispras-sv-tests	ieee-1364-2005/test_16_02_01_2.v	pass	must_accept	match	ispras-1364: '// ! TYPE: POSITIVE' clause-keyed valid example (a failing residue re-adjudicates against the suite's KNOWN_TEXT_BUGS errata in leaf .8c.2 - committed-text-over-intent)
ispras-sv-tests	ieee-1364-2005/test_16_02_01_3.v	pass	must_accept	match	ispras-1364: '// ! TYPE: POSITIVE' clause-keyed valid example (a failing residue re-adjudicates against the suite's KNOWN_TEXT_BUGS errata in leaf .8c.2 - committed-text-over-intent)
ispras-sv-tests	ieee-1364-2005/test_16_02_02_1.v	pass	must_accept	match	ispras-1364: '// ! TYPE: POSITIVE' clause-keyed valid example (a failing residue re-adjudicates against the suite's KNOWN_TEXT_BUGS errata in leaf .8c.2 - committed-text-over-intent)
ispras-sv-tests	ieee-1364-2005/test_16_02_02_2.v	fail	out_of_scope_with_cause:impl_varying_v2005	deferred:impl_varying_v2005	ispras-1364: TYPE VARYING - implementation-dependent verdict by suite contract
ispras-sv-tests	ieee-1364-2005/test_16_02_02_3.v	fail	out_of_scope_with_cause:impl_varying_v2005	deferred:impl_varying_v2005	ispras-1364: TYPE VARYING - implementation-dependent verdict by suite contract
ispras-sv-tests	ieee-1364-2005/test_16_02_03_1.v	pass	must_accept	match	ispras-1364: '// ! TYPE: POSITIVE' clause-keyed valid example (a failing residue re-adjudicates against the suite's KNOWN_TEXT_BUGS errata in leaf .8c.2 - committed-text-over-intent)
ispras-sv-tests	ieee-1364-2005/test_17_01_01_1_1.v	pass	must_accept	match	ispras-1364: '// ! TYPE: POSITIVE' clause-keyed valid example (a failing residue re-adjudicates against the suite's KNOWN_TEXT_BUGS errata in leaf .8c.2 - committed-text-over-intent)
ispras-sv-tests	ieee-1364-2005/test_17_01_01_2_1.v	pass	must_accept	match	ispras-1364: '// ! TYPE: POSITIVE' clause-keyed valid example (a failing residue re-adjudicates against the suite's KNOWN_TEXT_BUGS errata in leaf .8c.2 - committed-text-over-intent)
ispras-sv-tests	ieee-1364-2005/test_17_01_01_3_1.v	pass	must_accept	match	ispras-1364: '// ! TYPE: POSITIVE' clause-keyed valid example (a failing residue re-adjudicates against the suite's KNOWN_TEXT_BUGS errata in leaf .8c.2 - committed-text-over-intent)
ispras-sv-tests	ieee-1364-2005/test_17_01_01_3_2.v	pass	must_accept	match	ispras-1364: '// ! TYPE: POSITIVE' clause-keyed valid example (a failing residue re-adjudicates against the suite's KNOWN_TEXT_BUGS errata in leaf .8c.2 - committed-text-over-intent)
ispras-sv-tests	ieee-1364-2005/test_17_01_01_4_1.v	pass	must_accept	match	ispras-1364: '// ! TYPE: POSITIVE' clause-keyed valid example (a failing residue re-adjudicates against the suite's KNOWN_TEXT_BUGS errata in leaf .8c.2 - committed-text-over-intent)
ispras-sv-tests	ieee-1364-2005/test_17_01_01_5_1.v	pass	must_accept	match	ispras-1364: '// ! TYPE: POSITIVE' clause-keyed valid example (a failing residue re-adjudicates against the suite's KNOWN_TEXT_BUGS errata in leaf .8c.2 - committed-text-over-intent)
ispras-sv-tests	ieee-1364-2005/test_17_01_02_1.v	pass	must_accept	match	ispras-1364: '// ! TYPE: POSITIVE' clause-keyed valid example (a failing residue re-adjudicates against the suite's KNOWN_TEXT_BUGS errata in leaf .8c.2 - committed-text-over-intent)
ispras-sv-tests	ieee-1364-2005/test_17_02_02_1.v	pass	must_accept	match	ispras-1364: '// ! TYPE: POSITIVE' clause-keyed valid example (a failing residue re-adjudicates against the suite's KNOWN_TEXT_BUGS errata in leaf .8c.2 - committed-text-over-intent)
ispras-sv-tests	ieee-1364-2005/test_17_02_04_1_1.v	pass	must_accept	match	ispras-1364: '// ! TYPE: POSITIVE' clause-keyed valid example (a failing residue re-adjudicates against the suite's KNOWN_TEXT_BUGS errata in leaf .8c.2 - committed-text-over-intent)
ispras-sv-tests	ieee-1364-2005/test_17_02_04_1_2.v	pass	must_accept	match	ispras-1364: '// ! TYPE: POSITIVE' clause-keyed valid example (a failing residue re-adjudicates against the suite's KNOWN_TEXT_BUGS errata in leaf .8c.2 - committed-text-over-intent)
ispras-sv-tests	ieee-1364-2005/test_17_02_04_2_1.v	pass	must_accept	match	ispras-1364: '// ! TYPE: POSITIVE' clause-keyed valid example (a failing residue re-adjudicates against the suite's KNOWN_TEXT_BUGS errata in leaf .8c.2 - committed-text-over-intent)
ispras-sv-tests	ieee-1364-2005/test_17_02_04_3_1.v	pass	must_accept	match	ispras-1364: '// ! TYPE: POSITIVE' clause-keyed valid example (a failing residue re-adjudicates against the suite's KNOWN_TEXT_BUGS errata in leaf .8c.2 - committed-text-over-intent)
ispras-sv-tests	ieee-1364-2005/test_17_02_04_4_1.v	pass	must_accept	match	ispras-1364: '// ! TYPE: POSITIVE' clause-keyed valid example (a failing residue re-adjudicates against the suite's KNOWN_TEXT_BUGS errata in leaf .8c.2 - committed-text-over-intent)
ispras-sv-tests	ieee-1364-2005/test_17_02_05_1.v	pass	must_accept	match	ispras-1364: '// ! TYPE: POSITIVE' clause-keyed valid example (a failing residue re-adjudicates against the suite's KNOWN_TEXT_BUGS errata in leaf .8c.2 - committed-text-over-intent)
ispras-sv-tests	ieee-1364-2005/test_17_02_05_2.v	pass	must_accept	match	ispras-1364: '// ! TYPE: POSITIVE' clause-keyed valid example (a failing residue re-adjudicates against the suite's KNOWN_TEXT_BUGS errata in leaf .8c.2 - committed-text-over-intent)
ispras-sv-tests	ieee-1364-2005/test_17_02_06_1.v	pass	must_accept	match	ispras-1364: '// ! TYPE: POSITIVE' clause-keyed valid example (a failing residue re-adjudicates against the suite's KNOWN_TEXT_BUGS errata in leaf .8c.2 - committed-text-over-intent)
ispras-sv-tests	ieee-1364-2005/test_17_02_07_1.v	pass	must_accept	match	ispras-1364: '// ! TYPE: POSITIVE' clause-keyed valid example (a failing residue re-adjudicates against the suite's KNOWN_TEXT_BUGS errata in leaf .8c.2 - committed-text-over-intent)
ispras-sv-tests	ieee-1364-2005/test_17_02_08_1.v	pass	must_accept	match	ispras-1364: '// ! TYPE: POSITIVE' clause-keyed valid example (a failing residue re-adjudicates against the suite's KNOWN_TEXT_BUGS errata in leaf .8c.2 - committed-text-over-intent)
ispras-sv-tests	ieee-1364-2005/test_17_02_09_1.v	pass	must_accept	match	ispras-1364: '// ! TYPE: POSITIVE' clause-keyed valid example (a failing residue re-adjudicates against the suite's KNOWN_TEXT_BUGS errata in leaf .8c.2 - committed-text-over-intent)
ispras-sv-tests	ieee-1364-2005/test_17_03_01_1.v	pass	must_accept	match	ispras-1364: '// ! TYPE: POSITIVE' clause-keyed valid example (a failing residue re-adjudicates against the suite's KNOWN_TEXT_BUGS errata in leaf .8c.2 - committed-text-over-intent)
ispras-sv-tests	ieee-1364-2005/test_17_03_02_1.v	pass	must_accept	match	ispras-1364: '// ! TYPE: POSITIVE' clause-keyed valid example (a failing residue re-adjudicates against the suite's KNOWN_TEXT_BUGS errata in leaf .8c.2 - committed-text-over-intent)
ispras-sv-tests	ieee-1364-2005/test_17_05_01_1.v	pass	must_accept	match	ispras-1364: '// ! TYPE: POSITIVE' clause-keyed valid example (a failing residue re-adjudicates against the suite's KNOWN_TEXT_BUGS errata in leaf .8c.2 - committed-text-over-intent)
ispras-sv-tests	ieee-1364-2005/test_17_05_02_1.v	pass	must_accept	match	ispras-1364: '// ! TYPE: POSITIVE' clause-keyed valid example (a failing residue re-adjudicates against the suite's KNOWN_TEXT_BUGS errata in leaf .8c.2 - committed-text-over-intent)
ispras-sv-tests	ieee-1364-2005/test_17_05_03_1.v	pass	must_accept	match	ispras-1364: '// ! TYPE: POSITIVE' clause-keyed valid example (a failing residue re-adjudicates against the suite's KNOWN_TEXT_BUGS errata in leaf .8c.2 - committed-text-over-intent)
ispras-sv-tests	ieee-1364-2005/test_17_05_04_1.v	pass	must_accept	match	ispras-1364: '// ! TYPE: POSITIVE' clause-keyed valid example (a failing residue re-adjudicates against the suite's KNOWN_TEXT_BUGS errata in leaf .8c.2 - committed-text-over-intent)
ispras-sv-tests	ieee-1364-2005/test_17_05_04_2.v	pass	must_accept	match	ispras-1364: '// ! TYPE: POSITIVE' clause-keyed valid example (a failing residue re-adjudicates against the suite's KNOWN_TEXT_BUGS errata in leaf .8c.2 - committed-text-over-intent)
ispras-sv-tests	ieee-1364-2005/test_17_05_04_3.v	fail	must_accept	divergence:explained_svpp_macro_use	ispras-1364: '// ! TYPE: POSITIVE' clause-keyed valid example (a failing residue re-adjudicates against the suite's KNOWN_TEXT_BUGS errata in leaf .8c.2 - committed-text-over-intent)
ispras-sv-tests	ieee-1364-2005/test_17_07_01_1.v	pass	must_accept	match	ispras-1364: '// ! TYPE: POSITIVE' clause-keyed valid example (a failing residue re-adjudicates against the suite's KNOWN_TEXT_BUGS errata in leaf .8c.2 - committed-text-over-intent)
ispras-sv-tests	ieee-1364-2005/test_17_07_03_1.v	pass	must_accept	match	ispras-1364: '// ! TYPE: POSITIVE' clause-keyed valid example (a failing residue re-adjudicates against the suite's KNOWN_TEXT_BUGS errata in leaf .8c.2 - committed-text-over-intent)
ispras-sv-tests	ieee-1364-2005/test_17_08_00_1.v	pass	must_accept	match	ispras-1364: '// ! TYPE: POSITIVE' clause-keyed valid example (a failing residue re-adjudicates against the suite's KNOWN_TEXT_BUGS errata in leaf .8c.2 - committed-text-over-intent)
ispras-sv-tests	ieee-1364-2005/test_17_09_01_1.v	pass	out_of_scope_with_cause:impl_varying_v2005	deferred:impl_varying_v2005	ispras-1364: TYPE VARYING - implementation-dependent verdict by suite contract
ispras-sv-tests	ieee-1364-2005/test_17_09_01_2.v	pass	out_of_scope_with_cause:impl_varying_v2005	deferred:impl_varying_v2005	ispras-1364: TYPE VARYING - implementation-dependent verdict by suite contract
ispras-sv-tests	ieee-1364-2005/test_17_10_01_1.v	pass	must_accept	match	ispras-1364: '// ! TYPE: POSITIVE' clause-keyed valid example (a failing residue re-adjudicates against the suite's KNOWN_TEXT_BUGS errata in leaf .8c.2 - committed-text-over-intent)
ispras-sv-tests	ieee-1364-2005/test_17_10_02_1.v	fail	must_accept	divergence:explained_svpp_macro_use	ispras-1364: '// ! TYPE: POSITIVE' clause-keyed valid example (a failing residue re-adjudicates against the suite's KNOWN_TEXT_BUGS errata in leaf .8c.2 - committed-text-over-intent)
ispras-sv-tests	ieee-1364-2005/test_17_11_01_1.v	pass	must_accept	match	ispras-1364: '// ! TYPE: POSITIVE' clause-keyed valid example (a failing residue re-adjudicates against the suite's KNOWN_TEXT_BUGS errata in leaf .8c.2 - committed-text-over-intent)
ispras-sv-tests	ieee-1364-2005/test_17_11_02_01.v	pass	must_accept	match	ispras-1364: '// ! TYPE: POSITIVE' clause-keyed valid example (a failing residue re-adjudicates against the suite's KNOWN_TEXT_BUGS errata in leaf .8c.2 - committed-text-over-intent)
ispras-sv-tests	ieee-1364-2005/test_17_11_02_02.v	pass	must_accept	match	ispras-1364: '// ! TYPE: POSITIVE' clause-keyed valid example (a failing residue re-adjudicates against the suite's KNOWN_TEXT_BUGS errata in leaf .8c.2 - committed-text-over-intent)
ispras-sv-tests	ieee-1364-2005/test_17_11_02_03.v	pass	must_accept	match	ispras-1364: '// ! TYPE: POSITIVE' clause-keyed valid example (a failing residue re-adjudicates against the suite's KNOWN_TEXT_BUGS errata in leaf .8c.2 - committed-text-over-intent)
ispras-sv-tests	ieee-1364-2005/test_17_11_02_04.v	pass	must_accept	match	ispras-1364: '// ! TYPE: POSITIVE' clause-keyed valid example (a failing residue re-adjudicates against the suite's KNOWN_TEXT_BUGS errata in leaf .8c.2 - committed-text-over-intent)
ispras-sv-tests	ieee-1364-2005/test_17_11_02_05.v	pass	must_accept	match	ispras-1364: '// ! TYPE: POSITIVE' clause-keyed valid example (a failing residue re-adjudicates against the suite's KNOWN_TEXT_BUGS errata in leaf .8c.2 - committed-text-over-intent)
ispras-sv-tests	ieee-1364-2005/test_17_11_02_06.v	pass	must_accept	match	ispras-1364: '// ! TYPE: POSITIVE' clause-keyed valid example (a failing residue re-adjudicates against the suite's KNOWN_TEXT_BUGS errata in leaf .8c.2 - committed-text-over-intent)
ispras-sv-tests	ieee-1364-2005/test_17_11_02_07.v	pass	must_accept	match	ispras-1364: '// ! TYPE: POSITIVE' clause-keyed valid example (a failing residue re-adjudicates against the suite's KNOWN_TEXT_BUGS errata in leaf .8c.2 - committed-text-over-intent)
ispras-sv-tests	ieee-1364-2005/test_17_11_02_08.v	pass	must_accept	match	ispras-1364: '// ! TYPE: POSITIVE' clause-keyed valid example (a failing residue re-adjudicates against the suite's KNOWN_TEXT_BUGS errata in leaf .8c.2 - committed-text-over-intent)
ispras-sv-tests	ieee-1364-2005/test_17_11_02_09.v	pass	must_accept	match	ispras-1364: '// ! TYPE: POSITIVE' clause-keyed valid example (a failing residue re-adjudicates against the suite's KNOWN_TEXT_BUGS errata in leaf .8c.2 - committed-text-over-intent)
ispras-sv-tests	ieee-1364-2005/test_17_11_02_10.v	pass	must_accept	match	ispras-1364: '// ! TYPE: POSITIVE' clause-keyed valid example (a failing residue re-adjudicates against the suite's KNOWN_TEXT_BUGS errata in leaf .8c.2 - committed-text-over-intent)
ispras-sv-tests	ieee-1364-2005/test_17_11_02_11.v	pass	must_accept	match	ispras-1364: '// ! TYPE: POSITIVE' clause-keyed valid example (a failing residue re-adjudicates against the suite's KNOWN_TEXT_BUGS errata in leaf .8c.2 - committed-text-over-intent)
ispras-sv-tests	ieee-1364-2005/test_17_11_02_12.v	pass	must_accept	match	ispras-1364: '// ! TYPE: POSITIVE' clause-keyed valid example (a failing residue re-adjudicates against the suite's KNOWN_TEXT_BUGS errata in leaf .8c.2 - committed-text-over-intent)
ispras-sv-tests	ieee-1364-2005/test_17_11_02_13.v	pass	must_accept	match	ispras-1364: '// ! TYPE: POSITIVE' clause-keyed valid example (a failing residue re-adjudicates against the suite's KNOWN_TEXT_BUGS errata in leaf .8c.2 - committed-text-over-intent)
ispras-sv-tests	ieee-1364-2005/test_17_11_02_14.v	pass	must_accept	match	ispras-1364: '// ! TYPE: POSITIVE' clause-keyed valid example (a failing residue re-adjudicates against the suite's KNOWN_TEXT_BUGS errata in leaf .8c.2 - committed-text-over-intent)
ispras-sv-tests	ieee-1364-2005/test_17_11_02_15.v	pass	must_accept	match	ispras-1364: '// ! TYPE: POSITIVE' clause-keyed valid example (a failing residue re-adjudicates against the suite's KNOWN_TEXT_BUGS errata in leaf .8c.2 - committed-text-over-intent)
ispras-sv-tests	ieee-1364-2005/test_17_11_02_16.v	pass	must_accept	match	ispras-1364: '// ! TYPE: POSITIVE' clause-keyed valid example (a failing residue re-adjudicates against the suite's KNOWN_TEXT_BUGS errata in leaf .8c.2 - committed-text-over-intent)
ispras-sv-tests	ieee-1364-2005/test_17_11_02_17.v	pass	must_accept	match	ispras-1364: '// ! TYPE: POSITIVE' clause-keyed valid example (a failing residue re-adjudicates against the suite's KNOWN_TEXT_BUGS errata in leaf .8c.2 - committed-text-over-intent)
ispras-sv-tests	ieee-1364-2005/test_17_11_02_18.v	pass	must_accept	match	ispras-1364: '// ! TYPE: POSITIVE' clause-keyed valid example (a failing residue re-adjudicates against the suite's KNOWN_TEXT_BUGS errata in leaf .8c.2 - committed-text-over-intent)
ispras-sv-tests	ieee-1364-2005/test_17_11_02_19.v	pass	must_accept	match	ispras-1364: '// ! TYPE: POSITIVE' clause-keyed valid example (a failing residue re-adjudicates against the suite's KNOWN_TEXT_BUGS errata in leaf .8c.2 - committed-text-over-intent)
ispras-sv-tests	ieee-1364-2005/test_17_11_02_20.v	pass	must_accept	match	ispras-1364: '// ! TYPE: POSITIVE' clause-keyed valid example (a failing residue re-adjudicates against the suite's KNOWN_TEXT_BUGS errata in leaf .8c.2 - committed-text-over-intent)
ispras-sv-tests	ieee-1364-2005/test_17_11_02_21.v	pass	must_accept	match	ispras-1364: '// ! TYPE: POSITIVE' clause-keyed valid example (a failing residue re-adjudicates against the suite's KNOWN_TEXT_BUGS errata in leaf .8c.2 - committed-text-over-intent)
ispras-sv-tests	ieee-1364-2005/test_18_01_01_1.v	pass	must_accept	match	ispras-1364: '// ! TYPE: POSITIVE' clause-keyed valid example (a failing residue re-adjudicates against the suite's KNOWN_TEXT_BUGS errata in leaf .8c.2 - committed-text-over-intent)
ispras-sv-tests	ieee-1364-2005/test_18_01_02_1.v	pass	must_accept	match	ispras-1364: '// ! TYPE: POSITIVE' clause-keyed valid example (a failing residue re-adjudicates against the suite's KNOWN_TEXT_BUGS errata in leaf .8c.2 - committed-text-over-intent)
ispras-sv-tests	ieee-1364-2005/test_18_01_02_2.v	pass	must_accept	match	ispras-1364: '// ! TYPE: POSITIVE' clause-keyed valid example (a failing residue re-adjudicates against the suite's KNOWN_TEXT_BUGS errata in leaf .8c.2 - committed-text-over-intent)
ispras-sv-tests	ieee-1364-2005/test_18_01_02_3.v	pass	must_accept	match	ispras-1364: '// ! TYPE: POSITIVE' clause-keyed valid example (a failing residue re-adjudicates against the suite's KNOWN_TEXT_BUGS errata in leaf .8c.2 - committed-text-over-intent)
ispras-sv-tests	ieee-1364-2005/test_18_01_03_1.v	pass	must_accept	match	ispras-1364: '// ! TYPE: POSITIVE' clause-keyed valid example (a failing residue re-adjudicates against the suite's KNOWN_TEXT_BUGS errata in leaf .8c.2 - committed-text-over-intent)
ispras-sv-tests	ieee-1364-2005/test_18_01_06_1.v	pass	must_accept	match	ispras-1364: '// ! TYPE: POSITIVE' clause-keyed valid example (a failing residue re-adjudicates against the suite's KNOWN_TEXT_BUGS errata in leaf .8c.2 - committed-text-over-intent)
ispras-sv-tests	ieee-1364-2005/test_18_01_06_2.v	pass	must_accept	match	ispras-1364: '// ! TYPE: POSITIVE' clause-keyed valid example (a failing residue re-adjudicates against the suite's KNOWN_TEXT_BUGS errata in leaf .8c.2 - committed-text-over-intent)
ispras-sv-tests	ieee-1364-2005/test_18_04_02_1.v	pass	must_accept	match	ispras-1364: '// ! TYPE: POSITIVE' clause-keyed valid example (a failing residue re-adjudicates against the suite's KNOWN_TEXT_BUGS errata in leaf .8c.2 - committed-text-over-intent)
ispras-sv-tests	ieee-1364-2005/test_19_03_01_1.v	fail	must_accept	divergence:explained_svpp_macro_use	ispras-1364: '// ! TYPE: POSITIVE' clause-keyed valid example (a failing residue re-adjudicates against the suite's KNOWN_TEXT_BUGS errata in leaf .8c.2 - committed-text-over-intent)
ispras-sv-tests	ieee-1364-2005/test_19_03_01_2.v	fail	out_of_scope_with_cause:impl_varying_v2005	deferred:impl_varying_v2005	ispras-1364: TYPE VARYING - implementation-dependent verdict by suite contract
ispras-sv-tests	ieee-1364-2005/test_19_04_00_1.v	fail	must_accept	divergence:explained_svpp_conditional	ispras-1364: '// ! TYPE: POSITIVE' clause-keyed valid example (a failing residue re-adjudicates against the suite's KNOWN_TEXT_BUGS errata in leaf .8c.2 - committed-text-over-intent)
ispras-sv-tests	ieee-1364-2005/test_19_04_00_2.v	fail	must_accept	divergence:explained_svpp_conditional	ispras-1364: '// ! TYPE: POSITIVE' clause-keyed valid example (a failing residue re-adjudicates against the suite's KNOWN_TEXT_BUGS errata in leaf .8c.2 - committed-text-over-intent)
ispras-sv-tests	ieee-1364-2005/test_19_04_00_3.v	fail	must_accept	divergence:explained_svpp_conditional	ispras-1364: '// ! TYPE: POSITIVE' clause-keyed valid example (a failing residue re-adjudicates against the suite's KNOWN_TEXT_BUGS errata in leaf .8c.2 - committed-text-over-intent)
ispras-sv-tests	ieee-1364-2005/test_19_05_00_1.v	pass	must_accept	match	ispras-1364: '// ! TYPE: POSITIVE' clause-keyed valid example (a failing residue re-adjudicates against the suite's KNOWN_TEXT_BUGS errata in leaf .8c.2 - committed-text-over-intent)
ispras-sv-tests	ieee-1364-2005/test_19_07_00_1.v	pass	must_accept	match	ispras-1364: '// ! TYPE: POSITIVE' clause-keyed valid example (a failing residue re-adjudicates against the suite's KNOWN_TEXT_BUGS errata in leaf .8c.2 - committed-text-over-intent)
ispras-sv-tests	ieee-1364-2005/test_19_08_00_1.v	pass	must_accept	match	ispras-1364: '// ! TYPE: POSITIVE' clause-keyed valid example (a failing residue re-adjudicates against the suite's KNOWN_TEXT_BUGS errata in leaf .8c.2 - committed-text-over-intent)
ispras-sv-tests	ieee-1364-2005/test_19_08_00_2.v	pass	must_accept	match	ispras-1364: '// ! TYPE: POSITIVE' clause-keyed valid example (a failing residue re-adjudicates against the suite's KNOWN_TEXT_BUGS errata in leaf .8c.2 - committed-text-over-intent)
ispras-sv-tests	ieee-1364-2005/test_19_08_00_3.v	pass	must_accept	match	ispras-1364: '// ! TYPE: POSITIVE' clause-keyed valid example (a failing residue re-adjudicates against the suite's KNOWN_TEXT_BUGS errata in leaf .8c.2 - committed-text-over-intent)
ispras-sv-tests	ieee-1364-2005/test_19_11_00_1.v	fail	must_accept	divergence:unexplained_rejects_valid	ispras-1364 POSITIVE pinned .8c.2 (KNOWN_TEXT_BUGS re-adjudicated, no errata flip): `begin_keywords "1364-2001" - 19.11 selects the 1364-2001 keyword set so 'uwire' is an ordinary identifier in scope; section 19: directives may appear anywhere in the source description (the sv-lane 22.14 begin_keywords mirror - directive-aware keyword selection is parser duty)
ispras-sv-tests	ieee-1364-2005/test_19_11_00_2.v	fail	out_of_scope_with_cause:impl_varying_v2005	deferred:impl_varying_v2005	ispras-1364: TYPE VARYING - implementation-dependent verdict by suite contract
iverilog	ivtest/contrib/div16.v	pass	must_accept	match	ivtest: regress-vlg.list type normal - compiles under the iverilog plain-Verilog dialect, parse-level valid 1364-2005
iverilog	ivtest/contrib/fifo.v	fail	must_accept	divergence:explained_svpp_conditional	ivtest: regress-vlg.list type normal - compiles under the iverilog plain-Verilog dialect, parse-level valid 1364-2005
iverilog	ivtest/contrib/gencrc.v	fail	must_accept	divergence:explained_svpp_conditional	ivtest: regress-vlg.list type normal - compiles under the iverilog plain-Verilog dialect, parse-level valid 1364-2005
iverilog	ivtest/contrib/mult16.v	pass	must_accept	match	ivtest: regress-vlg.list type normal - compiles under the iverilog plain-Verilog dialect, parse-level valid 1364-2005
iverilog	ivtest/contrib/onehot.v	fail	must_accept	divergence:explained_svpp_conditional	ivtest: regress-vlg.list type normal - compiles under the iverilog plain-Verilog dialect, parse-level valid 1364-2005
iverilog	ivtest/contrib/pic.v	fail	must_accept	divergence:explained_svpp_conditional	ivtest: regress-vlg.list type normal - compiles under the iverilog plain-Verilog dialect, parse-level valid 1364-2005
iverilog	ivtest/ivltests/addsr.v	pass	must_accept	match	ivtest: regress-vlg.list type normal - compiles under the iverilog plain-Verilog dialect, parse-level valid 1364-2005
iverilog	ivtest/ivltests/addwide.v	pass	must_accept	match	ivtest: regress-vlg.list type normal - compiles under the iverilog plain-Verilog dialect, parse-level valid 1364-2005
iverilog	ivtest/ivltests/always3.1.10A.v	pass	must_accept	match	ivtest vlg CE pinned .8c.2: procedural assignment/timing forms - A.6.2 blocking/nonblocking assignment with [ delay_or_event_control ] (A.6.5 '# delay_value', '# ( mintypmax_expression )', '@ hierarchical_event_identifier', '@ ( event_expression )'), A.6.2 procedural_continuous_assignments (assign/force on variable_assignment/net_assignment, deassign/release on lvalues), A.6.5 disable_statement and event_trigger; the iverilog CE is its always-without-delay/infinite-loop or unsupported-construct check, not a 1364 parse rule (always3.1.2I's spaced '5'h 0' is 3.5.1-legal - the ispras 3.5.1 mirror)
iverilog	ivtest/ivltests/always3.1.11A.v	pass	must_accept	match	ivtest: regress-vlg.list type normal - compiles under the iverilog plain-Verilog dialect, parse-level valid 1364-2005
iverilog	ivtest/ivltests/always3.1.11B.v	pass	must_accept	match	ivtest: regress-vlg.list type normal - compiles under the iverilog plain-Verilog dialect, parse-level valid 1364-2005
iverilog	ivtest/ivltests/always3.1.12A.v	pass	must_accept	match	ivtest: regress-vlg.list type normal - compiles under the iverilog plain-Verilog dialect, parse-level valid 1364-2005
iverilog	ivtest/ivltests/always3.1.12B.v	pass	must_accept	match	ivtest: regress-vlg.list type normal - compiles under the iverilog plain-Verilog dialect, parse-level valid 1364-2005
iverilog	ivtest/ivltests/always3.1.12C.v	pass	must_accept	match	ivtest: regress-vlg.list type normal - compiles under the iverilog plain-Verilog dialect, parse-level valid 1364-2005
iverilog	ivtest/ivltests/always3.1.1A.v	pass	must_accept	match	ivtest vlg CE pinned .8c.2: procedural assignment/timing forms - A.6.2 blocking/nonblocking assignment with [ delay_or_event_control ] (A.6.5 '# delay_value', '# ( mintypmax_expression )', '@ hierarchical_event_identifier', '@ ( event_expression )'), A.6.2 procedural_continuous_assignments (assign/force on variable_assignment/net_assignment, deassign/release on lvalues), A.6.5 disable_statement and event_trigger; the iverilog CE is its always-without-delay/infinite-loop or unsupported-construct check, not a 1364 parse rule (always3.1.2I's spaced '5'h 0' is 3.5.1-legal - the ispras 3.5.1 mirror)
iverilog	ivtest/ivltests/always3.1.1B.v	pass	must_accept	match	ivtest vlg CE pinned .8c.2: procedural assignment/timing forms - A.6.2 blocking/nonblocking assignment with [ delay_or_event_control ] (A.6.5 '# delay_value', '# ( mintypmax_expression )', '@ hierarchical_event_identifier', '@ ( event_expression )'), A.6.2 procedural_continuous_assignments (assign/force on variable_assignment/net_assignment, deassign/release on lvalues), A.6.5 disable_statement and event_trigger; the iverilog CE is its always-without-delay/infinite-loop or unsupported-construct check, not a 1364 parse rule (always3.1.2I's spaced '5'h 0' is 3.5.1-legal - the ispras 3.5.1 mirror)
iverilog	ivtest/ivltests/always3.1.1C.v	pass	must_accept	match	ivtest: regress-vlg.list type normal - compiles under the iverilog plain-Verilog dialect, parse-level valid 1364-2005
iverilog	ivtest/ivltests/always3.1.1D.v	pass	must_accept	match	ivtest: regress-vlg.list type normal - compiles under the iverilog plain-Verilog dialect, parse-level valid 1364-2005
iverilog	ivtest/ivltests/always3.1.1E.v	pass	must_accept	match	ivtest: regress-vlg.list type normal - compiles under the iverilog plain-Verilog dialect, parse-level valid 1364-2005
iverilog	ivtest/ivltests/always3.1.1F.v	pass	must_accept	match	ivtest: regress-vlg.list type normal - compiles under the iverilog plain-Verilog dialect, parse-level valid 1364-2005
iverilog	ivtest/ivltests/always3.1.1G.v	pass	must_accept	match	ivtest: regress-vlg.list type normal - compiles under the iverilog plain-Verilog dialect, parse-level valid 1364-2005
iverilog	ivtest/ivltests/always3.1.1H.v	pass	must_accept	match	ivtest: regress-vlg.list type normal - compiles under the iverilog plain-Verilog dialect, parse-level valid 1364-2005
iverilog	ivtest/ivltests/always3.1.1I.v	fail	must_accept	divergence:unexplained_rejects_valid	ivtest: regress-vlg.list type normal - compiles under the iverilog plain-Verilog dialect, parse-level valid 1364-2005
iverilog	ivtest/ivltests/always3.1.1J.v	fail	must_accept	divergence:unexplained_rejects_valid	ivtest: regress-vlg.list type normal - compiles under the iverilog plain-Verilog dialect, parse-level valid 1364-2005
iverilog	ivtest/ivltests/always3.1.1K.v	pass	must_accept	match	ivtest: regress-vlg.list type normal - compiles under the iverilog plain-Verilog dialect, parse-level valid 1364-2005
iverilog	ivtest/ivltests/always3.1.2A.v	pass	must_accept	match	ivtest vlg CE pinned .8c.2: procedural assignment/timing forms - A.6.2 blocking/nonblocking assignment with [ delay_or_event_control ] (A.6.5 '# delay_value', '# ( mintypmax_expression )', '@ hierarchical_event_identifier', '@ ( event_expression )'), A.6.2 procedural_continuous_assignments (assign/force on variable_assignment/net_assignment, deassign/release on lvalues), A.6.5 disable_statement and event_trigger; the iverilog CE is its always-without-delay/infinite-loop or unsupported-construct check, not a 1364 parse rule (always3.1.2I's spaced '5'h 0' is 3.5.1-legal - the ispras 3.5.1 mirror)
iverilog	ivtest/ivltests/always3.1.2B.v	pass	must_accept	match	ivtest vlg CE pinned .8c.2: procedural assignment/timing forms - A.6.2 blocking/nonblocking assignment with [ delay_or_event_control ] (A.6.5 '# delay_value', '# ( mintypmax_expression )', '@ hierarchical_event_identifier', '@ ( event_expression )'), A.6.2 procedural_continuous_assignments (assign/force on variable_assignment/net_assignment, deassign/release on lvalues), A.6.5 disable_statement and event_trigger; the iverilog CE is its always-without-delay/infinite-loop or unsupported-construct check, not a 1364 parse rule (always3.1.2I's spaced '5'h 0' is 3.5.1-legal - the ispras 3.5.1 mirror)
iverilog	ivtest/ivltests/always3.1.2C.v	pass	must_accept	match	ivtest vlg CE pinned .8c.2: procedural assignment/timing forms - A.6.2 blocking/nonblocking assignment with [ delay_or_event_control ] (A.6.5 '# delay_value', '# ( mintypmax_expression )', '@ hierarchical_event_identifier', '@ ( event_expression )'), A.6.2 procedural_continuous_assignments (assign/force on variable_assignment/net_assignment, deassign/release on lvalues), A.6.5 disable_statement and event_trigger; the iverilog CE is its always-without-delay/infinite-loop or unsupported-construct check, not a 1364 parse rule (always3.1.2I's spaced '5'h 0' is 3.5.1-legal - the ispras 3.5.1 mirror)
iverilog	ivtest/ivltests/always3.1.2D.v	pass	must_accept	match	ivtest vlg CE pinned .8c.2: procedural assignment/timing forms - A.6.2 blocking/nonblocking assignment with [ delay_or_event_control ] (A.6.5 '# delay_value', '# ( mintypmax_expression )', '@ hierarchical_event_identifier', '@ ( event_expression )'), A.6.2 procedural_continuous_assignments (assign/force on variable_assignment/net_assignment, deassign/release on lvalues), A.6.5 disable_statement and event_trigger; the iverilog CE is its always-without-delay/infinite-loop or unsupported-construct check, not a 1364 parse rule (always3.1.2I's spaced '5'h 0' is 3.5.1-legal - the ispras 3.5.1 mirror)
iverilog	ivtest/ivltests/always3.1.2E.v	pass	must_accept	match	ivtest vlg CE pinned .8c.2: procedural assignment/timing forms - A.6.2 blocking/nonblocking assignment with [ delay_or_event_control ] (A.6.5 '# delay_value', '# ( mintypmax_expression )', '@ hierarchical_event_identifier', '@ ( event_expression )'), A.6.2 procedural_continuous_assignments (assign/force on variable_assignment/net_assignment, deassign/release on lvalues), A.6.5 disable_statement and event_trigger; the iverilog CE is its always-without-delay/infinite-loop or unsupported-construct check, not a 1364 parse rule (always3.1.2I's spaced '5'h 0' is 3.5.1-legal - the ispras 3.5.1 mirror)
iverilog	ivtest/ivltests/always3.1.2F.v	pass	must_accept	match	ivtest vlg CE pinned .8c.2: procedural assignment/timing forms - A.6.2 blocking/nonblocking assignment with [ delay_or_event_control ] (A.6.5 '# delay_value', '# ( mintypmax_expression )', '@ hierarchical_event_identifier', '@ ( event_expression )'), A.6.2 procedural_continuous_assignments (assign/force on variable_assignment/net_assignment, deassign/release on lvalues), A.6.5 disable_statement and event_trigger; the iverilog CE is its always-without-delay/infinite-loop or unsupported-construct check, not a 1364 parse rule (always3.1.2I's spaced '5'h 0' is 3.5.1-legal - the ispras 3.5.1 mirror)
iverilog	ivtest/ivltests/always3.1.2G.v	pass	must_accept	match	ivtest vlg CE pinned .8c.2: procedural assignment/timing forms - A.6.2 blocking/nonblocking assignment with [ delay_or_event_control ] (A.6.5 '# delay_value', '# ( mintypmax_expression )', '@ hierarchical_event_identifier', '@ ( event_expression )'), A.6.2 procedural_continuous_assignments (assign/force on variable_assignment/net_assignment, deassign/release on lvalues), A.6.5 disable_statement and event_trigger; the iverilog CE is its always-without-delay/infinite-loop or unsupported-construct check, not a 1364 parse rule (always3.1.2I's spaced '5'h 0' is 3.5.1-legal - the ispras 3.5.1 mirror)
iverilog	ivtest/ivltests/always3.1.2H.v	pass	must_accept	match	ivtest vlg CE pinned .8c.2: procedural assignment/timing forms - A.6.2 blocking/nonblocking assignment with [ delay_or_event_control ] (A.6.5 '# delay_value', '# ( mintypmax_expression )', '@ hierarchical_event_identifier', '@ ( event_expression )'), A.6.2 procedural_continuous_assignments (assign/force on variable_assignment/net_assignment, deassign/release on lvalues), A.6.5 disable_statement and event_trigger; the iverilog CE is its always-without-delay/infinite-loop or unsupported-construct check, not a 1364 parse rule (always3.1.2I's spaced '5'h 0' is 3.5.1-legal - the ispras 3.5.1 mirror)
iverilog	ivtest/ivltests/always3.1.2I.v	fail	must_accept	divergence:unexplained_rejects_valid	ivtest vlg CE pinned .8c.2: procedural assignment/timing forms - A.6.2 blocking/nonblocking assignment with [ delay_or_event_control ] (A.6.5 '# delay_value', '# ( mintypmax_expression )', '@ hierarchical_event_identifier', '@ ( event_expression )'), A.6.2 procedural_continuous_assignments (assign/force on variable_assignment/net_assignment, deassign/release on lvalues), A.6.5 disable_statement and event_trigger; the iverilog CE is its always-without-delay/infinite-loop or unsupported-construct check, not a 1364 parse rule (always3.1.2I's spaced '5'h 0' is 3.5.1-legal - the ispras 3.5.1 mirror)
iverilog	ivtest/ivltests/always3.1.3A.v	pass	must_accept	match	ivtest vlg CE pinned .8c.2: procedural assignment/timing forms - A.6.2 blocking/nonblocking assignment with [ delay_or_event_control ] (A.6.5 '# delay_value', '# ( mintypmax_expression )', '@ hierarchical_event_identifier', '@ ( event_expression )'), A.6.2 procedural_continuous_assignments (assign/force on variable_assignment/net_assignment, deassign/release on lvalues), A.6.5 disable_statement and event_trigger; the iverilog CE is its always-without-delay/infinite-loop or unsupported-construct check, not a 1364 parse rule (always3.1.2I's spaced '5'h 0' is 3.5.1-legal - the ispras 3.5.1 mirror)
iverilog	ivtest/ivltests/always3.1.3B.v	pass	must_accept	match	ivtest vlg CE pinned .8c.2: procedural assignment/timing forms - A.6.2 blocking/nonblocking assignment with [ delay_or_event_control ] (A.6.5 '# delay_value', '# ( mintypmax_expression )', '@ hierarchical_event_identifier', '@ ( event_expression )'), A.6.2 procedural_continuous_assignments (assign/force on variable_assignment/net_assignment, deassign/release on lvalues), A.6.5 disable_statement and event_trigger; the iverilog CE is its always-without-delay/infinite-loop or unsupported-construct check, not a 1364 parse rule (always3.1.2I's spaced '5'h 0' is 3.5.1-legal - the ispras 3.5.1 mirror)
iverilog	ivtest/ivltests/always3.1.3B2.v	pass	must_accept	match	ivtest: regress-vlg.list type normal - compiles under the iverilog plain-Verilog dialect, parse-level valid 1364-2005
iverilog	ivtest/ivltests/always3.1.3C.v	pass	must_accept	match	ivtest vlg CE pinned .8c.2: procedural assignment/timing forms - A.6.2 blocking/nonblocking assignment with [ delay_or_event_control ] (A.6.5 '# delay_value', '# ( mintypmax_expression )', '@ hierarchical_event_identifier', '@ ( event_expression )'), A.6.2 procedural_continuous_assignments (assign/force on variable_assignment/net_assignment, deassign/release on lvalues), A.6.5 disable_statement and event_trigger; the iverilog CE is its always-without-delay/infinite-loop or unsupported-construct check, not a 1364 parse rule (always3.1.2I's spaced '5'h 0' is 3.5.1-legal - the ispras 3.5.1 mirror)
iverilog	ivtest/ivltests/always3.1.3D.v	pass	must_accept	match	ivtest vlg CE pinned .8c.2: procedural assignment/timing forms - A.6.2 blocking/nonblocking assignment with [ delay_or_event_control ] (A.6.5 '# delay_value', '# ( mintypmax_expression )', '@ hierarchical_event_identifier', '@ ( event_expression )'), A.6.2 procedural_continuous_assignments (assign/force on variable_assignment/net_assignment, deassign/release on lvalues), A.6.5 disable_statement and event_trigger; the iverilog CE is its always-without-delay/infinite-loop or unsupported-construct check, not a 1364 parse rule (always3.1.2I's spaced '5'h 0' is 3.5.1-legal - the ispras 3.5.1 mirror)
iverilog	ivtest/ivltests/always3.1.3D2.v	pass	must_accept	match	ivtest: regress-vlg.list type normal - compiles under the iverilog plain-Verilog dialect, parse-level valid 1364-2005
iverilog	ivtest/ivltests/always3.1.3E.v	pass	must_accept	match	ivtest vlg CE pinned .8c.2: procedural assignment/timing forms - A.6.2 blocking/nonblocking assignment with [ delay_or_event_control ] (A.6.5 '# delay_value', '# ( mintypmax_expression )', '@ hierarchical_event_identifier', '@ ( event_expression )'), A.6.2 procedural_continuous_assignments (assign/force on variable_assignment/net_assignment, deassign/release on lvalues), A.6.5 disable_statement and event_trigger; the iverilog CE is its always-without-delay/infinite-loop or unsupported-construct check, not a 1364 parse rule (always3.1.2I's spaced '5'h 0' is 3.5.1-legal - the ispras 3.5.1 mirror)
iverilog	ivtest/ivltests/always3.1.3E2.v	pass	must_accept	match	ivtest: regress-vlg.list type normal - compiles under the iverilog plain-Verilog dialect, parse-level valid 1364-2005
iverilog	ivtest/ivltests/always3.1.3F.v	pass	must_accept	match	ivtest vlg CE pinned .8c.2: procedural assignment/timing forms - A.6.2 blocking/nonblocking assignment with [ delay_or_event_control ] (A.6.5 '# delay_value', '# ( mintypmax_expression )', '@ hierarchical_event_identifier', '@ ( event_expression )'), A.6.2 procedural_continuous_assignments (assign/force on variable_assignment/net_assignment, deassign/release on lvalues), A.6.5 disable_statement and event_trigger; the iverilog CE is its always-without-delay/infinite-loop or unsupported-construct check, not a 1364 parse rule (always3.1.2I's spaced '5'h 0' is 3.5.1-legal - the ispras 3.5.1 mirror)
iverilog	ivtest/ivltests/always3.1.3F2.v	pass	must_accept	match	ivtest: regress-vlg.list type normal - compiles under the iverilog plain-Verilog dialect, parse-level valid 1364-2005
iverilog	ivtest/ivltests/always3.1.3G.v	pass	must_accept	match	ivtest vlg CE pinned .8c.2: procedural assignment/timing forms - A.6.2 blocking/nonblocking assignment with [ delay_or_event_control ] (A.6.5 '# delay_value', '# ( mintypmax_expression )', '@ hierarchical_event_identifier', '@ ( event_expression )'), A.6.2 procedural_continuous_assignments (assign/force on variable_assignment/net_assignment, deassign/release on lvalues), A.6.5 disable_statement and event_trigger; the iverilog CE is its always-without-delay/infinite-loop or unsupported-construct check, not a 1364 parse rule (always3.1.2I's spaced '5'h 0' is 3.5.1-legal - the ispras 3.5.1 mirror)
iverilog	ivtest/ivltests/always3.1.3H.v	pass	must_accept	match	ivtest vlg CE pinned .8c.2: procedural assignment/timing forms - A.6.2 blocking/nonblocking assignment with [ delay_or_event_control ] (A.6.5 '# delay_value', '# ( mintypmax_expression )', '@ hierarchical_event_identifier', '@ ( event_expression )'), A.6.2 procedural_continuous_assignments (assign/force on variable_assignment/net_assignment, deassign/release on lvalues), A.6.5 disable_statement and event_trigger; the iverilog CE is its always-without-delay/infinite-loop or unsupported-construct check, not a 1364 parse rule (always3.1.2I's spaced '5'h 0' is 3.5.1-legal - the ispras 3.5.1 mirror)
iverilog	ivtest/ivltests/always3.1.3J.v	pass	must_accept	match	ivtest vlg CE pinned .8c.2: procedural assignment/timing forms - A.6.2 blocking/nonblocking assignment with [ delay_or_event_control ] (A.6.5 '# delay_value', '# ( mintypmax_expression )', '@ hierarchical_event_identifier', '@ ( event_expression )'), A.6.2 procedural_continuous_assignments (assign/force on variable_assignment/net_assignment, deassign/release on lvalues), A.6.5 disable_statement and event_trigger; the iverilog CE is its always-without-delay/infinite-loop or unsupported-construct check, not a 1364 parse rule (always3.1.2I's spaced '5'h 0' is 3.5.1-legal - the ispras 3.5.1 mirror)
iverilog	ivtest/ivltests/always3.1.4A.v	pass	must_accept	match	ivtest: regress-vlg.list type normal - compiles under the iverilog plain-Verilog dialect, parse-level valid 1364-2005
iverilog	ivtest/ivltests/always3.1.4B.v	pass	must_accept	match	ivtest: regress-vlg.list type normal - compiles under the iverilog plain-Verilog dialect, parse-level valid 1364-2005
iverilog	ivtest/ivltests/always3.1.4C.v	pass	must_accept	match	ivtest: regress-vlg.list type normal - compiles under the iverilog plain-Verilog dialect, parse-level valid 1364-2005
iverilog	ivtest/ivltests/always3.1.4D.v	pass	must_accept	match	ivtest: regress-vlg.list type normal - compiles under the iverilog plain-Verilog dialect, parse-level valid 1364-2005
iverilog	ivtest/ivltests/always3.1.4E.v	pass	must_accept	match	ivtest: regress-vlg.list type normal - compiles under the iverilog plain-Verilog dialect, parse-level valid 1364-2005
iverilog	ivtest/ivltests/always3.1.4F.v	pass	must_accept	match	ivtest: regress-vlg.list type normal - compiles under the iverilog plain-Verilog dialect, parse-level valid 1364-2005
iverilog	ivtest/ivltests/always3.1.4G.v	pass	must_accept	match	ivtest: regress-vlg.list type normal - compiles under the iverilog plain-Verilog dialect, parse-level valid 1364-2005
iverilog	ivtest/ivltests/always3.1.4H.v	pass	must_accept	match	ivtest: regress-vlg.list type normal - compiles under the iverilog plain-Verilog dialect, parse-level valid 1364-2005
iverilog	ivtest/ivltests/always3.1.4I.v	pass	must_accept	match	ivtest: regress-vlg.list type normal - compiles under the iverilog plain-Verilog dialect, parse-level valid 1364-2005
iverilog	ivtest/ivltests/always3.1.5A.v	pass	must_accept	match	ivtest: regress-vlg.list type normal - compiles under the iverilog plain-Verilog dialect, parse-level valid 1364-2005
iverilog	ivtest/ivltests/always3.1.5B.v	pass	must_accept	match	ivtest: regress-vlg.list type normal - compiles under the iverilog plain-Verilog dialect, parse-level valid 1364-2005
iverilog	ivtest/ivltests/always3.1.5C.v	pass	must_accept	match	ivtest: regress-vlg.list type normal - compiles under the iverilog plain-Verilog dialect, parse-level valid 1364-2005
iverilog	ivtest/ivltests/always3.1.5D.v	pass	must_accept	match	ivtest: regress-vlg.list type normal - compiles under the iverilog plain-Verilog dialect, parse-level valid 1364-2005
iverilog	ivtest/ivltests/always3.1.5E.v	pass	must_accept	match	ivtest: regress-vlg.list type normal - compiles under the iverilog plain-Verilog dialect, parse-level valid 1364-2005
iverilog	ivtest/ivltests/always3.1.5F.v	pass	must_accept	match	ivtest: regress-vlg.list type normal - compiles under the iverilog plain-Verilog dialect, parse-level valid 1364-2005
iverilog	ivtest/ivltests/always3.1.6A.v	pass	must_accept	match	ivtest: regress-vlg.list type normal - compiles under the iverilog plain-Verilog dialect, parse-level valid 1364-2005
iverilog	ivtest/ivltests/always3.1.6B.v	pass	must_accept	match	ivtest: regress-vlg.list type normal - compiles under the iverilog plain-Verilog dialect, parse-level valid 1364-2005
iverilog	ivtest/ivltests/always3.1.6C.v	pass	must_accept	match	ivtest: regress-vlg.list type normal - compiles under the iverilog plain-Verilog dialect, parse-level valid 1364-2005
iverilog	ivtest/ivltests/always3.1.6D.v	pass	must_accept	match	ivtest: regress-vlg.list type normal - compiles under the iverilog plain-Verilog dialect, parse-level valid 1364-2005
iverilog	ivtest/ivltests/always3.1.7A.v	pass	must_accept	match	ivtest: regress-vlg.list type normal - compiles under the iverilog plain-Verilog dialect, parse-level valid 1364-2005
iverilog	ivtest/ivltests/always3.1.7B.v	pass	must_accept	match	ivtest: regress-vlg.list type normal - compiles under the iverilog plain-Verilog dialect, parse-level valid 1364-2005
iverilog	ivtest/ivltests/always3.1.7C.v	pass	must_accept	match	ivtest: regress-vlg.list type normal - compiles under the iverilog plain-Verilog dialect, parse-level valid 1364-2005
iverilog	ivtest/ivltests/always3.1.7D.v	pass	must_accept	match	ivtest: regress-vlg.list type normal - compiles under the iverilog plain-Verilog dialect, parse-level valid 1364-2005
iverilog	ivtest/ivltests/always3.1.8A.v	pass	must_accept	match	ivtest: regress-vlg.list type normal - compiles under the iverilog plain-Verilog dialect, parse-level valid 1364-2005
iverilog	ivtest/ivltests/always3.1.9A.v	pass	must_accept	match	ivtest vlg CE pinned .8c.2: procedural assignment/timing forms - A.6.2 blocking/nonblocking assignment with [ delay_or_event_control ] (A.6.5 '# delay_value', '# ( mintypmax_expression )', '@ hierarchical_event_identifier', '@ ( event_expression )'), A.6.2 procedural_continuous_assignments (assign/force on variable_assignment/net_assignment, deassign/release on lvalues), A.6.5 disable_statement and event_trigger; the iverilog CE is its always-without-delay/infinite-loop or unsupported-construct check, not a 1364 parse rule (always3.1.2I's spaced '5'h 0' is 3.5.1-legal - the ispras 3.5.1 mirror)
iverilog	ivtest/ivltests/always3.1.9B.v	pass	must_accept	match	ivtest vlg CE pinned .8c.2: procedural assignment/timing forms - A.6.2 blocking/nonblocking assignment with [ delay_or_event_control ] (A.6.5 '# delay_value', '# ( mintypmax_expression )', '@ hierarchical_event_identifier', '@ ( event_expression )'), A.6.2 procedural_continuous_assignments (assign/force on variable_assignment/net_assignment, deassign/release on lvalues), A.6.5 disable_statement and event_trigger; the iverilog CE is its always-without-delay/infinite-loop or unsupported-construct check, not a 1364 parse rule (always3.1.2I's spaced '5'h 0' is 3.5.1-legal - the ispras 3.5.1 mirror)
iverilog	ivtest/ivltests/always3.1.9C.v	pass	must_accept	match	ivtest: regress-vlg.list type normal - compiles under the iverilog plain-Verilog dialect, parse-level valid 1364-2005
iverilog	ivtest/ivltests/always3.1.9D.v	pass	must_accept	match	ivtest: regress-vlg.list type normal - compiles under the iverilog plain-Verilog dialect, parse-level valid 1364-2005
iverilog	ivtest/ivltests/always_star_array_lval.v	pass	must_accept	match	ivtest: regress-vlg.list type normal - compiles under the iverilog plain-Verilog dialect, parse-level valid 1364-2005
iverilog	ivtest/ivltests/andnot1.v	pass	must_accept	match	ivtest: regress-vlg.list type normal - compiles under the iverilog plain-Verilog dialect, parse-level valid 1364-2005
iverilog	ivtest/ivltests/arith-unknown.v	pass	must_accept	match	ivtest: regress-vlg.list type normal - compiles under the iverilog plain-Verilog dialect, parse-level valid 1364-2005
iverilog	ivtest/ivltests/array4.v	pass	must_accept	match	ivtest: regress-vlg.list type normal - compiles under the iverilog plain-Verilog dialect, parse-level valid 1364-2005
iverilog	ivtest/ivltests/array5.v	pass	must_accept	match	ivtest vlg CE pinned .8c.2: lvalue-select stage rules (the .8c.1 12.3.3 semantic-stage mirror) - A.8.5 variable_lvalue/net_lvalue admit bit/word/part selects (range_expression msb:lsb and +:/-: forms; identifiers in constant_expression slots are denotation-blind), and A.8.4 primary admits 'identifier [ range_expression ]'; the procedural-continuous/force lvalue-class and memory-select bans are 9.3 prose
iverilog	ivtest/ivltests/array6.v	pass	must_accept	match	ivtest: regress-vlg.list type normal - compiles under the iverilog plain-Verilog dialect, parse-level valid 1364-2005
iverilog	ivtest/ivltests/array7.v	pass	must_accept	match	ivtest: regress-vlg.list type normal - compiles under the iverilog plain-Verilog dialect, parse-level valid 1364-2005
iverilog	ivtest/ivltests/array_lval_select1.v	fail	must_accept	divergence:explained_svpp_conditional	ivtest: regress-vlg.list type normal - compiles under the iverilog plain-Verilog dialect, parse-level valid 1364-2005
iverilog	ivtest/ivltests/array_lval_select2.v	fail	must_accept	divergence:explained_svpp_conditional	ivtest: regress-vlg.list type normal - compiles under the iverilog plain-Verilog dialect, parse-level valid 1364-2005
iverilog	ivtest/ivltests/array_lval_select3b.v	pass	must_accept	match	ivtest vlg CE pinned .8c.2: lvalue-select stage rules (the .8c.1 12.3.3 semantic-stage mirror) - A.8.5 variable_lvalue/net_lvalue admit bit/word/part selects (range_expression msb:lsb and +:/-: forms; identifiers in constant_expression slots are denotation-blind), and A.8.4 primary admits 'identifier [ range_expression ]'; the procedural-continuous/force lvalue-class and memory-select bans are 9.3 prose
iverilog	ivtest/ivltests/array_lval_select3c.v	fail	must_accept	divergence:explained_svpp_conditional	ivtest: regress-vlg.list type normal - compiles under the iverilog plain-Verilog dialect, parse-level valid 1364-2005
iverilog	ivtest/ivltests/array_lval_select4a.v	fail	must_accept	divergence:explained_svpp_conditional	ivtest: regress-vlg.list type normal - compiles under the iverilog plain-Verilog dialect, parse-level valid 1364-2005
iverilog	ivtest/ivltests/array_lval_select4b.v	pass	must_accept	match	ivtest vlg CE pinned .8c.2: lvalue-select stage rules (the .8c.1 12.3.3 semantic-stage mirror) - A.8.5 variable_lvalue/net_lvalue admit bit/word/part selects (range_expression msb:lsb and +:/-: forms; identifiers in constant_expression slots are denotation-blind), and A.8.4 primary admits 'identifier [ range_expression ]'; the procedural-continuous/force lvalue-class and memory-select bans are 9.3 prose
iverilog	ivtest/ivltests/array_lval_select5.v	fail	must_accept	divergence:explained_svpp_conditional	ivtest: regress-vlg.list type normal - compiles under the iverilog plain-Verilog dialect, parse-level valid 1364-2005
iverilog	ivtest/ivltests/array_lval_select6.v	pass	must_accept	match	ivtest: regress-vlg.list type normal - compiles under the iverilog plain-Verilog dialect, parse-level valid 1364-2005
iverilog	ivtest/ivltests/array_packed_2d.v	pass	must_accept	match	ivtest: regress-vlg.list type normal - compiles under the iverilog plain-Verilog dialect, parse-level valid 1364-2005
iverilog	ivtest/ivltests/array_select.v	pass	must_accept	match	ivtest: regress-vlg.list type normal - compiles under the iverilog plain-Verilog dialect, parse-level valid 1364-2005
iverilog	ivtest/ivltests/array_select_a.v	pass	must_accept	match	ivtest: regress-vlg.list type normal - compiles under the iverilog plain-Verilog dialect, parse-level valid 1364-2005
iverilog	ivtest/ivltests/array_word_check.v	pass	must_accept	match	ivtest: regress-vlg.list type normal - compiles under the iverilog plain-Verilog dialect, parse-level valid 1364-2005
iverilog	ivtest/ivltests/array_word_width.v	pass	must_accept	match	ivtest: regress-vlg.list type normal - compiles under the iverilog plain-Verilog dialect, parse-level valid 1364-2005
iverilog	ivtest/ivltests/array_word_width2.v	pass	must_accept	match	ivtest: regress-vlg.list type normal - compiles under the iverilog plain-Verilog dialect, parse-level valid 1364-2005
iverilog	ivtest/ivltests/assign3.2A.v	pass	must_accept	match	ivtest: regress-vlg.list type normal - compiles under the iverilog plain-Verilog dialect, parse-level valid 1364-2005
iverilog	ivtest/ivltests/assign3.2B.v	pass	must_accept	match	ivtest: regress-vlg.list type normal - compiles under the iverilog plain-Verilog dialect, parse-level valid 1364-2005
iverilog	ivtest/ivltests/assign3.2C.v	pass	must_accept	match	ivtest: regress-vlg.list type normal - compiles under the iverilog plain-Verilog dialect, parse-level valid 1364-2005
iverilog	ivtest/ivltests/assign3.2D.v	pass	must_accept	match	ivtest: regress-vlg.list type normal - compiles under the iverilog plain-Verilog dialect, parse-level valid 1364-2005
iverilog	ivtest/ivltests/assign3.2E.v	pass	must_accept	match	ivtest: regress-vlg.list type normal - compiles under the iverilog plain-Verilog dialect, parse-level valid 1364-2005
iverilog	ivtest/ivltests/assign_add.v	pass	must_accept	match	ivtest: regress-vlg.list type normal - compiles under the iverilog plain-Verilog dialect, parse-level valid 1364-2005
iverilog	ivtest/ivltests/assign_deassign_pv.v	pass	must_accept	match	ivtest: regress-vlg.list type normal - compiles under the iverilog plain-Verilog dialect, parse-level valid 1364-2005
iverilog	ivtest/ivltests/assign_delay.v	pass	must_accept	match	ivtest: regress-vlg.list type normal - compiles under the iverilog plain-Verilog dialect, parse-level valid 1364-2005
iverilog	ivtest/ivltests/assign_deq.v	pass	must_accept	match	ivtest: regress-vlg.list type normal - compiles under the iverilog plain-Verilog dialect, parse-level valid 1364-2005
iverilog	ivtest/ivltests/assign_ge.v	pass	must_accept	match	ivtest: regress-vlg.list type normal - compiles under the iverilog plain-Verilog dialect, parse-level valid 1364-2005
iverilog	ivtest/ivltests/assign_le.v	pass	must_accept	match	ivtest: regress-vlg.list type normal - compiles under the iverilog plain-Verilog dialect, parse-level valid 1364-2005
iverilog	ivtest/ivltests/assign_mem1.v	pass	must_accept	match	ivtest: regress-vlg.list type normal - compiles under the iverilog plain-Verilog dialect, parse-level valid 1364-2005
iverilog	ivtest/ivltests/assign_mem2.v	pass	must_accept	match	ivtest: regress-vlg.list type normal - compiles under the iverilog plain-Verilog dialect, parse-level valid 1364-2005
iverilog	ivtest/ivltests/assign_nb1.v	pass	must_accept	match	ivtest: regress-vlg.list type normal - compiles under the iverilog plain-Verilog dialect, parse-level valid 1364-2005
iverilog	ivtest/ivltests/assign_nb2.v	pass	must_accept	match	ivtest: regress-vlg.list type normal - compiles under the iverilog plain-Verilog dialect, parse-level valid 1364-2005
iverilog	ivtest/ivltests/assign_neq.v	pass	must_accept	match	ivtest: regress-vlg.list type normal - compiles under the iverilog plain-Verilog dialect, parse-level valid 1364-2005
iverilog	ivtest/ivltests/attrib.v	pass	must_accept	match	ivtest: regress-vlg.list type normal - compiles under the iverilog plain-Verilog dialect, parse-level valid 1364-2005
iverilog	ivtest/ivltests/attrib01_module.v	pass	must_accept	match	ivtest: regress-vlg.list type normal - compiles under the iverilog plain-Verilog dialect, parse-level valid 1364-2005
iverilog	ivtest/ivltests/attrib02_port_decl.v	pass	must_accept	match	ivtest: regress-vlg.list type normal - compiles under the iverilog plain-Verilog dialect, parse-level valid 1364-2005
iverilog	ivtest/ivltests/attrib03_parameter.v	pass	must_accept	match	ivtest: regress-vlg.list type normal - compiles under the iverilog plain-Verilog dialect, parse-level valid 1364-2005
iverilog	ivtest/ivltests/attrib04_net_var.v	pass	must_accept	match	ivtest: regress-vlg.list type normal - compiles under the iverilog plain-Verilog dialect, parse-level valid 1364-2005
iverilog	ivtest/ivltests/attrib05_port_conn.v	pass	must_accept	match	ivtest: regress-vlg.list type normal - compiles under the iverilog plain-Verilog dialect, parse-level valid 1364-2005
iverilog	ivtest/ivltests/attrib06_operator_suffix.v	pass	must_accept	match	ivtest: regress-vlg.list type normal - compiles under the iverilog plain-Verilog dialect, parse-level valid 1364-2005
iverilog	ivtest/ivltests/attrib07_func_call.v	pass	must_accept	match	ivtest: regress-vlg.list type normal - compiles under the iverilog plain-Verilog dialect, parse-level valid 1364-2005
iverilog	ivtest/ivltests/attrib08_mod_inst.v	pass	must_accept	match	ivtest: regress-vlg.list type normal - compiles under the iverilog plain-Verilog dialect, parse-level valid 1364-2005
iverilog	ivtest/ivltests/attrib09_case.v	pass	must_accept	match	ivtest: regress-vlg.list type normal - compiles under the iverilog plain-Verilog dialect, parse-level valid 1364-2005
iverilog	ivtest/ivltests/attrib_expr.v	fail	must_accept	divergence:explained_svpp_macro_use	ivtest: regress-vlg.list type normal - compiles under the iverilog plain-Verilog dialect, parse-level valid 1364-2005
iverilog	ivtest/ivltests/automatic_error1.v	pass	must_accept	match	ivtest vlg CE pinned .8c.2: automatic-task access rules are prose - hierarchical references into automatic tasks, nonblocking/procedural-continuous assignments on automatic variables (9.2.2/10.2.2 'shall not') are semantic; every construct is A.2.7/A.6.2 BNF (automatic_error3's `begin_keywords "1364-2005" is a legal 19.11 directive)
iverilog	ivtest/ivltests/automatic_error10.v	pass	must_accept	match	ivtest vlg CE pinned .8c.2: automatic-task access rules are prose - hierarchical references into automatic tasks, nonblocking/procedural-continuous assignments on automatic variables (9.2.2/10.2.2 'shall not') are semantic; every construct is A.2.7/A.6.2 BNF (automatic_error3's `begin_keywords "1364-2005" is a legal 19.11 directive)
iverilog	ivtest/ivltests/automatic_error2.v	pass	must_accept	match	ivtest vlg CE pinned .8c.2: automatic-task access rules are prose - hierarchical references into automatic tasks, nonblocking/procedural-continuous assignments on automatic variables (9.2.2/10.2.2 'shall not') are semantic; every construct is A.2.7/A.6.2 BNF (automatic_error3's `begin_keywords "1364-2005" is a legal 19.11 directive)
iverilog	ivtest/ivltests/automatic_error3.v	pass	must_accept	match	ivtest vlg CE pinned .8c.2: automatic-task access rules are prose - hierarchical references into automatic tasks, nonblocking/procedural-continuous assignments on automatic variables (9.2.2/10.2.2 'shall not') are semantic; every construct is A.2.7/A.6.2 BNF (automatic_error3's `begin_keywords "1364-2005" is a legal 19.11 directive)
iverilog	ivtest/ivltests/automatic_error5.v	pass	must_accept	match	ivtest vlg CE pinned .8c.2: automatic-task access rules are prose - hierarchical references into automatic tasks, nonblocking/procedural-continuous assignments on automatic variables (9.2.2/10.2.2 'shall not') are semantic; every construct is A.2.7/A.6.2 BNF (automatic_error3's `begin_keywords "1364-2005" is a legal 19.11 directive)
iverilog	ivtest/ivltests/automatic_error6.v	pass	must_accept	match	ivtest vlg CE pinned .8c.2: automatic-task access rules are prose - hierarchical references into automatic tasks, nonblocking/procedural-continuous assignments on automatic variables (9.2.2/10.2.2 'shall not') are semantic; every construct is A.2.7/A.6.2 BNF (automatic_error3's `begin_keywords "1364-2005" is a legal 19.11 directive)
iverilog	ivtest/ivltests/automatic_error7.v	pass	must_accept	match	ivtest vlg CE pinned .8c.2: automatic-task access rules are prose - hierarchical references into automatic tasks, nonblocking/procedural-continuous assignments on automatic variables (9.2.2/10.2.2 'shall not') are semantic; every construct is A.2.7/A.6.2 BNF (automatic_error3's `begin_keywords "1364-2005" is a legal 19.11 directive)
iverilog	ivtest/ivltests/automatic_error8.v	pass	must_accept	match	ivtest vlg CE pinned .8c.2: automatic-task access rules are prose - hierarchical references into automatic tasks, nonblocking/procedural-continuous assignments on automatic variables (9.2.2/10.2.2 'shall not') are semantic; every construct is A.2.7/A.6.2 BNF (automatic_error3's `begin_keywords "1364-2005" is a legal 19.11 directive)
iverilog	ivtest/ivltests/automatic_error9.v	pass	must_accept	match	ivtest vlg CE pinned .8c.2: automatic-task access rules are prose - hierarchical references into automatic tasks, nonblocking/procedural-continuous assignments on automatic variables (9.2.2/10.2.2 'shall not') are semantic; every construct is A.2.7/A.6.2 BNF (automatic_error3's `begin_keywords "1364-2005" is a legal 19.11 directive)
iverilog	ivtest/ivltests/automatic_events.v	pass	must_accept	match	ivtest: regress-vlg.list type normal - compiles under the iverilog plain-Verilog dialect, parse-level valid 1364-2005
iverilog	ivtest/ivltests/automatic_events2.v	pass	must_accept	match	ivtest: regress-vlg.list type normal - compiles under the iverilog plain-Verilog dialect, parse-level valid 1364-2005
iverilog	ivtest/ivltests/automatic_events3.v	pass	must_accept	match	ivtest: regress-vlg.list type normal - compiles under the iverilog plain-Verilog dialect, parse-level valid 1364-2005
iverilog	ivtest/ivltests/automatic_task.v	pass	must_accept	match	ivtest: regress-vlg.list type normal - compiles under the iverilog plain-Verilog dialect, parse-level valid 1364-2005
iverilog	ivtest/ivltests/automatic_task2.v	pass	must_accept	match	ivtest: regress-vlg.list type normal - compiles under the iverilog plain-Verilog dialect, parse-level valid 1364-2005
iverilog	ivtest/ivltests/automatic_task3.v	pass	must_accept	match	ivtest: regress-vlg.list type normal - compiles under the iverilog plain-Verilog dialect, parse-level valid 1364-2005
iverilog	ivtest/ivltests/bitwidth.v	pass	must_accept	match	ivtest: regress-vlg.list type normal - compiles under the iverilog plain-Verilog dialect, parse-level valid 1364-2005
iverilog	ivtest/ivltests/bitwidth2.v	pass	must_accept	match	ivtest: regress-vlg.list type normal - compiles under the iverilog plain-Verilog dialect, parse-level valid 1364-2005
iverilog	ivtest/ivltests/blankport.v	pass	must_accept	match	ivtest: regress-vlg.list type normal - compiles under the iverilog plain-Verilog dialect, parse-level valid 1364-2005
iverilog	ivtest/ivltests/block_only_with_var_def.v	pass	must_accept	match	ivtest: regress-vlg.list type normal - compiles under the iverilog plain-Verilog dialect, parse-level valid 1364-2005
iverilog	ivtest/ivltests/bnot.v	pass	must_accept	match	ivtest: regress-vlg.list type normal - compiles under the iverilog plain-Verilog dialect, parse-level valid 1364-2005
iverilog	ivtest/ivltests/br1000.v	pass	must_accept	match	ivtest: regress-vlg.list type normal - compiles under the iverilog plain-Verilog dialect, parse-level valid 1364-2005
iverilog	ivtest/ivltests/br1001.v	pass	must_accept	match	ivtest: regress-vlg.list type normal - compiles under the iverilog plain-Verilog dialect, parse-level valid 1364-2005
iverilog	ivtest/ivltests/br1006.v	pass	must_accept	match	ivtest: regress-vlg.list type normal - compiles under the iverilog plain-Verilog dialect, parse-level valid 1364-2005
iverilog	ivtest/ivltests/br1007.v	fail	must_accept	divergence:explained_svpp_conditional	ivtest: regress-vlg.list type normal - compiles under the iverilog plain-Verilog dialect, parse-level valid 1364-2005
iverilog	ivtest/ivltests/br1008.v	pass	must_accept	match	ivtest: regress-vlg.list type normal - compiles under the iverilog plain-Verilog dialect, parse-level valid 1364-2005
iverilog	ivtest/ivltests/br1015a.v	pass	must_reject	divergence:unexplained_accepts_invalid	ivtest vlg CE pinned .8c.2: malformed tf port declarations - A.2.7/A.2.6 tf_input_declaration ends in list_of_port_identifiers (bare identifiers): 'input make_me_crash i;' juxtaposes two identifiers with no comma and 'input bit_array[3:0]' carries a per-identifier dimension no 1364 production admits; br1015a additionally uses '^=' which exists in neither A.6.2 blocking_assignment nor A.8.6 (1800 compound assignment - edition contrast)
iverilog	ivtest/ivltests/br1019.v	pass	must_accept	match	ivtest: regress-vlg.list type normal - compiles under the iverilog plain-Verilog dialect, parse-level valid 1364-2005
iverilog	ivtest/ivltests/br1027.v	pass	must_accept	match	ivtest: regress-vlg.list type normal - compiles under the iverilog plain-Verilog dialect, parse-level valid 1364-2005
iverilog	ivtest/ivltests/br1027a.v	pass	must_accept	match	ivtest: vlg CE but golden br1027a.gold shows only post-parse errors - syntax itself valid
iverilog	ivtest/ivltests/br1027c.v	pass	must_accept	match	ivtest: vlg CE but golden br1027c.gold shows only post-parse errors - syntax itself valid
iverilog	ivtest/ivltests/br1027e.v	pass	must_accept	match	ivtest: vlg CE but golden br1027e.gold shows only post-parse errors - syntax itself valid
iverilog	ivtest/ivltests/br1029a.v	pass	must_accept	match	ivtest: regress-vlg.list type normal - compiles under the iverilog plain-Verilog dialect, parse-level valid 1364-2005
iverilog	ivtest/ivltests/br1029b.v	pass	must_accept	match	ivtest: regress-vlg.list type normal - compiles under the iverilog plain-Verilog dialect, parse-level valid 1364-2005
iverilog	ivtest/ivltests/br1029c.v	pass	must_accept	match	ivtest: vlg CE but golden br1029c.gold shows only post-parse errors - syntax itself valid
iverilog	ivtest/ivltests/br605a.v	pass	must_accept	match	ivtest: regress-vlg.list type normal - compiles under the iverilog plain-Verilog dialect, parse-level valid 1364-2005
iverilog	ivtest/ivltests/br605b.v	pass	must_accept	match	ivtest: regress-vlg.list type normal - compiles under the iverilog plain-Verilog dialect, parse-level valid 1364-2005
iverilog	ivtest/ivltests/br916a.v	pass	must_accept	match	ivtest: regress-vlg.list type normal - compiles under the iverilog plain-Verilog dialect, parse-level valid 1364-2005
iverilog	ivtest/ivltests/br916b.v	pass	must_accept	match	ivtest: regress-vlg.list type normal - compiles under the iverilog plain-Verilog dialect, parse-level valid 1364-2005
iverilog	ivtest/ivltests/br918a.v	fail	must_accept	divergence:unexplained_rejects_valid	ivtest: regress-vlg.list type normal - compiles under the iverilog plain-Verilog dialect, parse-level valid 1364-2005
iverilog	ivtest/ivltests/br918b.v	fail	must_accept	divergence:unexplained_rejects_valid	ivtest: regress-vlg.list type normal - compiles under the iverilog plain-Verilog dialect, parse-level valid 1364-2005
iverilog	ivtest/ivltests/br918c.v	fail	must_accept	divergence:unexplained_rejects_valid	ivtest: regress-vlg.list type normal - compiles under the iverilog plain-Verilog dialect, parse-level valid 1364-2005
iverilog	ivtest/ivltests/br918d.v	fail	must_accept	divergence:unexplained_rejects_valid	ivtest: regress-vlg.list type normal - compiles under the iverilog plain-Verilog dialect, parse-level valid 1364-2005
iverilog	ivtest/ivltests/br919.v	pass	must_accept	match	ivtest: regress-vlg.list type normal - compiles under the iverilog plain-Verilog dialect, parse-level valid 1364-2005
iverilog	ivtest/ivltests/br924.v	pass	must_accept	match	ivtest vlg CE pinned .8c.2: identifier-resolution/arity semantics - undeclared names, missing functions/modules, wrong task/function argument counts and upward-scope misses are elaboration stage; every call carries >= 1 expression so A.8.2/A.6.9 are satisfied
iverilog	ivtest/ivltests/br930.v	pass	must_accept	match	ivtest: regress-vlg.list type CO - compiles under the iverilog plain-Verilog dialect, parse-level valid 1364-2005
iverilog	ivtest/ivltests/br931.v	pass	must_accept	match	ivtest: regress-vlg.list type normal - compiles under the iverilog plain-Verilog dialect, parse-level valid 1364-2005
iverilog	ivtest/ivltests/br935.v	pass	must_accept	match	ivtest: regress-vlg.list type normal - compiles under the iverilog plain-Verilog dialect, parse-level valid 1364-2005
iverilog	ivtest/ivltests/br937.v	pass	must_accept	match	ivtest: regress-vlg.list type normal - compiles under the iverilog plain-Verilog dialect, parse-level valid 1364-2005
iverilog	ivtest/ivltests/br946.v	pass	must_accept	match	ivtest: regress-vlg.list type normal - compiles under the iverilog plain-Verilog dialect, parse-level valid 1364-2005
iverilog	ivtest/ivltests/br947.v	pass	must_accept	match	ivtest: regress-vlg.list type normal - compiles under the iverilog plain-Verilog dialect, parse-level valid 1364-2005
iverilog	ivtest/ivltests/br948.v	pass	must_accept	match	ivtest: regress-vlg.list type normal - compiles under the iverilog plain-Verilog dialect, parse-level valid 1364-2005
iverilog	ivtest/ivltests/br955.v	pass	must_accept	match	ivtest: regress-vlg.list type normal - compiles under the iverilog plain-Verilog dialect, parse-level valid 1364-2005
iverilog	ivtest/ivltests/br960a.v	pass	must_accept	match	ivtest: regress-vlg.list type normal - compiles under the iverilog plain-Verilog dialect, parse-level valid 1364-2005
iverilog	ivtest/ivltests/br960b.v	pass	must_accept	match	ivtest: regress-vlg.list type normal - compiles under the iverilog plain-Verilog dialect, parse-level valid 1364-2005
iverilog	ivtest/ivltests/br960c.v	pass	must_accept	match	ivtest: regress-vlg.list type normal - compiles under the iverilog plain-Verilog dialect, parse-level valid 1364-2005
iverilog	ivtest/ivltests/br960d.v	pass	must_accept	match	ivtest: regress-vlg.list type normal - compiles under the iverilog plain-Verilog dialect, parse-level valid 1364-2005
iverilog	ivtest/ivltests/br961.v	pass	must_accept	match	ivtest: regress-vlg.list type normal - compiles under the iverilog plain-Verilog dialect, parse-level valid 1364-2005
iverilog	ivtest/ivltests/br961a.v	pass	must_accept	match	ivtest vlg CE pinned .8c.2: identifier-resolution/arity semantics - undeclared names, missing functions/modules, wrong task/function argument counts and upward-scope misses are elaboration stage; every call carries >= 1 expression so A.8.2/A.6.9 are satisfied
iverilog	ivtest/ivltests/br965.v	pass	must_accept	match	ivtest: regress-vlg.list type normal - compiles under the iverilog plain-Verilog dialect, parse-level valid 1364-2005
iverilog	ivtest/ivltests/br967.v	pass	must_accept	match	ivtest: regress-vlg.list type normal - compiles under the iverilog plain-Verilog dialect, parse-level valid 1364-2005
iverilog	ivtest/ivltests/br968.v	pass	must_accept	match	ivtest: regress-vlg.list type normal - compiles under the iverilog plain-Verilog dialect, parse-level valid 1364-2005
iverilog	ivtest/ivltests/br971.v	pass	must_accept	match	ivtest: regress-vlg.list type normal - compiles under the iverilog plain-Verilog dialect, parse-level valid 1364-2005
iverilog	ivtest/ivltests/br972.v	pass	must_accept	match	ivtest: regress-vlg.list type normal - compiles under the iverilog plain-Verilog dialect, parse-level valid 1364-2005
iverilog	ivtest/ivltests/br977.v	fail	must_accept	divergence:explained_svpp_macro_use	ivtest: regress-vlg.list type normal - compiles under the iverilog plain-Verilog dialect, parse-level valid 1364-2005
iverilog	ivtest/ivltests/br982.v	pass	must_accept	match	ivtest vlg CE pinned .8c.2: identifier-resolution/arity semantics - undeclared names, missing functions/modules, wrong task/function argument counts and upward-scope misses are elaboration stage; every call carries >= 1 expression so A.8.2/A.6.9 are satisfied
iverilog	ivtest/ivltests/br982a.v	pass	must_accept	match	ivtest vlg CE pinned .8c.2: identifier-resolution/arity semantics - undeclared names, missing functions/modules, wrong task/function argument counts and upward-scope misses are elaboration stage; every call carries >= 1 expression so A.8.2/A.6.9 are satisfied
iverilog	ivtest/ivltests/br982b.v	pass	must_accept	match	ivtest vlg CE pinned .8c.2: identifier-resolution/arity semantics - undeclared names, missing functions/modules, wrong task/function argument counts and upward-scope misses are elaboration stage; every call carries >= 1 expression so A.8.2/A.6.9 are satisfied
iverilog	ivtest/ivltests/br988.v	fail	must_accept	divergence:unexplained_rejects_valid	ivtest: regress-vlg.list type normal - compiles under the iverilog plain-Verilog dialect, parse-level valid 1364-2005
iverilog	ivtest/ivltests/br990.v	pass	must_accept	match	ivtest: regress-vlg.list type normal - compiles under the iverilog plain-Verilog dialect, parse-level valid 1364-2005
iverilog	ivtest/ivltests/br991a.v	pass	must_accept	match	ivtest: regress-vlg.list type normal - compiles under the iverilog plain-Verilog dialect, parse-level valid 1364-2005
iverilog	ivtest/ivltests/br999.v	pass	must_accept	match	ivtest: regress-vlg.list type normal - compiles under the iverilog plain-Verilog dialect, parse-level valid 1364-2005
iverilog	ivtest/ivltests/br_gh103.v	pass	must_accept	match	ivtest: regress-vlg.list type normal - compiles under the iverilog plain-Verilog dialect, parse-level valid 1364-2005
iverilog	ivtest/ivltests/br_gh11.v	pass	must_accept	match	ivtest: regress-vlg.list type CO - compiles under the iverilog plain-Verilog dialect, parse-level valid 1364-2005
iverilog	ivtest/ivltests/br_gh1117.v	fail	must_accept	divergence:unexplained_rejects_valid	ivtest: vlg CE but golden br_gh1117.gold shows only post-parse errors - syntax itself valid
iverilog	ivtest/ivltests/br_gh1173.v	pass	must_accept	match	ivtest: vlg CE but golden br_gh1173.gold shows only post-parse errors - syntax itself valid
iverilog	ivtest/ivltests/br_gh1174a.v	fail	must_reject	match	ivtest: vlg CE with golden br_gh1174a.gold reporting a syntax error - parse-level invalid 1364-2005
iverilog	ivtest/ivltests/br_gh1174b.v	pass	must_accept	match	ivtest: vlg CE but golden br_gh1174b.gold shows only post-parse errors - syntax itself valid
iverilog	ivtest/ivltests/br_gh1175a.v	pass	must_accept	match	ivtest: vlg CE but golden br_gh1175a.gold shows only post-parse errors - syntax itself valid
iverilog	ivtest/ivltests/br_gh1175b.v	pass	must_accept	match	ivtest: vlg CE but golden br_gh1175b.gold shows only post-parse errors - syntax itself valid
iverilog	ivtest/ivltests/br_gh1175c.v	fail	must_reject	match	ivtest: vlg CE with golden br_gh1175c.gold reporting a syntax error - parse-level invalid 1364-2005
iverilog	ivtest/ivltests/br_gh1175d.v	fail	must_reject	match	ivtest: vlg CE with golden br_gh1175d.gold reporting a syntax error - parse-level invalid 1364-2005
iverilog	ivtest/ivltests/br_gh1175e.v	fail	must_reject	match	ivtest: vlg CE with golden br_gh1175e.gold reporting a syntax error - parse-level invalid 1364-2005
iverilog	ivtest/ivltests/br_gh1175f.v	pass	must_accept	match	ivtest: vlg CE but golden br_gh1175f.gold shows only post-parse errors - syntax itself valid
iverilog	ivtest/ivltests/br_gh1178a.v	fail	must_accept	divergence:unexplained_rejects_valid	ivtest: vlg CE but golden br_gh1178a.gold shows only post-parse errors - syntax itself valid
iverilog	ivtest/ivltests/br_gh1178b.v	fail	must_accept	divergence:unexplained_rejects_valid	ivtest: regress-vlg.list type normal - compiles under the iverilog plain-Verilog dialect, parse-level valid 1364-2005
iverilog	ivtest/ivltests/br_gh1178c.v	fail	must_accept	divergence:unexplained_rejects_valid	ivtest: regress-vlg.list type normal - compiles under the iverilog plain-Verilog dialect, parse-level valid 1364-2005
iverilog	ivtest/ivltests/br_gh1182.v	fail	must_accept	divergence:unexplained_rejects_valid	ivtest: vlg CE but golden br_gh1182.gold shows only post-parse errors - syntax itself valid
iverilog	ivtest/ivltests/br_gh12.v	pass	must_accept	match	ivtest: regress-vlg.list type normal - compiles under the iverilog plain-Verilog dialect, parse-level valid 1364-2005
iverilog	ivtest/ivltests/br_gh1225a.v	pass	must_accept	match	ivtest: vlg CE but golden br_gh1225a.gold shows only post-parse errors - syntax itself valid
iverilog	ivtest/ivltests/br_gh1225b.v	pass	must_accept	match	ivtest: vlg CE but golden br_gh1225b.gold shows only post-parse errors - syntax itself valid
iverilog	ivtest/ivltests/br_gh1225c.v	pass	must_accept	match	ivtest: vlg CE but golden br_gh1225c.gold shows only post-parse errors - syntax itself valid
iverilog	ivtest/ivltests/br_gh1237.v	pass	must_accept	match	ivtest: regress-vlg.list type normal - compiles under the iverilog plain-Verilog dialect, parse-level valid 1364-2005
iverilog	ivtest/ivltests/br_gh127a.v	pass	must_accept	match	ivtest: regress-vlg.list type normal - compiles under the iverilog plain-Verilog dialect, parse-level valid 1364-2005
iverilog	ivtest/ivltests/br_gh127b.v	pass	must_accept	match	ivtest: regress-vlg.list type normal - compiles under the iverilog plain-Verilog dialect, parse-level valid 1364-2005
iverilog	ivtest/ivltests/br_gh127c.v	pass	must_accept	match	ivtest: regress-vlg.list type normal - compiles under the iverilog plain-Verilog dialect, parse-level valid 1364-2005
iverilog	ivtest/ivltests/br_gh127d.v	pass	must_accept	match	ivtest: regress-vlg.list type normal - compiles under the iverilog plain-Verilog dialect, parse-level valid 1364-2005
iverilog	ivtest/ivltests/br_gh127e.v	pass	must_accept	match	ivtest: regress-vlg.list type normal - compiles under the iverilog plain-Verilog dialect, parse-level valid 1364-2005
iverilog	ivtest/ivltests/br_gh127f.v	pass	must_accept	match	ivtest: regress-vlg.list type normal - compiles under the iverilog plain-Verilog dialect, parse-level valid 1364-2005
iverilog	ivtest/ivltests/br_gh13.v	pass	must_accept	match	ivtest: regress-vlg.list type normal - compiles under the iverilog plain-Verilog dialect, parse-level valid 1364-2005
iverilog	ivtest/ivltests/br_gh14.v	pass	must_accept	match	ivtest: regress-vlg.list type normal - compiles under the iverilog plain-Verilog dialect, parse-level valid 1364-2005
iverilog	ivtest/ivltests/br_gh142.v	pass	must_accept	match	ivtest vlg CE pinned .8c.2: denotation-dependent constancy (the .8b.3 fn-15 mirror) - constant_expression/genvar contexts reach A.8.4 constant_primary's parameter_identifier ::= identifier, which is denotation-blind: whether the name denotes a variable, an undeclared symbol, a self/circular parameter or a genvar is semantic/elaboration stage (A.4.2 genvar_initialization/iteration and A.9.1 attr_spec likewise)
iverilog	ivtest/ivltests/br_gh15.v	pass	must_accept	match	ivtest: regress-vlg.list type normal - compiles under the iverilog plain-Verilog dialect, parse-level valid 1364-2005
iverilog	ivtest/ivltests/br_gh152.v	fail	must_reject	match	ivtest vlg CE pinned .8c.2: gate-instance terminal arity/emptiness - A.3.1 n_output_gate_instance requires '( output_terminal { , output_terminal } , input_terminal )' (>= 2 terminals for buf/not) and A.3.3 terminals are net_lvalues/expressions which are never empty; br_gh152 additionally has an unclosed instance parenthesis with a keyword in terminal position
iverilog	ivtest/ivltests/br_gh156.v	pass	must_accept	match	ivtest: regress-vlg.list type normal - compiles under the iverilog plain-Verilog dialect, parse-level valid 1364-2005
iverilog	ivtest/ivltests/br_gh157.v	pass	must_accept	match	ivtest: vlg CE but golden br_gh157.gold shows only post-parse errors - syntax itself valid
iverilog	ivtest/ivltests/br_gh162.v	pass	must_accept	match	ivtest: regress-vlg.list type normal - compiles under the iverilog plain-Verilog dialect, parse-level valid 1364-2005
iverilog	ivtest/ivltests/br_gh163.v	fail	must_reject	match	ivtest vlg CE pinned .8c.2: malformed tf port declarations - A.2.7/A.2.6 tf_input_declaration ends in list_of_port_identifiers (bare identifiers): 'input make_me_crash i;' juxtaposes two identifiers with no comma and 'input bit_array[3:0]' carries a per-identifier dimension no 1364 production admits; br1015a additionally uses '^=' which exists in neither A.6.2 blocking_assignment nor A.8.6 (1800 compound assignment - edition contrast)
iverilog	ivtest/ivltests/br_gh18.v	pass	must_accept	match	ivtest: regress-vlg.list type normal - compiles under the iverilog plain-Verilog dialect, parse-level valid 1364-2005
iverilog	ivtest/ivltests/br_gh19.v	pass	must_accept	match	ivtest: regress-vlg.list type normal - compiles under the iverilog plain-Verilog dialect, parse-level valid 1364-2005
iverilog	ivtest/ivltests/br_gh198.v	pass	must_accept	match	ivtest: regress-vlg.list type normal - compiles under the iverilog plain-Verilog dialect, parse-level valid 1364-2005
iverilog	ivtest/ivltests/br_gh199a.v	pass	must_accept	match	ivtest: regress-vlg.list type normal - compiles under the iverilog plain-Verilog dialect, parse-level valid 1364-2005
iverilog	ivtest/ivltests/br_gh199b.v	pass	must_accept	match	ivtest: regress-vlg.list type normal - compiles under the iverilog plain-Verilog dialect, parse-level valid 1364-2005
iverilog	ivtest/ivltests/br_gh19a.v	pass	must_accept	match	ivtest: regress-vlg.list type normal - compiles under the iverilog plain-Verilog dialect, parse-level valid 1364-2005
iverilog	ivtest/ivltests/br_gh19b.v	pass	must_accept	match	ivtest: regress-vlg.list type normal - compiles under the iverilog plain-Verilog dialect, parse-level valid 1364-2005
iverilog	ivtest/ivltests/br_gh209.v	pass	must_accept	match	ivtest: regress-vlg.list type normal - compiles under the iverilog plain-Verilog dialect, parse-level valid 1364-2005
iverilog	ivtest/ivltests/br_gh22.v	pass	must_accept	match	ivtest: regress-vlg.list type normal - compiles under the iverilog plain-Verilog dialect, parse-level valid 1364-2005
iverilog	ivtest/ivltests/br_gh244a.v	pass	must_accept	match	ivtest: regress-vlg.list type normal - compiles under the iverilog plain-Verilog dialect, parse-level valid 1364-2005
iverilog	ivtest/ivltests/br_gh244b.v	pass	must_accept	match	ivtest: regress-vlg.list type normal - compiles under the iverilog plain-Verilog dialect, parse-level valid 1364-2005
iverilog	ivtest/ivltests/br_gh25a.v	fail	must_reject	match	ivtest vlg CE pinned .8c.2: source-level task/function declarations - A.1.2 description ::= module_declaration | udp_declaration | config_declaration (the 1800 $unit compilation-unit scope is the edition contrast; the files state the 1364-2005 CE intent verbatim)
iverilog	ivtest/ivltests/br_gh25b.v	fail	must_reject	match	ivtest vlg CE pinned .8c.2: source-level task/function declarations - A.1.2 description ::= module_declaration | udp_declaration | config_declaration (the 1800 $unit compilation-unit scope is the edition contrast; the files state the 1364-2005 CE intent verbatim)
iverilog	ivtest/ivltests/br_gh26.v	pass	must_accept	match	ivtest vlg CE pinned .8c.2: identifier-resolution/arity semantics - undeclared names, missing functions/modules, wrong task/function argument counts and upward-scope misses are elaboration stage; every call carries >= 1 expression so A.8.2/A.6.9 are satisfied
iverilog	ivtest/ivltests/br_gh277a.v	pass	must_accept	match	ivtest: regress-vlg.list type normal - compiles under the iverilog plain-Verilog dialect, parse-level valid 1364-2005
iverilog	ivtest/ivltests/br_gh28.v	pass	must_accept	match	ivtest: regress-vlg.list type normal - compiles under the iverilog plain-Verilog dialect, parse-level valid 1364-2005
iverilog	ivtest/ivltests/br_gh283a.v	pass	must_accept	match	ivtest: regress-vlg.list type normal - compiles under the iverilog plain-Verilog dialect, parse-level valid 1364-2005
iverilog	ivtest/ivltests/br_gh283b.v	pass	must_accept	match	ivtest: regress-vlg.list type normal - compiles under the iverilog plain-Verilog dialect, parse-level valid 1364-2005
iverilog	ivtest/ivltests/br_gh283c.v	pass	must_accept	match	ivtest: regress-vlg.list type normal - compiles under the iverilog plain-Verilog dialect, parse-level valid 1364-2005
iverilog	ivtest/ivltests/br_gh30.v	pass	must_accept	match	ivtest: regress-vlg.list type normal - compiles under the iverilog plain-Verilog dialect, parse-level valid 1364-2005
iverilog	ivtest/ivltests/br_gh309.v	fail	must_accept	divergence:explained_svpp_macro_use	ivtest: regress-vlg.list type normal - compiles under the iverilog plain-Verilog dialect, parse-level valid 1364-2005
iverilog	ivtest/ivltests/br_gh315.v	pass	must_accept	match	ivtest: regress-vlg.list type normal - compiles under the iverilog plain-Verilog dialect, parse-level valid 1364-2005
iverilog	ivtest/ivltests/br_gh316a.v	pass	must_accept	match	ivtest: regress-vlg.list type normal - compiles under the iverilog plain-Verilog dialect, parse-level valid 1364-2005
iverilog	ivtest/ivltests/br_gh316b.v	pass	must_accept	match	ivtest: regress-vlg.list type normal - compiles under the iverilog plain-Verilog dialect, parse-level valid 1364-2005
iverilog	ivtest/ivltests/br_gh316c.v	pass	must_accept	match	ivtest: regress-vlg.list type normal - compiles under the iverilog plain-Verilog dialect, parse-level valid 1364-2005
iverilog	ivtest/ivltests/br_gh33.v	pass	must_accept	match	ivtest: regress-vlg.list type normal - compiles under the iverilog plain-Verilog dialect, parse-level valid 1364-2005
iverilog	ivtest/ivltests/br_gh330.v	pass	must_accept	match	ivtest: regress-vlg.list type normal - compiles under the iverilog plain-Verilog dialect, parse-level valid 1364-2005
iverilog	ivtest/ivltests/br_gh345.v	pass	must_accept	match	ivtest: regress-vlg.list type normal - compiles under the iverilog plain-Verilog dialect, parse-level valid 1364-2005
iverilog	ivtest/ivltests/br_gh356a.v	fail	must_accept	divergence:unexplained_rejects_valid	ivtest: regress-vlg.list type normal - compiles under the iverilog plain-Verilog dialect, parse-level valid 1364-2005
iverilog	ivtest/ivltests/br_gh356b.v	pass	must_accept	match	ivtest: regress-vlg.list type normal - compiles under the iverilog plain-Verilog dialect, parse-level valid 1364-2005
iverilog	ivtest/ivltests/br_gh37.v	pass	must_accept	match	ivtest: regress-vlg.list type normal - compiles under the iverilog plain-Verilog dialect, parse-level valid 1364-2005
iverilog	ivtest/ivltests/br_gh435.v	fail	must_accept	divergence:explained_svpp_macro_use	ivtest: regress-vlg.list type normal - compiles under the iverilog plain-Verilog dialect, parse-level valid 1364-2005
iverilog	ivtest/ivltests/br_gh484.v	fail	must_accept	divergence:explained_svpp_include	ivtest: regress-vlg.list type normal - compiles under the iverilog plain-Verilog dialect, parse-level valid 1364-2005
iverilog	ivtest/ivltests/br_gh497a.v	pass	must_accept	match	ivtest: regress-vlg.list type normal - compiles under the iverilog plain-Verilog dialect, parse-level valid 1364-2005
iverilog	ivtest/ivltests/br_gh497c.v	pass	must_accept	match	ivtest: regress-vlg.list type normal - compiles under the iverilog plain-Verilog dialect, parse-level valid 1364-2005
iverilog	ivtest/ivltests/br_gh497e.v	pass	must_accept	match	ivtest: regress-vlg.list type normal - compiles under the iverilog plain-Verilog dialect, parse-level valid 1364-2005
iverilog	ivtest/ivltests/br_gh508b.v	pass	must_accept	match	ivtest: regress-vlg.list type normal - compiles under the iverilog plain-Verilog dialect, parse-level valid 1364-2005
iverilog	ivtest/ivltests/br_gh515.v	pass	must_accept	match	ivtest: regress-vlg.list type normal - compiles under the iverilog plain-Verilog dialect, parse-level valid 1364-2005
iverilog	ivtest/ivltests/br_gh531.v	pass	must_accept	match	ivtest: regress-vlg.list type normal - compiles under the iverilog plain-Verilog dialect, parse-level valid 1364-2005
iverilog	ivtest/ivltests/br_gh533.v	pass	must_accept	match	ivtest vlg CE pinned .8c.2: generate parse-valid forms - A.4.2 loop_generate_construct nests as its own generate_block and A.1.4 admits initial_construct in generate scope (genvar reuse in nested loops is 12.4 semantics); A.9.3 hierarchical_identifier admits '[ constant_expression ]' on path segments (generate-scope indexed references)
iverilog	ivtest/ivltests/br_gh567.v	pass	must_accept	match	ivtest: regress-vlg.list type normal - compiles under the iverilog plain-Verilog dialect, parse-level valid 1364-2005
iverilog	ivtest/ivltests/br_gh6.v	pass	must_accept	match	ivtest: regress-vlg.list type normal - compiles under the iverilog plain-Verilog dialect, parse-level valid 1364-2005
iverilog	ivtest/ivltests/br_gh60a.v	pass	must_reject	divergence:unexplained_accepts_invalid	ivtest vlg CE pinned .8c.2: zero-sized literal - A.8.7 size ::= non_zero_unsigned_number, so '0'b0' cannot lex as one sized literal and the token split '0' + ''b0' juxtaposes two primaries with no operator (no production)
iverilog	ivtest/ivltests/br_gh62.v	pass	must_accept	match	ivtest: vlg CE but golden br_gh62.gold shows only post-parse errors - syntax itself valid
iverilog	ivtest/ivltests/br_gh621.v	pass	must_accept	match	ivtest: regress-vlg.list type normal - compiles under the iverilog plain-Verilog dialect, parse-level valid 1364-2005
iverilog	ivtest/ivltests/br_gh632.v	pass	must_accept	match	ivtest: regress-vlg.list type normal - compiles under the iverilog plain-Verilog dialect, parse-level valid 1364-2005
iverilog	ivtest/ivltests/br_gh632b.v	pass	must_accept	match	ivtest: regress-vlg.list type normal - compiles under the iverilog plain-Verilog dialect, parse-level valid 1364-2005
iverilog	ivtest/ivltests/br_gh632c.v	pass	must_accept	match	ivtest: regress-vlg.list type normal - compiles under the iverilog plain-Verilog dialect, parse-level valid 1364-2005
iverilog	ivtest/ivltests/br_gh674.v	pass	must_accept	match	ivtest: regress-vlg.list type normal - compiles under the iverilog plain-Verilog dialect, parse-level valid 1364-2005
iverilog	ivtest/ivltests/br_gh7.v	pass	must_accept	match	ivtest: regress-vlg.list type normal - compiles under the iverilog plain-Verilog dialect, parse-level valid 1364-2005
iverilog	ivtest/ivltests/br_gh732.v	pass	must_accept	match	ivtest: regress-vlg.list type normal - compiles under the iverilog plain-Verilog dialect, parse-level valid 1364-2005
iverilog	ivtest/ivltests/br_gh782c.v	fail	must_accept	divergence:unexplained_rejects_valid	ivtest: regress-vlg.list type normal - compiles under the iverilog plain-Verilog dialect, parse-level valid 1364-2005
iverilog	ivtest/ivltests/br_gh782d.v	fail	must_accept	divergence:unexplained_rejects_valid	ivtest: regress-vlg.list type normal - compiles under the iverilog plain-Verilog dialect, parse-level valid 1364-2005
iverilog	ivtest/ivltests/br_gh782e.v	fail	must_accept	divergence:unexplained_rejects_valid	ivtest: regress-vlg.list type normal - compiles under the iverilog plain-Verilog dialect, parse-level valid 1364-2005
iverilog	ivtest/ivltests/br_gh782f.v	fail	must_accept	divergence:unexplained_rejects_valid	ivtest: regress-vlg.list type normal - compiles under the iverilog plain-Verilog dialect, parse-level valid 1364-2005
iverilog	ivtest/ivltests/br_gh788.v	pass	must_accept	match	ivtest: regress-vlg.list type normal - compiles under the iverilog plain-Verilog dialect, parse-level valid 1364-2005
iverilog	ivtest/ivltests/br_gh79.v	pass	must_reject	divergence:unexplained_accepts_invalid	ivtest: vlg CE with golden br_gh79.gold reporting a syntax error - parse-level invalid 1364-2005
iverilog	ivtest/ivltests/br_gh793.v	pass	must_accept	match	ivtest: regress-vlg.list type normal - compiles under the iverilog plain-Verilog dialect, parse-level valid 1364-2005
iverilog	ivtest/ivltests/br_gh8.v	pass	must_accept	match	ivtest: regress-vlg.list type normal - compiles under the iverilog plain-Verilog dialect, parse-level valid 1364-2005
iverilog	ivtest/ivltests/br_gh827.v	pass	must_accept	match	ivtest: regress-vlg.list type normal - compiles under the iverilog plain-Verilog dialect, parse-level valid 1364-2005
iverilog	ivtest/ivltests/br_gh889.v	pass	must_accept	match	ivtest: regress-vlg.list type normal - compiles under the iverilog plain-Verilog dialect, parse-level valid 1364-2005
iverilog	ivtest/ivltests/br_gh9.v	pass	must_accept	match	ivtest: regress-vlg.list type normal - compiles under the iverilog plain-Verilog dialect, parse-level valid 1364-2005
iverilog	ivtest/ivltests/br_gh956a.v	pass	must_accept	match	ivtest: vlg CE but golden br_gh956a.gold shows only post-parse errors - syntax itself valid
iverilog	ivtest/ivltests/br_gh956b.v	pass	must_accept	match	ivtest: vlg CE but golden br_gh956b.gold shows only post-parse errors - syntax itself valid
iverilog	ivtest/ivltests/br_gh99a.v	pass	must_accept	match	ivtest: regress-vlg.list type normal - compiles under the iverilog plain-Verilog dialect, parse-level valid 1364-2005
iverilog	ivtest/ivltests/br_gh99b.v	pass	must_accept	match	ivtest: regress-vlg.list type normal - compiles under the iverilog plain-Verilog dialect, parse-level valid 1364-2005
iverilog	ivtest/ivltests/br_gh99d.v	pass	must_accept	match	ivtest: regress-vlg.list type normal - compiles under the iverilog plain-Verilog dialect, parse-level valid 1364-2005
iverilog	ivtest/ivltests/br_gh99f.v	pass	must_accept	match	ivtest: regress-vlg.list type normal - compiles under the iverilog plain-Verilog dialect, parse-level valid 1364-2005
iverilog	ivtest/ivltests/br_gh99g.v	pass	must_accept	match	ivtest: regress-vlg.list type normal - compiles under the iverilog plain-Verilog dialect, parse-level valid 1364-2005
iverilog	ivtest/ivltests/br_gh99h.v	pass	must_accept	match	ivtest: regress-vlg.list type normal - compiles under the iverilog plain-Verilog dialect, parse-level valid 1364-2005
iverilog	ivtest/ivltests/br_gh99i.v	pass	must_accept	match	ivtest: regress-vlg.list type normal - compiles under the iverilog plain-Verilog dialect, parse-level valid 1364-2005
iverilog	ivtest/ivltests/br_gh99j.v	pass	must_accept	match	ivtest: regress-vlg.list type normal - compiles under the iverilog plain-Verilog dialect, parse-level valid 1364-2005
iverilog	ivtest/ivltests/br_gh99k.v	pass	must_accept	match	ivtest: regress-vlg.list type normal - compiles under the iverilog plain-Verilog dialect, parse-level valid 1364-2005
iverilog	ivtest/ivltests/br_gh99l.v	pass	must_accept	match	ivtest: regress-vlg.list type normal - compiles under the iverilog plain-Verilog dialect, parse-level valid 1364-2005
iverilog	ivtest/ivltests/br_gh99m.v	pass	must_accept	match	ivtest: regress-vlg.list type normal - compiles under the iverilog plain-Verilog dialect, parse-level valid 1364-2005
iverilog	ivtest/ivltests/br_gh99o.v	pass	must_accept	match	ivtest: regress-vlg.list type normal - compiles under the iverilog plain-Verilog dialect, parse-level valid 1364-2005
iverilog	ivtest/ivltests/br_gh99p.v	pass	must_accept	match	ivtest: regress-vlg.list type normal - compiles under the iverilog plain-Verilog dialect, parse-level valid 1364-2005
iverilog	ivtest/ivltests/br_gh99q.v	pass	must_accept	match	ivtest: regress-vlg.list type normal - compiles under the iverilog plain-Verilog dialect, parse-level valid 1364-2005
iverilog	ivtest/ivltests/br_gh99r.v	pass	must_accept	match	ivtest: regress-vlg.list type normal - compiles under the iverilog plain-Verilog dialect, parse-level valid 1364-2005
iverilog	ivtest/ivltests/br_gh99s.v	fail	must_accept	divergence:unexplained_rejects_valid	ivtest: regress-vlg.list type normal - compiles under the iverilog plain-Verilog dialect, parse-level valid 1364-2005
iverilog	ivtest/ivltests/br_gh99t.v	fail	must_accept	divergence:unexplained_rejects_valid	ivtest: regress-vlg.list type normal - compiles under the iverilog plain-Verilog dialect, parse-level valid 1364-2005
iverilog	ivtest/ivltests/br_gh99u.v	fail	must_accept	divergence:unexplained_rejects_valid	ivtest: regress-vlg.list type normal - compiles under the iverilog plain-Verilog dialect, parse-level valid 1364-2005
iverilog	ivtest/ivltests/br_ml20150315.v	pass	must_accept	match	ivtest: regress-vlg.list type normal - compiles under the iverilog plain-Verilog dialect, parse-level valid 1364-2005
iverilog	ivtest/ivltests/br_ml20150321.v	pass	must_accept	match	ivtest vlg CE pinned .8c.2: identifier-resolution/arity semantics - undeclared names, missing functions/modules, wrong task/function argument counts and upward-scope misses are elaboration stage; every call carries >= 1 expression so A.8.2/A.6.9 are satisfied
iverilog	ivtest/ivltests/br_ml20190806a.v	pass	must_accept	match	ivtest: regress-vlg.list type normal - compiles under the iverilog plain-Verilog dialect, parse-level valid 1364-2005
iverilog	ivtest/ivltests/br_ml20190806b.v	pass	must_accept	match	ivtest: regress-vlg.list type normal - compiles under the iverilog plain-Verilog dialect, parse-level valid 1364-2005
iverilog	ivtest/ivltests/br_ml20190814.v	pass	must_accept	match	ivtest: regress-vlg.list type normal - compiles under the iverilog plain-Verilog dialect, parse-level valid 1364-2005
iverilog	ivtest/ivltests/br_mw20171108.v	pass	must_accept	match	ivtest: regress-vlg.list type normal - compiles under the iverilog plain-Verilog dialect, parse-level valid 1364-2005
iverilog	ivtest/ivltests/bufif.v	pass	must_accept	match	ivtest: regress-vlg.list type normal - compiles under the iverilog plain-Verilog dialect, parse-level valid 1364-2005
iverilog	ivtest/ivltests/busbug.v	pass	must_accept	match	ivtest: regress-vlg.list type normal - compiles under the iverilog plain-Verilog dialect, parse-level valid 1364-2005
iverilog	ivtest/ivltests/ca_force.v	pass	must_accept	match	ivtest: regress-vlg.list type normal - compiles under the iverilog plain-Verilog dialect, parse-level valid 1364-2005
iverilog	ivtest/ivltests/ca_func.v	pass	must_accept	match	ivtest: regress-vlg.list type normal - compiles under the iverilog plain-Verilog dialect, parse-level valid 1364-2005
iverilog	ivtest/ivltests/ca_mult.v	pass	must_accept	match	ivtest: regress-vlg.list type normal - compiles under the iverilog plain-Verilog dialect, parse-level valid 1364-2005
iverilog	ivtest/ivltests/ca_pow_synth.v	pass	must_accept	match	ivtest: regress-vlg.list type normal - compiles under the iverilog plain-Verilog dialect, parse-level valid 1364-2005
iverilog	ivtest/ivltests/ca_pow_unsigned.v	pass	must_accept	match	ivtest: regress-vlg.list type normal - compiles under the iverilog plain-Verilog dialect, parse-level valid 1364-2005
iverilog	ivtest/ivltests/ca_real_logical.v	pass	must_accept	match	ivtest: regress-vlg.list type normal - compiles under the iverilog plain-Verilog dialect, parse-level valid 1364-2005
iverilog	ivtest/ivltests/ca_time.v	pass	must_accept	match	ivtest: regress-vlg.list type normal - compiles under the iverilog plain-Verilog dialect, parse-level valid 1364-2005
iverilog	ivtest/ivltests/case3.8A.v	pass	must_accept	match	ivtest: regress-vlg.list type normal - compiles under the iverilog plain-Verilog dialect, parse-level valid 1364-2005
iverilog	ivtest/ivltests/case3.8B.v	pass	must_accept	match	ivtest: regress-vlg.list type normal - compiles under the iverilog plain-Verilog dialect, parse-level valid 1364-2005
iverilog	ivtest/ivltests/case3.8C.v	pass	must_accept	match	ivtest: regress-vlg.list type normal - compiles under the iverilog plain-Verilog dialect, parse-level valid 1364-2005
iverilog	ivtest/ivltests/case3.8D.v	pass	must_accept	match	ivtest: regress-vlg.list type normal - compiles under the iverilog plain-Verilog dialect, parse-level valid 1364-2005
iverilog	ivtest/ivltests/casex3.9A.v	pass	must_accept	match	ivtest: regress-vlg.list type normal - compiles under the iverilog plain-Verilog dialect, parse-level valid 1364-2005
iverilog	ivtest/ivltests/casex3.9B.v	pass	must_accept	match	ivtest: regress-vlg.list type normal - compiles under the iverilog plain-Verilog dialect, parse-level valid 1364-2005
iverilog	ivtest/ivltests/casex3.9C.v	pass	must_accept	match	ivtest: regress-vlg.list type normal - compiles under the iverilog plain-Verilog dialect, parse-level valid 1364-2005
iverilog	ivtest/ivltests/casex3.9D.v	pass	must_accept	match	ivtest: regress-vlg.list type normal - compiles under the iverilog plain-Verilog dialect, parse-level valid 1364-2005
iverilog	ivtest/ivltests/casex3.9E.v	pass	must_accept	match	ivtest: regress-vlg.list type normal - compiles under the iverilog plain-Verilog dialect, parse-level valid 1364-2005
iverilog	ivtest/ivltests/casez3.10A.v	pass	must_accept	match	ivtest: regress-vlg.list type normal - compiles under the iverilog plain-Verilog dialect, parse-level valid 1364-2005
iverilog	ivtest/ivltests/casez3.10B.v	pass	must_accept	match	ivtest: regress-vlg.list type normal - compiles under the iverilog plain-Verilog dialect, parse-level valid 1364-2005
iverilog	ivtest/ivltests/casez3.10C.v	pass	must_accept	match	ivtest: regress-vlg.list type normal - compiles under the iverilog plain-Verilog dialect, parse-level valid 1364-2005
iverilog	ivtest/ivltests/casez3.10D.v	pass	must_accept	match	ivtest: regress-vlg.list type normal - compiles under the iverilog plain-Verilog dialect, parse-level valid 1364-2005
iverilog	ivtest/ivltests/casez3.10E.v	pass	must_accept	match	ivtest: regress-vlg.list type normal - compiles under the iverilog plain-Verilog dialect, parse-level valid 1364-2005
iverilog	ivtest/ivltests/cast_int.v	pass	must_accept	match	ivtest: regress-vlg.list type normal - compiles under the iverilog plain-Verilog dialect, parse-level valid 1364-2005
iverilog	ivtest/ivltests/check_constant_1.v	pass	must_accept	match	ivtest vlg CE pinned .8c.2: denotation-dependent constancy (the .8b.3 fn-15 mirror) - constant_expression/genvar contexts reach A.8.4 constant_primary's parameter_identifier ::= identifier, which is denotation-blind: whether the name denotes a variable, an undeclared symbol, a self/circular parameter or a genvar is semantic/elaboration stage (A.4.2 genvar_initialization/iteration and A.9.1 attr_spec likewise)
iverilog	ivtest/ivltests/check_constant_10.v	pass	must_accept	match	ivtest vlg CE pinned .8c.2: denotation-dependent constancy (the .8b.3 fn-15 mirror) - constant_expression/genvar contexts reach A.8.4 constant_primary's parameter_identifier ::= identifier, which is denotation-blind: whether the name denotes a variable, an undeclared symbol, a self/circular parameter or a genvar is semantic/elaboration stage (A.4.2 genvar_initialization/iteration and A.9.1 attr_spec likewise)
iverilog	ivtest/ivltests/check_constant_11.v	pass	must_accept	match	ivtest vlg CE pinned .8c.2: denotation-dependent constancy (the .8b.3 fn-15 mirror) - constant_expression/genvar contexts reach A.8.4 constant_primary's parameter_identifier ::= identifier, which is denotation-blind: whether the name denotes a variable, an undeclared symbol, a self/circular parameter or a genvar is semantic/elaboration stage (A.4.2 genvar_initialization/iteration and A.9.1 attr_spec likewise)
iverilog	ivtest/ivltests/check_constant_12.v	pass	must_accept	match	ivtest vlg CE pinned .8c.2: denotation-dependent constancy (the .8b.3 fn-15 mirror) - constant_expression/genvar contexts reach A.8.4 constant_primary's parameter_identifier ::= identifier, which is denotation-blind: whether the name denotes a variable, an undeclared symbol, a self/circular parameter or a genvar is semantic/elaboration stage (A.4.2 genvar_initialization/iteration and A.9.1 attr_spec likewise)
iverilog	ivtest/ivltests/check_constant_13.v	pass	must_accept	match	ivtest vlg CE pinned .8c.2: denotation-dependent constancy (the .8b.3 fn-15 mirror) - constant_expression/genvar contexts reach A.8.4 constant_primary's parameter_identifier ::= identifier, which is denotation-blind: whether the name denotes a variable, an undeclared symbol, a self/circular parameter or a genvar is semantic/elaboration stage (A.4.2 genvar_initialization/iteration and A.9.1 attr_spec likewise)
iverilog	ivtest/ivltests/check_constant_14.v	pass	must_accept	match	ivtest vlg CE pinned .8c.2: denotation-dependent constancy (the .8b.3 fn-15 mirror) - constant_expression/genvar contexts reach A.8.4 constant_primary's parameter_identifier ::= identifier, which is denotation-blind: whether the name denotes a variable, an undeclared symbol, a self/circular parameter or a genvar is semantic/elaboration stage (A.4.2 genvar_initialization/iteration and A.9.1 attr_spec likewise)
iverilog	ivtest/ivltests/check_constant_15.v	pass	must_accept	match	ivtest vlg CE pinned .8c.2: denotation-dependent constancy (the .8b.3 fn-15 mirror) - constant_expression/genvar contexts reach A.8.4 constant_primary's parameter_identifier ::= identifier, which is denotation-blind: whether the name denotes a variable, an undeclared symbol, a self/circular parameter or a genvar is semantic/elaboration stage (A.4.2 genvar_initialization/iteration and A.9.1 attr_spec likewise)
iverilog	ivtest/ivltests/check_constant_16.v	pass	must_accept	match	ivtest vlg CE pinned .8c.2: denotation-dependent constancy (the .8b.3 fn-15 mirror) - constant_expression/genvar contexts reach A.8.4 constant_primary's parameter_identifier ::= identifier, which is denotation-blind: whether the name denotes a variable, an undeclared symbol, a self/circular parameter or a genvar is semantic/elaboration stage (A.4.2 genvar_initialization/iteration and A.9.1 attr_spec likewise)
iverilog	ivtest/ivltests/check_constant_17.v	pass	must_accept	match	ivtest vlg CE pinned .8c.2: denotation-dependent constancy (the .8b.3 fn-15 mirror) - constant_expression/genvar contexts reach A.8.4 constant_primary's parameter_identifier ::= identifier, which is denotation-blind: whether the name denotes a variable, an undeclared symbol, a self/circular parameter or a genvar is semantic/elaboration stage (A.4.2 genvar_initialization/iteration and A.9.1 attr_spec likewise)
iverilog	ivtest/ivltests/check_constant_18.v	pass	must_accept	match	ivtest vlg CE pinned .8c.2: denotation-dependent constancy (the .8b.3 fn-15 mirror) - constant_expression/genvar contexts reach A.8.4 constant_primary's parameter_identifier ::= identifier, which is denotation-blind: whether the name denotes a variable, an undeclared symbol, a self/circular parameter or a genvar is semantic/elaboration stage (A.4.2 genvar_initialization/iteration and A.9.1 attr_spec likewise)
iverilog	ivtest/ivltests/check_constant_19.v	pass	must_accept	match	ivtest vlg CE pinned .8c.2: denotation-dependent constancy (the .8b.3 fn-15 mirror) - constant_expression/genvar contexts reach A.8.4 constant_primary's parameter_identifier ::= identifier, which is denotation-blind: whether the name denotes a variable, an undeclared symbol, a self/circular parameter or a genvar is semantic/elaboration stage (A.4.2 genvar_initialization/iteration and A.9.1 attr_spec likewise)
iverilog	ivtest/ivltests/check_constant_2.v	pass	must_accept	match	ivtest vlg CE pinned .8c.2: denotation-dependent constancy (the .8b.3 fn-15 mirror) - constant_expression/genvar contexts reach A.8.4 constant_primary's parameter_identifier ::= identifier, which is denotation-blind: whether the name denotes a variable, an undeclared symbol, a self/circular parameter or a genvar is semantic/elaboration stage (A.4.2 genvar_initialization/iteration and A.9.1 attr_spec likewise)
iverilog	ivtest/ivltests/check_constant_20.v	pass	must_accept	match	ivtest vlg CE pinned .8c.2: denotation-dependent constancy (the .8b.3 fn-15 mirror) - constant_expression/genvar contexts reach A.8.4 constant_primary's parameter_identifier ::= identifier, which is denotation-blind: whether the name denotes a variable, an undeclared symbol, a self/circular parameter or a genvar is semantic/elaboration stage (A.4.2 genvar_initialization/iteration and A.9.1 attr_spec likewise)
iverilog	ivtest/ivltests/check_constant_3.v	pass	must_accept	match	ivtest vlg CE pinned .8c.2: denotation-dependent constancy (the .8b.3 fn-15 mirror) - constant_expression/genvar contexts reach A.8.4 constant_primary's parameter_identifier ::= identifier, which is denotation-blind: whether the name denotes a variable, an undeclared symbol, a self/circular parameter or a genvar is semantic/elaboration stage (A.4.2 genvar_initialization/iteration and A.9.1 attr_spec likewise)
iverilog	ivtest/ivltests/check_constant_4.v	pass	must_accept	match	ivtest vlg CE pinned .8c.2: denotation-dependent constancy (the .8b.3 fn-15 mirror) - constant_expression/genvar contexts reach A.8.4 constant_primary's parameter_identifier ::= identifier, which is denotation-blind: whether the name denotes a variable, an undeclared symbol, a self/circular parameter or a genvar is semantic/elaboration stage (A.4.2 genvar_initialization/iteration and A.9.1 attr_spec likewise)
iverilog	ivtest/ivltests/check_constant_5.v	pass	must_accept	match	ivtest vlg CE pinned .8c.2: denotation-dependent constancy (the .8b.3 fn-15 mirror) - constant_expression/genvar contexts reach A.8.4 constant_primary's parameter_identifier ::= identifier, which is denotation-blind: whether the name denotes a variable, an undeclared symbol, a self/circular parameter or a genvar is semantic/elaboration stage (A.4.2 genvar_initialization/iteration and A.9.1 attr_spec likewise)
iverilog	ivtest/ivltests/check_constant_6.v	pass	must_accept	match	ivtest vlg CE pinned .8c.2: denotation-dependent constancy (the .8b.3 fn-15 mirror) - constant_expression/genvar contexts reach A.8.4 constant_primary's parameter_identifier ::= identifier, which is denotation-blind: whether the name denotes a variable, an undeclared symbol, a self/circular parameter or a genvar is semantic/elaboration stage (A.4.2 genvar_initialization/iteration and A.9.1 attr_spec likewise)
iverilog	ivtest/ivltests/check_constant_7.v	pass	must_accept	match	ivtest vlg CE pinned .8c.2: denotation-dependent constancy (the .8b.3 fn-15 mirror) - constant_expression/genvar contexts reach A.8.4 constant_primary's parameter_identifier ::= identifier, which is denotation-blind: whether the name denotes a variable, an undeclared symbol, a self/circular parameter or a genvar is semantic/elaboration stage (A.4.2 genvar_initialization/iteration and A.9.1 attr_spec likewise)
iverilog	ivtest/ivltests/check_constant_8.v	pass	must_accept	match	ivtest vlg CE pinned .8c.2: denotation-dependent constancy (the .8b.3 fn-15 mirror) - constant_expression/genvar contexts reach A.8.4 constant_primary's parameter_identifier ::= identifier, which is denotation-blind: whether the name denotes a variable, an undeclared symbol, a self/circular parameter or a genvar is semantic/elaboration stage (A.4.2 genvar_initialization/iteration and A.9.1 attr_spec likewise)
iverilog	ivtest/ivltests/check_constant_9.v	pass	must_accept	match	ivtest vlg CE pinned .8c.2: denotation-dependent constancy (the .8b.3 fn-15 mirror) - constant_expression/genvar contexts reach A.8.4 constant_primary's parameter_identifier ::= identifier, which is denotation-blind: whether the name denotes a variable, an undeclared symbol, a self/circular parameter or a genvar is semantic/elaboration stage (A.4.2 genvar_initialization/iteration and A.9.1 attr_spec likewise)
iverilog	ivtest/ivltests/cmos.v	pass	must_accept	match	ivtest: regress-vlg.list type normal - compiles under the iverilog plain-Verilog dialect, parse-level valid 1364-2005
iverilog	ivtest/ivltests/cmpi.v	pass	must_accept	match	ivtest: regress-vlg.list type normal - compiles under the iverilog plain-Verilog dialect, parse-level valid 1364-2005
iverilog	ivtest/ivltests/comp1000.v	pass	must_accept	match	ivtest: regress-vlg.list type normal - compiles under the iverilog plain-Verilog dialect, parse-level valid 1364-2005
iverilog	ivtest/ivltests/comp1001.v	pass	must_accept	match	ivtest: regress-vlg.list type normal - compiles under the iverilog plain-Verilog dialect, parse-level valid 1364-2005
iverilog	ivtest/ivltests/comp1001_fail3.v	pass	must_accept	match	ivtest: regress-vlg.list type normal - compiles under the iverilog plain-Verilog dialect, parse-level valid 1364-2005
iverilog	ivtest/ivltests/comp1001_fail4.v	pass	must_accept	match	ivtest: regress-vlg.list type normal - compiles under the iverilog plain-Verilog dialect, parse-level valid 1364-2005
iverilog	ivtest/ivltests/comp1001_fail5.v	pass	must_accept	match	ivtest: regress-vlg.list type normal - compiles under the iverilog plain-Verilog dialect, parse-level valid 1364-2005
iverilog	ivtest/ivltests/complex_lidx.v	pass	must_accept	match	ivtest: regress-vlg.list type normal - compiles under the iverilog plain-Verilog dialect, parse-level valid 1364-2005
iverilog	ivtest/ivltests/con_tri.v	pass	must_accept	match	ivtest: regress-vlg.list type normal - compiles under the iverilog plain-Verilog dialect, parse-level valid 1364-2005
iverilog	ivtest/ivltests/concat3.v	pass	must_accept	match	ivtest: regress-vlg.list type normal - compiles under the iverilog plain-Verilog dialect, parse-level valid 1364-2005
iverilog	ivtest/ivltests/concat4.v	pass	must_accept	match	ivtest: regress-vlg.list type normal - compiles under the iverilog plain-Verilog dialect, parse-level valid 1364-2005
iverilog	ivtest/ivltests/concat_zero_wid_fail.v	pass	must_accept	match	ivtest vlg CE pinned .8c.2: replication/width value rules are prose - A.8.1 multiple_concatenation ::= { constant_expression concatenation } is width-value-blind; zero or x replication constants and zero-width indexed part-selects (A.8.3 range_expression '+:' form) are 5.1.14/value-rule semantics
iverilog	ivtest/ivltests/concat_zero_wid_fail2.v	pass	must_accept	match	ivtest: regress-vlg.list type normal - compiles under the iverilog plain-Verilog dialect, parse-level valid 1364-2005
iverilog	ivtest/ivltests/cond_band.v	pass	must_accept	match	ivtest: regress-vlg.list type normal - compiles under the iverilog plain-Verilog dialect, parse-level valid 1364-2005
iverilog	ivtest/ivltests/cond_wide.v	pass	must_accept	match	ivtest: regress-vlg.list type normal - compiles under the iverilog plain-Verilog dialect, parse-level valid 1364-2005
iverilog	ivtest/ivltests/cond_wide2.v	pass	must_accept	match	ivtest: regress-vlg.list type normal - compiles under the iverilog plain-Verilog dialect, parse-level valid 1364-2005
iverilog	ivtest/ivltests/const.v	pass	must_accept	match	ivtest: regress-vlg.list type normal - compiles under the iverilog plain-Verilog dialect, parse-level valid 1364-2005
iverilog	ivtest/ivltests/const2.v	pass	must_accept	match	ivtest: regress-vlg.list type normal - compiles under the iverilog plain-Verilog dialect, parse-level valid 1364-2005
iverilog	ivtest/ivltests/const3.v	pass	must_accept	match	ivtest: regress-vlg.list type normal - compiles under the iverilog plain-Verilog dialect, parse-level valid 1364-2005
iverilog	ivtest/ivltests/const4.v	fail	must_accept	divergence:unexplained_rejects_valid	ivtest: regress-vlg.list type normal - compiles under the iverilog plain-Verilog dialect, parse-level valid 1364-2005
iverilog	ivtest/ivltests/constadd.v	pass	must_accept	match	ivtest: regress-vlg.list type normal - compiles under the iverilog plain-Verilog dialect, parse-level valid 1364-2005
iverilog	ivtest/ivltests/constadd2.v	pass	must_accept	match	ivtest: regress-vlg.list type normal - compiles under the iverilog plain-Verilog dialect, parse-level valid 1364-2005
iverilog	ivtest/ivltests/constadd3.v	pass	must_accept	match	ivtest: regress-vlg.list type normal - compiles under the iverilog plain-Verilog dialect, parse-level valid 1364-2005
iverilog	ivtest/ivltests/constfunc1.v	pass	must_accept	match	ivtest: regress-vlg.list type normal - compiles under the iverilog plain-Verilog dialect, parse-level valid 1364-2005
iverilog	ivtest/ivltests/constfunc10.v	pass	must_accept	match	ivtest: regress-vlg.list type normal - compiles under the iverilog plain-Verilog dialect, parse-level valid 1364-2005
iverilog	ivtest/ivltests/constfunc11.v	pass	must_accept	match	ivtest: regress-vlg.list type normal - compiles under the iverilog plain-Verilog dialect, parse-level valid 1364-2005
iverilog	ivtest/ivltests/constfunc12.v	pass	must_accept	match	ivtest: regress-vlg.list type normal - compiles under the iverilog plain-Verilog dialect, parse-level valid 1364-2005
iverilog	ivtest/ivltests/constfunc13.v	pass	must_accept	match	ivtest: regress-vlg.list type normal - compiles under the iverilog plain-Verilog dialect, parse-level valid 1364-2005
iverilog	ivtest/ivltests/constfunc14.v	pass	must_accept	match	ivtest: regress-vlg.list type normal - compiles under the iverilog plain-Verilog dialect, parse-level valid 1364-2005
iverilog	ivtest/ivltests/constfunc15.v	fail	must_accept	divergence:explained_svpp_conditional	ivtest: regress-vlg.list type normal - compiles under the iverilog plain-Verilog dialect, parse-level valid 1364-2005
iverilog	ivtest/ivltests/constfunc2.v	pass	must_accept	match	ivtest: regress-vlg.list type normal - compiles under the iverilog plain-Verilog dialect, parse-level valid 1364-2005
iverilog	ivtest/ivltests/constfunc3.v	pass	must_accept	match	ivtest: regress-vlg.list type normal - compiles under the iverilog plain-Verilog dialect, parse-level valid 1364-2005
iverilog	ivtest/ivltests/constfunc4.v	pass	must_accept	match	ivtest: regress-vlg.list type normal - compiles under the iverilog plain-Verilog dialect, parse-level valid 1364-2005
iverilog	ivtest/ivltests/constfunc5.v	pass	must_accept	match	ivtest: regress-vlg.list type normal - compiles under the iverilog plain-Verilog dialect, parse-level valid 1364-2005
iverilog	ivtest/ivltests/constfunc6.v	pass	must_accept	match	ivtest: regress-vlg.list type normal - compiles under the iverilog plain-Verilog dialect, parse-level valid 1364-2005
iverilog	ivtest/ivltests/constfunc7.v	pass	must_accept	match	ivtest: regress-vlg.list type normal - compiles under the iverilog plain-Verilog dialect, parse-level valid 1364-2005
iverilog	ivtest/ivltests/constfunc9.v	pass	must_accept	match	ivtest: regress-vlg.list type normal - compiles under the iverilog plain-Verilog dialect, parse-level valid 1364-2005
iverilog	ivtest/ivltests/constmult.v	pass	must_accept	match	ivtest: regress-vlg.list type normal - compiles under the iverilog plain-Verilog dialect, parse-level valid 1364-2005
iverilog	ivtest/ivltests/consttern.v	pass	must_accept	match	ivtest: regress-vlg.list type normal - compiles under the iverilog plain-Verilog dialect, parse-level valid 1364-2005
iverilog	ivtest/ivltests/contrib8.1.v	pass	must_accept	match	ivtest: regress-vlg.list type normal - compiles under the iverilog plain-Verilog dialect, parse-level valid 1364-2005
iverilog	ivtest/ivltests/contrib8.2.v	pass	must_accept	match	ivtest: regress-vlg.list type normal - compiles under the iverilog plain-Verilog dialect, parse-level valid 1364-2005
iverilog	ivtest/ivltests/contrib8.3.v	pass	must_accept	match	ivtest vlg CE pinned .8c.2: null-statement/empty-connection forms - A.6.4 statement_or_null admits ';' as an if-body and A.4.1 named_port_connection is '. port_identifier ( [ expression ] )' with the expression omissible
iverilog	ivtest/ivltests/contrib8.4.v	pass	must_accept	match	ivtest: regress-vlg.list type normal - compiles under the iverilog plain-Verilog dialect, parse-level valid 1364-2005
iverilog	ivtest/ivltests/contrib8.5.v	pass	must_accept	match	ivtest: regress-vlg.list type normal - compiles under the iverilog plain-Verilog dialect, parse-level valid 1364-2005
iverilog	ivtest/ivltests/countdrivers1.v	pass	must_accept	match	ivtest: regress-vlg.list type normal - compiles under the iverilog plain-Verilog dialect, parse-level valid 1364-2005
iverilog	ivtest/ivltests/countdrivers2.v	pass	must_accept	match	ivtest: regress-vlg.list type normal - compiles under the iverilog plain-Verilog dialect, parse-level valid 1364-2005
iverilog	ivtest/ivltests/countdrivers3.v	pass	must_accept	match	ivtest: regress-vlg.list type normal - compiles under the iverilog plain-Verilog dialect, parse-level valid 1364-2005
iverilog	ivtest/ivltests/countdrivers4.v	pass	must_accept	match	ivtest: regress-vlg.list type normal - compiles under the iverilog plain-Verilog dialect, parse-level valid 1364-2005
iverilog	ivtest/ivltests/countdrivers5.v	pass	must_accept	match	ivtest: regress-vlg.list type normal - compiles under the iverilog plain-Verilog dialect, parse-level valid 1364-2005
iverilog	ivtest/ivltests/cprop.v	pass	must_accept	match	ivtest: regress-vlg.list type normal - compiles under the iverilog plain-Verilog dialect, parse-level valid 1364-2005
iverilog	ivtest/ivltests/credence20041209.v	pass	must_accept	match	ivtest: regress-vlg.list type normal - compiles under the iverilog plain-Verilog dialect, parse-level valid 1364-2005
iverilog	ivtest/ivltests/dangling_port.v	pass	must_accept	match	ivtest: regress-vlg.list type normal - compiles under the iverilog plain-Verilog dialect, parse-level valid 1364-2005
iverilog	ivtest/ivltests/dcomp1.v	pass	must_accept	match	ivtest: regress-vlg.list type normal - compiles under the iverilog plain-Verilog dialect, parse-level valid 1364-2005
iverilog	ivtest/ivltests/deassign3.4A.v	pass	must_accept	match	ivtest: regress-vlg.list type normal - compiles under the iverilog plain-Verilog dialect, parse-level valid 1364-2005
iverilog	ivtest/ivltests/decl_assign1.v	pass	must_accept	match	ivtest: regress-vlg.list type normal - compiles under the iverilog plain-Verilog dialect, parse-level valid 1364-2005
iverilog	ivtest/ivltests/def_nettype.v	pass	must_accept	match	ivtest: regress-vlg.list type normal - compiles under the iverilog plain-Verilog dialect, parse-level valid 1364-2005
iverilog	ivtest/ivltests/def_nettype_none.v	pass	must_accept	match	ivtest: vlg CE but golden def_nettype_none.gold shows only post-parse errors - syntax itself valid
iverilog	ivtest/ivltests/define1.v	fail	must_accept	divergence:explained_svpp_macro_use	ivtest: regress-vlg.list type normal - compiles under the iverilog plain-Verilog dialect, parse-level valid 1364-2005
iverilog	ivtest/ivltests/defparam.v	pass	must_accept	match	ivtest: regress-vlg.list type normal - compiles under the iverilog plain-Verilog dialect, parse-level valid 1364-2005
iverilog	ivtest/ivltests/defparam2.v	pass	must_accept	match	ivtest: regress-vlg.list type normal - compiles under the iverilog plain-Verilog dialect, parse-level valid 1364-2005
iverilog	ivtest/ivltests/defparam3.5.v	pass	must_accept	match	ivtest: regress-vlg.list type normal - compiles under the iverilog plain-Verilog dialect, parse-level valid 1364-2005
iverilog	ivtest/ivltests/defparam3.v	pass	must_accept	match	ivtest: regress-vlg.list type normal - compiles under the iverilog plain-Verilog dialect, parse-level valid 1364-2005
iverilog	ivtest/ivltests/defparam4.v	pass	must_accept	match	ivtest: regress-vlg.list type normal - compiles under the iverilog plain-Verilog dialect, parse-level valid 1364-2005
iverilog	ivtest/ivltests/delay.v	pass	must_accept	match	ivtest: regress-vlg.list type normal - compiles under the iverilog plain-Verilog dialect, parse-level valid 1364-2005
iverilog	ivtest/ivltests/delay2.v	pass	must_accept	match	ivtest: regress-vlg.list type normal - compiles under the iverilog plain-Verilog dialect, parse-level valid 1364-2005
iverilog	ivtest/ivltests/delay3.v	pass	must_accept	match	ivtest: regress-vlg.list type normal - compiles under the iverilog plain-Verilog dialect, parse-level valid 1364-2005
iverilog	ivtest/ivltests/delay4.v	pass	must_accept	match	ivtest: regress-vlg.list type normal - compiles under the iverilog plain-Verilog dialect, parse-level valid 1364-2005
iverilog	ivtest/ivltests/delay5.v	pass	must_accept	match	ivtest: regress-vlg.list type normal - compiles under the iverilog plain-Verilog dialect, parse-level valid 1364-2005
iverilog	ivtest/ivltests/delay_assign_nb.v	pass	must_accept	match	ivtest: regress-vlg.list type normal - compiles under the iverilog plain-Verilog dialect, parse-level valid 1364-2005
iverilog	ivtest/ivltests/delay_assign_nb2.v	pass	must_accept	match	ivtest: regress-vlg.list type normal - compiles under the iverilog plain-Verilog dialect, parse-level valid 1364-2005
iverilog	ivtest/ivltests/delay_var.v	pass	must_accept	match	ivtest: regress-vlg.list type normal - compiles under the iverilog plain-Verilog dialect, parse-level valid 1364-2005
iverilog	ivtest/ivltests/delayed_comp_reduct.v	pass	must_accept	match	ivtest: regress-vlg.list type normal - compiles under the iverilog plain-Verilog dialect, parse-level valid 1364-2005
iverilog	ivtest/ivltests/dff1.v	pass	must_accept	match	ivtest: regress-vlg.list type normal - compiles under the iverilog plain-Verilog dialect, parse-level valid 1364-2005
iverilog	ivtest/ivltests/disable3.6A.v	pass	must_accept	match	ivtest: regress-vlg.list type normal - compiles under the iverilog plain-Verilog dialect, parse-level valid 1364-2005
iverilog	ivtest/ivltests/disable3.6B.v	pass	must_accept	match	ivtest: regress-vlg.list type normal - compiles under the iverilog plain-Verilog dialect, parse-level valid 1364-2005
iverilog	ivtest/ivltests/disable_cleanup.v	pass	must_accept	match	ivtest: regress-vlg.list type normal - compiles under the iverilog plain-Verilog dialect, parse-level valid 1364-2005
iverilog	ivtest/ivltests/disable_fork.v	pass	must_accept	match	ivtest: regress-vlg.list type normal - compiles under the iverilog plain-Verilog dialect, parse-level valid 1364-2005
iverilog	ivtest/ivltests/disblock.v	pass	must_accept	match	ivtest: regress-vlg.list type normal - compiles under the iverilog plain-Verilog dialect, parse-level valid 1364-2005
iverilog	ivtest/ivltests/disblock2.v	pass	must_accept	match	ivtest: regress-vlg.list type normal - compiles under the iverilog plain-Verilog dialect, parse-level valid 1364-2005
iverilog	ivtest/ivltests/disp_dec.v	pass	must_accept	match	ivtest: regress-vlg.list type normal - compiles under the iverilog plain-Verilog dialect, parse-level valid 1364-2005
iverilog	ivtest/ivltests/disp_dec2.v	pass	must_accept	match	ivtest: regress-vlg.list type normal - compiles under the iverilog plain-Verilog dialect, parse-level valid 1364-2005
iverilog	ivtest/ivltests/disp_leading_z.v	pass	must_accept	match	ivtest: regress-vlg.list type normal - compiles under the iverilog plain-Verilog dialect, parse-level valid 1364-2005
iverilog	ivtest/ivltests/disp_parm.v	pass	must_accept	match	ivtest: regress-vlg.list type normal - compiles under the iverilog plain-Verilog dialect, parse-level valid 1364-2005
iverilog	ivtest/ivltests/disp_part.v	pass	must_accept	match	ivtest: regress-vlg.list type normal - compiles under the iverilog plain-Verilog dialect, parse-level valid 1364-2005
iverilog	ivtest/ivltests/dotinid.v	pass	must_accept	match	ivtest: regress-vlg.list type normal - compiles under the iverilog plain-Verilog dialect, parse-level valid 1364-2005
iverilog	ivtest/ivltests/drive_strength.v	fail	must_accept	divergence:explained_svpp_conditional	ivtest: regress-vlg.list type normal - compiles under the iverilog plain-Verilog dialect, parse-level valid 1364-2005
iverilog	ivtest/ivltests/drive_strength1.v	fail	must_accept	divergence:unexplained_rejects_valid	ivtest: regress-vlg.list type normal - compiles under the iverilog plain-Verilog dialect, parse-level valid 1364-2005
iverilog	ivtest/ivltests/drive_strength2.v	pass	must_accept	match	ivtest: regress-vlg.list type normal - compiles under the iverilog plain-Verilog dialect, parse-level valid 1364-2005
iverilog	ivtest/ivltests/drive_strength3.v	fail	must_accept	divergence:unexplained_rejects_valid	ivtest: regress-vlg.list type normal - compiles under the iverilog plain-Verilog dialect, parse-level valid 1364-2005
iverilog	ivtest/ivltests/dummy7.v	fail	must_accept	divergence:explained_svpp_macro_use	ivtest: regress-vlg.list type normal - compiles under the iverilog plain-Verilog dialect, parse-level valid 1364-2005
iverilog	ivtest/ivltests/dump_memword.v	pass	must_accept	match	ivtest: regress-vlg.list type normal - compiles under the iverilog plain-Verilog dialect, parse-level valid 1364-2005
iverilog	ivtest/ivltests/dumpvars.v	pass	must_accept	match	ivtest: regress-vlg.list type normal - compiles under the iverilog plain-Verilog dialect, parse-level valid 1364-2005
iverilog	ivtest/ivltests/eeq.v	fail	must_accept	divergence:explained_svpp_conditional	ivtest: regress-vlg.list type normal - compiles under the iverilog plain-Verilog dialect, parse-level valid 1364-2005
iverilog	ivtest/ivltests/else1.v	fail	must_accept	divergence:explained_svpp_conditional	ivtest: regress-vlg.list type normal - compiles under the iverilog plain-Verilog dialect, parse-level valid 1364-2005
iverilog	ivtest/ivltests/else2.v	fail	must_accept	divergence:explained_svpp_conditional	ivtest: regress-vlg.list type normal - compiles under the iverilog plain-Verilog dialect, parse-level valid 1364-2005
iverilog	ivtest/ivltests/else3.v	fail	must_accept	divergence:explained_svpp_conditional	ivtest: regress-vlg.list type normal - compiles under the iverilog plain-Verilog dialect, parse-level valid 1364-2005
iverilog	ivtest/ivltests/elsif_test.v	fail	must_accept	divergence:explained_svpp_conditional	ivtest: regress-vlg.list type normal - compiles under the iverilog plain-Verilog dialect, parse-level valid 1364-2005
iverilog	ivtest/ivltests/eq.v	pass	must_accept	match	ivtest: regress-vlg.list type normal - compiles under the iverilog plain-Verilog dialect, parse-level valid 1364-2005
iverilog	ivtest/ivltests/escape1.v	pass	must_accept	match	ivtest: regress-vlg.list type normal - compiles under the iverilog plain-Verilog dialect, parse-level valid 1364-2005
iverilog	ivtest/ivltests/escape2a.v	pass	must_accept	match	ivtest: regress-vlg.list type CO - compiles under the iverilog plain-Verilog dialect, parse-level valid 1364-2005
iverilog	ivtest/ivltests/escape2b.v	pass	must_accept	match	ivtest: regress-vlg.list type CO - compiles under the iverilog plain-Verilog dialect, parse-level valid 1364-2005
iverilog	ivtest/ivltests/escape2c.v	pass	must_accept	match	ivtest: regress-vlg.list type CO - compiles under the iverilog plain-Verilog dialect, parse-level valid 1364-2005
iverilog	ivtest/ivltests/escape3.v	pass	must_accept	match	ivtest: regress-vlg.list type normal - compiles under the iverilog plain-Verilog dialect, parse-level valid 1364-2005
iverilog	ivtest/ivltests/escape4.v	pass	must_accept	match	ivtest: regress-vlg.list type normal - compiles under the iverilog plain-Verilog dialect, parse-level valid 1364-2005
iverilog	ivtest/ivltests/escape4b.v	pass	must_accept	match	ivtest: regress-vlg.list type normal - compiles under the iverilog plain-Verilog dialect, parse-level valid 1364-2005
iverilog	ivtest/ivltests/event2.v	pass	must_accept	match	ivtest: regress-vlg.list type normal - compiles under the iverilog plain-Verilog dialect, parse-level valid 1364-2005
iverilog	ivtest/ivltests/event3.15.v	pass	must_accept	match	ivtest: regress-vlg.list type normal - compiles under the iverilog plain-Verilog dialect, parse-level valid 1364-2005
iverilog	ivtest/ivltests/event3.v	pass	must_accept	match	ivtest: regress-vlg.list type normal - compiles under the iverilog plain-Verilog dialect, parse-level valid 1364-2005
iverilog	ivtest/ivltests/event_array.v	pass	must_accept	match	ivtest vlg CE pinned .8c.2: event arrays and array-word assignment targets - A.2.3 list_of_event_identifiers carries { dimension }, A.6.5 event_trigger is '-> hierarchical_event_identifier { [ expression ] } ;' and A.8.5 variable_lvalue admits '{ [ expression ] }' word selects with intra-assignment delay
iverilog	ivtest/ivltests/event_list.v	pass	must_accept	match	ivtest: regress-vlg.list type normal - compiles under the iverilog plain-Verilog dialect, parse-level valid 1364-2005
iverilog	ivtest/ivltests/event_list2.v	pass	must_accept	match	ivtest: regress-vlg.list type normal - compiles under the iverilog plain-Verilog dialect, parse-level valid 1364-2005
iverilog	ivtest/ivltests/event_list3.v	pass	must_accept	match	ivtest: regress-vlg.list type normal - compiles under the iverilog plain-Verilog dialect, parse-level valid 1364-2005
iverilog	ivtest/ivltests/extend.v	pass	must_accept	match	ivtest: regress-vlg.list type normal - compiles under the iverilog plain-Verilog dialect, parse-level valid 1364-2005
iverilog	ivtest/ivltests/fdisplay1.v	pass	must_accept	match	ivtest: regress-vlg.list type normal - compiles under the iverilog plain-Verilog dialect, parse-level valid 1364-2005
iverilog	ivtest/ivltests/fdisplay2.v	pass	must_accept	match	ivtest: regress-vlg.list type normal - compiles under the iverilog plain-Verilog dialect, parse-level valid 1364-2005
iverilog	ivtest/ivltests/fdisplay_fail_fd.v	pass	must_accept	match	ivtest: regress-vlg.list type normal - compiles under the iverilog plain-Verilog dialect, parse-level valid 1364-2005
iverilog	ivtest/ivltests/fdisplay_fail_mcd.v	pass	must_accept	match	ivtest: regress-vlg.list type normal - compiles under the iverilog plain-Verilog dialect, parse-level valid 1364-2005
iverilog	ivtest/ivltests/fopen1.v	pass	must_accept	match	ivtest: regress-vlg.list type normal - compiles under the iverilog plain-Verilog dialect, parse-level valid 1364-2005
iverilog	ivtest/ivltests/fopen2.v	pass	must_accept	match	ivtest: regress-vlg.list type normal - compiles under the iverilog plain-Verilog dialect, parse-level valid 1364-2005
iverilog	ivtest/ivltests/for3.16A.v	pass	must_accept	match	ivtest: regress-vlg.list type normal - compiles under the iverilog plain-Verilog dialect, parse-level valid 1364-2005
iverilog	ivtest/ivltests/force1.v	pass	must_accept	match	ivtest: regress-vlg.list type normal - compiles under the iverilog plain-Verilog dialect, parse-level valid 1364-2005
iverilog	ivtest/ivltests/force2.v	pass	must_accept	match	ivtest: regress-vlg.list type normal - compiles under the iverilog plain-Verilog dialect, parse-level valid 1364-2005
iverilog	ivtest/ivltests/force3.17A.v	pass	must_accept	match	ivtest: regress-vlg.list type normal - compiles under the iverilog plain-Verilog dialect, parse-level valid 1364-2005
iverilog	ivtest/ivltests/force3.17B.v	pass	must_accept	match	ivtest: regress-vlg.list type normal - compiles under the iverilog plain-Verilog dialect, parse-level valid 1364-2005
iverilog	ivtest/ivltests/force3.17C.v	pass	must_accept	match	ivtest: regress-vlg.list type normal - compiles under the iverilog plain-Verilog dialect, parse-level valid 1364-2005
iverilog	ivtest/ivltests/force_lval_part.v	pass	must_accept	match	ivtest: regress-vlg.list type normal - compiles under the iverilog plain-Verilog dialect, parse-level valid 1364-2005
iverilog	ivtest/ivltests/force_release_reg_pv.v	pass	must_accept	match	ivtest: regress-vlg.list type normal - compiles under the iverilog plain-Verilog dialect, parse-level valid 1364-2005
iverilog	ivtest/ivltests/force_release_wire8_pv.v	fail	must_accept	divergence:unexplained_rejects_valid	ivtest: regress-vlg.list type normal - compiles under the iverilog plain-Verilog dialect, parse-level valid 1364-2005
iverilog	ivtest/ivltests/force_release_wire_pv.v	pass	must_accept	match	ivtest: regress-vlg.list type normal - compiles under the iverilog plain-Verilog dialect, parse-level valid 1364-2005
iverilog	ivtest/ivltests/fork1.v	pass	must_accept	match	ivtest: regress-vlg.list type normal - compiles under the iverilog plain-Verilog dialect, parse-level valid 1364-2005
iverilog	ivtest/ivltests/fork3.19A.v	pass	must_accept	match	ivtest: regress-vlg.list type normal - compiles under the iverilog plain-Verilog dialect, parse-level valid 1364-2005
iverilog	ivtest/ivltests/fork3.19B.v	pass	must_accept	match	ivtest: regress-vlg.list type normal - compiles under the iverilog plain-Verilog dialect, parse-level valid 1364-2005
iverilog	ivtest/ivltests/format.v	fail	must_accept	divergence:unexplained_rejects_valid	ivtest: regress-vlg.list type normal - compiles under the iverilog plain-Verilog dialect, parse-level valid 1364-2005
iverilog	ivtest/ivltests/fr47.v	pass	must_accept	match	ivtest: regress-vlg.list type normal - compiles under the iverilog plain-Verilog dialect, parse-level valid 1364-2005
iverilog	ivtest/ivltests/fread.v	pass	must_accept	match	ivtest: regress-vlg.list type normal - compiles under the iverilog plain-Verilog dialect, parse-level valid 1364-2005
iverilog	ivtest/ivltests/fscanf_u.v	pass	must_accept	match	ivtest: regress-vlg.list type normal - compiles under the iverilog plain-Verilog dialect, parse-level valid 1364-2005
iverilog	ivtest/ivltests/fscanf_u_warn.v	pass	must_accept	match	ivtest: regress-vlg.list type normal - compiles under the iverilog plain-Verilog dialect, parse-level valid 1364-2005
iverilog	ivtest/ivltests/fscanf_z.v	pass	must_accept	match	ivtest: regress-vlg.list type normal - compiles under the iverilog plain-Verilog dialect, parse-level valid 1364-2005
iverilog	ivtest/ivltests/fscanf_z_warn.v	pass	must_accept	match	ivtest: regress-vlg.list type normal - compiles under the iverilog plain-Verilog dialect, parse-level valid 1364-2005
iverilog	ivtest/ivltests/function1.v	pass	must_accept	match	ivtest: regress-vlg.list type normal - compiles under the iverilog plain-Verilog dialect, parse-level valid 1364-2005
iverilog	ivtest/ivltests/function2.v	pass	must_accept	match	ivtest: regress-vlg.list type normal - compiles under the iverilog plain-Verilog dialect, parse-level valid 1364-2005
iverilog	ivtest/ivltests/function3.11B.v	pass	must_accept	match	ivtest: regress-vlg.list type normal - compiles under the iverilog plain-Verilog dialect, parse-level valid 1364-2005
iverilog	ivtest/ivltests/function3.11C.v	pass	must_accept	match	ivtest: regress-vlg.list type normal - compiles under the iverilog plain-Verilog dialect, parse-level valid 1364-2005
iverilog	ivtest/ivltests/function3.11D.v	pass	must_accept	match	ivtest: regress-vlg.list type normal - compiles under the iverilog plain-Verilog dialect, parse-level valid 1364-2005
iverilog	ivtest/ivltests/function3.11F.v	pass	must_accept	match	ivtest: regress-vlg.list type normal - compiles under the iverilog plain-Verilog dialect, parse-level valid 1364-2005
iverilog	ivtest/ivltests/function3.v	pass	must_accept	match	ivtest: regress-vlg.list type normal - compiles under the iverilog plain-Verilog dialect, parse-level valid 1364-2005
iverilog	ivtest/ivltests/function4.v	pass	must_reject	divergence:unexplained_accepts_invalid	ivtest vlg CE pinned .8c.2: empty tf-call parentheses - A.8.2 function_call and A.6.9 task_enable both require '( expression { , expression } )' with at least one expression when parentheses are present (1800's empty list_of_arguments is the edition contrast); task_in_expr_fail also declares 'int x;' in an unnamed begin (no 1364 production)
iverilog	ivtest/ivltests/function5.v	pass	must_accept	match	ivtest: regress-vlg.list type CO - compiles under the iverilog plain-Verilog dialect, parse-level valid 1364-2005
iverilog	ivtest/ivltests/function6.v	pass	must_accept	match	ivtest: regress-vlg.list type normal - compiles under the iverilog plain-Verilog dialect, parse-level valid 1364-2005
iverilog	ivtest/ivltests/function7.v	pass	must_accept	match	ivtest: regress-vlg.list type normal - compiles under the iverilog plain-Verilog dialect, parse-level valid 1364-2005
iverilog	ivtest/ivltests/function8.v	pass	must_accept	match	ivtest: regress-vlg.list type normal - compiles under the iverilog plain-Verilog dialect, parse-level valid 1364-2005
iverilog	ivtest/ivltests/function9.v	pass	must_accept	match	ivtest: regress-vlg.list type normal - compiles under the iverilog plain-Verilog dialect, parse-level valid 1364-2005
iverilog	ivtest/ivltests/function_exp.v	pass	must_accept	match	ivtest: regress-vlg.list type normal - compiles under the iverilog plain-Verilog dialect, parse-level valid 1364-2005
iverilog	ivtest/ivltests/ga_and.v	pass	must_accept	match	ivtest: regress-vlg.list type normal - compiles under the iverilog plain-Verilog dialect, parse-level valid 1364-2005
iverilog	ivtest/ivltests/ga_mod.v	pass	must_accept	match	ivtest: regress-vlg.list type normal - compiles under the iverilog plain-Verilog dialect, parse-level valid 1364-2005
iverilog	ivtest/ivltests/ga_mod1.v	pass	must_accept	match	ivtest: regress-vlg.list type normal - compiles under the iverilog plain-Verilog dialect, parse-level valid 1364-2005
iverilog	ivtest/ivltests/ga_mod2.v	pass	must_accept	match	ivtest: regress-vlg.list type normal - compiles under the iverilog plain-Verilog dialect, parse-level valid 1364-2005
iverilog	ivtest/ivltests/ga_nand.v	pass	must_accept	match	ivtest: regress-vlg.list type normal - compiles under the iverilog plain-Verilog dialect, parse-level valid 1364-2005
iverilog	ivtest/ivltests/ga_nor.v	pass	must_accept	match	ivtest: regress-vlg.list type normal - compiles under the iverilog plain-Verilog dialect, parse-level valid 1364-2005
iverilog	ivtest/ivltests/ga_or.v	pass	must_accept	match	ivtest: regress-vlg.list type normal - compiles under the iverilog plain-Verilog dialect, parse-level valid 1364-2005
iverilog	ivtest/ivltests/ga_xnor.v	pass	must_accept	match	ivtest: regress-vlg.list type normal - compiles under the iverilog plain-Verilog dialect, parse-level valid 1364-2005
iverilog	ivtest/ivltests/ga_xor.v	pass	must_accept	match	ivtest: regress-vlg.list type normal - compiles under the iverilog plain-Verilog dialect, parse-level valid 1364-2005
iverilog	ivtest/ivltests/galan.v	pass	must_accept	match	ivtest: regress-vlg.list type normal - compiles under the iverilog plain-Verilog dialect, parse-level valid 1364-2005
iverilog	ivtest/ivltests/gate_connect1.v	pass	must_accept	match	ivtest: regress-vlg.list type normal - compiles under the iverilog plain-Verilog dialect, parse-level valid 1364-2005
iverilog	ivtest/ivltests/gate_connect2.v	pass	must_accept	match	ivtest: vlg CE but golden gate_connect2.gold shows only post-parse errors - syntax itself valid
iverilog	ivtest/ivltests/gen_case_opt1.v	pass	must_accept	match	ivtest: regress-vlg.list type normal - compiles under the iverilog plain-Verilog dialect, parse-level valid 1364-2005
iverilog	ivtest/ivltests/gen_case_opt2.v	pass	must_accept	match	ivtest: regress-vlg.list type normal - compiles under the iverilog plain-Verilog dialect, parse-level valid 1364-2005
iverilog	ivtest/ivltests/gen_case_opt3.v	pass	must_accept	match	ivtest: regress-vlg.list type normal - compiles under the iverilog plain-Verilog dialect, parse-level valid 1364-2005
iverilog	ivtest/ivltests/generate_case.v	pass	must_accept	match	ivtest: regress-vlg.list type normal - compiles under the iverilog plain-Verilog dialect, parse-level valid 1364-2005
iverilog	ivtest/ivltests/generate_case2.v	pass	must_accept	match	ivtest: regress-vlg.list type normal - compiles under the iverilog plain-Verilog dialect, parse-level valid 1364-2005
iverilog	ivtest/ivltests/generate_case3.v	pass	must_accept	match	ivtest: regress-vlg.list type normal - compiles under the iverilog plain-Verilog dialect, parse-level valid 1364-2005
iverilog	ivtest/ivltests/generate_multi_loop.v	pass	must_accept	match	ivtest: regress-vlg.list type normal - compiles under the iverilog plain-Verilog dialect, parse-level valid 1364-2005
iverilog	ivtest/ivltests/generate_specify.v	fail	must_reject	match	ivtest vlg CE pinned .8c.2: non-generate items inside a generate block - A.4.2 generate_block holds { module_or_generate_item } and A.1.4 places parameter_declaration, specparam_declaration and specify_block in non_port_module_item ONLY (localparam is the admitted generate-scope form; 1800's generate-scope parameter is the edition contrast)
iverilog	ivtest/ivltests/generate_specparam.v	fail	must_reject	match	ivtest vlg CE pinned .8c.2: non-generate items inside a generate block - A.4.2 generate_block holds { module_or_generate_item } and A.1.4 places parameter_declaration, specparam_declaration and specify_block in non_port_module_item ONLY (localparam is the admitted generate-scope form; 1800's generate-scope parameter is the edition contrast)
iverilog	ivtest/ivltests/genloop.v	pass	must_accept	match	ivtest: regress-vlg.list type normal - compiles under the iverilog plain-Verilog dialect, parse-level valid 1364-2005
iverilog	ivtest/ivltests/genvar_scopes.v	pass	must_accept	match	ivtest: regress-vlg.list type normal - compiles under the iverilog plain-Verilog dialect, parse-level valid 1364-2005
iverilog	ivtest/ivltests/hello1.v	pass	must_accept	match	ivtest: regress-vlg.list type normal - compiles under the iverilog plain-Verilog dialect, parse-level valid 1364-2005
iverilog	ivtest/ivltests/hier_ref_error.v	pass	must_accept	match	ivtest vlg CE pinned .8c.2: identifier-resolution/arity semantics - undeclared names, missing functions/modules, wrong task/function argument counts and upward-scope misses are elaboration stage; every call carries >= 1 expression so A.8.2/A.6.9 are satisfied
iverilog	ivtest/ivltests/hierspace.v	pass	must_accept	match	ivtest: regress-vlg.list type normal - compiles under the iverilog plain-Verilog dialect, parse-level valid 1364-2005
iverilog	ivtest/ivltests/idiv1.v	pass	must_accept	match	ivtest: regress-vlg.list type normal - compiles under the iverilog plain-Verilog dialect, parse-level valid 1364-2005
iverilog	ivtest/ivltests/idiv2.v	pass	must_accept	match	ivtest: regress-vlg.list type normal - compiles under the iverilog plain-Verilog dialect, parse-level valid 1364-2005
iverilog	ivtest/ivltests/idiv3.v	pass	must_accept	match	ivtest: regress-vlg.list type normal - compiles under the iverilog plain-Verilog dialect, parse-level valid 1364-2005
iverilog	ivtest/ivltests/ifdef1.v	fail	must_accept	divergence:explained_svpp_conditional	ivtest: regress-vlg.list type normal - compiles under the iverilog plain-Verilog dialect, parse-level valid 1364-2005
iverilog	ivtest/ivltests/ifdef2.v	fail	must_accept	divergence:explained_svpp_conditional	ivtest: regress-vlg.list type normal - compiles under the iverilog plain-Verilog dialect, parse-level valid 1364-2005
iverilog	ivtest/ivltests/ifdef3.v	fail	must_accept	divergence:explained_svpp_conditional	ivtest: regress-vlg.list type normal - compiles under the iverilog plain-Verilog dialect, parse-level valid 1364-2005
iverilog	ivtest/ivltests/ifdef4.v	fail	must_accept	divergence:explained_svpp_conditional	ivtest: regress-vlg.list type normal - compiles under the iverilog plain-Verilog dialect, parse-level valid 1364-2005
iverilog	ivtest/ivltests/ifdef_fail.v	fail	out_of_scope_with_cause:svpp_owned_v2005	deferred:svpp_owned_v2005	ivtest vlg CE pinned .8c.2: malformed conditional directives - 19.4 Syntax 19-4 requires `ifdef/`ifndef/`elsif to carry a text_macro_identifier; the bare forms violate the DIRECTIVE grammar, a preprocessor-stage error the svpp lane owns (Annex A has no directive productions)
iverilog	ivtest/ivltests/include1.v	pass	must_accept	match	ivtest: regress-vlg.list type normal - compiles under the iverilog plain-Verilog dialect, parse-level valid 1364-2005
iverilog	ivtest/ivltests/include2.v	pass	must_accept	match	ivtest: regress-vlg.list type normal - compiles under the iverilog plain-Verilog dialect, parse-level valid 1364-2005
iverilog	ivtest/ivltests/include3.v	pass	must_accept	match	ivtest: regress-vlg.list type normal - compiles under the iverilog plain-Verilog dialect, parse-level valid 1364-2005
iverilog	ivtest/ivltests/indef_width_concat.v	pass	must_accept	match	ivtest: vlg CE but golden indef_width_concat.gold shows only post-parse errors - syntax itself valid
iverilog	ivtest/ivltests/initmod.v	pass	must_accept	match	ivtest: regress-vlg.list type normal - compiles under the iverilog plain-Verilog dialect, parse-level valid 1364-2005
iverilog	ivtest/ivltests/initmod2.v	pass	must_accept	match	ivtest: regress-vlg.list type normal - compiles under the iverilog plain-Verilog dialect, parse-level valid 1364-2005
iverilog	ivtest/ivltests/inout.v	pass	must_accept	match	ivtest: regress-vlg.list type normal - compiles under the iverilog plain-Verilog dialect, parse-level valid 1364-2005
iverilog	ivtest/ivltests/inout2.v	pass	must_accept	match	ivtest: regress-vlg.list type normal - compiles under the iverilog plain-Verilog dialect, parse-level valid 1364-2005
iverilog	ivtest/ivltests/inout3.v	pass	must_accept	match	ivtest: regress-vlg.list type normal - compiles under the iverilog plain-Verilog dialect, parse-level valid 1364-2005
iverilog	ivtest/ivltests/inout4.v	pass	must_accept	match	ivtest: regress-vlg.list type normal - compiles under the iverilog plain-Verilog dialect, parse-level valid 1364-2005
iverilog	ivtest/ivltests/int_not_signext.v	pass	must_accept	match	ivtest: regress-vlg.list type normal - compiles under the iverilog plain-Verilog dialect, parse-level valid 1364-2005
iverilog	ivtest/ivltests/integer1lt.v	pass	must_accept	match	ivtest: regress-vlg.list type normal - compiles under the iverilog plain-Verilog dialect, parse-level valid 1364-2005
iverilog	ivtest/ivltests/integer2le.v	pass	must_accept	match	ivtest: regress-vlg.list type normal - compiles under the iverilog plain-Verilog dialect, parse-level valid 1364-2005
iverilog	ivtest/ivltests/integer3gt.v	pass	must_accept	match	ivtest: regress-vlg.list type normal - compiles under the iverilog plain-Verilog dialect, parse-level valid 1364-2005
iverilog	ivtest/ivltests/integer4ge.v	pass	must_accept	match	ivtest: regress-vlg.list type normal - compiles under the iverilog plain-Verilog dialect, parse-level valid 1364-2005
iverilog	ivtest/ivltests/integer5.v	pass	must_accept	match	ivtest: regress-vlg.list type normal - compiles under the iverilog plain-Verilog dialect, parse-level valid 1364-2005
iverilog	ivtest/ivltests/itor_rtoi.v	pass	must_accept	match	ivtest: regress-vlg.list type normal - compiles under the iverilog plain-Verilog dialect, parse-level valid 1364-2005
iverilog	ivtest/ivltests/land2.v	pass	must_accept	match	ivtest: regress-vlg.list type normal - compiles under the iverilog plain-Verilog dialect, parse-level valid 1364-2005
iverilog	ivtest/ivltests/land3.v	pass	must_accept	match	ivtest: regress-vlg.list type normal - compiles under the iverilog plain-Verilog dialect, parse-level valid 1364-2005
iverilog	ivtest/ivltests/land4.v	pass	must_accept	match	ivtest: regress-vlg.list type normal - compiles under the iverilog plain-Verilog dialect, parse-level valid 1364-2005
iverilog	ivtest/ivltests/landor1.v	pass	must_accept	match	ivtest: regress-vlg.list type normal - compiles under the iverilog plain-Verilog dialect, parse-level valid 1364-2005
iverilog	ivtest/ivltests/ldelay1.v	fail	must_accept	divergence:unexplained_rejects_valid	ivtest: regress-vlg.list type normal - compiles under the iverilog plain-Verilog dialect, parse-level valid 1364-2005
iverilog	ivtest/ivltests/ldelay2.v	pass	must_accept	match	ivtest: regress-vlg.list type normal - compiles under the iverilog plain-Verilog dialect, parse-level valid 1364-2005
iverilog	ivtest/ivltests/ldelay3.v	fail	must_accept	divergence:unexplained_rejects_valid	ivtest: regress-vlg.list type normal - compiles under the iverilog plain-Verilog dialect, parse-level valid 1364-2005
iverilog	ivtest/ivltests/ldelay4.v	pass	must_accept	match	ivtest: regress-vlg.list type normal - compiles under the iverilog plain-Verilog dialect, parse-level valid 1364-2005
iverilog	ivtest/ivltests/ldelay5.v	pass	must_accept	match	ivtest: regress-vlg.list type normal - compiles under the iverilog plain-Verilog dialect, parse-level valid 1364-2005
iverilog	ivtest/ivltests/lh_catadd.v	pass	must_accept	match	ivtest: regress-vlg.list type normal - compiles under the iverilog plain-Verilog dialect, parse-level valid 1364-2005
iverilog	ivtest/ivltests/lh_memcat.v	pass	must_accept	match	ivtest: regress-vlg.list type normal - compiles under the iverilog plain-Verilog dialect, parse-level valid 1364-2005
iverilog	ivtest/ivltests/lh_memcat2.v	pass	must_accept	match	ivtest: regress-vlg.list type normal - compiles under the iverilog plain-Verilog dialect, parse-level valid 1364-2005
iverilog	ivtest/ivltests/lh_memcat3.v	pass	must_accept	match	ivtest: regress-vlg.list type normal - compiles under the iverilog plain-Verilog dialect, parse-level valid 1364-2005
iverilog	ivtest/ivltests/lh_varindx.v	pass	must_accept	match	ivtest: regress-vlg.list type normal - compiles under the iverilog plain-Verilog dialect, parse-level valid 1364-2005
iverilog	ivtest/ivltests/lh_varindx2.v	pass	must_accept	match	ivtest: regress-vlg.list type normal - compiles under the iverilog plain-Verilog dialect, parse-level valid 1364-2005
iverilog	ivtest/ivltests/lh_varindx4.v	pass	must_accept	match	ivtest: regress-vlg.list type normal - compiles under the iverilog plain-Verilog dialect, parse-level valid 1364-2005
iverilog	ivtest/ivltests/lh_varindx5.v	pass	must_accept	match	ivtest: regress-vlg.list type normal - compiles under the iverilog plain-Verilog dialect, parse-level valid 1364-2005
iverilog	ivtest/ivltests/long_div.v	pass	must_accept	match	ivtest: regress-vlg.list type normal - compiles under the iverilog plain-Verilog dialect, parse-level valid 1364-2005
iverilog	ivtest/ivltests/macro2.v	fail	must_accept	divergence:explained_svpp_macro_use	ivtest: regress-vlg.list type normal - compiles under the iverilog plain-Verilog dialect, parse-level valid 1364-2005
iverilog	ivtest/ivltests/macro_args.v	pass	must_accept	match	ivtest: regress-vlg.list type CO - compiles under the iverilog plain-Verilog dialect, parse-level valid 1364-2005
iverilog	ivtest/ivltests/macro_comment1.v	fail	must_accept	divergence:explained_svpp_macro_use	ivtest: regress-vlg.list type normal - compiles under the iverilog plain-Verilog dialect, parse-level valid 1364-2005
iverilog	ivtest/ivltests/macro_comment2.v	fail	must_accept	divergence:explained_svpp_macro_use	ivtest: regress-vlg.list type normal - compiles under the iverilog plain-Verilog dialect, parse-level valid 1364-2005
iverilog	ivtest/ivltests/macro_comment3.v	fail	must_accept	divergence:explained_svpp_macro_use	ivtest: regress-vlg.list type normal - compiles under the iverilog plain-Verilog dialect, parse-level valid 1364-2005
iverilog	ivtest/ivltests/macro_comment_multiline.v	fail	must_accept	divergence:explained_svpp_macro_use	ivtest: regress-vlg.list type normal - compiles under the iverilog plain-Verilog dialect, parse-level valid 1364-2005
iverilog	ivtest/ivltests/macro_redefinition.v	fail	must_accept	divergence:unexplained_rejects_valid	ivtest: regress-vlg.list type normal - compiles under the iverilog plain-Verilog dialect, parse-level valid 1364-2005
iverilog	ivtest/ivltests/macro_replacement.v	fail	must_accept	divergence:unexplained_rejects_valid	ivtest: regress-vlg.list type normal - compiles under the iverilog plain-Verilog dialect, parse-level valid 1364-2005
iverilog	ivtest/ivltests/macsub.v	fail	must_accept	divergence:explained_svpp_macro_use	ivtest: regress-vlg.list type normal - compiles under the iverilog plain-Verilog dialect, parse-level valid 1364-2005
iverilog	ivtest/ivltests/mangle.v	pass	must_accept	match	ivtest: regress-vlg.list type normal - compiles under the iverilog plain-Verilog dialect, parse-level valid 1364-2005
iverilog	ivtest/ivltests/mangle_1.v	pass	must_accept	match	ivtest: regress-vlg.list type normal - compiles under the iverilog plain-Verilog dialect, parse-level valid 1364-2005
iverilog	ivtest/ivltests/many_drivers.v	fail	must_accept	divergence:unexplained_rejects_valid	ivtest: regress-vlg.list type normal - compiles under the iverilog plain-Verilog dialect, parse-level valid 1364-2005
iverilog	ivtest/ivltests/mcl2.v	pass	must_accept	match	ivtest: regress-vlg.list type normal - compiles under the iverilog plain-Verilog dialect, parse-level valid 1364-2005
iverilog	ivtest/ivltests/mem1.v	fail	must_accept	divergence:explained_svpp_macro_use	ivtest: regress-vlg.list type normal - compiles under the iverilog plain-Verilog dialect, parse-level valid 1364-2005
iverilog	ivtest/ivltests/mem2port.v	pass	must_accept	match	ivtest: regress-vlg.list type normal - compiles under the iverilog plain-Verilog dialect, parse-level valid 1364-2005
iverilog	ivtest/ivltests/memassign.v	pass	must_accept	match	ivtest: regress-vlg.list type normal - compiles under the iverilog plain-Verilog dialect, parse-level valid 1364-2005
iverilog	ivtest/ivltests/memidx.v	pass	must_accept	match	ivtest: regress-vlg.list type normal - compiles under the iverilog plain-Verilog dialect, parse-level valid 1364-2005
iverilog	ivtest/ivltests/memidxrng.v	fail	must_accept	divergence:explained_svpp_conditional	ivtest: regress-vlg.list type normal - compiles under the iverilog plain-Verilog dialect, parse-level valid 1364-2005
iverilog	ivtest/ivltests/meminit.v	pass	must_accept	match	ivtest: regress-vlg.list type normal - compiles under the iverilog plain-Verilog dialect, parse-level valid 1364-2005
iverilog	ivtest/ivltests/meminit2.v	pass	must_accept	match	ivtest: regress-vlg.list type normal - compiles under the iverilog plain-Verilog dialect, parse-level valid 1364-2005
iverilog	ivtest/ivltests/memport_bs.v	fail	must_accept	divergence:explained_svpp_conditional	ivtest: regress-vlg.list type normal - compiles under the iverilog plain-Verilog dialect, parse-level valid 1364-2005
iverilog	ivtest/ivltests/memref.v	pass	must_accept	match	ivtest: regress-vlg.list type normal - compiles under the iverilog plain-Verilog dialect, parse-level valid 1364-2005
iverilog	ivtest/ivltests/mhead_task.v	pass	must_accept	match	ivtest: regress-vlg.list type normal - compiles under the iverilog plain-Verilog dialect, parse-level valid 1364-2005
iverilog	ivtest/ivltests/mixed_type_div_mod.v	fail	must_accept	divergence:explained_svpp_conditional	ivtest: regress-vlg.list type normal - compiles under the iverilog plain-Verilog dialect, parse-level valid 1364-2005
iverilog	ivtest/ivltests/mixed_width_case.v	pass	must_accept	match	ivtest: regress-vlg.list type normal - compiles under the iverilog plain-Verilog dialect, parse-level valid 1364-2005
iverilog	ivtest/ivltests/modparam.v	pass	must_accept	match	ivtest: regress-vlg.list type normal - compiles under the iverilog plain-Verilog dialect, parse-level valid 1364-2005
iverilog	ivtest/ivltests/module3.12A.v	pass	must_accept	match	ivtest: regress-vlg.list type normal - compiles under the iverilog plain-Verilog dialect, parse-level valid 1364-2005
iverilog	ivtest/ivltests/module3.12B.v	pass	must_accept	match	ivtest: regress-vlg.list type normal - compiles under the iverilog plain-Verilog dialect, parse-level valid 1364-2005
iverilog	ivtest/ivltests/module_inout_port_list_def.v	pass	must_reject	divergence:unexplained_accepts_invalid	ivtest vlg CE pinned .8c.2: default values in an input/inout ANSI port list - A.2.1.2 input/inout declarations end in A.2.3 list_of_port_identifiers (bare identifiers, no '= constant_expression'; only list_of_variable_port_identifiers under 'output reg'/output_variable_type has defaults - and port defaults per se are 1800-2009+ syntax)
iverilog	ivtest/ivltests/module_inout_port_type.v	pass	must_reject	divergence:unexplained_accepts_invalid	ivtest vlg CE pinned .8c.2: variable-typed input/inout module ports - A.2.1.2 input_declaration/inout_declaration admit only '[ net_type ] [ signed ] [ range ]' (reg/time/integer match no alternative; the 1800 variable-port form is the edition contrast)
iverilog	ivtest/ivltests/module_input_port_list_def.v	fail	out_of_scope_with_cause	deferred:svpp_owned	ivtest vlg CE pinned .8c.2: default values in an input/inout ANSI port list - A.2.1.2 input/inout declarations end in A.2.3 list_of_port_identifiers (bare identifiers, no '= constant_expression'; only list_of_variable_port_identifiers under 'output reg'/output_variable_type has defaults - and port defaults per se are 1800-2009+ syntax) - but macro/conditional-dependent: the reject expectation is only meaningful post-preprocessing (svpp lane)
iverilog	ivtest/ivltests/module_input_port_type.v	pass	must_reject	divergence:unexplained_accepts_invalid	ivtest vlg CE pinned .8c.2: variable-typed input/inout module ports - A.2.1.2 input_declaration/inout_declaration admit only '[ net_type ] [ signed ] [ range ]' (reg/time/integer match no alternative; the 1800 variable-port form is the edition contrast)
iverilog	ivtest/ivltests/module_nonansi_fail1.v	pass	must_accept	match	ivtest vlg CE pinned .8c.2: module non-ANSI port/variable redeclaration coherence - each declaration is individually A.2.1.2/A.2.1.3 BNF; duplicate or type/range-conflicting redeclaration of a port signal is 12.3.3 semantics (the ispras test_12_03_03_2 .8c.1 mirror)
iverilog	ivtest/ivltests/module_nonansi_fail10.v	pass	must_accept	match	ivtest vlg CE pinned .8c.2: module non-ANSI port/variable redeclaration coherence - each declaration is individually A.2.1.2/A.2.1.3 BNF; duplicate or type/range-conflicting redeclaration of a port signal is 12.3.3 semantics (the ispras test_12_03_03_2 .8c.1 mirror)
iverilog	ivtest/ivltests/module_nonansi_fail11.v	pass	must_accept	match	ivtest vlg CE pinned .8c.2: module non-ANSI port/variable redeclaration coherence - each declaration is individually A.2.1.2/A.2.1.3 BNF; duplicate or type/range-conflicting redeclaration of a port signal is 12.3.3 semantics (the ispras test_12_03_03_2 .8c.1 mirror)
iverilog	ivtest/ivltests/module_nonansi_fail12.v	pass	must_accept	match	ivtest vlg CE pinned .8c.2: module non-ANSI port/variable redeclaration coherence - each declaration is individually A.2.1.2/A.2.1.3 BNF; duplicate or type/range-conflicting redeclaration of a port signal is 12.3.3 semantics (the ispras test_12_03_03_2 .8c.1 mirror)
iverilog	ivtest/ivltests/module_nonansi_fail13.v	pass	must_accept	match	ivtest vlg CE pinned .8c.2: module non-ANSI port/variable redeclaration coherence - each declaration is individually A.2.1.2/A.2.1.3 BNF; duplicate or type/range-conflicting redeclaration of a port signal is 12.3.3 semantics (the ispras test_12_03_03_2 .8c.1 mirror)
iverilog	ivtest/ivltests/module_nonansi_fail2.v	pass	must_accept	match	ivtest vlg CE pinned .8c.2: module non-ANSI port/variable redeclaration coherence - each declaration is individually A.2.1.2/A.2.1.3 BNF; duplicate or type/range-conflicting redeclaration of a port signal is 12.3.3 semantics (the ispras test_12_03_03_2 .8c.1 mirror)
iverilog	ivtest/ivltests/module_nonansi_fail3.v	pass	must_accept	match	ivtest vlg CE pinned .8c.2: module non-ANSI port/variable redeclaration coherence - each declaration is individually A.2.1.2/A.2.1.3 BNF; duplicate or type/range-conflicting redeclaration of a port signal is 12.3.3 semantics (the ispras test_12_03_03_2 .8c.1 mirror)
iverilog	ivtest/ivltests/module_nonansi_fail4.v	pass	must_accept	match	ivtest vlg CE pinned .8c.2: module non-ANSI port/variable redeclaration coherence - each declaration is individually A.2.1.2/A.2.1.3 BNF; duplicate or type/range-conflicting redeclaration of a port signal is 12.3.3 semantics (the ispras test_12_03_03_2 .8c.1 mirror)
iverilog	ivtest/ivltests/module_nonansi_fail5.v	pass	must_accept	match	ivtest vlg CE pinned .8c.2: module non-ANSI port/variable redeclaration coherence - each declaration is individually A.2.1.2/A.2.1.3 BNF; duplicate or type/range-conflicting redeclaration of a port signal is 12.3.3 semantics (the ispras test_12_03_03_2 .8c.1 mirror)
iverilog	ivtest/ivltests/module_nonansi_fail6.v	pass	must_accept	match	ivtest vlg CE pinned .8c.2: module non-ANSI port/variable redeclaration coherence - each declaration is individually A.2.1.2/A.2.1.3 BNF; duplicate or type/range-conflicting redeclaration of a port signal is 12.3.3 semantics (the ispras test_12_03_03_2 .8c.1 mirror)
iverilog	ivtest/ivltests/module_nonansi_fail7.v	pass	must_accept	match	ivtest vlg CE pinned .8c.2: module non-ANSI port/variable redeclaration coherence - each declaration is individually A.2.1.2/A.2.1.3 BNF; duplicate or type/range-conflicting redeclaration of a port signal is 12.3.3 semantics (the ispras test_12_03_03_2 .8c.1 mirror)
iverilog	ivtest/ivltests/module_nonansi_fail8.v	pass	must_accept	match	ivtest vlg CE pinned .8c.2: module non-ANSI port/variable redeclaration coherence - each declaration is individually A.2.1.2/A.2.1.3 BNF; duplicate or type/range-conflicting redeclaration of a port signal is 12.3.3 semantics (the ispras test_12_03_03_2 .8c.1 mirror)
iverilog	ivtest/ivltests/module_nonansi_fail9.v	pass	must_accept	match	ivtest vlg CE pinned .8c.2: module non-ANSI port/variable redeclaration coherence - each declaration is individually A.2.1.2/A.2.1.3 BNF; duplicate or type/range-conflicting redeclaration of a port signal is 12.3.3 semantics (the ispras test_12_03_03_2 .8c.1 mirror)
iverilog	ivtest/ivltests/module_nonansi_integer1.v	pass	must_accept	match	ivtest: regress-vlg.list type normal - compiles under the iverilog plain-Verilog dialect, parse-level valid 1364-2005
iverilog	ivtest/ivltests/module_nonansi_integer2.v	pass	must_accept	match	ivtest: regress-vlg.list type normal - compiles under the iverilog plain-Verilog dialect, parse-level valid 1364-2005
iverilog	ivtest/ivltests/module_nonansi_integer_fail.v	pass	must_accept	match	ivtest vlg CE pinned .8c.2: module non-ANSI port/variable redeclaration coherence - each declaration is individually A.2.1.2/A.2.1.3 BNF; duplicate or type/range-conflicting redeclaration of a port signal is 12.3.3 semantics (the ispras test_12_03_03_2 .8c.1 mirror)
iverilog	ivtest/ivltests/module_nonansi_time1.v	pass	must_accept	match	ivtest: regress-vlg.list type normal - compiles under the iverilog plain-Verilog dialect, parse-level valid 1364-2005
iverilog	ivtest/ivltests/module_nonansi_time2.v	pass	must_accept	match	ivtest: regress-vlg.list type normal - compiles under the iverilog plain-Verilog dialect, parse-level valid 1364-2005
iverilog	ivtest/ivltests/module_nonansi_time_fail.v	pass	must_accept	match	ivtest vlg CE pinned .8c.2: module non-ANSI port/variable redeclaration coherence - each declaration is individually A.2.1.2/A.2.1.3 BNF; duplicate or type/range-conflicting redeclaration of a port signal is 12.3.3 semantics (the ispras test_12_03_03_2 .8c.1 mirror)
iverilog	ivtest/ivltests/module_nonansi_vec1.v	pass	must_accept	match	ivtest: regress-vlg.list type normal - compiles under the iverilog plain-Verilog dialect, parse-level valid 1364-2005
iverilog	ivtest/ivltests/module_nonansi_vec2.v	pass	must_accept	match	ivtest: regress-vlg.list type normal - compiles under the iverilog plain-Verilog dialect, parse-level valid 1364-2005
iverilog	ivtest/ivltests/module_nonansi_vec_fail1.v	pass	must_accept	match	ivtest vlg CE pinned .8c.2: module non-ANSI port/variable redeclaration coherence - each declaration is individually A.2.1.2/A.2.1.3 BNF; duplicate or type/range-conflicting redeclaration of a port signal is 12.3.3 semantics (the ispras test_12_03_03_2 .8c.1 mirror)
iverilog	ivtest/ivltests/module_nonansi_vec_fail2.v	pass	must_accept	match	ivtest vlg CE pinned .8c.2: module non-ANSI port/variable redeclaration coherence - each declaration is individually A.2.1.2/A.2.1.3 BNF; duplicate or type/range-conflicting redeclaration of a port signal is 12.3.3 semantics (the ispras test_12_03_03_2 .8c.1 mirror)
iverilog	ivtest/ivltests/module_nonansi_vec_fail3.v	pass	must_accept	match	ivtest vlg CE pinned .8c.2: module non-ANSI port/variable redeclaration coherence - each declaration is individually A.2.1.2/A.2.1.3 BNF; duplicate or type/range-conflicting redeclaration of a port signal is 12.3.3 semantics (the ispras test_12_03_03_2 .8c.1 mirror)
iverilog	ivtest/ivltests/module_output_port_list_def.v	fail	must_accept	divergence:explained_svpp_macro_use	ivtest: regress-vlg.list type normal - compiles under the iverilog plain-Verilog dialect, parse-level valid 1364-2005
iverilog	ivtest/ivltests/module_output_port_var1.v	pass	must_accept	match	ivtest: regress-vlg.list type normal - compiles under the iverilog plain-Verilog dialect, parse-level valid 1364-2005
iverilog	ivtest/ivltests/module_output_port_var2.v	fail	must_accept	divergence:unexplained_rejects_valid	ivtest: regress-vlg.list type normal - compiles under the iverilog plain-Verilog dialect, parse-level valid 1364-2005
iverilog	ivtest/ivltests/module_port_range_mismatch.v	fail	must_reject	match	ivtest vlg CE pinned .8c.2: port_declaration inside a portless module - A.1.2 module_declaration: the only form whose body admits port_declaration (module_item) requires a parenthesized list_of_ports; 'module test;' takes the second form whose body is { non_port_module_item }
iverilog	ivtest/ivltests/modulus.v	pass	must_accept	match	ivtest: regress-vlg.list type normal - compiles under the iverilog plain-Verilog dialect, parse-level valid 1364-2005
iverilog	ivtest/ivltests/modulus2.v	pass	must_accept	match	ivtest: regress-vlg.list type normal - compiles under the iverilog plain-Verilog dialect, parse-level valid 1364-2005
iverilog	ivtest/ivltests/monitor.v	pass	must_accept	match	ivtest: regress-vlg.list type normal - compiles under the iverilog plain-Verilog dialect, parse-level valid 1364-2005
iverilog	ivtest/ivltests/monitor2.v	pass	must_accept	match	ivtest: regress-vlg.list type normal - compiles under the iverilog plain-Verilog dialect, parse-level valid 1364-2005
iverilog	ivtest/ivltests/monitor3.v	pass	must_accept	match	ivtest: regress-vlg.list type normal - compiles under the iverilog plain-Verilog dialect, parse-level valid 1364-2005
iverilog	ivtest/ivltests/mult1.v	pass	must_accept	match	ivtest: regress-vlg.list type normal - compiles under the iverilog plain-Verilog dialect, parse-level valid 1364-2005
iverilog	ivtest/ivltests/mult2.v	pass	must_accept	match	ivtest: regress-vlg.list type normal - compiles under the iverilog plain-Verilog dialect, parse-level valid 1364-2005
iverilog	ivtest/ivltests/multi_bit_strength.v	fail	must_accept	divergence:unexplained_rejects_valid	ivtest: regress-vlg.list type normal - compiles under the iverilog plain-Verilog dialect, parse-level valid 1364-2005
iverilog	ivtest/ivltests/multi_driver_delay.v	pass	must_accept	match	ivtest: regress-vlg.list type normal - compiles under the iverilog plain-Verilog dialect, parse-level valid 1364-2005
iverilog	ivtest/ivltests/multiply_large.v	fail	must_accept	divergence:explained_svpp_macro_use	ivtest: regress-vlg.list type normal - compiles under the iverilog plain-Verilog dialect, parse-level valid 1364-2005
iverilog	ivtest/ivltests/muxtest.v	pass	must_accept	match	ivtest: regress-vlg.list type normal - compiles under the iverilog plain-Verilog dialect, parse-level valid 1364-2005
iverilog	ivtest/ivltests/nb_assign.v	pass	must_accept	match	ivtest: regress-vlg.list type normal - compiles under the iverilog plain-Verilog dialect, parse-level valid 1364-2005
iverilog	ivtest/ivltests/nb_delay.v	pass	must_accept	match	ivtest: regress-vlg.list type normal - compiles under the iverilog plain-Verilog dialect, parse-level valid 1364-2005
iverilog	ivtest/ivltests/nb_ec_concat.v	fail	must_accept	divergence:explained_svpp_macro_use	ivtest: regress-vlg.list type normal - compiles under the iverilog plain-Verilog dialect, parse-level valid 1364-2005
iverilog	ivtest/ivltests/nb_ec_multi_ev.v	fail	must_accept	divergence:explained_svpp_macro_use	ivtest: regress-vlg.list type normal - compiles under the iverilog plain-Verilog dialect, parse-level valid 1364-2005
iverilog	ivtest/ivltests/nblkorder.v	pass	must_accept	match	ivtest: regress-vlg.list type normal - compiles under the iverilog plain-Verilog dialect, parse-level valid 1364-2005
iverilog	ivtest/ivltests/negative_genvar.v	pass	must_accept	match	ivtest: regress-vlg.list type normal - compiles under the iverilog plain-Verilog dialect, parse-level valid 1364-2005
iverilog	ivtest/ivltests/negvalue.v	pass	must_accept	match	ivtest: regress-vlg.list type normal - compiles under the iverilog plain-Verilog dialect, parse-level valid 1364-2005
iverilog	ivtest/ivltests/neq1.v	pass	must_accept	match	ivtest: regress-vlg.list type normal - compiles under the iverilog plain-Verilog dialect, parse-level valid 1364-2005
iverilog	ivtest/ivltests/nested_func.v	pass	must_accept	match	ivtest: regress-vlg.list type normal - compiles under the iverilog plain-Verilog dialect, parse-level valid 1364-2005
iverilog	ivtest/ivltests/nested_impl_event1.v	pass	must_accept	match	ivtest: regress-vlg.list type normal - compiles under the iverilog plain-Verilog dialect, parse-level valid 1364-2005
iverilog	ivtest/ivltests/nested_impl_event2.v	pass	must_accept	match	ivtest: regress-vlg.list type normal - compiles under the iverilog plain-Verilog dialect, parse-level valid 1364-2005
iverilog	ivtest/ivltests/no_if_statement.v	pass	must_accept	match	ivtest vlg CE pinned .8c.2: null-statement/empty-connection forms - A.6.4 statement_or_null admits ';' as an if-body and A.4.1 named_port_connection is '. port_identifier ( [ expression ] )' with the expression omissible
iverilog	ivtest/ivltests/no_timescale_in_module.v	fail	must_accept	divergence:unexplained_rejects_valid	ivtest vlg CE pinned .8c.2: directive placement is unrestricted - section 19: 'These directives may appear anywhere in the source description'; 19.8 defines `timescale meaning for the modules that follow and states NO placement shall, so an in-module-body `timescale is not a 1364 error (iverilog strictness) - the parser must tolerate it
iverilog	ivtest/ivltests/npmos.v	pass	must_accept	match	ivtest: regress-vlg.list type normal - compiles under the iverilog plain-Verilog dialect, parse-level valid 1364-2005
iverilog	ivtest/ivltests/npmos2.v	pass	must_accept	match	ivtest: regress-vlg.list type normal - compiles under the iverilog plain-Verilog dialect, parse-level valid 1364-2005
iverilog	ivtest/ivltests/p_monta.v	pass	must_accept	match	ivtest: regress-vlg.list type normal - compiles under the iverilog plain-Verilog dialect, parse-level valid 1364-2005
iverilog	ivtest/ivltests/par_mismatch.v	pass	must_accept	match	ivtest vlg CE pinned .8c.2: specify path width coherence is prose - the parallel-connection width rule is a semantic check; '(in => out) = 2;' is an A.7.2 parallel_path_description
iverilog	ivtest/ivltests/param-extend.v	fail	must_accept	divergence:explained_svpp_conditional	ivtest: regress-vlg.list type normal - compiles under the iverilog plain-Verilog dialect, parse-level valid 1364-2005
iverilog	ivtest/ivltests/param_add.v	pass	must_accept	match	ivtest: regress-vlg.list type normal - compiles under the iverilog plain-Verilog dialect, parse-level valid 1364-2005
iverilog	ivtest/ivltests/param_and.v	pass	must_accept	match	ivtest: regress-vlg.list type normal - compiles under the iverilog plain-Verilog dialect, parse-level valid 1364-2005
iverilog	ivtest/ivltests/param_and2.v	pass	must_accept	match	ivtest: regress-vlg.list type normal - compiles under the iverilog plain-Verilog dialect, parse-level valid 1364-2005
iverilog	ivtest/ivltests/param_band.v	pass	must_accept	match	ivtest: regress-vlg.list type normal - compiles under the iverilog plain-Verilog dialect, parse-level valid 1364-2005
iverilog	ivtest/ivltests/param_binv.v	pass	must_accept	match	ivtest: regress-vlg.list type normal - compiles under the iverilog plain-Verilog dialect, parse-level valid 1364-2005
iverilog	ivtest/ivltests/param_bor.v	pass	must_accept	match	ivtest: regress-vlg.list type normal - compiles under the iverilog plain-Verilog dialect, parse-level valid 1364-2005
iverilog	ivtest/ivltests/param_concat.v	pass	must_accept	match	ivtest: regress-vlg.list type normal - compiles under the iverilog plain-Verilog dialect, parse-level valid 1364-2005
iverilog	ivtest/ivltests/param_eq3.v	pass	must_accept	match	ivtest: regress-vlg.list type normal - compiles under the iverilog plain-Verilog dialect, parse-level valid 1364-2005
iverilog	ivtest/ivltests/param_expr.v	pass	must_accept	match	ivtest: regress-vlg.list type normal - compiles under the iverilog plain-Verilog dialect, parse-level valid 1364-2005
iverilog	ivtest/ivltests/param_mod.v	pass	must_accept	match	ivtest: regress-vlg.list type normal - compiles under the iverilog plain-Verilog dialect, parse-level valid 1364-2005
iverilog	ivtest/ivltests/param_select.v	pass	must_accept	match	ivtest: regress-vlg.list type normal - compiles under the iverilog plain-Verilog dialect, parse-level valid 1364-2005
iverilog	ivtest/ivltests/param_select2.v	pass	must_accept	match	ivtest: regress-vlg.list type normal - compiles under the iverilog plain-Verilog dialect, parse-level valid 1364-2005
iverilog	ivtest/ivltests/param_select3.v	pass	must_accept	match	ivtest: regress-vlg.list type normal - compiles under the iverilog plain-Verilog dialect, parse-level valid 1364-2005
iverilog	ivtest/ivltests/param_string.v	pass	must_accept	match	ivtest: regress-vlg.list type normal - compiles under the iverilog plain-Verilog dialect, parse-level valid 1364-2005
iverilog	ivtest/ivltests/param_tern.v	pass	must_accept	match	ivtest: regress-vlg.list type normal - compiles under the iverilog plain-Verilog dialect, parse-level valid 1364-2005
iverilog	ivtest/ivltests/param_tern2.v	pass	must_accept	match	ivtest: regress-vlg.list type normal - compiles under the iverilog plain-Verilog dialect, parse-level valid 1364-2005
iverilog	ivtest/ivltests/param_test1.v	pass	must_accept	match	ivtest: regress-vlg.list type normal - compiles under the iverilog plain-Verilog dialect, parse-level valid 1364-2005
iverilog	ivtest/ivltests/param_test2.v	fail	must_accept	divergence:explained_svpp_conditional	ivtest: regress-vlg.list type normal - compiles under the iverilog plain-Verilog dialect, parse-level valid 1364-2005
iverilog	ivtest/ivltests/param_test4.v	pass	must_accept	match	ivtest: regress-vlg.list type normal - compiles under the iverilog plain-Verilog dialect, parse-level valid 1364-2005
iverilog	ivtest/ivltests/param_times.v	fail	must_accept	divergence:explained_svpp_macro_use	ivtest: regress-vlg.list type normal - compiles under the iverilog plain-Verilog dialect, parse-level valid 1364-2005
iverilog	ivtest/ivltests/parameter_1bit.v	fail	must_accept	divergence:explained_svpp_macro_use	ivtest: regress-vlg.list type normal - compiles under the iverilog plain-Verilog dialect, parse-level valid 1364-2005
iverilog	ivtest/ivltests/parameter_in_generate1.v	pass	must_reject	divergence:unexplained_accepts_invalid	ivtest vlg CE pinned .8c.2: non-generate items inside a generate block - A.4.2 generate_block holds { module_or_generate_item } and A.1.4 places parameter_declaration, specparam_declaration and specify_block in non_port_module_item ONLY (localparam is the admitted generate-scope form; 1800's generate-scope parameter is the edition contrast)
iverilog	ivtest/ivltests/parameter_override_invalid1.v	pass	must_accept	match	ivtest vlg CE pinned .8c.2: parameter-override resolution semantics - overriding a nonexistent/local/body parameter via #(.) or defparam parses (A.4.1 named_parameter_assignment, A.2.4 defparam_assignment); the override legality is elaboration
iverilog	ivtest/ivltests/parameter_override_invalid2.v	pass	must_accept	match	ivtest vlg CE pinned .8c.2: parameter-override resolution semantics - overriding a nonexistent/local/body parameter via #(.) or defparam parses (A.4.1 named_parameter_assignment, A.2.4 defparam_assignment); the override legality is elaboration
iverilog	ivtest/ivltests/parameter_override_invalid3.v	pass	must_accept	match	ivtest vlg CE pinned .8c.2: parameter-override resolution semantics - overriding a nonexistent/local/body parameter via #(.) or defparam parses (A.4.1 named_parameter_assignment, A.2.4 defparam_assignment); the override legality is elaboration
iverilog	ivtest/ivltests/parameter_override_invalid4.v	pass	must_accept	match	ivtest vlg CE pinned .8c.2: parameter-override resolution semantics - overriding a nonexistent/local/body parameter via #(.) or defparam parses (A.4.1 named_parameter_assignment, A.2.4 defparam_assignment); the override legality is elaboration
iverilog	ivtest/ivltests/parameter_override_invalid5.v	pass	must_accept	match	ivtest vlg CE pinned .8c.2: parameter-override resolution semantics - overriding a nonexistent/local/body parameter via #(.) or defparam parses (A.4.1 named_parameter_assignment, A.2.4 defparam_assignment); the override legality is elaboration
iverilog	ivtest/ivltests/parameter_override_invalid6.v	pass	must_accept	match	ivtest vlg CE pinned .8c.2: parameter-override resolution semantics - overriding a nonexistent/local/body parameter via #(.) or defparam parses (A.4.1 named_parameter_assignment, A.2.4 defparam_assignment); the override legality is elaboration
iverilog	ivtest/ivltests/patch1268.v	pass	must_accept	match	ivtest: regress-vlg.list type normal - compiles under the iverilog plain-Verilog dialect, parse-level valid 1364-2005
iverilog	ivtest/ivltests/pca1.v	pass	must_accept	match	ivtest: regress-vlg.list type normal - compiles under the iverilog plain-Verilog dialect, parse-level valid 1364-2005
iverilog	ivtest/ivltests/port-test2.v	fail	must_accept	divergence:explained_svpp_conditional	ivtest: regress-vlg.list type normal - compiles under the iverilog plain-Verilog dialect, parse-level valid 1364-2005
iverilog	ivtest/ivltests/port-test3.v	pass	must_accept	match	ivtest vlg CE pinned .8c.2: trailing null port + direction semantics - A.1.3 port ::= [ port_expression ] may be EMPTY, so '(a, b, )' is a legal list_of_ports ending in a null port; duplicate port declarations and wrong directions are semantic
iverilog	ivtest/ivltests/port-test4a.v	pass	must_accept	match	ivtest vlg CE pinned .8c.2: trailing null port + direction semantics - A.1.3 port ::= [ port_expression ] may be EMPTY, so '(a, b, )' is a legal list_of_ports ending in a null port; duplicate port declarations and wrong directions are semantic
iverilog	ivtest/ivltests/port-test4b.v	pass	must_accept	match	ivtest vlg CE pinned .8c.2: trailing null port + direction semantics - A.1.3 port ::= [ port_expression ] may be EMPTY, so '(a, b, )' is a legal list_of_ports ending in a null port; duplicate port declarations and wrong directions are semantic
iverilog	ivtest/ivltests/port-test5.v	pass	must_accept	match	ivtest: regress-vlg.list type normal - compiles under the iverilog plain-Verilog dialect, parse-level valid 1364-2005
iverilog	ivtest/ivltests/port-test6.v	pass	must_accept	match	ivtest: regress-vlg.list type normal - compiles under the iverilog plain-Verilog dialect, parse-level valid 1364-2005
iverilog	ivtest/ivltests/port-test7.v	fail	must_accept	divergence:explained_svpp_macro_use	ivtest: regress-vlg.list type normal - compiles under the iverilog plain-Verilog dialect, parse-level valid 1364-2005
iverilog	ivtest/ivltests/posedge.v	pass	must_accept	match	ivtest: regress-vlg.list type normal - compiles under the iverilog plain-Verilog dialect, parse-level valid 1364-2005
iverilog	ivtest/ivltests/pow-ca.v	pass	must_accept	match	ivtest: regress-vlg.list type normal - compiles under the iverilog plain-Verilog dialect, parse-level valid 1364-2005
iverilog	ivtest/ivltests/pow-const.v	pass	must_accept	match	ivtest: regress-vlg.list type normal - compiles under the iverilog plain-Verilog dialect, parse-level valid 1364-2005
iverilog	ivtest/ivltests/pow-proc.v	pass	must_accept	match	ivtest: regress-vlg.list type normal - compiles under the iverilog plain-Verilog dialect, parse-level valid 1364-2005
iverilog	ivtest/ivltests/pow_ca_signed.v	pass	must_accept	match	ivtest: regress-vlg.list type normal - compiles under the iverilog plain-Verilog dialect, parse-level valid 1364-2005
iverilog	ivtest/ivltests/pow_ca_unsigned.v	pass	must_accept	match	ivtest: regress-vlg.list type normal - compiles under the iverilog plain-Verilog dialect, parse-level valid 1364-2005
iverilog	ivtest/ivltests/pow_reg_signed.v	pass	must_accept	match	ivtest: regress-vlg.list type normal - compiles under the iverilog plain-Verilog dialect, parse-level valid 1364-2005
iverilog	ivtest/ivltests/pow_reg_unsigned.v	pass	must_accept	match	ivtest: regress-vlg.list type normal - compiles under the iverilog plain-Verilog dialect, parse-level valid 1364-2005
iverilog	ivtest/ivltests/pow_signed.v	pass	must_accept	match	ivtest: regress-vlg.list type normal - compiles under the iverilog plain-Verilog dialect, parse-level valid 1364-2005
iverilog	ivtest/ivltests/pow_unsigned.v	pass	must_accept	match	ivtest: regress-vlg.list type normal - compiles under the iverilog plain-Verilog dialect, parse-level valid 1364-2005
iverilog	ivtest/ivltests/pr1002.v	pass	must_accept	match	ivtest: regress-vlg.list type normal - compiles under the iverilog plain-Verilog dialect, parse-level valid 1364-2005
iverilog	ivtest/ivltests/pr1002a.v	pass	must_accept	match	ivtest: regress-vlg.list type normal - compiles under the iverilog plain-Verilog dialect, parse-level valid 1364-2005
iverilog	ivtest/ivltests/pr1007.v	pass	must_accept	match	ivtest: regress-vlg.list type normal - compiles under the iverilog plain-Verilog dialect, parse-level valid 1364-2005
iverilog	ivtest/ivltests/pr1008.v	fail	must_accept	divergence:explained_svpp_conditional	ivtest: regress-vlg.list type normal - compiles under the iverilog plain-Verilog dialect, parse-level valid 1364-2005
iverilog	ivtest/ivltests/pr1022.v	pass	must_accept	match	ivtest: regress-vlg.list type normal - compiles under the iverilog plain-Verilog dialect, parse-level valid 1364-2005
iverilog	ivtest/ivltests/pr1024.v	pass	must_accept	match	ivtest: regress-vlg.list type normal - compiles under the iverilog plain-Verilog dialect, parse-level valid 1364-2005
iverilog	ivtest/ivltests/pr1026.v	pass	must_accept	match	ivtest: regress-vlg.list type normal - compiles under the iverilog plain-Verilog dialect, parse-level valid 1364-2005
iverilog	ivtest/ivltests/pr1029.v	fail	must_accept	divergence:explained_svpp_macro_use	ivtest: regress-vlg.list type normal - compiles under the iverilog plain-Verilog dialect, parse-level valid 1364-2005
iverilog	ivtest/ivltests/pr1032.v	fail	must_accept	divergence:unexplained_rejects_valid	ivtest: regress-vlg.list type normal - compiles under the iverilog plain-Verilog dialect, parse-level valid 1364-2005
iverilog	ivtest/ivltests/pr1033.v	pass	must_accept	match	ivtest: regress-vlg.list type normal - compiles under the iverilog plain-Verilog dialect, parse-level valid 1364-2005
iverilog	ivtest/ivltests/pr1065.v	pass	must_accept	match	ivtest: regress-vlg.list type normal - compiles under the iverilog plain-Verilog dialect, parse-level valid 1364-2005
iverilog	ivtest/ivltests/pr1072.v	pass	must_accept	match	ivtest: regress-vlg.list type normal - compiles under the iverilog plain-Verilog dialect, parse-level valid 1364-2005
iverilog	ivtest/ivltests/pr1077.v	pass	must_accept	match	ivtest: regress-vlg.list type normal - compiles under the iverilog plain-Verilog dialect, parse-level valid 1364-2005
iverilog	ivtest/ivltests/pr1087.v	pass	must_accept	match	ivtest: regress-vlg.list type normal - compiles under the iverilog plain-Verilog dialect, parse-level valid 1364-2005
iverilog	ivtest/ivltests/pr1101.v	pass	must_accept	match	ivtest: regress-vlg.list type normal - compiles under the iverilog plain-Verilog dialect, parse-level valid 1364-2005
iverilog	ivtest/ivltests/pr1115.v	pass	must_accept	match	ivtest: regress-vlg.list type normal - compiles under the iverilog plain-Verilog dialect, parse-level valid 1364-2005
iverilog	ivtest/ivltests/pr1353345.v	pass	must_accept	match	ivtest: regress-vlg.list type normal - compiles under the iverilog plain-Verilog dialect, parse-level valid 1364-2005
iverilog	ivtest/ivltests/pr1353345b.v	pass	must_accept	match	ivtest: regress-vlg.list type normal - compiles under the iverilog plain-Verilog dialect, parse-level valid 1364-2005
iverilog	ivtest/ivltests/pr136.v	pass	must_accept	match	ivtest: regress-vlg.list type normal - compiles under the iverilog plain-Verilog dialect, parse-level valid 1364-2005
iverilog	ivtest/ivltests/pr1367855.v	pass	must_accept	match	ivtest: regress-vlg.list type normal - compiles under the iverilog plain-Verilog dialect, parse-level valid 1364-2005
iverilog	ivtest/ivltests/pr1380261.v	pass	must_accept	match	ivtest: regress-vlg.list type normal - compiles under the iverilog plain-Verilog dialect, parse-level valid 1364-2005
iverilog	ivtest/ivltests/pr1403406.v	pass	must_accept	match	ivtest: regress-vlg.list type normal - compiles under the iverilog plain-Verilog dialect, parse-level valid 1364-2005
iverilog	ivtest/ivltests/pr1403406a.v	pass	must_accept	match	ivtest: regress-vlg.list type normal - compiles under the iverilog plain-Verilog dialect, parse-level valid 1364-2005
iverilog	ivtest/ivltests/pr1403406b.v	pass	must_accept	match	ivtest: regress-vlg.list type normal - compiles under the iverilog plain-Verilog dialect, parse-level valid 1364-2005
iverilog	ivtest/ivltests/pr142.v	pass	must_accept	match	ivtest: regress-vlg.list type normal - compiles under the iverilog plain-Verilog dialect, parse-level valid 1364-2005
iverilog	ivtest/ivltests/pr1421777.v	pass	must_accept	match	ivtest: regress-vlg.list type normal - compiles under the iverilog plain-Verilog dialect, parse-level valid 1364-2005
iverilog	ivtest/ivltests/pr1444055.v	pass	must_accept	match	ivtest: regress-vlg.list type normal - compiles under the iverilog plain-Verilog dialect, parse-level valid 1364-2005
iverilog	ivtest/ivltests/pr1449749a.v	pass	must_accept	match	ivtest: regress-vlg.list type normal - compiles under the iverilog plain-Verilog dialect, parse-level valid 1364-2005
iverilog	ivtest/ivltests/pr1455873.v	pass	must_accept	match	ivtest: regress-vlg.list type normal - compiles under the iverilog plain-Verilog dialect, parse-level valid 1364-2005
iverilog	ivtest/ivltests/pr1465769.v	pass	must_accept	match	ivtest: regress-vlg.list type normal - compiles under the iverilog plain-Verilog dialect, parse-level valid 1364-2005
iverilog	ivtest/ivltests/pr1467825.v	pass	must_accept	match	ivtest: regress-vlg.list type CO - compiles under the iverilog plain-Verilog dialect, parse-level valid 1364-2005
iverilog	ivtest/ivltests/pr1474283.v	pass	must_accept	match	ivtest: regress-vlg.list type normal - compiles under the iverilog plain-Verilog dialect, parse-level valid 1364-2005
iverilog	ivtest/ivltests/pr1474316.v	pass	must_accept	match	ivtest: regress-vlg.list type normal - compiles under the iverilog plain-Verilog dialect, parse-level valid 1364-2005
iverilog	ivtest/ivltests/pr1474318.v	pass	must_accept	match	ivtest: regress-vlg.list type normal - compiles under the iverilog plain-Verilog dialect, parse-level valid 1364-2005
iverilog	ivtest/ivltests/pr1476440.v	pass	must_accept	match	ivtest: regress-vlg.list type normal - compiles under the iverilog plain-Verilog dialect, parse-level valid 1364-2005
iverilog	ivtest/ivltests/pr1477190.v	pass	must_accept	match	ivtest: regress-vlg.list type normal - compiles under the iverilog plain-Verilog dialect, parse-level valid 1364-2005
iverilog	ivtest/ivltests/pr1478121.v	pass	must_accept	match	ivtest: regress-vlg.list type normal - compiles under the iverilog plain-Verilog dialect, parse-level valid 1364-2005
iverilog	ivtest/ivltests/pr1478988.v	pass	must_accept	match	ivtest: regress-vlg.list type normal - compiles under the iverilog plain-Verilog dialect, parse-level valid 1364-2005
iverilog	ivtest/ivltests/pr1489568.v	pass	must_accept	match	ivtest: regress-vlg.list type normal - compiles under the iverilog plain-Verilog dialect, parse-level valid 1364-2005
iverilog	ivtest/ivltests/pr1489570.v	pass	must_accept	match	ivtest: regress-vlg.list type normal - compiles under the iverilog plain-Verilog dialect, parse-level valid 1364-2005
iverilog	ivtest/ivltests/pr1491355.v	pass	must_accept	match	ivtest: regress-vlg.list type normal - compiles under the iverilog plain-Verilog dialect, parse-level valid 1364-2005
iverilog	ivtest/ivltests/pr1492075.v	pass	must_accept	match	ivtest: regress-vlg.list type normal - compiles under the iverilog plain-Verilog dialect, parse-level valid 1364-2005
iverilog	ivtest/ivltests/pr1508882.v	pass	must_accept	match	ivtest: regress-vlg.list type normal - compiles under the iverilog plain-Verilog dialect, parse-level valid 1364-2005
iverilog	ivtest/ivltests/pr1510724.v	pass	must_accept	match	ivtest: regress-vlg.list type normal - compiles under the iverilog plain-Verilog dialect, parse-level valid 1364-2005
iverilog	ivtest/ivltests/pr1515168.v	pass	must_accept	match	ivtest: regress-vlg.list type normal - compiles under the iverilog plain-Verilog dialect, parse-level valid 1364-2005
iverilog	ivtest/ivltests/pr1520314.v	fail	must_accept	divergence:unexplained_rejects_valid	ivtest: regress-vlg.list type CO - compiles under the iverilog plain-Verilog dialect, parse-level valid 1364-2005
iverilog	ivtest/ivltests/pr1522570.v	pass	must_accept	match	ivtest: regress-vlg.list type normal - compiles under the iverilog plain-Verilog dialect, parse-level valid 1364-2005
iverilog	ivtest/ivltests/pr1530426.v	pass	must_accept	match	ivtest: regress-vlg.list type normal - compiles under the iverilog plain-Verilog dialect, parse-level valid 1364-2005
iverilog	ivtest/ivltests/pr1561597.v	pass	must_accept	match	ivtest: regress-vlg.list type normal - compiles under the iverilog plain-Verilog dialect, parse-level valid 1364-2005
iverilog	ivtest/ivltests/pr1565544.v	pass	must_accept	match	ivtest: regress-vlg.list type normal - compiles under the iverilog plain-Verilog dialect, parse-level valid 1364-2005
iverilog	ivtest/ivltests/pr1565699b.v	pass	must_accept	match	ivtest: regress-vlg.list type normal - compiles under the iverilog plain-Verilog dialect, parse-level valid 1364-2005
iverilog	ivtest/ivltests/pr1570451.v	pass	must_accept	match	ivtest: regress-vlg.list type normal - compiles under the iverilog plain-Verilog dialect, parse-level valid 1364-2005
iverilog	ivtest/ivltests/pr1570451b.v	pass	must_accept	match	ivtest: regress-vlg.list type normal - compiles under the iverilog plain-Verilog dialect, parse-level valid 1364-2005
iverilog	ivtest/ivltests/pr1570635.v	pass	must_accept	match	ivtest: regress-vlg.list type normal - compiles under the iverilog plain-Verilog dialect, parse-level valid 1364-2005
iverilog	ivtest/ivltests/pr1570635b.v	pass	must_accept	match	ivtest: regress-vlg.list type normal - compiles under the iverilog plain-Verilog dialect, parse-level valid 1364-2005
iverilog	ivtest/ivltests/pr1574175.v	pass	must_accept	match	ivtest: regress-vlg.list type normal - compiles under the iverilog plain-Verilog dialect, parse-level valid 1364-2005
iverilog	ivtest/ivltests/pr1581580.v	pass	must_accept	match	ivtest: regress-vlg.list type normal - compiles under the iverilog plain-Verilog dialect, parse-level valid 1364-2005
iverilog	ivtest/ivltests/pr1587634.v	pass	must_accept	match	ivtest: regress-vlg.list type CO - compiles under the iverilog plain-Verilog dialect, parse-level valid 1364-2005
iverilog	ivtest/ivltests/pr1587669.v	pass	must_accept	match	ivtest: regress-vlg.list type normal - compiles under the iverilog plain-Verilog dialect, parse-level valid 1364-2005
iverilog	ivtest/ivltests/pr1589497.v	pass	must_accept	match	ivtest: regress-vlg.list type normal - compiles under the iverilog plain-Verilog dialect, parse-level valid 1364-2005
iverilog	ivtest/ivltests/pr1598445.v	pass	must_accept	match	ivtest: regress-vlg.list type normal - compiles under the iverilog plain-Verilog dialect, parse-level valid 1364-2005
iverilog	ivtest/ivltests/pr1601896.v	pass	must_accept	match	ivtest: regress-vlg.list type normal - compiles under the iverilog plain-Verilog dialect, parse-level valid 1364-2005
iverilog	ivtest/ivltests/pr1601898.v	pass	must_accept	match	ivtest: regress-vlg.list type normal - compiles under the iverilog plain-Verilog dialect, parse-level valid 1364-2005
iverilog	ivtest/ivltests/pr1603313.v	pass	must_accept	match	ivtest: regress-vlg.list type normal - compiles under the iverilog plain-Verilog dialect, parse-level valid 1364-2005
iverilog	ivtest/ivltests/pr1603918.v	pass	must_accept	match	ivtest: regress-vlg.list type normal - compiles under the iverilog plain-Verilog dialect, parse-level valid 1364-2005
iverilog	ivtest/ivltests/pr1612693.v	pass	must_accept	match	ivtest: regress-vlg.list type normal - compiles under the iverilog plain-Verilog dialect, parse-level valid 1364-2005
iverilog	ivtest/ivltests/pr1623097.v	pass	must_accept	match	ivtest: regress-vlg.list type normal - compiles under the iverilog plain-Verilog dialect, parse-level valid 1364-2005
iverilog	ivtest/ivltests/pr1625912.v	pass	must_accept	match	ivtest: regress-vlg.list type normal - compiles under the iverilog plain-Verilog dialect, parse-level valid 1364-2005
iverilog	ivtest/ivltests/pr1628288.v	pass	must_accept	match	ivtest: regress-vlg.list type normal - compiles under the iverilog plain-Verilog dialect, parse-level valid 1364-2005
iverilog	ivtest/ivltests/pr1628300.v	pass	must_accept	match	ivtest: regress-vlg.list type normal - compiles under the iverilog plain-Verilog dialect, parse-level valid 1364-2005
iverilog	ivtest/ivltests/pr1629683.v	pass	must_accept	match	ivtest: regress-vlg.list type normal - compiles under the iverilog plain-Verilog dialect, parse-level valid 1364-2005
iverilog	ivtest/ivltests/pr1632861.v	pass	must_accept	match	ivtest: regress-vlg.list type normal - compiles under the iverilog plain-Verilog dialect, parse-level valid 1364-2005
iverilog	ivtest/ivltests/pr1634526.v	pass	must_accept	match	ivtest: regress-vlg.list type normal - compiles under the iverilog plain-Verilog dialect, parse-level valid 1364-2005
iverilog	ivtest/ivltests/pr1636409.v	pass	must_accept	match	ivtest: regress-vlg.list type normal - compiles under the iverilog plain-Verilog dialect, parse-level valid 1364-2005
iverilog	ivtest/ivltests/pr1637208.v	pass	must_accept	match	ivtest: regress-vlg.list type normal - compiles under the iverilog plain-Verilog dialect, parse-level valid 1364-2005
iverilog	ivtest/ivltests/pr1638985.v	pass	must_accept	match	ivtest: regress-vlg.list type normal - compiles under the iverilog plain-Verilog dialect, parse-level valid 1364-2005
iverilog	ivtest/ivltests/pr1639060.v	pass	must_accept	match	ivtest: regress-vlg.list type normal - compiles under the iverilog plain-Verilog dialect, parse-level valid 1364-2005
iverilog	ivtest/ivltests/pr1639064.v	pass	must_accept	match	ivtest: regress-vlg.list type normal - compiles under the iverilog plain-Verilog dialect, parse-level valid 1364-2005
iverilog	ivtest/ivltests/pr1639064b.v	pass	must_accept	match	ivtest: regress-vlg.list type normal - compiles under the iverilog plain-Verilog dialect, parse-level valid 1364-2005
iverilog	ivtest/ivltests/pr1639968.v	pass	must_accept	match	ivtest: regress-vlg.list type normal - compiles under the iverilog plain-Verilog dialect, parse-level valid 1364-2005
iverilog	ivtest/ivltests/pr1639971.v	pass	must_accept	match	ivtest: regress-vlg.list type normal - compiles under the iverilog plain-Verilog dialect, parse-level valid 1364-2005
iverilog	ivtest/ivltests/pr1645277.v	pass	must_accept	match	ivtest: regress-vlg.list type normal - compiles under the iverilog plain-Verilog dialect, parse-level valid 1364-2005
iverilog	ivtest/ivltests/pr1645518.v	pass	must_accept	match	ivtest: regress-vlg.list type normal - compiles under the iverilog plain-Verilog dialect, parse-level valid 1364-2005
iverilog	ivtest/ivltests/pr1648365.v	pass	must_accept	match	ivtest: regress-vlg.list type normal - compiles under the iverilog plain-Verilog dialect, parse-level valid 1364-2005
iverilog	ivtest/ivltests/pr1650842.v	pass	must_accept	match	ivtest: regress-vlg.list type normal - compiles under the iverilog plain-Verilog dialect, parse-level valid 1364-2005
iverilog	ivtest/ivltests/pr1657307.v	pass	must_accept	match	ivtest: regress-vlg.list type normal - compiles under the iverilog plain-Verilog dialect, parse-level valid 1364-2005
iverilog	ivtest/ivltests/pr1661640.v	pass	must_accept	match	ivtest: regress-vlg.list type normal - compiles under the iverilog plain-Verilog dialect, parse-level valid 1364-2005
iverilog	ivtest/ivltests/pr1662508.v	pass	must_accept	match	ivtest: regress-vlg.list type normal - compiles under the iverilog plain-Verilog dialect, parse-level valid 1364-2005
iverilog	ivtest/ivltests/pr1664684.v	fail	must_accept	divergence:unexplained_rejects_valid	ivtest: regress-vlg.list type normal - compiles under the iverilog plain-Verilog dialect, parse-level valid 1364-2005
iverilog	ivtest/ivltests/pr1675789.v	pass	must_accept	match	ivtest: regress-vlg.list type normal - compiles under the iverilog plain-Verilog dialect, parse-level valid 1364-2005
iverilog	ivtest/ivltests/pr1675789b.v	pass	must_accept	match	ivtest: regress-vlg.list type normal - compiles under the iverilog plain-Verilog dialect, parse-level valid 1364-2005
iverilog	ivtest/ivltests/pr1676071.v	fail	must_accept	divergence:explained_svpp_conditional	ivtest: regress-vlg.list type normal - compiles under the iverilog plain-Verilog dialect, parse-level valid 1364-2005
iverilog	ivtest/ivltests/pr1676836.v	fail	must_accept	divergence:explained_svpp_conditional	ivtest: regress-vlg.list type normal - compiles under the iverilog plain-Verilog dialect, parse-level valid 1364-2005
iverilog	ivtest/ivltests/pr1682887.v	pass	must_accept	match	ivtest: regress-vlg.list type normal - compiles under the iverilog plain-Verilog dialect, parse-level valid 1364-2005
iverilog	ivtest/ivltests/pr1687193.v	fail	must_accept	divergence:explained_svpp_macro_use	ivtest: regress-vlg.list type normal - compiles under the iverilog plain-Verilog dialect, parse-level valid 1364-2005
iverilog	ivtest/ivltests/pr1688717.v	pass	must_accept	match	ivtest: regress-vlg.list type normal - compiles under the iverilog plain-Verilog dialect, parse-level valid 1364-2005
iverilog	ivtest/ivltests/pr1690058.v	pass	must_accept	match	ivtest: regress-vlg.list type normal - compiles under the iverilog plain-Verilog dialect, parse-level valid 1364-2005
iverilog	ivtest/ivltests/pr1691599b.v	pass	must_accept	match	ivtest: regress-vlg.list type normal - compiles under the iverilog plain-Verilog dialect, parse-level valid 1364-2005
iverilog	ivtest/ivltests/pr1691709.v	pass	must_accept	match	ivtest: regress-vlg.list type normal - compiles under the iverilog plain-Verilog dialect, parse-level valid 1364-2005
iverilog	ivtest/ivltests/pr1693890.v	pass	must_accept	match	ivtest: regress-vlg.list type normal - compiles under the iverilog plain-Verilog dialect, parse-level valid 1364-2005
iverilog	ivtest/ivltests/pr1693921.v	pass	must_accept	match	ivtest: regress-vlg.list type normal - compiles under the iverilog plain-Verilog dialect, parse-level valid 1364-2005
iverilog	ivtest/ivltests/pr1694413.v	pass	must_accept	match	ivtest: regress-vlg.list type normal - compiles under the iverilog plain-Verilog dialect, parse-level valid 1364-2005
iverilog	ivtest/ivltests/pr1694427.v	pass	must_accept	match	ivtest: regress-vlg.list type normal - compiles under the iverilog plain-Verilog dialect, parse-level valid 1364-2005
iverilog	ivtest/ivltests/pr1695257.v	pass	must_accept	match	ivtest: regress-vlg.list type CO - compiles under the iverilog plain-Verilog dialect, parse-level valid 1364-2005
iverilog	ivtest/ivltests/pr1695309.v	pass	must_accept	match	ivtest: regress-vlg.list type normal - compiles under the iverilog plain-Verilog dialect, parse-level valid 1364-2005
iverilog	ivtest/ivltests/pr1695322.v	pass	must_accept	match	ivtest: regress-vlg.list type normal - compiles under the iverilog plain-Verilog dialect, parse-level valid 1364-2005
iverilog	ivtest/ivltests/pr1695334.v	pass	must_accept	match	ivtest: regress-vlg.list type normal - compiles under the iverilog plain-Verilog dialect, parse-level valid 1364-2005
iverilog	ivtest/ivltests/pr1696137.v	pass	must_accept	match	ivtest: regress-vlg.list type normal - compiles under the iverilog plain-Verilog dialect, parse-level valid 1364-2005
iverilog	ivtest/ivltests/pr1697250.v	pass	must_accept	match	ivtest: regress-vlg.list type normal - compiles under the iverilog plain-Verilog dialect, parse-level valid 1364-2005
iverilog	ivtest/ivltests/pr1697732.v	pass	must_accept	match	ivtest: regress-vlg.list type normal - compiles under the iverilog plain-Verilog dialect, parse-level valid 1364-2005
iverilog	ivtest/ivltests/pr1698499.v	pass	must_accept	match	ivtest: regress-vlg.list type normal - compiles under the iverilog plain-Verilog dialect, parse-level valid 1364-2005
iverilog	ivtest/ivltests/pr1698658.v	pass	must_accept	match	ivtest: regress-vlg.list type normal - compiles under the iverilog plain-Verilog dialect, parse-level valid 1364-2005
iverilog	ivtest/ivltests/pr1698659.v	pass	must_accept	match	ivtest: regress-vlg.list type normal - compiles under the iverilog plain-Verilog dialect, parse-level valid 1364-2005
iverilog	ivtest/ivltests/pr1698820.v	pass	must_accept	match	ivtest: regress-vlg.list type normal - compiles under the iverilog plain-Verilog dialect, parse-level valid 1364-2005
iverilog	ivtest/ivltests/pr1699444.v	pass	must_accept	match	ivtest: regress-vlg.list type normal - compiles under the iverilog plain-Verilog dialect, parse-level valid 1364-2005
iverilog	ivtest/ivltests/pr1699519.v	pass	must_accept	match	ivtest: regress-vlg.list type normal - compiles under the iverilog plain-Verilog dialect, parse-level valid 1364-2005
iverilog	ivtest/ivltests/pr1701855.v	pass	must_accept	match	ivtest: regress-vlg.list type normal - compiles under the iverilog plain-Verilog dialect, parse-level valid 1364-2005
iverilog	ivtest/ivltests/pr1701855b.v	pass	must_accept	match	ivtest: regress-vlg.list type normal - compiles under the iverilog plain-Verilog dialect, parse-level valid 1364-2005
iverilog	ivtest/ivltests/pr1701889.v	pass	must_accept	match	ivtest: regress-vlg.list type normal - compiles under the iverilog plain-Verilog dialect, parse-level valid 1364-2005
iverilog	ivtest/ivltests/pr1701921.v	pass	must_accept	match	ivtest: regress-vlg.list type normal - compiles under the iverilog plain-Verilog dialect, parse-level valid 1364-2005
iverilog	ivtest/ivltests/pr1702593.v	pass	must_accept	match	ivtest: regress-vlg.list type normal - compiles under the iverilog plain-Verilog dialect, parse-level valid 1364-2005
iverilog	ivtest/ivltests/pr1703120.v	pass	must_accept	match	ivtest: regress-vlg.list type normal - compiles under the iverilog plain-Verilog dialect, parse-level valid 1364-2005
iverilog	ivtest/ivltests/pr1703346.v	fail	must_accept	divergence:unexplained_rejects_valid	ivtest: regress-vlg.list type normal - compiles under the iverilog plain-Verilog dialect, parse-level valid 1364-2005
iverilog	ivtest/ivltests/pr1703959.v	pass	must_accept	match	ivtest: regress-vlg.list type normal - compiles under the iverilog plain-Verilog dialect, parse-level valid 1364-2005
iverilog	ivtest/ivltests/pr1704013.v	pass	must_accept	match	ivtest vlg CE pinned .8c.2: duplicate-name/link semantics - duplicate identifiers in one declaration list, duplicate module definitions, duplicate scope names and port-vs-variable redeclaration pairs are each BNF-valid declaration sequences; the clash is semantic
iverilog	ivtest/ivltests/pr1704726a.v	fail	must_accept	divergence:unexplained_rejects_valid	ivtest: vlg CE but golden pr1704726a.gold shows only post-parse errors - syntax itself valid
iverilog	ivtest/ivltests/pr1704726b.v	pass	must_accept	match	ivtest: regress-vlg.list type normal - compiles under the iverilog plain-Verilog dialect, parse-level valid 1364-2005
iverilog	ivtest/ivltests/pr1704726c.v	fail	must_accept	divergence:unexplained_rejects_valid	ivtest: vlg CE but golden pr1704726c.gold shows only post-parse errors - syntax itself valid
iverilog	ivtest/ivltests/pr1704726d.v	fail	must_accept	divergence:unexplained_rejects_valid	ivtest: vlg CE but golden pr1704726d.gold shows only post-parse errors - syntax itself valid
iverilog	ivtest/ivltests/pr1705027.v	pass	must_accept	match	ivtest: regress-vlg.list type CO - compiles under the iverilog plain-Verilog dialect, parse-level valid 1364-2005
iverilog	ivtest/ivltests/pr1716276.v	fail	must_accept	divergence:unexplained_rejects_valid	ivtest: regress-vlg.list type normal - compiles under the iverilog plain-Verilog dialect, parse-level valid 1364-2005
iverilog	ivtest/ivltests/pr1717361.v	pass	must_accept	match	ivtest: regress-vlg.list type normal - compiles under the iverilog plain-Verilog dialect, parse-level valid 1364-2005
iverilog	ivtest/ivltests/pr1719055.v	pass	must_accept	match	ivtest: regress-vlg.list type normal - compiles under the iverilog plain-Verilog dialect, parse-level valid 1364-2005
iverilog	ivtest/ivltests/pr1723367.v	pass	must_accept	match	ivtest: regress-vlg.list type normal - compiles under the iverilog plain-Verilog dialect, parse-level valid 1364-2005
iverilog	ivtest/ivltests/pr1735724.v	pass	must_accept	match	ivtest vlg CE pinned .8c.2: lvalue-select stage rules (the .8c.1 12.3.3 semantic-stage mirror) - A.8.5 variable_lvalue/net_lvalue admit bit/word/part selects (range_expression msb:lsb and +:/-: forms; identifiers in constant_expression slots are denotation-blind), and A.8.4 primary admits 'identifier [ range_expression ]'; the procedural-continuous/force lvalue-class and memory-select bans are 9.3 prose
iverilog	ivtest/ivltests/pr1735822.v	pass	must_accept	match	ivtest: regress-vlg.list type normal - compiles under the iverilog plain-Verilog dialect, parse-level valid 1364-2005
iverilog	ivtest/ivltests/pr1735836.v	pass	must_accept	match	ivtest: regress-vlg.list type normal - compiles under the iverilog plain-Verilog dialect, parse-level valid 1364-2005
iverilog	ivtest/ivltests/pr1740476b.v	pass	must_accept	match	ivtest: regress-vlg.list type normal - compiles under the iverilog plain-Verilog dialect, parse-level valid 1364-2005
iverilog	ivtest/ivltests/pr1742910.v	fail	must_accept	divergence:explained_svpp_conditional	ivtest: regress-vlg.list type normal - compiles under the iverilog plain-Verilog dialect, parse-level valid 1364-2005
iverilog	ivtest/ivltests/pr1745005.v	pass	must_accept	match	ivtest: regress-vlg.list type normal - compiles under the iverilog plain-Verilog dialect, parse-level valid 1364-2005
iverilog	ivtest/ivltests/pr1746401.v	pass	must_accept	match	ivtest: regress-vlg.list type normal - compiles under the iverilog plain-Verilog dialect, parse-level valid 1364-2005
iverilog	ivtest/ivltests/pr1746848.v	pass	must_accept	match	ivtest: regress-vlg.list type normal - compiles under the iverilog plain-Verilog dialect, parse-level valid 1364-2005
iverilog	ivtest/ivltests/pr1752353.v	pass	must_accept	match	ivtest: regress-vlg.list type normal - compiles under the iverilog plain-Verilog dialect, parse-level valid 1364-2005
iverilog	ivtest/ivltests/pr1752823a.v	pass	must_accept	match	ivtest: regress-vlg.list type normal - compiles under the iverilog plain-Verilog dialect, parse-level valid 1364-2005
iverilog	ivtest/ivltests/pr1752823b.v	pass	must_accept	match	ivtest: regress-vlg.list type normal - compiles under the iverilog plain-Verilog dialect, parse-level valid 1364-2005
iverilog	ivtest/ivltests/pr1755593.v	pass	must_accept	match	ivtest: regress-vlg.list type normal - compiles under the iverilog plain-Verilog dialect, parse-level valid 1364-2005
iverilog	ivtest/ivltests/pr1755629.v	pass	must_accept	match	ivtest: regress-vlg.list type normal - compiles under the iverilog plain-Verilog dialect, parse-level valid 1364-2005
iverilog	ivtest/ivltests/pr1758122.v	pass	must_accept	match	ivtest: regress-vlg.list type normal - compiles under the iverilog plain-Verilog dialect, parse-level valid 1364-2005
iverilog	ivtest/ivltests/pr1758135.v	pass	must_accept	match	ivtest: regress-vlg.list type normal - compiles under the iverilog plain-Verilog dialect, parse-level valid 1364-2005
iverilog	ivtest/ivltests/pr1763333.v	fail	must_reject	match	ivtest vlg CE pinned .8c.2: gate-instance terminal arity/emptiness - A.3.1 n_output_gate_instance requires '( output_terminal { , output_terminal } , input_terminal )' (>= 2 terminals for buf/not) and A.3.3 terminals are net_lvalues/expressions which are never empty; br_gh152 additionally has an unclosed instance parenthesis with a keyword in terminal position
iverilog	ivtest/ivltests/pr1770199.v	fail	must_accept	divergence:unexplained_rejects_valid	ivtest: regress-vlg.list type normal - compiles under the iverilog plain-Verilog dialect, parse-level valid 1364-2005
iverilog	ivtest/ivltests/pr1776485.v	pass	must_accept	match	ivtest: regress-vlg.list type normal - compiles under the iverilog plain-Verilog dialect, parse-level valid 1364-2005
iverilog	ivtest/ivltests/pr1777103.v	pass	must_accept	match	ivtest: regress-vlg.list type normal - compiles under the iverilog plain-Verilog dialect, parse-level valid 1364-2005
iverilog	ivtest/ivltests/pr1780480.v	pass	must_accept	match	ivtest: regress-vlg.list type normal - compiles under the iverilog plain-Verilog dialect, parse-level valid 1364-2005
iverilog	ivtest/ivltests/pr1784984.v	pass	must_accept	match	ivtest: regress-vlg.list type normal - compiles under the iverilog plain-Verilog dialect, parse-level valid 1364-2005
iverilog	ivtest/ivltests/pr1787394a.v	pass	must_accept	match	ivtest: regress-vlg.list type normal - compiles under the iverilog plain-Verilog dialect, parse-level valid 1364-2005
iverilog	ivtest/ivltests/pr1787394b.v	pass	must_accept	match	ivtest: regress-vlg.list type normal - compiles under the iverilog plain-Verilog dialect, parse-level valid 1364-2005
iverilog	ivtest/ivltests/pr1787423.v	pass	must_accept	match	ivtest: regress-vlg.list type normal - compiles under the iverilog plain-Verilog dialect, parse-level valid 1364-2005
iverilog	ivtest/ivltests/pr1787423b.v	pass	must_accept	match	ivtest: regress-vlg.list type normal - compiles under the iverilog plain-Verilog dialect, parse-level valid 1364-2005
iverilog	ivtest/ivltests/pr1787423c.v	pass	must_accept	match	ivtest: regress-vlg.list type normal - compiles under the iverilog plain-Verilog dialect, parse-level valid 1364-2005
iverilog	ivtest/ivltests/pr1792108.v	pass	must_accept	match	ivtest: regress-vlg.list type normal - compiles under the iverilog plain-Verilog dialect, parse-level valid 1364-2005
iverilog	ivtest/ivltests/pr1792152.v	pass	must_accept	match	ivtest: regress-vlg.list type normal - compiles under the iverilog plain-Verilog dialect, parse-level valid 1364-2005
iverilog	ivtest/ivltests/pr1792734.v	pass	must_accept	match	ivtest: regress-vlg.list type normal - compiles under the iverilog plain-Verilog dialect, parse-level valid 1364-2005
iverilog	ivtest/ivltests/pr1793157.v	pass	must_accept	match	ivtest: regress-vlg.list type normal - compiles under the iverilog plain-Verilog dialect, parse-level valid 1364-2005
iverilog	ivtest/ivltests/pr1794362.v	pass	must_accept	match	ivtest: regress-vlg.list type normal - compiles under the iverilog plain-Verilog dialect, parse-level valid 1364-2005
iverilog	ivtest/ivltests/pr1795005a.v	pass	must_accept	match	ivtest: regress-vlg.list type normal - compiles under the iverilog plain-Verilog dialect, parse-level valid 1364-2005
iverilog	ivtest/ivltests/pr1795005b.v	pass	must_accept	match	ivtest: regress-vlg.list type normal - compiles under the iverilog plain-Verilog dialect, parse-level valid 1364-2005
iverilog	ivtest/ivltests/pr1799904.v	pass	must_accept	match	ivtest: regress-vlg.list type normal - compiles under the iverilog plain-Verilog dialect, parse-level valid 1364-2005
iverilog	ivtest/ivltests/pr1804877.v	pass	must_accept	match	ivtest: regress-vlg.list type normal - compiles under the iverilog plain-Verilog dialect, parse-level valid 1364-2005
iverilog	ivtest/ivltests/pr1805837.v	pass	must_accept	match	ivtest: regress-vlg.list type normal - compiles under the iverilog plain-Verilog dialect, parse-level valid 1364-2005
iverilog	ivtest/ivltests/pr1812297.v	pass	must_accept	match	ivtest: regress-vlg.list type normal - compiles under the iverilog plain-Verilog dialect, parse-level valid 1364-2005
iverilog	ivtest/ivltests/pr1819452.v	pass	must_accept	match	ivtest: regress-vlg.list type normal - compiles under the iverilog plain-Verilog dialect, parse-level valid 1364-2005
iverilog	ivtest/ivltests/pr1820472.v	pass	must_accept	match	ivtest: regress-vlg.list type normal - compiles under the iverilog plain-Verilog dialect, parse-level valid 1364-2005
iverilog	ivtest/ivltests/pr1822658.v	fail	must_accept	divergence:explained_svpp_macro_use	ivtest: regress-vlg.list type normal - compiles under the iverilog plain-Verilog dialect, parse-level valid 1364-2005
iverilog	ivtest/ivltests/pr1823732.v	pass	must_accept	match	ivtest: regress-vlg.list type normal - compiles under the iverilog plain-Verilog dialect, parse-level valid 1364-2005
iverilog	ivtest/ivltests/pr1828642.v	pass	must_accept	match	ivtest: regress-vlg.list type normal - compiles under the iverilog plain-Verilog dialect, parse-level valid 1364-2005
iverilog	ivtest/ivltests/pr183.v	pass	must_accept	match	ivtest: regress-vlg.list type CO - compiles under the iverilog plain-Verilog dialect, parse-level valid 1364-2005
iverilog	ivtest/ivltests/pr1830834.v	pass	must_accept	match	ivtest: regress-vlg.list type normal - compiles under the iverilog plain-Verilog dialect, parse-level valid 1364-2005
iverilog	ivtest/ivltests/pr1831724.v	pass	must_accept	match	ivtest: regress-vlg.list type normal - compiles under the iverilog plain-Verilog dialect, parse-level valid 1364-2005
iverilog	ivtest/ivltests/pr1832097a.v	pass	must_accept	match	ivtest: regress-vlg.list type normal - compiles under the iverilog plain-Verilog dialect, parse-level valid 1364-2005
iverilog	ivtest/ivltests/pr1832097b.v	pass	must_accept	match	ivtest: regress-vlg.list type normal - compiles under the iverilog plain-Verilog dialect, parse-level valid 1364-2005
iverilog	ivtest/ivltests/pr1833024.v	pass	must_accept	match	ivtest: vlg CE but golden pr1833024.gold shows only post-parse errors - syntax itself valid
iverilog	ivtest/ivltests/pr1833754.v	pass	must_accept	match	ivtest vlg CE pinned .8c.2: duplicate-name/link semantics - duplicate identifiers in one declaration list, duplicate module definitions, duplicate scope names and port-vs-variable redeclaration pairs are each BNF-valid declaration sequences; the clash is semantic
iverilog	ivtest/ivltests/pr1841300.v	pass	must_accept	match	ivtest: regress-vlg.list type normal - compiles under the iverilog plain-Verilog dialect, parse-level valid 1364-2005
iverilog	ivtest/ivltests/pr1845683.v	pass	must_accept	match	ivtest: regress-vlg.list type normal - compiles under the iverilog plain-Verilog dialect, parse-level valid 1364-2005
iverilog	ivtest/ivltests/pr1851310.v	pass	must_accept	match	ivtest: regress-vlg.list type normal - compiles under the iverilog plain-Verilog dialect, parse-level valid 1364-2005
iverilog	ivtest/ivltests/pr1855504.v	pass	must_accept	match	ivtest: regress-vlg.list type normal - compiles under the iverilog plain-Verilog dialect, parse-level valid 1364-2005
iverilog	ivtest/ivltests/pr1861212a.v	pass	must_accept	match	ivtest: regress-vlg.list type normal - compiles under the iverilog plain-Verilog dialect, parse-level valid 1364-2005
iverilog	ivtest/ivltests/pr1862744a.v	pass	must_accept	match	ivtest: regress-vlg.list type normal - compiles under the iverilog plain-Verilog dialect, parse-level valid 1364-2005
iverilog	ivtest/ivltests/pr1862744b.v	pass	must_accept	match	ivtest: vlg CE but golden pr1862744b.gold shows only post-parse errors - syntax itself valid
iverilog	ivtest/ivltests/pr1866215.v	pass	must_accept	match	ivtest: regress-vlg.list type normal - compiles under the iverilog plain-Verilog dialect, parse-level valid 1364-2005
iverilog	ivtest/ivltests/pr1866215b.v	pass	must_accept	match	ivtest: regress-vlg.list type normal - compiles under the iverilog plain-Verilog dialect, parse-level valid 1364-2005
iverilog	ivtest/ivltests/pr1867161a.v	pass	must_accept	match	ivtest: regress-vlg.list type normal - compiles under the iverilog plain-Verilog dialect, parse-level valid 1364-2005
iverilog	ivtest/ivltests/pr1867161b.v	pass	must_accept	match	ivtest: regress-vlg.list type normal - compiles under the iverilog plain-Verilog dialect, parse-level valid 1364-2005
iverilog	ivtest/ivltests/pr1867332.v	fail	must_accept	divergence:unexplained_rejects_valid	ivtest: regress-vlg.list type CO - compiles under the iverilog plain-Verilog dialect, parse-level valid 1364-2005
iverilog	ivtest/ivltests/pr1868792.v	pass	must_accept	match	ivtest: regress-vlg.list type normal - compiles under the iverilog plain-Verilog dialect, parse-level valid 1364-2005
iverilog	ivtest/ivltests/pr1868991a.v	pass	must_accept	match	ivtest: regress-vlg.list type normal - compiles under the iverilog plain-Verilog dialect, parse-level valid 1364-2005
iverilog	ivtest/ivltests/pr1868991b.v	pass	must_accept	match	ivtest: regress-vlg.list type CO - compiles under the iverilog plain-Verilog dialect, parse-level valid 1364-2005
iverilog	ivtest/ivltests/pr1869769.v	pass	must_accept	match	ivtest: regress-vlg.list type normal - compiles under the iverilog plain-Verilog dialect, parse-level valid 1364-2005
iverilog	ivtest/ivltests/pr1869772.v	pass	must_accept	match	ivtest: regress-vlg.list type normal - compiles under the iverilog plain-Verilog dialect, parse-level valid 1364-2005
iverilog	ivtest/ivltests/pr1869781.v	pass	must_accept	match	ivtest: regress-vlg.list type normal - compiles under the iverilog plain-Verilog dialect, parse-level valid 1364-2005
iverilog	ivtest/ivltests/pr1873146.v	pass	must_accept	match	ivtest: regress-vlg.list type normal - compiles under the iverilog plain-Verilog dialect, parse-level valid 1364-2005
iverilog	ivtest/ivltests/pr1875866.v	pass	must_accept	match	ivtest: regress-vlg.list type normal - compiles under the iverilog plain-Verilog dialect, parse-level valid 1364-2005
iverilog	ivtest/ivltests/pr1875866b.v	pass	must_accept	match	ivtest: regress-vlg.list type normal - compiles under the iverilog plain-Verilog dialect, parse-level valid 1364-2005
iverilog	ivtest/ivltests/pr1876798.v	pass	must_accept	match	ivtest: regress-vlg.list type normal - compiles under the iverilog plain-Verilog dialect, parse-level valid 1364-2005
iverilog	ivtest/ivltests/pr1877740.v	pass	must_accept	match	ivtest: regress-vlg.list type normal - compiles under the iverilog plain-Verilog dialect, parse-level valid 1364-2005
iverilog	ivtest/ivltests/pr1877743.v	fail	must_accept	divergence:unexplained_rejects_valid	ivtest: regress-vlg.list type normal - compiles under the iverilog plain-Verilog dialect, parse-level valid 1364-2005
iverilog	ivtest/ivltests/pr1878909.v	pass	must_accept	match	ivtest: regress-vlg.list type normal - compiles under the iverilog plain-Verilog dialect, parse-level valid 1364-2005
iverilog	ivtest/ivltests/pr1879226.v	pass	must_accept	match	ivtest: regress-vlg.list type normal - compiles under the iverilog plain-Verilog dialect, parse-level valid 1364-2005
iverilog	ivtest/ivltests/pr1883052.v	pass	must_accept	match	ivtest: regress-vlg.list type normal - compiles under the iverilog plain-Verilog dialect, parse-level valid 1364-2005
iverilog	ivtest/ivltests/pr1883052b.v	pass	must_accept	match	ivtest: regress-vlg.list type normal - compiles under the iverilog plain-Verilog dialect, parse-level valid 1364-2005
iverilog	ivtest/ivltests/pr1885847.v	pass	must_accept	match	ivtest: regress-vlg.list type normal - compiles under the iverilog plain-Verilog dialect, parse-level valid 1364-2005
iverilog	ivtest/ivltests/pr1887168.v	pass	must_accept	match	ivtest: regress-vlg.list type normal - compiles under the iverilog plain-Verilog dialect, parse-level valid 1364-2005
iverilog	ivtest/ivltests/pr1892959.v	pass	must_accept	match	ivtest: regress-vlg.list type normal - compiles under the iverilog plain-Verilog dialect, parse-level valid 1364-2005
iverilog	ivtest/ivltests/pr1892959b.v	fail	must_accept	divergence:explained_svpp_macro_use	ivtest: regress-vlg.list type normal - compiles under the iverilog plain-Verilog dialect, parse-level valid 1364-2005
iverilog	ivtest/ivltests/pr1898983.v	pass	must_accept	match	ivtest: regress-vlg.list type normal - compiles under the iverilog plain-Verilog dialect, parse-level valid 1364-2005
iverilog	ivtest/ivltests/pr1901125.v	pass	must_accept	match	ivtest: regress-vlg.list type normal - compiles under the iverilog plain-Verilog dialect, parse-level valid 1364-2005
iverilog	ivtest/ivltests/pr1903157.v	pass	must_accept	match	ivtest: regress-vlg.list type CO - compiles under the iverilog plain-Verilog dialect, parse-level valid 1364-2005
iverilog	ivtest/ivltests/pr1903324.v	pass	must_accept	match	ivtest: regress-vlg.list type normal - compiles under the iverilog plain-Verilog dialect, parse-level valid 1364-2005
iverilog	ivtest/ivltests/pr1903343.v	pass	must_accept	match	ivtest: regress-vlg.list type normal - compiles under the iverilog plain-Verilog dialect, parse-level valid 1364-2005
iverilog	ivtest/ivltests/pr1903520.v	pass	must_accept	match	ivtest: regress-vlg.list type normal - compiles under the iverilog plain-Verilog dialect, parse-level valid 1364-2005
iverilog	ivtest/ivltests/pr1907192.v	pass	must_accept	match	ivtest: regress-vlg.list type normal - compiles under the iverilog plain-Verilog dialect, parse-level valid 1364-2005
iverilog	ivtest/ivltests/pr1909940.v	pass	must_accept	match	ivtest: regress-vlg.list type normal - compiles under the iverilog plain-Verilog dialect, parse-level valid 1364-2005
iverilog	ivtest/ivltests/pr1909940b.v	pass	must_accept	match	ivtest: regress-vlg.list type normal - compiles under the iverilog plain-Verilog dialect, parse-level valid 1364-2005
iverilog	ivtest/ivltests/pr1912843.v	pass	must_accept	match	ivtest: regress-vlg.list type normal - compiles under the iverilog plain-Verilog dialect, parse-level valid 1364-2005
iverilog	ivtest/ivltests/pr1913918a.v	pass	must_accept	match	ivtest: regress-vlg.list type normal - compiles under the iverilog plain-Verilog dialect, parse-level valid 1364-2005
iverilog	ivtest/ivltests/pr1913918b.v	pass	must_accept	match	ivtest: regress-vlg.list type normal - compiles under the iverilog plain-Verilog dialect, parse-level valid 1364-2005
iverilog	ivtest/ivltests/pr1913918c.v	pass	must_accept	match	ivtest: regress-vlg.list type normal - compiles under the iverilog plain-Verilog dialect, parse-level valid 1364-2005
iverilog	ivtest/ivltests/pr1913937.v	pass	must_accept	match	ivtest: regress-vlg.list type normal - compiles under the iverilog plain-Verilog dialect, parse-level valid 1364-2005
iverilog	ivtest/ivltests/pr1916261.v	pass	must_accept	match	ivtest: regress-vlg.list type normal - compiles under the iverilog plain-Verilog dialect, parse-level valid 1364-2005
iverilog	ivtest/ivltests/pr1921332.v	pass	must_accept	match	ivtest: regress-vlg.list type CO - compiles under the iverilog plain-Verilog dialect, parse-level valid 1364-2005
iverilog	ivtest/ivltests/pr1924845.v	pass	must_accept	match	ivtest: regress-vlg.list type normal - compiles under the iverilog plain-Verilog dialect, parse-level valid 1364-2005
iverilog	ivtest/ivltests/pr1925356.v	pass	must_accept	match	ivtest: regress-vlg.list type normal - compiles under the iverilog plain-Verilog dialect, parse-level valid 1364-2005
iverilog	ivtest/ivltests/pr1925363a.v	pass	must_accept	match	ivtest vlg CE pinned .8c.2: replication/width value rules are prose - A.8.1 multiple_concatenation ::= { constant_expression concatenation } is width-value-blind; zero or x replication constants and zero-width indexed part-selects (A.8.3 range_expression '+:' form) are 5.1.14/value-rule semantics
iverilog	ivtest/ivltests/pr1925363b.v	pass	must_accept	match	ivtest vlg CE pinned .8c.2: replication/width value rules are prose - A.8.1 multiple_concatenation ::= { constant_expression concatenation } is width-value-blind; zero or x replication constants and zero-width indexed part-selects (A.8.3 range_expression '+:' form) are 5.1.14/value-rule semantics
iverilog	ivtest/ivltests/pr1932444.v	pass	must_accept	match	ivtest: regress-vlg.list type normal - compiles under the iverilog plain-Verilog dialect, parse-level valid 1364-2005
iverilog	ivtest/ivltests/pr1934744.v	pass	must_accept	match	ivtest: regress-vlg.list type normal - compiles under the iverilog plain-Verilog dialect, parse-level valid 1364-2005
iverilog	ivtest/ivltests/pr1936363.v	pass	must_accept	match	ivtest: regress-vlg.list type normal - compiles under the iverilog plain-Verilog dialect, parse-level valid 1364-2005
iverilog	ivtest/ivltests/pr1938138.v	pass	must_accept	match	ivtest vlg CE pinned .8c.2: duplicate-name/link semantics - duplicate identifiers in one declaration list, duplicate module definitions, duplicate scope names and port-vs-variable redeclaration pairs are each BNF-valid declaration sequences; the clash is semantic
iverilog	ivtest/ivltests/pr1939165.v	pass	must_accept	match	ivtest: regress-vlg.list type normal - compiles under the iverilog plain-Verilog dialect, parse-level valid 1364-2005
iverilog	ivtest/ivltests/pr1946411.v	pass	must_accept	match	ivtest: regress-vlg.list type normal - compiles under the iverilog plain-Verilog dialect, parse-level valid 1364-2005
iverilog	ivtest/ivltests/pr1948110.v	pass	must_accept	match	ivtest: regress-vlg.list type normal - compiles under the iverilog plain-Verilog dialect, parse-level valid 1364-2005
iverilog	ivtest/ivltests/pr1948342.v	pass	must_accept	match	ivtest: regress-vlg.list type normal - compiles under the iverilog plain-Verilog dialect, parse-level valid 1364-2005
iverilog	ivtest/ivltests/pr1949025.v	pass	must_accept	match	ivtest: regress-vlg.list type normal - compiles under the iverilog plain-Verilog dialect, parse-level valid 1364-2005
iverilog	ivtest/ivltests/pr1950282.v	pass	must_accept	match	ivtest: regress-vlg.list type normal - compiles under the iverilog plain-Verilog dialect, parse-level valid 1364-2005
iverilog	ivtest/ivltests/pr1956211.v	pass	must_accept	match	ivtest: regress-vlg.list type normal - compiles under the iverilog plain-Verilog dialect, parse-level valid 1364-2005
iverilog	ivtest/ivltests/pr1958801.v	pass	must_accept	match	ivtest: regress-vlg.list type normal - compiles under the iverilog plain-Verilog dialect, parse-level valid 1364-2005
iverilog	ivtest/ivltests/pr1960545.v	pass	must_accept	match	ivtest: regress-vlg.list type normal - compiles under the iverilog plain-Verilog dialect, parse-level valid 1364-2005
iverilog	ivtest/ivltests/pr1960548.v	pass	must_accept	match	ivtest: regress-vlg.list type normal - compiles under the iverilog plain-Verilog dialect, parse-level valid 1364-2005
iverilog	ivtest/ivltests/pr1960558.v	pass	must_accept	match	ivtest: regress-vlg.list type normal - compiles under the iverilog plain-Verilog dialect, parse-level valid 1364-2005
iverilog	ivtest/ivltests/pr1960575.v	pass	must_accept	match	ivtest: regress-vlg.list type normal - compiles under the iverilog plain-Verilog dialect, parse-level valid 1364-2005
iverilog	ivtest/ivltests/pr1960596.v	pass	must_accept	match	ivtest: regress-vlg.list type normal - compiles under the iverilog plain-Verilog dialect, parse-level valid 1364-2005
iverilog	ivtest/ivltests/pr1960619.v	pass	must_accept	match	ivtest: regress-vlg.list type normal - compiles under the iverilog plain-Verilog dialect, parse-level valid 1364-2005
iverilog	ivtest/ivltests/pr1960625.v	pass	must_accept	match	ivtest: regress-vlg.list type normal - compiles under the iverilog plain-Verilog dialect, parse-level valid 1364-2005
iverilog	ivtest/ivltests/pr1960633.v	fail	must_accept	divergence:explained_svpp_conditional	ivtest: regress-vlg.list type normal - compiles under the iverilog plain-Verilog dialect, parse-level valid 1364-2005
iverilog	ivtest/ivltests/pr1963240.v	pass	must_accept	match	ivtest: regress-vlg.list type normal - compiles under the iverilog plain-Verilog dialect, parse-level valid 1364-2005
iverilog	ivtest/ivltests/pr1963960.v	pass	must_accept	match	ivtest: regress-vlg.list type normal - compiles under the iverilog plain-Verilog dialect, parse-level valid 1364-2005
iverilog	ivtest/ivltests/pr1963962.v	pass	must_accept	match	ivtest: regress-vlg.list type normal - compiles under the iverilog plain-Verilog dialect, parse-level valid 1364-2005
iverilog	ivtest/ivltests/pr1971662a.v	pass	must_accept	match	ivtest vlg CE pinned .8c.2: replication/width value rules are prose - A.8.1 multiple_concatenation ::= { constant_expression concatenation } is width-value-blind; zero or x replication constants and zero-width indexed part-selects (A.8.3 range_expression '+:' form) are 5.1.14/value-rule semantics
iverilog	ivtest/ivltests/pr1971662b.v	pass	must_accept	match	ivtest vlg CE pinned .8c.2: replication/width value rules are prose - A.8.1 multiple_concatenation ::= { constant_expression concatenation } is width-value-blind; zero or x replication constants and zero-width indexed part-selects (A.8.3 range_expression '+:' form) are 5.1.14/value-rule semantics
iverilog	ivtest/ivltests/pr1978358.v	fail	must_accept	divergence:explained_svpp_conditional	ivtest: regress-vlg.list type normal - compiles under the iverilog plain-Verilog dialect, parse-level valid 1364-2005
iverilog	ivtest/ivltests/pr1978358b.v	fail	must_accept	divergence:explained_svpp_conditional	ivtest: regress-vlg.list type normal - compiles under the iverilog plain-Verilog dialect, parse-level valid 1364-2005
iverilog	ivtest/ivltests/pr1978358c.v	fail	must_accept	divergence:explained_svpp_conditional	ivtest: regress-vlg.list type normal - compiles under the iverilog plain-Verilog dialect, parse-level valid 1364-2005
iverilog	ivtest/ivltests/pr1978358d.v	fail	must_accept	divergence:explained_svpp_conditional	ivtest: regress-vlg.list type normal - compiles under the iverilog plain-Verilog dialect, parse-level valid 1364-2005
iverilog	ivtest/ivltests/pr1983762.v	pass	must_accept	match	ivtest: regress-vlg.list type normal - compiles under the iverilog plain-Verilog dialect, parse-level valid 1364-2005
iverilog	ivtest/ivltests/pr1985582.v	pass	must_accept	match	ivtest: regress-vlg.list type normal - compiles under the iverilog plain-Verilog dialect, parse-level valid 1364-2005
iverilog	ivtest/ivltests/pr1988302.v	pass	must_accept	match	ivtest: regress-vlg.list type normal - compiles under the iverilog plain-Verilog dialect, parse-level valid 1364-2005
iverilog	ivtest/ivltests/pr1988302b.v	pass	must_accept	match	ivtest vlg CE pinned .8c.2: generate parse-valid forms - A.4.2 loop_generate_construct nests as its own generate_block and A.1.4 admits initial_construct in generate scope (genvar reuse in nested loops is 12.4 semantics); A.9.3 hierarchical_identifier admits '[ constant_expression ]' on path segments (generate-scope indexed references)
iverilog	ivtest/ivltests/pr1988310.v	pass	must_accept	match	ivtest: regress-vlg.list type normal - compiles under the iverilog plain-Verilog dialect, parse-level valid 1364-2005
iverilog	ivtest/ivltests/pr1990029.v	fail	must_accept	divergence:explained_svpp_conditional	ivtest: regress-vlg.list type normal - compiles under the iverilog plain-Verilog dialect, parse-level valid 1364-2005
iverilog	ivtest/ivltests/pr1990164.v	pass	must_accept	match	ivtest: regress-vlg.list type normal - compiles under the iverilog plain-Verilog dialect, parse-level valid 1364-2005
iverilog	ivtest/ivltests/pr1990269.v	fail	must_accept	divergence:explained_svpp_conditional	ivtest: regress-vlg.list type normal - compiles under the iverilog plain-Verilog dialect, parse-level valid 1364-2005
iverilog	ivtest/ivltests/pr1992244.v	pass	must_accept	match	ivtest: regress-vlg.list type normal - compiles under the iverilog plain-Verilog dialect, parse-level valid 1364-2005
iverilog	ivtest/ivltests/pr1992729.v	pass	must_accept	match	ivtest: regress-vlg.list type normal - compiles under the iverilog plain-Verilog dialect, parse-level valid 1364-2005
iverilog	ivtest/ivltests/pr1993479.v	pass	must_accept	match	ivtest: regress-vlg.list type normal - compiles under the iverilog plain-Verilog dialect, parse-level valid 1364-2005
iverilog	ivtest/ivltests/pr2001162.v	fail	must_accept	divergence:explained_svpp_macro_use	ivtest: regress-vlg.list type normal - compiles under the iverilog plain-Verilog dialect, parse-level valid 1364-2005
iverilog	ivtest/ivltests/pr2011429.v	pass	must_accept	match	ivtest: regress-vlg.list type normal - compiles under the iverilog plain-Verilog dialect, parse-level valid 1364-2005
iverilog	ivtest/ivltests/pr2013758.v	pass	must_accept	match	ivtest: regress-vlg.list type normal - compiles under the iverilog plain-Verilog dialect, parse-level valid 1364-2005
iverilog	ivtest/ivltests/pr2014673.v	pass	must_accept	match	ivtest: regress-vlg.list type normal - compiles under the iverilog plain-Verilog dialect, parse-level valid 1364-2005
iverilog	ivtest/ivltests/pr2015466.v	pass	must_accept	match	ivtest: regress-vlg.list type normal - compiles under the iverilog plain-Verilog dialect, parse-level valid 1364-2005
iverilog	ivtest/ivltests/pr2018235a.v	pass	must_accept	match	ivtest: regress-vlg.list type normal - compiles under the iverilog plain-Verilog dialect, parse-level valid 1364-2005
iverilog	ivtest/ivltests/pr2018235b.v	pass	must_accept	match	ivtest: regress-vlg.list type normal - compiles under the iverilog plain-Verilog dialect, parse-level valid 1364-2005
iverilog	ivtest/ivltests/pr2018305.v	pass	must_accept	match	ivtest: regress-vlg.list type normal - compiles under the iverilog plain-Verilog dialect, parse-level valid 1364-2005
iverilog	ivtest/ivltests/pr2019553.v	pass	must_accept	match	ivtest: regress-vlg.list type normal - compiles under the iverilog plain-Verilog dialect, parse-level valid 1364-2005
iverilog	ivtest/ivltests/pr2029336.v	pass	must_accept	match	ivtest: regress-vlg.list type normal - compiles under the iverilog plain-Verilog dialect, parse-level valid 1364-2005
iverilog	ivtest/ivltests/pr2030767.v	pass	must_accept	match	ivtest: regress-vlg.list type normal - compiles under the iverilog plain-Verilog dialect, parse-level valid 1364-2005
iverilog	ivtest/ivltests/pr2036953.v	pass	must_accept	match	ivtest: regress-vlg.list type normal - compiles under the iverilog plain-Verilog dialect, parse-level valid 1364-2005
iverilog	ivtest/ivltests/pr2038048.v	pass	must_accept	match	ivtest: regress-vlg.list type normal - compiles under the iverilog plain-Verilog dialect, parse-level valid 1364-2005
iverilog	ivtest/ivltests/pr2039632.v	pass	must_accept	match	ivtest vlg CE pinned .8c.2: denotation-dependent constancy (the .8b.3 fn-15 mirror) - constant_expression/genvar contexts reach A.8.4 constant_primary's parameter_identifier ::= identifier, which is denotation-blind: whether the name denotes a variable, an undeclared symbol, a self/circular parameter or a genvar is semantic/elaboration stage (A.4.2 genvar_initialization/iteration and A.9.1 attr_spec likewise)
iverilog	ivtest/ivltests/pr2039694.v	pass	must_accept	match	ivtest: regress-vlg.list type normal - compiles under the iverilog plain-Verilog dialect, parse-level valid 1364-2005
iverilog	ivtest/ivltests/pr2043324.v	pass	must_accept	match	ivtest: regress-vlg.list type normal - compiles under the iverilog plain-Verilog dialect, parse-level valid 1364-2005
iverilog	ivtest/ivltests/pr2043585.v	pass	must_accept	match	ivtest: regress-vlg.list type normal - compiles under the iverilog plain-Verilog dialect, parse-level valid 1364-2005
iverilog	ivtest/ivltests/pr2051694.v	pass	must_accept	match	ivtest vlg CE pinned .8c.2: identifier-resolution/arity semantics - undeclared names, missing functions/modules, wrong task/function argument counts and upward-scope misses are elaboration stage; every call carries >= 1 expression so A.8.2/A.6.9 are satisfied
iverilog	ivtest/ivltests/pr2051975.v	fail	must_reject	match	ivtest vlg CE pinned .8c.2: mixed ordered and named port connections - A.4.1 list_of_port_connections is homogeneous (all ordered_port_connection or all named_port_connection; the tf mirror of the .8b.3 A.8.2 rule)
iverilog	ivtest/ivltests/pr2053944.v	pass	must_accept	match	ivtest: regress-vlg.list type normal - compiles under the iverilog plain-Verilog dialect, parse-level valid 1364-2005
iverilog	ivtest/ivltests/pr2076363.v	pass	must_accept	match	ivtest: regress-vlg.list type normal - compiles under the iverilog plain-Verilog dialect, parse-level valid 1364-2005
iverilog	ivtest/ivltests/pr2076391.v	pass	must_accept	match	ivtest: regress-vlg.list type normal - compiles under the iverilog plain-Verilog dialect, parse-level valid 1364-2005
iverilog	ivtest/ivltests/pr2076425.v	pass	must_accept	match	ivtest: regress-vlg.list type normal - compiles under the iverilog plain-Verilog dialect, parse-level valid 1364-2005
iverilog	ivtest/ivltests/pr2085984.v	pass	must_accept	match	ivtest: regress-vlg.list type normal - compiles under the iverilog plain-Verilog dialect, parse-level valid 1364-2005
iverilog	ivtest/ivltests/pr2091455.v	pass	must_accept	match	ivtest: regress-vlg.list type normal - compiles under the iverilog plain-Verilog dialect, parse-level valid 1364-2005
iverilog	ivtest/ivltests/pr2109179.v	pass	must_accept	match	ivtest: regress-vlg.list type normal - compiles under the iverilog plain-Verilog dialect, parse-level valid 1364-2005
iverilog	ivtest/ivltests/pr2117473.v	pass	must_accept	match	ivtest: regress-vlg.list type normal - compiles under the iverilog plain-Verilog dialect, parse-level valid 1364-2005
iverilog	ivtest/ivltests/pr2117488.v	pass	must_accept	match	ivtest: regress-vlg.list type normal - compiles under the iverilog plain-Verilog dialect, parse-level valid 1364-2005
iverilog	ivtest/ivltests/pr2119622.v	pass	must_accept	match	ivtest: regress-vlg.list type normal - compiles under the iverilog plain-Verilog dialect, parse-level valid 1364-2005
iverilog	ivtest/ivltests/pr2121536.v	pass	must_accept	match	ivtest: regress-vlg.list type normal - compiles under the iverilog plain-Verilog dialect, parse-level valid 1364-2005
iverilog	ivtest/ivltests/pr2121536b.v	pass	must_accept	match	ivtest: regress-vlg.list type normal - compiles under the iverilog plain-Verilog dialect, parse-level valid 1364-2005
iverilog	ivtest/ivltests/pr2123190.v	fail	must_accept	divergence:explained_svpp_conditional	ivtest: regress-vlg.list type normal - compiles under the iverilog plain-Verilog dialect, parse-level valid 1364-2005
iverilog	ivtest/ivltests/pr2132552.v	pass	must_accept	match	ivtest: regress-vlg.list type normal - compiles under the iverilog plain-Verilog dialect, parse-level valid 1364-2005
iverilog	ivtest/ivltests/pr2136787.v	pass	must_accept	match	ivtest: regress-vlg.list type normal - compiles under the iverilog plain-Verilog dialect, parse-level valid 1364-2005
iverilog	ivtest/ivltests/pr2138682.v	pass	must_accept	match	ivtest: regress-vlg.list type normal - compiles under the iverilog plain-Verilog dialect, parse-level valid 1364-2005
iverilog	ivtest/ivltests/pr2138979.v	pass	must_accept	match	ivtest: regress-vlg.list type normal - compiles under the iverilog plain-Verilog dialect, parse-level valid 1364-2005
iverilog	ivtest/ivltests/pr2138979b.v	pass	must_accept	match	ivtest: regress-vlg.list type normal - compiles under the iverilog plain-Verilog dialect, parse-level valid 1364-2005
iverilog	ivtest/ivltests/pr2138979c.v	pass	must_accept	match	ivtest: regress-vlg.list type normal - compiles under the iverilog plain-Verilog dialect, parse-level valid 1364-2005
iverilog	ivtest/ivltests/pr2138979d.v	pass	must_accept	match	ivtest: regress-vlg.list type normal - compiles under the iverilog plain-Verilog dialect, parse-level valid 1364-2005
iverilog	ivtest/ivltests/pr2139593.v	pass	must_accept	match	ivtest: regress-vlg.list type normal - compiles under the iverilog plain-Verilog dialect, parse-level valid 1364-2005
iverilog	ivtest/ivltests/pr2146620.v	pass	must_accept	match	ivtest: regress-vlg.list type normal - compiles under the iverilog plain-Verilog dialect, parse-level valid 1364-2005
iverilog	ivtest/ivltests/pr2146620b.v	pass	must_accept	match	ivtest: regress-vlg.list type normal - compiles under the iverilog plain-Verilog dialect, parse-level valid 1364-2005
iverilog	ivtest/ivltests/pr2146620c.v	pass	must_accept	match	ivtest: regress-vlg.list type normal - compiles under the iverilog plain-Verilog dialect, parse-level valid 1364-2005
iverilog	ivtest/ivltests/pr2146824.v	pass	must_accept	match	ivtest: regress-vlg.list type normal - compiles under the iverilog plain-Verilog dialect, parse-level valid 1364-2005
iverilog	ivtest/ivltests/pr2148401.v	pass	must_accept	match	ivtest: regress-vlg.list type normal - compiles under the iverilog plain-Verilog dialect, parse-level valid 1364-2005
iverilog	ivtest/ivltests/pr2152011.v	pass	must_accept	match	ivtest: regress-vlg.list type normal - compiles under the iverilog plain-Verilog dialect, parse-level valid 1364-2005
iverilog	ivtest/ivltests/pr2159630.v	pass	must_accept	match	ivtest: regress-vlg.list type normal - compiles under the iverilog plain-Verilog dialect, parse-level valid 1364-2005
iverilog	ivtest/ivltests/pr2166188.v	pass	must_accept	match	ivtest: regress-vlg.list type normal - compiles under the iverilog plain-Verilog dialect, parse-level valid 1364-2005
iverilog	ivtest/ivltests/pr2166311.v	fail	must_accept	divergence:explained_svpp_conditional	ivtest: regress-vlg.list type normal - compiles under the iverilog plain-Verilog dialect, parse-level valid 1364-2005
iverilog	ivtest/ivltests/pr2169870.v	pass	must_accept	match	ivtest: regress-vlg.list type normal - compiles under the iverilog plain-Verilog dialect, parse-level valid 1364-2005
iverilog	ivtest/ivltests/pr2172606.v	pass	must_accept	match	ivtest: regress-vlg.list type normal - compiles under the iverilog plain-Verilog dialect, parse-level valid 1364-2005
iverilog	ivtest/ivltests/pr2172606b.v	fail	must_accept	divergence:explained_svpp_conditional	ivtest: regress-vlg.list type normal - compiles under the iverilog plain-Verilog dialect, parse-level valid 1364-2005
iverilog	ivtest/ivltests/pr2181249.v	pass	must_accept	match	ivtest: regress-vlg.list type normal - compiles under the iverilog plain-Verilog dialect, parse-level valid 1364-2005
iverilog	ivtest/ivltests/pr2190323.v	pass	must_accept	match	ivtest: regress-vlg.list type normal - compiles under the iverilog plain-Verilog dialect, parse-level valid 1364-2005
iverilog	ivtest/ivltests/pr2201909.v	pass	must_accept	match	ivtest: regress-vlg.list type normal - compiles under the iverilog plain-Verilog dialect, parse-level valid 1364-2005
iverilog	ivtest/ivltests/pr2201909b.v	pass	must_accept	match	ivtest: regress-vlg.list type normal - compiles under the iverilog plain-Verilog dialect, parse-level valid 1364-2005
iverilog	ivtest/ivltests/pr2202706.v	pass	must_accept	match	ivtest: regress-vlg.list type normal - compiles under the iverilog plain-Verilog dialect, parse-level valid 1364-2005
iverilog	ivtest/ivltests/pr2202706b.v	pass	must_accept	match	ivtest: regress-vlg.list type normal - compiles under the iverilog plain-Verilog dialect, parse-level valid 1364-2005
iverilog	ivtest/ivltests/pr2202706c.v	pass	must_accept	match	ivtest: regress-vlg.list type normal - compiles under the iverilog plain-Verilog dialect, parse-level valid 1364-2005
iverilog	ivtest/ivltests/pr2202846a.v	pass	must_accept	match	ivtest: regress-vlg.list type normal - compiles under the iverilog plain-Verilog dialect, parse-level valid 1364-2005
iverilog	ivtest/ivltests/pr2202846b.v	pass	must_accept	match	ivtest: regress-vlg.list type normal - compiles under the iverilog plain-Verilog dialect, parse-level valid 1364-2005
iverilog	ivtest/ivltests/pr2202846c.v	fail	must_accept	divergence:explained_svpp_conditional	ivtest: regress-vlg.list type normal - compiles under the iverilog plain-Verilog dialect, parse-level valid 1364-2005
iverilog	ivtest/ivltests/pr2208681.v	pass	must_accept	match	ivtest: regress-vlg.list type normal - compiles under the iverilog plain-Verilog dialect, parse-level valid 1364-2005
iverilog	ivtest/ivltests/pr2215342.v	pass	must_accept	match	ivtest: regress-vlg.list type normal - compiles under the iverilog plain-Verilog dialect, parse-level valid 1364-2005
iverilog	ivtest/ivltests/pr2219441.v	pass	must_accept	match	ivtest: regress-vlg.list type normal - compiles under the iverilog plain-Verilog dialect, parse-level valid 1364-2005
iverilog	ivtest/ivltests/pr2219441b.v	pass	must_accept	match	ivtest: regress-vlg.list type normal - compiles under the iverilog plain-Verilog dialect, parse-level valid 1364-2005
iverilog	ivtest/ivltests/pr2224845.v	fail	must_accept	divergence:explained_svpp_macro_use	ivtest: regress-vlg.list type normal - compiles under the iverilog plain-Verilog dialect, parse-level valid 1364-2005
iverilog	ivtest/ivltests/pr2224949.v	pass	must_accept	match	ivtest: regress-vlg.list type normal - compiles under the iverilog plain-Verilog dialect, parse-level valid 1364-2005
iverilog	ivtest/ivltests/pr2233180.v	pass	must_accept	match	ivtest: regress-vlg.list type normal - compiles under the iverilog plain-Verilog dialect, parse-level valid 1364-2005
iverilog	ivtest/ivltests/pr2233180b.v	pass	must_accept	match	ivtest: regress-vlg.list type normal - compiles under the iverilog plain-Verilog dialect, parse-level valid 1364-2005
iverilog	ivtest/ivltests/pr2233180c.v	pass	must_accept	match	ivtest: regress-vlg.list type normal - compiles under the iverilog plain-Verilog dialect, parse-level valid 1364-2005
iverilog	ivtest/ivltests/pr2233192.v	pass	must_accept	match	ivtest: regress-vlg.list type normal - compiles under the iverilog plain-Verilog dialect, parse-level valid 1364-2005
iverilog	ivtest/ivltests/pr2233192b.v	pass	must_accept	match	ivtest: regress-vlg.list type normal - compiles under the iverilog plain-Verilog dialect, parse-level valid 1364-2005
iverilog	ivtest/ivltests/pr2233192c.v	pass	must_accept	match	ivtest: regress-vlg.list type normal - compiles under the iverilog plain-Verilog dialect, parse-level valid 1364-2005
iverilog	ivtest/ivltests/pr224.v	fail	must_accept	divergence:explained_svpp_conditional	ivtest: regress-vlg.list type normal - compiles under the iverilog plain-Verilog dialect, parse-level valid 1364-2005
iverilog	ivtest/ivltests/pr2248925.v	pass	must_accept	match	ivtest: regress-vlg.list type normal - compiles under the iverilog plain-Verilog dialect, parse-level valid 1364-2005
iverilog	ivtest/ivltests/pr224a.v	pass	must_accept	match	ivtest: regress-vlg.list type normal - compiles under the iverilog plain-Verilog dialect, parse-level valid 1364-2005
iverilog	ivtest/ivltests/pr2251119.v	pass	must_accept	match	ivtest: regress-vlg.list type normal - compiles under the iverilog plain-Verilog dialect, parse-level valid 1364-2005
iverilog	ivtest/ivltests/pr2257003.v	fail	must_accept	divergence:unexplained_rejects_valid	ivtest: regress-vlg.list type normal - compiles under the iverilog plain-Verilog dialect, parse-level valid 1364-2005
iverilog	ivtest/ivltests/pr2257003b.v	fail	must_accept	divergence:unexplained_rejects_valid	ivtest: regress-vlg.list type normal - compiles under the iverilog plain-Verilog dialect, parse-level valid 1364-2005
iverilog	ivtest/ivltests/pr2270035.v	pass	must_accept	match	ivtest: regress-vlg.list type normal - compiles under the iverilog plain-Verilog dialect, parse-level valid 1364-2005
iverilog	ivtest/ivltests/pr2276163.v	pass	must_accept	match	ivtest: regress-vlg.list type normal - compiles under the iverilog plain-Verilog dialect, parse-level valid 1364-2005
iverilog	ivtest/ivltests/pr2281479.v	pass	must_accept	match	ivtest: regress-vlg.list type normal - compiles under the iverilog plain-Verilog dialect, parse-level valid 1364-2005
iverilog	ivtest/ivltests/pr2305307.v	pass	must_accept	match	ivtest: regress-vlg.list type normal - compiles under the iverilog plain-Verilog dialect, parse-level valid 1364-2005
iverilog	ivtest/ivltests/pr2305307b.v	pass	must_accept	match	ivtest: regress-vlg.list type normal - compiles under the iverilog plain-Verilog dialect, parse-level valid 1364-2005
iverilog	ivtest/ivltests/pr2305307c.v	pass	must_accept	match	ivtest: regress-vlg.list type normal - compiles under the iverilog plain-Verilog dialect, parse-level valid 1364-2005
iverilog	ivtest/ivltests/pr2306259.v	pass	must_accept	match	ivtest: regress-vlg.list type normal - compiles under the iverilog plain-Verilog dialect, parse-level valid 1364-2005
iverilog	ivtest/ivltests/pr2350934.v	pass	must_accept	match	ivtest: regress-vlg.list type normal - compiles under the iverilog plain-Verilog dialect, parse-level valid 1364-2005
iverilog	ivtest/ivltests/pr2350934b.v	pass	must_accept	match	ivtest: regress-vlg.list type normal - compiles under the iverilog plain-Verilog dialect, parse-level valid 1364-2005
iverilog	ivtest/ivltests/pr2350988.v	pass	must_accept	match	ivtest: regress-vlg.list type normal - compiles under the iverilog plain-Verilog dialect, parse-level valid 1364-2005
iverilog	ivtest/ivltests/pr2352834.v	pass	must_accept	match	ivtest: regress-vlg.list type normal - compiles under the iverilog plain-Verilog dialect, parse-level valid 1364-2005
iverilog	ivtest/ivltests/pr2355304.v	pass	must_accept	match	ivtest: regress-vlg.list type normal - compiles under the iverilog plain-Verilog dialect, parse-level valid 1364-2005
iverilog	ivtest/ivltests/pr2355304b.v	pass	must_accept	match	ivtest: regress-vlg.list type normal - compiles under the iverilog plain-Verilog dialect, parse-level valid 1364-2005
iverilog	ivtest/ivltests/pr2358264.v	pass	must_accept	match	ivtest: regress-vlg.list type normal - compiles under the iverilog plain-Verilog dialect, parse-level valid 1364-2005
iverilog	ivtest/ivltests/pr2358848.v	fail	must_accept	divergence:explained_svpp_conditional	ivtest: regress-vlg.list type normal - compiles under the iverilog plain-Verilog dialect, parse-level valid 1364-2005
iverilog	ivtest/ivltests/pr2395378a.v	fail	must_reject	match	ivtest vlg CE pinned .8c.2: gate-instance terminal arity/emptiness - A.3.1 n_output_gate_instance requires '( output_terminal { , output_terminal } , input_terminal )' (>= 2 terminals for buf/not) and A.3.3 terminals are net_lvalues/expressions which are never empty; br_gh152 additionally has an unclosed instance parenthesis with a keyword in terminal position
iverilog	ivtest/ivltests/pr2395378b.v	fail	must_reject	match	ivtest vlg CE pinned .8c.2: gate-instance terminal arity/emptiness - A.3.1 n_output_gate_instance requires '( output_terminal { , output_terminal } , input_terminal )' (>= 2 terminals for buf/not) and A.3.3 terminals are net_lvalues/expressions which are never empty; br_gh152 additionally has an unclosed instance parenthesis with a keyword in terminal position
iverilog	ivtest/ivltests/pr2395378c.v	fail	must_reject	match	ivtest vlg CE pinned .8c.2: gate-instance terminal arity/emptiness - A.3.1 n_output_gate_instance requires '( output_terminal { , output_terminal } , input_terminal )' (>= 2 terminals for buf/not) and A.3.3 terminals are net_lvalues/expressions which are never empty; br_gh152 additionally has an unclosed instance parenthesis with a keyword in terminal position
iverilog	ivtest/ivltests/pr2395835.v	pass	must_accept	match	ivtest: regress-vlg.list type normal - compiles under the iverilog plain-Verilog dialect, parse-level valid 1364-2005
iverilog	ivtest/ivltests/pr2425055a.v	pass	must_accept	match	ivtest: regress-vlg.list type normal - compiles under the iverilog plain-Verilog dialect, parse-level valid 1364-2005
iverilog	ivtest/ivltests/pr2425055b.v	pass	must_accept	match	ivtest: regress-vlg.list type normal - compiles under the iverilog plain-Verilog dialect, parse-level valid 1364-2005
iverilog	ivtest/ivltests/pr2425055c.v	pass	must_accept	match	ivtest: regress-vlg.list type normal - compiles under the iverilog plain-Verilog dialect, parse-level valid 1364-2005
iverilog	ivtest/ivltests/pr2428890.v	pass	must_accept	match	ivtest: regress-vlg.list type normal - compiles under the iverilog plain-Verilog dialect, parse-level valid 1364-2005
iverilog	ivtest/ivltests/pr2428890b.v	pass	must_accept	match	ivtest: regress-vlg.list type normal - compiles under the iverilog plain-Verilog dialect, parse-level valid 1364-2005
iverilog	ivtest/ivltests/pr243.v	fail	must_accept	divergence:explained_svpp_macro_use	ivtest: regress-vlg.list type normal - compiles under the iverilog plain-Verilog dialect, parse-level valid 1364-2005
iverilog	ivtest/ivltests/pr2434688.v	fail	must_accept	divergence:explained_svpp_conditional	ivtest: regress-vlg.list type normal - compiles under the iverilog plain-Verilog dialect, parse-level valid 1364-2005
iverilog	ivtest/ivltests/pr2434688b.v	fail	must_accept	divergence:explained_svpp_conditional	ivtest: regress-vlg.list type normal - compiles under the iverilog plain-Verilog dialect, parse-level valid 1364-2005
iverilog	ivtest/ivltests/pr245.v	pass	must_accept	match	ivtest: regress-vlg.list type normal - compiles under the iverilog plain-Verilog dialect, parse-level valid 1364-2005
iverilog	ivtest/ivltests/pr2450244.v	pass	must_accept	match	ivtest: regress-vlg.list type normal - compiles under the iverilog plain-Verilog dialect, parse-level valid 1364-2005
iverilog	ivtest/ivltests/pr2453002.v	pass	must_accept	match	ivtest: regress-vlg.list type normal - compiles under the iverilog plain-Verilog dialect, parse-level valid 1364-2005
iverilog	ivtest/ivltests/pr2459681.v	pass	must_accept	match	ivtest: regress-vlg.list type normal - compiles under the iverilog plain-Verilog dialect, parse-level valid 1364-2005
iverilog	ivtest/ivltests/pr245_std.v	pass	must_accept	match	ivtest: regress-vlg.list type normal - compiles under the iverilog plain-Verilog dialect, parse-level valid 1364-2005
iverilog	ivtest/ivltests/pr2470181a.v	pass	must_accept	match	ivtest: regress-vlg.list type normal - compiles under the iverilog plain-Verilog dialect, parse-level valid 1364-2005
iverilog	ivtest/ivltests/pr2470181b.v	pass	must_accept	match	ivtest: regress-vlg.list type normal - compiles under the iverilog plain-Verilog dialect, parse-level valid 1364-2005
iverilog	ivtest/ivltests/pr2503208.v	pass	must_accept	match	ivtest: regress-vlg.list type normal - compiles under the iverilog plain-Verilog dialect, parse-level valid 1364-2005
iverilog	ivtest/ivltests/pr2528915.v	pass	must_accept	match	ivtest vlg CE pinned .8c.2: identifier-resolution/arity semantics - undeclared names, missing functions/modules, wrong task/function argument counts and upward-scope misses are elaboration stage; every call carries >= 1 expression so A.8.2/A.6.9 are satisfied
iverilog	ivtest/ivltests/pr2533175.v	pass	must_accept	match	ivtest: regress-vlg.list type normal - compiles under the iverilog plain-Verilog dialect, parse-level valid 1364-2005
iverilog	ivtest/ivltests/pr2579479.v	fail	must_accept	divergence:unexplained_rejects_valid	ivtest: regress-vlg.list type normal - compiles under the iverilog plain-Verilog dialect, parse-level valid 1364-2005
iverilog	ivtest/ivltests/pr2580730.v	pass	must_accept	match	ivtest: regress-vlg.list type normal - compiles under the iverilog plain-Verilog dialect, parse-level valid 1364-2005
iverilog	ivtest/ivltests/pr2593733.v	pass	must_accept	match	ivtest: regress-vlg.list type normal - compiles under the iverilog plain-Verilog dialect, parse-level valid 1364-2005
iverilog	ivtest/ivltests/pr2597278.v	pass	must_accept	match	ivtest: regress-vlg.list type normal - compiles under the iverilog plain-Verilog dialect, parse-level valid 1364-2005
iverilog	ivtest/ivltests/pr2597278b.v	pass	must_accept	match	ivtest vlg CE pinned .8c.2: event arrays and array-word assignment targets - A.2.3 list_of_event_identifiers carries { dimension }, A.6.5 event_trigger is '-> hierarchical_event_identifier { [ expression ] } ;' and A.8.5 variable_lvalue admits '{ [ expression ] }' word selects with intra-assignment delay
iverilog	ivtest/ivltests/pr2605006.v	pass	must_accept	match	ivtest: regress-vlg.list type normal - compiles under the iverilog plain-Verilog dialect, parse-level valid 1364-2005
iverilog	ivtest/ivltests/pr2673846.v	pass	must_accept	match	ivtest: regress-vlg.list type normal - compiles under the iverilog plain-Verilog dialect, parse-level valid 1364-2005
iverilog	ivtest/ivltests/pr2688910.v	pass	must_accept	match	ivtest: regress-vlg.list type normal - compiles under the iverilog plain-Verilog dialect, parse-level valid 1364-2005
iverilog	ivtest/ivltests/pr2709097.v	pass	must_accept	match	ivtest: regress-vlg.list type normal - compiles under the iverilog plain-Verilog dialect, parse-level valid 1364-2005
iverilog	ivtest/ivltests/pr2715547.v	pass	must_accept	match	ivtest: regress-vlg.list type normal - compiles under the iverilog plain-Verilog dialect, parse-level valid 1364-2005
iverilog	ivtest/ivltests/pr2715558.v	fail	must_accept	divergence:unexplained_rejects_valid	ivtest: regress-vlg.list type normal - compiles under the iverilog plain-Verilog dialect, parse-level valid 1364-2005
iverilog	ivtest/ivltests/pr2715558b.v	fail	must_accept	divergence:unexplained_rejects_valid	ivtest: regress-vlg.list type normal - compiles under the iverilog plain-Verilog dialect, parse-level valid 1364-2005
iverilog	ivtest/ivltests/pr2721213.v	pass	must_accept	match	ivtest: regress-vlg.list type normal - compiles under the iverilog plain-Verilog dialect, parse-level valid 1364-2005
iverilog	ivtest/ivltests/pr2722330a.v	pass	must_accept	match	ivtest: regress-vlg.list type normal - compiles under the iverilog plain-Verilog dialect, parse-level valid 1364-2005
iverilog	ivtest/ivltests/pr2722330b.v	pass	must_accept	match	ivtest: regress-vlg.list type normal - compiles under the iverilog plain-Verilog dialect, parse-level valid 1364-2005
iverilog	ivtest/ivltests/pr2722339a.v	pass	must_accept	match	ivtest: regress-vlg.list type normal - compiles under the iverilog plain-Verilog dialect, parse-level valid 1364-2005
iverilog	ivtest/ivltests/pr2722339b.v	pass	must_accept	match	ivtest: regress-vlg.list type normal - compiles under the iverilog plain-Verilog dialect, parse-level valid 1364-2005
iverilog	ivtest/ivltests/pr2723712.v	pass	must_accept	match	ivtest: regress-vlg.list type normal - compiles under the iverilog plain-Verilog dialect, parse-level valid 1364-2005
iverilog	ivtest/ivltests/pr2725700a.v	fail	must_accept	divergence:unexplained_rejects_valid	ivtest: regress-vlg.list type normal - compiles under the iverilog plain-Verilog dialect, parse-level valid 1364-2005
iverilog	ivtest/ivltests/pr2725700b.v	fail	must_accept	divergence:unexplained_rejects_valid	ivtest: regress-vlg.list type normal - compiles under the iverilog plain-Verilog dialect, parse-level valid 1364-2005
iverilog	ivtest/ivltests/pr2725700c.v	fail	must_accept	divergence:unexplained_rejects_valid	ivtest: regress-vlg.list type normal - compiles under the iverilog plain-Verilog dialect, parse-level valid 1364-2005
iverilog	ivtest/ivltests/pr2728032.v	pass	must_accept	match	ivtest: regress-vlg.list type normal - compiles under the iverilog plain-Verilog dialect, parse-level valid 1364-2005
iverilog	ivtest/ivltests/pr2728547.v	pass	must_accept	match	ivtest: regress-vlg.list type normal - compiles under the iverilog plain-Verilog dialect, parse-level valid 1364-2005
iverilog	ivtest/ivltests/pr2728812a.v	pass	must_accept	match	ivtest: regress-vlg.list type normal - compiles under the iverilog plain-Verilog dialect, parse-level valid 1364-2005
iverilog	ivtest/ivltests/pr2728812b.v	pass	must_accept	match	ivtest vlg CE pinned .8c.2: link-stage instance discrimination - '#(10, 20, 30)' after an identifier parses as A.4.1 parameter_value_assignment (the BNF cannot know mux2 names a UDP - the udp-vs-module split is link stage), and recursive module instantiation depth is elaboration; $clog2 in a parameter is A.8.4 constant_system_function_call (1364-2005-added)
iverilog	ivtest/ivltests/pr2728812c.v	pass	must_accept	match	ivtest vlg CE pinned .8c.2: link-stage instance discrimination - '#(10, 20, 30)' after an identifier parses as A.4.1 parameter_value_assignment (the BNF cannot know mux2 names a UDP - the udp-vs-module split is link stage), and recursive module instantiation depth is elaboration; $clog2 in a parameter is A.8.4 constant_system_function_call (1364-2005-added)
iverilog	ivtest/ivltests/pr273.v	pass	must_accept	match	ivtest: regress-vlg.list type normal - compiles under the iverilog plain-Verilog dialect, parse-level valid 1364-2005
iverilog	ivtest/ivltests/pr2745281.v	fail	must_accept	divergence:explained_svpp_macro_use	ivtest: regress-vlg.list type normal - compiles under the iverilog plain-Verilog dialect, parse-level valid 1364-2005
iverilog	ivtest/ivltests/pr2781595.v	fail	must_accept	divergence:unexplained_rejects_valid	ivtest: regress-vlg.list type normal - compiles under the iverilog plain-Verilog dialect, parse-level valid 1364-2005
iverilog	ivtest/ivltests/pr2785294.v	pass	must_accept	match	ivtest: regress-vlg.list type normal - compiles under the iverilog plain-Verilog dialect, parse-level valid 1364-2005
iverilog	ivtest/ivltests/pr2788686.v	pass	must_accept	match	ivtest: regress-vlg.list type normal - compiles under the iverilog plain-Verilog dialect, parse-level valid 1364-2005
iverilog	ivtest/ivltests/pr2790236.v	pass	must_accept	match	ivtest: regress-vlg.list type normal - compiles under the iverilog plain-Verilog dialect, parse-level valid 1364-2005
iverilog	ivtest/ivltests/pr2792883.v	pass	must_reject	divergence:unexplained_accepts_invalid	ivtest vlg CE pinned .8c.2: hierarchical name in a constant context - A.8.4 constant_primary has no hierarchical alternative (parameter_identifier ::= identifier, one undotted name), so 'parameter WIDTH = dut.WIDTH;' matches no production
iverilog	ivtest/ivltests/pr2792897.v	pass	must_accept	match	ivtest: regress-vlg.list type normal - compiles under the iverilog plain-Verilog dialect, parse-level valid 1364-2005
iverilog	ivtest/ivltests/pr2794144.v	fail	must_accept	divergence:unexplained_rejects_valid	ivtest: vlg CE but golden pr2794144.gold shows only post-parse errors - syntax itself valid
iverilog	ivtest/ivltests/pr2800985a.v	fail	must_accept	divergence:explained_svpp_conditional	ivtest: regress-vlg.list type normal - compiles under the iverilog plain-Verilog dialect, parse-level valid 1364-2005
iverilog	ivtest/ivltests/pr2801134.v	pass	must_accept	match	ivtest: regress-vlg.list type normal - compiles under the iverilog plain-Verilog dialect, parse-level valid 1364-2005
iverilog	ivtest/ivltests/pr2801662.v	pass	must_accept	match	ivtest: regress-vlg.list type normal - compiles under the iverilog plain-Verilog dialect, parse-level valid 1364-2005
iverilog	ivtest/ivltests/pr2809288.v	pass	must_accept	match	ivtest: vlg CE but golden pr2809288.gold shows only post-parse errors - syntax itself valid
iverilog	ivtest/ivltests/pr2815398a.v	fail	must_accept	divergence:explained_svpp_conditional	ivtest: regress-vlg.list type normal - compiles under the iverilog plain-Verilog dialect, parse-level valid 1364-2005
iverilog	ivtest/ivltests/pr2815398a_std.v	fail	must_accept	divergence:explained_svpp_conditional	ivtest: regress-vlg.list type normal - compiles under the iverilog plain-Verilog dialect, parse-level valid 1364-2005
iverilog	ivtest/ivltests/pr2815398b.v	fail	must_accept	divergence:explained_svpp_conditional	ivtest: regress-vlg.list type normal - compiles under the iverilog plain-Verilog dialect, parse-level valid 1364-2005
iverilog	ivtest/ivltests/pr2818823.v	pass	must_accept	match	ivtest: regress-vlg.list type normal - compiles under the iverilog plain-Verilog dialect, parse-level valid 1364-2005
iverilog	ivtest/ivltests/pr2823414.v	fail	must_accept	divergence:explained_svpp_conditional	ivtest: vlg CE but golden pr2823414.gold shows only post-parse errors - syntax itself valid
iverilog	ivtest/ivltests/pr2823711.v	pass	must_accept	match	ivtest: regress-vlg.list type normal - compiles under the iverilog plain-Verilog dialect, parse-level valid 1364-2005
iverilog	ivtest/ivltests/pr2824189.v	pass	must_accept	match	ivtest: regress-vlg.list type normal - compiles under the iverilog plain-Verilog dialect, parse-level valid 1364-2005
iverilog	ivtest/ivltests/pr2829776.v	pass	must_accept	match	ivtest: regress-vlg.list type normal - compiles under the iverilog plain-Verilog dialect, parse-level valid 1364-2005
iverilog	ivtest/ivltests/pr2829776b.v	pass	must_accept	match	ivtest: regress-vlg.list type normal - compiles under the iverilog plain-Verilog dialect, parse-level valid 1364-2005
iverilog	ivtest/ivltests/pr2832234.v	fail	must_accept	divergence:unexplained_rejects_valid	ivtest: regress-vlg.list type normal - compiles under the iverilog plain-Verilog dialect, parse-level valid 1364-2005
iverilog	ivtest/ivltests/pr2834340.v	fail	must_accept	divergence:unexplained_rejects_valid	ivtest: regress-vlg.list type normal - compiles under the iverilog plain-Verilog dialect, parse-level valid 1364-2005
iverilog	ivtest/ivltests/pr2834340b.v	fail	must_accept	divergence:unexplained_rejects_valid	ivtest: regress-vlg.list type normal - compiles under the iverilog plain-Verilog dialect, parse-level valid 1364-2005
iverilog	ivtest/ivltests/pr2835632a.v	fail	must_accept	divergence:explained_svpp_conditional	ivtest: regress-vlg.list type normal - compiles under the iverilog plain-Verilog dialect, parse-level valid 1364-2005
iverilog	ivtest/ivltests/pr2835632b.v	pass	must_accept	match	ivtest: regress-vlg.list type normal - compiles under the iverilog plain-Verilog dialect, parse-level valid 1364-2005
iverilog	ivtest/ivltests/pr2837451.v	pass	must_accept	match	ivtest: regress-vlg.list type normal - compiles under the iverilog plain-Verilog dialect, parse-level valid 1364-2005
iverilog	ivtest/ivltests/pr2842185.v	pass	must_accept	match	ivtest: regress-vlg.list type normal - compiles under the iverilog plain-Verilog dialect, parse-level valid 1364-2005
iverilog	ivtest/ivltests/pr2842621.v	pass	must_accept	match	ivtest: regress-vlg.list type normal - compiles under the iverilog plain-Verilog dialect, parse-level valid 1364-2005
iverilog	ivtest/ivltests/pr2842621_std.v	pass	must_accept	match	ivtest: regress-vlg.list type normal - compiles under the iverilog plain-Verilog dialect, parse-level valid 1364-2005
iverilog	ivtest/ivltests/pr2848986.v	pass	must_accept	match	ivtest: vlg CE but golden pr2848986.gold shows only post-parse errors - syntax itself valid
iverilog	ivtest/ivltests/pr2849783.v	pass	must_accept	match	ivtest: regress-vlg.list type normal - compiles under the iverilog plain-Verilog dialect, parse-level valid 1364-2005
iverilog	ivtest/ivltests/pr2865563.v	pass	must_accept	match	ivtest: regress-vlg.list type normal - compiles under the iverilog plain-Verilog dialect, parse-level valid 1364-2005
iverilog	ivtest/ivltests/pr2877564.v	pass	must_accept	match	ivtest: vlg CE but golden pr2877564.gold shows only post-parse errors - syntax itself valid
iverilog	ivtest/ivltests/pr2883958.v	pass	must_accept	match	ivtest: regress-vlg.list type normal - compiles under the iverilog plain-Verilog dialect, parse-level valid 1364-2005
iverilog	ivtest/ivltests/pr2885048.v	pass	must_accept	match	ivtest: regress-vlg.list type normal - compiles under the iverilog plain-Verilog dialect, parse-level valid 1364-2005
iverilog	ivtest/ivltests/pr2890322.v	pass	must_accept	match	ivtest: regress-vlg.list type normal - compiles under the iverilog plain-Verilog dialect, parse-level valid 1364-2005
iverilog	ivtest/ivltests/pr2901556.v	pass	must_accept	match	ivtest: regress-vlg.list type normal - compiles under the iverilog plain-Verilog dialect, parse-level valid 1364-2005
iverilog	ivtest/ivltests/pr2909386a.v	pass	must_accept	match	ivtest: regress-vlg.list type normal - compiles under the iverilog plain-Verilog dialect, parse-level valid 1364-2005
iverilog	ivtest/ivltests/pr2909386b.v	pass	must_accept	match	ivtest: regress-vlg.list type normal - compiles under the iverilog plain-Verilog dialect, parse-level valid 1364-2005
iverilog	ivtest/ivltests/pr2909414.v	pass	must_accept	match	ivtest: regress-vlg.list type normal - compiles under the iverilog plain-Verilog dialect, parse-level valid 1364-2005
iverilog	ivtest/ivltests/pr2909555.v	pass	must_accept	match	ivtest: regress-vlg.list type normal - compiles under the iverilog plain-Verilog dialect, parse-level valid 1364-2005
iverilog	ivtest/ivltests/pr2913404.v	pass	must_accept	match	ivtest: regress-vlg.list type normal - compiles under the iverilog plain-Verilog dialect, parse-level valid 1364-2005
iverilog	ivtest/ivltests/pr2913416.v	pass	must_accept	match	ivtest: regress-vlg.list type normal - compiles under the iverilog plain-Verilog dialect, parse-level valid 1364-2005
iverilog	ivtest/ivltests/pr2913438a.v	pass	must_accept	match	ivtest: regress-vlg.list type normal - compiles under the iverilog plain-Verilog dialect, parse-level valid 1364-2005
iverilog	ivtest/ivltests/pr2913438b.v	pass	must_accept	match	ivtest: regress-vlg.list type normal - compiles under the iverilog plain-Verilog dialect, parse-level valid 1364-2005
iverilog	ivtest/ivltests/pr2913927.v	pass	must_accept	match	ivtest: regress-vlg.list type normal - compiles under the iverilog plain-Verilog dialect, parse-level valid 1364-2005
iverilog	ivtest/ivltests/pr2918095.v	pass	must_accept	match	ivtest: regress-vlg.list type normal - compiles under the iverilog plain-Verilog dialect, parse-level valid 1364-2005
iverilog	ivtest/ivltests/pr2922063.v	pass	must_accept	match	ivtest: regress-vlg.list type normal - compiles under the iverilog plain-Verilog dialect, parse-level valid 1364-2005
iverilog	ivtest/ivltests/pr2922063a.v	pass	must_accept	match	ivtest: regress-vlg.list type normal - compiles under the iverilog plain-Verilog dialect, parse-level valid 1364-2005
iverilog	ivtest/ivltests/pr2922063b.v	pass	must_accept	match	ivtest: regress-vlg.list type normal - compiles under the iverilog plain-Verilog dialect, parse-level valid 1364-2005
iverilog	ivtest/ivltests/pr2924354.v	pass	must_accept	match	ivtest: regress-vlg.list type normal - compiles under the iverilog plain-Verilog dialect, parse-level valid 1364-2005
iverilog	ivtest/ivltests/pr2929913.v	pass	must_accept	match	ivtest: regress-vlg.list type normal - compiles under the iverilog plain-Verilog dialect, parse-level valid 1364-2005
iverilog	ivtest/ivltests/pr2930506.v	pass	must_accept	match	ivtest: regress-vlg.list type normal - compiles under the iverilog plain-Verilog dialect, parse-level valid 1364-2005
iverilog	ivtest/ivltests/pr2937417.v	fail	must_accept	divergence:unexplained_rejects_valid	ivtest: regress-vlg.list type normal - compiles under the iverilog plain-Verilog dialect, parse-level valid 1364-2005
iverilog	ivtest/ivltests/pr2937417b.v	fail	must_accept	divergence:unexplained_rejects_valid	ivtest: regress-vlg.list type normal - compiles under the iverilog plain-Verilog dialect, parse-level valid 1364-2005
iverilog	ivtest/ivltests/pr2937417c.v	fail	must_accept	divergence:unexplained_rejects_valid	ivtest: regress-vlg.list type normal - compiles under the iverilog plain-Verilog dialect, parse-level valid 1364-2005
iverilog	ivtest/ivltests/pr2941939.v	fail	must_accept	divergence:unexplained_rejects_valid	ivtest: regress-vlg.list type normal - compiles under the iverilog plain-Verilog dialect, parse-level valid 1364-2005
iverilog	ivtest/ivltests/pr2943394.v	pass	must_accept	match	ivtest: regress-vlg.list type normal - compiles under the iverilog plain-Verilog dialect, parse-level valid 1364-2005
iverilog	ivtest/ivltests/pr2951657.v	pass	must_accept	match	ivtest: regress-vlg.list type normal - compiles under the iverilog plain-Verilog dialect, parse-level valid 1364-2005
iverilog	ivtest/ivltests/pr2969724.v	pass	must_accept	match	ivtest: regress-vlg.list type normal - compiles under the iverilog plain-Verilog dialect, parse-level valid 1364-2005
iverilog	ivtest/ivltests/pr2971207.v	pass	must_accept	match	ivtest: regress-vlg.list type normal - compiles under the iverilog plain-Verilog dialect, parse-level valid 1364-2005
iverilog	ivtest/ivltests/pr2972866.v	pass	must_accept	match	ivtest: regress-vlg.list type normal - compiles under the iverilog plain-Verilog dialect, parse-level valid 1364-2005
iverilog	ivtest/ivltests/pr2973532.v	pass	must_accept	match	ivtest: regress-vlg.list type normal - compiles under the iverilog plain-Verilog dialect, parse-level valid 1364-2005
iverilog	ivtest/ivltests/pr2974051.v	pass	must_accept	match	ivtest: regress-vlg.list type normal - compiles under the iverilog plain-Verilog dialect, parse-level valid 1364-2005
iverilog	ivtest/ivltests/pr2974216.v	pass	must_accept	match	ivtest: regress-vlg.list type normal - compiles under the iverilog plain-Verilog dialect, parse-level valid 1364-2005
iverilog	ivtest/ivltests/pr2974216b.v	pass	must_accept	match	ivtest: regress-vlg.list type normal - compiles under the iverilog plain-Verilog dialect, parse-level valid 1364-2005
iverilog	ivtest/ivltests/pr2974294.v	pass	must_accept	match	ivtest: regress-vlg.list type normal - compiles under the iverilog plain-Verilog dialect, parse-level valid 1364-2005
iverilog	ivtest/ivltests/pr298.v	pass	must_accept	match	ivtest: regress-vlg.list type normal - compiles under the iverilog plain-Verilog dialect, parse-level valid 1364-2005
iverilog	ivtest/ivltests/pr2985542.v	pass	must_accept	match	ivtest: regress-vlg.list type normal - compiles under the iverilog plain-Verilog dialect, parse-level valid 1364-2005
iverilog	ivtest/ivltests/pr2986497.v	pass	must_accept	match	ivtest: regress-vlg.list type CO - compiles under the iverilog plain-Verilog dialect, parse-level valid 1364-2005
iverilog	ivtest/ivltests/pr2986528.v	pass	must_accept	match	ivtest: regress-vlg.list type normal - compiles under the iverilog plain-Verilog dialect, parse-level valid 1364-2005
iverilog	ivtest/ivltests/pr2991457.v	pass	must_accept	match	ivtest: regress-vlg.list type normal - compiles under the iverilog plain-Verilog dialect, parse-level valid 1364-2005
iverilog	ivtest/ivltests/pr2991457b.v	pass	must_accept	match	ivtest: regress-vlg.list type normal - compiles under the iverilog plain-Verilog dialect, parse-level valid 1364-2005
iverilog	ivtest/ivltests/pr2994193.v	pass	must_accept	match	ivtest: regress-vlg.list type normal - compiles under the iverilog plain-Verilog dialect, parse-level valid 1364-2005
iverilog	ivtest/ivltests/pr2998515.v	pass	must_accept	match	ivtest: regress-vlg.list type normal - compiles under the iverilog plain-Verilog dialect, parse-level valid 1364-2005
iverilog	ivtest/ivltests/pr3011327.v	pass	must_accept	match	ivtest: regress-vlg.list type normal - compiles under the iverilog plain-Verilog dialect, parse-level valid 1364-2005
iverilog	ivtest/ivltests/pr3012758.v	fail	must_accept	divergence:explained_svpp_include	ivtest: regress-vlg.list type normal - compiles under the iverilog plain-Verilog dialect, parse-level valid 1364-2005
iverilog	ivtest/ivltests/pr3015421.v	fail	must_reject	match	ivtest: vlg CE with golden pr3015421.gold reporting a syntax error - parse-level invalid 1364-2005
iverilog	ivtest/ivltests/pr3022502.v	pass	must_accept	match	ivtest: regress-vlg.list type normal - compiles under the iverilog plain-Verilog dialect, parse-level valid 1364-2005
iverilog	ivtest/ivltests/pr3024131.v	pass	must_accept	match	ivtest: regress-vlg.list type normal - compiles under the iverilog plain-Verilog dialect, parse-level valid 1364-2005
iverilog	ivtest/ivltests/pr3039548.v	pass	must_accept	match	ivtest: regress-vlg.list type normal - compiles under the iverilog plain-Verilog dialect, parse-level valid 1364-2005
iverilog	ivtest/ivltests/pr304.v	pass	must_accept	match	ivtest: regress-vlg.list type normal - compiles under the iverilog plain-Verilog dialect, parse-level valid 1364-2005
iverilog	ivtest/ivltests/pr3044843.v	pass	must_accept	match	ivtest: regress-vlg.list type normal - compiles under the iverilog plain-Verilog dialect, parse-level valid 1364-2005
iverilog	ivtest/ivltests/pr3054101a.v	pass	must_accept	match	ivtest: regress-vlg.list type normal - compiles under the iverilog plain-Verilog dialect, parse-level valid 1364-2005
iverilog	ivtest/ivltests/pr3054101b.v	pass	must_accept	match	ivtest: regress-vlg.list type normal - compiles under the iverilog plain-Verilog dialect, parse-level valid 1364-2005
iverilog	ivtest/ivltests/pr3054101c.v	pass	must_accept	match	ivtest: regress-vlg.list type normal - compiles under the iverilog plain-Verilog dialect, parse-level valid 1364-2005
iverilog	ivtest/ivltests/pr3054101d.v	pass	must_accept	match	ivtest: regress-vlg.list type normal - compiles under the iverilog plain-Verilog dialect, parse-level valid 1364-2005
iverilog	ivtest/ivltests/pr3054101e.v	pass	must_accept	match	ivtest: regress-vlg.list type normal - compiles under the iverilog plain-Verilog dialect, parse-level valid 1364-2005
iverilog	ivtest/ivltests/pr3054101f.v	pass	must_accept	match	ivtest: regress-vlg.list type normal - compiles under the iverilog plain-Verilog dialect, parse-level valid 1364-2005
iverilog	ivtest/ivltests/pr3054101g.v	pass	must_accept	match	ivtest: regress-vlg.list type normal - compiles under the iverilog plain-Verilog dialect, parse-level valid 1364-2005
iverilog	ivtest/ivltests/pr3054101h.v	pass	must_accept	match	ivtest: regress-vlg.list type normal - compiles under the iverilog plain-Verilog dialect, parse-level valid 1364-2005
iverilog	ivtest/ivltests/pr3061015a.v	pass	must_accept	match	ivtest vlg CE pinned .8c.2: denotation-dependent constancy (the .8b.3 fn-15 mirror) - constant_expression/genvar contexts reach A.8.4 constant_primary's parameter_identifier ::= identifier, which is denotation-blind: whether the name denotes a variable, an undeclared symbol, a self/circular parameter or a genvar is semantic/elaboration stage (A.4.2 genvar_initialization/iteration and A.9.1 attr_spec likewise)
iverilog	ivtest/ivltests/pr3061015b.v	pass	must_accept	match	ivtest vlg CE pinned .8c.2: denotation-dependent constancy (the .8b.3 fn-15 mirror) - constant_expression/genvar contexts reach A.8.4 constant_primary's parameter_identifier ::= identifier, which is denotation-blind: whether the name denotes a variable, an undeclared symbol, a self/circular parameter or a genvar is semantic/elaboration stage (A.4.2 genvar_initialization/iteration and A.9.1 attr_spec likewise)
iverilog	ivtest/ivltests/pr3061015c.v	pass	must_accept	match	ivtest vlg CE pinned .8c.2: denotation-dependent constancy (the .8b.3 fn-15 mirror) - constant_expression/genvar contexts reach A.8.4 constant_primary's parameter_identifier ::= identifier, which is denotation-blind: whether the name denotes a variable, an undeclared symbol, a self/circular parameter or a genvar is semantic/elaboration stage (A.4.2 genvar_initialization/iteration and A.9.1 attr_spec likewise)
iverilog	ivtest/ivltests/pr3064375.v	pass	must_accept	match	ivtest: regress-vlg.list type normal - compiles under the iverilog plain-Verilog dialect, parse-level valid 1364-2005
iverilog	ivtest/ivltests/pr3064511.v	pass	must_accept	match	ivtest: regress-vlg.list type normal - compiles under the iverilog plain-Verilog dialect, parse-level valid 1364-2005
iverilog	ivtest/ivltests/pr307.v	pass	must_accept	match	ivtest: regress-vlg.list type normal - compiles under the iverilog plain-Verilog dialect, parse-level valid 1364-2005
iverilog	ivtest/ivltests/pr3077640.v	pass	must_accept	match	ivtest: regress-vlg.list type normal - compiles under the iverilog plain-Verilog dialect, parse-level valid 1364-2005
iverilog	ivtest/ivltests/pr3078759.v	pass	must_accept	match	ivtest: regress-vlg.list type CO - compiles under the iverilog plain-Verilog dialect, parse-level valid 1364-2005
iverilog	ivtest/ivltests/pr307a.v	pass	must_accept	match	ivtest: regress-vlg.list type normal - compiles under the iverilog plain-Verilog dialect, parse-level valid 1364-2005
iverilog	ivtest/ivltests/pr3098439.v	pass	must_accept	match	ivtest: regress-vlg.list type normal - compiles under the iverilog plain-Verilog dialect, parse-level valid 1364-2005
iverilog	ivtest/ivltests/pr3098439a.v	pass	must_accept	match	ivtest: regress-vlg.list type normal - compiles under the iverilog plain-Verilog dialect, parse-level valid 1364-2005
iverilog	ivtest/ivltests/pr3098439b.v	pass	must_accept	match	ivtest: regress-vlg.list type normal - compiles under the iverilog plain-Verilog dialect, parse-level valid 1364-2005
iverilog	ivtest/ivltests/pr3103880.v	pass	must_accept	match	ivtest: regress-vlg.list type normal - compiles under the iverilog plain-Verilog dialect, parse-level valid 1364-2005
iverilog	ivtest/ivltests/pr3104254.v	pass	must_accept	match	ivtest: regress-vlg.list type normal - compiles under the iverilog plain-Verilog dialect, parse-level valid 1364-2005
iverilog	ivtest/ivltests/pr3112073a.v	fail	must_reject	match	ivtest vlg CE pinned .8c.2: 'reg real [1:0] a;' - A.2.1.3 reg_declaration is 'reg [ signed ] [ range ] list_of_variable_identifiers' and 'real' is a keyword, not a variable_identifier
iverilog	ivtest/ivltests/pr312.v	pass	must_accept	match	ivtest: regress-vlg.list type normal - compiles under the iverilog plain-Verilog dialect, parse-level valid 1364-2005
iverilog	ivtest/ivltests/pr3149494.v	pass	must_accept	match	ivtest: regress-vlg.list type normal - compiles under the iverilog plain-Verilog dialect, parse-level valid 1364-2005
iverilog	ivtest/ivltests/pr3190941.v	pass	must_accept	match	ivtest: vlg CE but golden pr3190941.gold shows only post-parse errors - syntax itself valid
iverilog	ivtest/ivltests/pr3190948.v	pass	must_accept	match	ivtest: regress-vlg.list type normal - compiles under the iverilog plain-Verilog dialect, parse-level valid 1364-2005
iverilog	ivtest/ivltests/pr3194155.v	fail	must_accept	divergence:unexplained_rejects_valid	ivtest: regress-vlg.list type normal - compiles under the iverilog plain-Verilog dialect, parse-level valid 1364-2005
iverilog	ivtest/ivltests/pr3197861.v	pass	must_accept	match	ivtest: regress-vlg.list type normal - compiles under the iverilog plain-Verilog dialect, parse-level valid 1364-2005
iverilog	ivtest/ivltests/pr3197917.v	pass	must_accept	match	ivtest: regress-vlg.list type normal - compiles under the iverilog plain-Verilog dialect, parse-level valid 1364-2005
iverilog	ivtest/ivltests/pr3270320.v	pass	must_accept	match	ivtest vlg CE pinned .8c.2: identifier-resolution/arity semantics - undeclared names, missing functions/modules, wrong task/function argument counts and upward-scope misses are elaboration stage; every call carries >= 1 expression so A.8.2/A.6.9 are satisfied
iverilog	ivtest/ivltests/pr3284821.v	pass	must_accept	match	ivtest: regress-vlg.list type normal - compiles under the iverilog plain-Verilog dialect, parse-level valid 1364-2005
iverilog	ivtest/ivltests/pr3292735.v	fail	must_accept	divergence:unexplained_rejects_valid	ivtest: regress-vlg.list type normal - compiles under the iverilog plain-Verilog dialect, parse-level valid 1364-2005
iverilog	ivtest/ivltests/pr3296466a.v	pass	must_accept	match	ivtest: regress-vlg.list type normal - compiles under the iverilog plain-Verilog dialect, parse-level valid 1364-2005
iverilog	ivtest/ivltests/pr3296466b.v	pass	must_accept	match	ivtest: regress-vlg.list type normal - compiles under the iverilog plain-Verilog dialect, parse-level valid 1364-2005
iverilog	ivtest/ivltests/pr3296466c.v	pass	must_accept	match	ivtest: regress-vlg.list type normal - compiles under the iverilog plain-Verilog dialect, parse-level valid 1364-2005
iverilog	ivtest/ivltests/pr3296466d.v	pass	must_accept	match	ivtest: regress-vlg.list type normal - compiles under the iverilog plain-Verilog dialect, parse-level valid 1364-2005
iverilog	ivtest/ivltests/pr3306516.v	pass	must_accept	match	ivtest: regress-vlg.list type normal - compiles under the iverilog plain-Verilog dialect, parse-level valid 1364-2005
iverilog	ivtest/ivltests/pr3309391.v	pass	must_accept	match	ivtest: regress-vlg.list type normal - compiles under the iverilog plain-Verilog dialect, parse-level valid 1364-2005
iverilog	ivtest/ivltests/pr3368642.v	pass	must_accept	match	ivtest: regress-vlg.list type normal - compiles under the iverilog plain-Verilog dialect, parse-level valid 1364-2005
iverilog	ivtest/ivltests/pr338.v	pass	must_accept	match	ivtest: regress-vlg.list type CO - compiles under the iverilog plain-Verilog dialect, parse-level valid 1364-2005
iverilog	ivtest/ivltests/pr3409749.v	pass	must_accept	match	ivtest: regress-vlg.list type normal - compiles under the iverilog plain-Verilog dialect, parse-level valid 1364-2005
iverilog	ivtest/ivltests/pr3437290a.v	pass	must_accept	match	ivtest: regress-vlg.list type normal - compiles under the iverilog plain-Verilog dialect, parse-level valid 1364-2005
iverilog	ivtest/ivltests/pr3437290b.v	pass	must_accept	match	ivtest: regress-vlg.list type normal - compiles under the iverilog plain-Verilog dialect, parse-level valid 1364-2005
iverilog	ivtest/ivltests/pr3437290c.v	pass	must_accept	match	ivtest: regress-vlg.list type normal - compiles under the iverilog plain-Verilog dialect, parse-level valid 1364-2005
iverilog	ivtest/ivltests/pr3441576.v	pass	must_accept	match	ivtest: regress-vlg.list type normal - compiles under the iverilog plain-Verilog dialect, parse-level valid 1364-2005
iverilog	ivtest/ivltests/pr3445452.v	pass	must_accept	match	ivtest: regress-vlg.list type normal - compiles under the iverilog plain-Verilog dialect, parse-level valid 1364-2005
iverilog	ivtest/ivltests/pr3452808.v	fail	must_accept	divergence:unexplained_rejects_valid	ivtest: regress-vlg.list type normal - compiles under the iverilog plain-Verilog dialect, parse-level valid 1364-2005
iverilog	ivtest/ivltests/pr3465541.v	fail	must_accept	divergence:unexplained_rejects_valid	ivtest: regress-vlg.list type normal - compiles under the iverilog plain-Verilog dialect, parse-level valid 1364-2005
iverilog	ivtest/ivltests/pr3477107.v	pass	must_accept	match	ivtest: regress-vlg.list type normal - compiles under the iverilog plain-Verilog dialect, parse-level valid 1364-2005
iverilog	ivtest/ivltests/pr3499807.v	fail	must_accept	divergence:unexplained_rejects_valid	ivtest: regress-vlg.list type normal - compiles under the iverilog plain-Verilog dialect, parse-level valid 1364-2005
iverilog	ivtest/ivltests/pr3522653.v	pass	must_accept	match	ivtest: regress-vlg.list type normal - compiles under the iverilog plain-Verilog dialect, parse-level valid 1364-2005
iverilog	ivtest/ivltests/pr3527022.v	pass	must_accept	match	ivtest: regress-vlg.list type normal - compiles under the iverilog plain-Verilog dialect, parse-level valid 1364-2005
iverilog	ivtest/ivltests/pr3527694.v	pass	must_accept	match	ivtest: regress-vlg.list type normal - compiles under the iverilog plain-Verilog dialect, parse-level valid 1364-2005
iverilog	ivtest/ivltests/pr3534422.v	pass	must_accept	match	ivtest: regress-vlg.list type normal - compiles under the iverilog plain-Verilog dialect, parse-level valid 1364-2005
iverilog	ivtest/ivltests/pr3539372.v	fail	must_accept	divergence:explained_svpp_conditional	ivtest: regress-vlg.list type normal - compiles under the iverilog plain-Verilog dialect, parse-level valid 1364-2005
iverilog	ivtest/ivltests/pr3549328.v	pass	must_accept	match	ivtest vlg CE pinned .8c.2: replication/width value rules are prose - A.8.1 multiple_concatenation ::= { constant_expression concatenation } is width-value-blind; zero or x replication constants and zero-width indexed part-selects (A.8.3 range_expression '+:' form) are 5.1.14/value-rule semantics
iverilog	ivtest/ivltests/pr355.v	fail	must_accept	divergence:explained_svpp_macro_use	ivtest: regress-vlg.list type normal - compiles under the iverilog plain-Verilog dialect, parse-level valid 1364-2005
iverilog	ivtest/ivltests/pr3557493.v	pass	must_accept	match	ivtest: regress-vlg.list type normal - compiles under the iverilog plain-Verilog dialect, parse-level valid 1364-2005
iverilog	ivtest/ivltests/pr3561350.v	pass	must_accept	match	ivtest: regress-vlg.list type normal - compiles under the iverilog plain-Verilog dialect, parse-level valid 1364-2005
iverilog	ivtest/ivltests/pr3563412.v	pass	must_accept	match	ivtest: regress-vlg.list type normal - compiles under the iverilog plain-Verilog dialect, parse-level valid 1364-2005
iverilog	ivtest/ivltests/pr3571573.v	pass	must_accept	match	ivtest: regress-vlg.list type normal - compiles under the iverilog plain-Verilog dialect, parse-level valid 1364-2005
iverilog	ivtest/ivltests/pr3582052.v	pass	must_accept	match	ivtest: regress-vlg.list type normal - compiles under the iverilog plain-Verilog dialect, parse-level valid 1364-2005
iverilog	ivtest/ivltests/pr3587570.v	pass	must_accept	match	ivtest: regress-vlg.list type normal - compiles under the iverilog plain-Verilog dialect, parse-level valid 1364-2005
iverilog	ivtest/ivltests/pr3592746.v	pass	must_accept	match	ivtest: regress-vlg.list type normal - compiles under the iverilog plain-Verilog dialect, parse-level valid 1364-2005
iverilog	ivtest/ivltests/pr377.v	pass	must_accept	match	ivtest: regress-vlg.list type normal - compiles under the iverilog plain-Verilog dialect, parse-level valid 1364-2005
iverilog	ivtest/ivltests/pr434.v	fail	must_accept	divergence:explained_svpp_macro_use	ivtest: regress-vlg.list type normal - compiles under the iverilog plain-Verilog dialect, parse-level valid 1364-2005
iverilog	ivtest/ivltests/pr445.v	pass	must_accept	match	ivtest: regress-vlg.list type normal - compiles under the iverilog plain-Verilog dialect, parse-level valid 1364-2005
iverilog	ivtest/ivltests/pr478.v	fail	must_accept	divergence:explained_svpp_macro_use	ivtest: regress-vlg.list type normal - compiles under the iverilog plain-Verilog dialect, parse-level valid 1364-2005
iverilog	ivtest/ivltests/pr487.v	pass	must_accept	match	ivtest: regress-vlg.list type normal - compiles under the iverilog plain-Verilog dialect, parse-level valid 1364-2005
iverilog	ivtest/ivltests/pr492.v	pass	must_accept	match	ivtest: regress-vlg.list type normal - compiles under the iverilog plain-Verilog dialect, parse-level valid 1364-2005
iverilog	ivtest/ivltests/pr498b.v	pass	must_accept	match	ivtest: vlg CE but golden pr498b.gold shows only post-parse errors - syntax itself valid
iverilog	ivtest/ivltests/pr508.v	pass	must_accept	match	ivtest: regress-vlg.list type normal - compiles under the iverilog plain-Verilog dialect, parse-level valid 1364-2005
iverilog	ivtest/ivltests/pr509.v	pass	must_accept	match	ivtest: regress-vlg.list type normal - compiles under the iverilog plain-Verilog dialect, parse-level valid 1364-2005
iverilog	ivtest/ivltests/pr509b.v	fail	must_accept	divergence:unexplained_rejects_valid	ivtest: regress-vlg.list type normal - compiles under the iverilog plain-Verilog dialect, parse-level valid 1364-2005
iverilog	ivtest/ivltests/pr511.v	pass	must_accept	match	ivtest: regress-vlg.list type normal - compiles under the iverilog plain-Verilog dialect, parse-level valid 1364-2005
iverilog	ivtest/ivltests/pr513.v	pass	must_accept	match	ivtest: regress-vlg.list type normal - compiles under the iverilog plain-Verilog dialect, parse-level valid 1364-2005
iverilog	ivtest/ivltests/pr522.v	pass	must_accept	match	ivtest: regress-vlg.list type normal - compiles under the iverilog plain-Verilog dialect, parse-level valid 1364-2005
iverilog	ivtest/ivltests/pr524.v	pass	must_accept	match	ivtest: regress-vlg.list type normal - compiles under the iverilog plain-Verilog dialect, parse-level valid 1364-2005
iverilog	ivtest/ivltests/pr527.v	pass	must_accept	match	ivtest: regress-vlg.list type normal - compiles under the iverilog plain-Verilog dialect, parse-level valid 1364-2005
iverilog	ivtest/ivltests/pr528.v	pass	must_accept	match	ivtest: regress-vlg.list type normal - compiles under the iverilog plain-Verilog dialect, parse-level valid 1364-2005
iverilog	ivtest/ivltests/pr528b.v	pass	must_accept	match	ivtest: regress-vlg.list type normal - compiles under the iverilog plain-Verilog dialect, parse-level valid 1364-2005
iverilog	ivtest/ivltests/pr529.v	fail	must_accept	divergence:explained_svpp_conditional	ivtest: regress-vlg.list type normal - compiles under the iverilog plain-Verilog dialect, parse-level valid 1364-2005
iverilog	ivtest/ivltests/pr530a.v	pass	must_accept	match	ivtest: regress-vlg.list type normal - compiles under the iverilog plain-Verilog dialect, parse-level valid 1364-2005
iverilog	ivtest/ivltests/pr530b.v	pass	must_accept	match	ivtest: regress-vlg.list type normal - compiles under the iverilog plain-Verilog dialect, parse-level valid 1364-2005
iverilog	ivtest/ivltests/pr530c.v	pass	must_accept	match	ivtest: regress-vlg.list type normal - compiles under the iverilog plain-Verilog dialect, parse-level valid 1364-2005
iverilog	ivtest/ivltests/pr531a.v	pass	must_accept	match	ivtest: regress-vlg.list type normal - compiles under the iverilog plain-Verilog dialect, parse-level valid 1364-2005
iverilog	ivtest/ivltests/pr531b.v	pass	must_accept	match	ivtest: regress-vlg.list type normal - compiles under the iverilog plain-Verilog dialect, parse-level valid 1364-2005
iverilog	ivtest/ivltests/pr532.v	pass	must_accept	match	ivtest: regress-vlg.list type normal - compiles under the iverilog plain-Verilog dialect, parse-level valid 1364-2005
iverilog	ivtest/ivltests/pr532b.v	pass	must_accept	match	ivtest: regress-vlg.list type normal - compiles under the iverilog plain-Verilog dialect, parse-level valid 1364-2005
iverilog	ivtest/ivltests/pr533.v	pass	must_accept	match	ivtest: regress-vlg.list type normal - compiles under the iverilog plain-Verilog dialect, parse-level valid 1364-2005
iverilog	ivtest/ivltests/pr538.v	pass	must_accept	match	ivtest: regress-vlg.list type normal - compiles under the iverilog plain-Verilog dialect, parse-level valid 1364-2005
iverilog	ivtest/ivltests/pr540.v	pass	must_accept	match	ivtest: regress-vlg.list type normal - compiles under the iverilog plain-Verilog dialect, parse-level valid 1364-2005
iverilog	ivtest/ivltests/pr540b.v	pass	must_accept	match	ivtest: regress-vlg.list type normal - compiles under the iverilog plain-Verilog dialect, parse-level valid 1364-2005
iverilog	ivtest/ivltests/pr540c.v	pass	must_accept	match	ivtest: regress-vlg.list type normal - compiles under the iverilog plain-Verilog dialect, parse-level valid 1364-2005
iverilog	ivtest/ivltests/pr541.v	pass	must_accept	match	ivtest: regress-vlg.list type normal - compiles under the iverilog plain-Verilog dialect, parse-level valid 1364-2005
iverilog	ivtest/ivltests/pr542.v	pass	must_accept	match	ivtest: regress-vlg.list type normal - compiles under the iverilog plain-Verilog dialect, parse-level valid 1364-2005
iverilog	ivtest/ivltests/pr544.v	fail	must_accept	divergence:unexplained_rejects_valid	ivtest: regress-vlg.list type normal - compiles under the iverilog plain-Verilog dialect, parse-level valid 1364-2005
iverilog	ivtest/ivltests/pr547.v	fail	must_accept	divergence:explained_svpp_conditional	ivtest: regress-vlg.list type normal - compiles under the iverilog plain-Verilog dialect, parse-level valid 1364-2005
iverilog	ivtest/ivltests/pr556.v	pass	must_accept	match	ivtest: regress-vlg.list type normal - compiles under the iverilog plain-Verilog dialect, parse-level valid 1364-2005
iverilog	ivtest/ivltests/pr564.v	pass	must_accept	match	ivtest: regress-vlg.list type normal - compiles under the iverilog plain-Verilog dialect, parse-level valid 1364-2005
iverilog	ivtest/ivltests/pr569.v	pass	must_accept	match	ivtest: regress-vlg.list type normal - compiles under the iverilog plain-Verilog dialect, parse-level valid 1364-2005
iverilog	ivtest/ivltests/pr572.v	fail	must_accept	divergence:explained_svpp_conditional	ivtest: regress-vlg.list type normal - compiles under the iverilog plain-Verilog dialect, parse-level valid 1364-2005
iverilog	ivtest/ivltests/pr572b.v	fail	must_accept	divergence:explained_svpp_conditional	ivtest: regress-vlg.list type normal - compiles under the iverilog plain-Verilog dialect, parse-level valid 1364-2005
iverilog	ivtest/ivltests/pr578.v	pass	must_accept	match	ivtest: regress-vlg.list type normal - compiles under the iverilog plain-Verilog dialect, parse-level valid 1364-2005
iverilog	ivtest/ivltests/pr584.v	pass	must_accept	match	ivtest: regress-vlg.list type normal - compiles under the iverilog plain-Verilog dialect, parse-level valid 1364-2005
iverilog	ivtest/ivltests/pr585.v	pass	must_accept	match	ivtest: regress-vlg.list type normal - compiles under the iverilog plain-Verilog dialect, parse-level valid 1364-2005
iverilog	ivtest/ivltests/pr587.v	pass	must_accept	match	ivtest: regress-vlg.list type normal - compiles under the iverilog plain-Verilog dialect, parse-level valid 1364-2005
iverilog	ivtest/ivltests/pr590.v	pass	must_accept	match	ivtest: regress-vlg.list type normal - compiles under the iverilog plain-Verilog dialect, parse-level valid 1364-2005
iverilog	ivtest/ivltests/pr594.v	pass	must_accept	match	ivtest: regress-vlg.list type normal - compiles under the iverilog plain-Verilog dialect, parse-level valid 1364-2005
iverilog	ivtest/ivltests/pr596.v	fail	must_accept	divergence:explained_svpp_macro_use	ivtest: regress-vlg.list type normal - compiles under the iverilog plain-Verilog dialect, parse-level valid 1364-2005
iverilog	ivtest/ivltests/pr602.v	pass	must_accept	match	ivtest: regress-vlg.list type normal - compiles under the iverilog plain-Verilog dialect, parse-level valid 1364-2005
iverilog	ivtest/ivltests/pr617.v	pass	must_accept	match	ivtest: regress-vlg.list type normal - compiles under the iverilog plain-Verilog dialect, parse-level valid 1364-2005
iverilog	ivtest/ivltests/pr632.v	pass	must_accept	match	ivtest: regress-vlg.list type normal - compiles under the iverilog plain-Verilog dialect, parse-level valid 1364-2005
iverilog	ivtest/ivltests/pr673.v	pass	must_accept	match	ivtest: regress-vlg.list type normal - compiles under the iverilog plain-Verilog dialect, parse-level valid 1364-2005
iverilog	ivtest/ivltests/pr675.v	pass	must_accept	match	ivtest: regress-vlg.list type normal - compiles under the iverilog plain-Verilog dialect, parse-level valid 1364-2005
iverilog	ivtest/ivltests/pr678.v	pass	must_accept	match	ivtest: regress-vlg.list type normal - compiles under the iverilog plain-Verilog dialect, parse-level valid 1364-2005
iverilog	ivtest/ivltests/pr690.v	pass	must_accept	match	ivtest: regress-vlg.list type normal - compiles under the iverilog plain-Verilog dialect, parse-level valid 1364-2005
iverilog	ivtest/ivltests/pr693.v	pass	must_accept	match	ivtest: regress-vlg.list type normal - compiles under the iverilog plain-Verilog dialect, parse-level valid 1364-2005
iverilog	ivtest/ivltests/pr699.v	pass	must_accept	match	ivtest: regress-vlg.list type normal - compiles under the iverilog plain-Verilog dialect, parse-level valid 1364-2005
iverilog	ivtest/ivltests/pr699b.v	pass	must_accept	match	ivtest: regress-vlg.list type normal - compiles under the iverilog plain-Verilog dialect, parse-level valid 1364-2005
iverilog	ivtest/ivltests/pr704.v	pass	must_accept	match	ivtest: regress-vlg.list type normal - compiles under the iverilog plain-Verilog dialect, parse-level valid 1364-2005
iverilog	ivtest/ivltests/pr707.v	pass	must_accept	match	ivtest: regress-vlg.list type normal - compiles under the iverilog plain-Verilog dialect, parse-level valid 1364-2005
iverilog	ivtest/ivltests/pr708.v	pass	must_accept	match	ivtest: regress-vlg.list type normal - compiles under the iverilog plain-Verilog dialect, parse-level valid 1364-2005
iverilog	ivtest/ivltests/pr710.v	pass	must_accept	match	ivtest: regress-vlg.list type normal - compiles under the iverilog plain-Verilog dialect, parse-level valid 1364-2005
iverilog	ivtest/ivltests/pr718.v	pass	must_accept	match	ivtest: regress-vlg.list type normal - compiles under the iverilog plain-Verilog dialect, parse-level valid 1364-2005
iverilog	ivtest/ivltests/pr722.v	pass	must_accept	match	ivtest: regress-vlg.list type normal - compiles under the iverilog plain-Verilog dialect, parse-level valid 1364-2005
iverilog	ivtest/ivltests/pr729.v	pass	must_accept	match	ivtest: regress-vlg.list type normal - compiles under the iverilog plain-Verilog dialect, parse-level valid 1364-2005
iverilog	ivtest/ivltests/pr734.v	pass	must_accept	match	ivtest: regress-vlg.list type normal - compiles under the iverilog plain-Verilog dialect, parse-level valid 1364-2005
iverilog	ivtest/ivltests/pr735.v	pass	must_accept	match	ivtest: regress-vlg.list type normal - compiles under the iverilog plain-Verilog dialect, parse-level valid 1364-2005
iverilog	ivtest/ivltests/pr748.v	pass	must_accept	match	ivtest: regress-vlg.list type normal - compiles under the iverilog plain-Verilog dialect, parse-level valid 1364-2005
iverilog	ivtest/ivltests/pr751.v	fail	must_accept	divergence:unexplained_rejects_valid	ivtest: regress-vlg.list type normal - compiles under the iverilog plain-Verilog dialect, parse-level valid 1364-2005
iverilog	ivtest/ivltests/pr757.v	pass	must_accept	match	ivtest: regress-vlg.list type normal - compiles under the iverilog plain-Verilog dialect, parse-level valid 1364-2005
iverilog	ivtest/ivltests/pr772.v	pass	must_accept	match	ivtest: regress-vlg.list type normal - compiles under the iverilog plain-Verilog dialect, parse-level valid 1364-2005
iverilog	ivtest/ivltests/pr810.v	pass	must_accept	match	ivtest: regress-vlg.list type normal - compiles under the iverilog plain-Verilog dialect, parse-level valid 1364-2005
iverilog	ivtest/ivltests/pr812.v	fail	must_accept	divergence:explained_svpp_macro_use	ivtest: regress-vlg.list type normal - compiles under the iverilog plain-Verilog dialect, parse-level valid 1364-2005
iverilog	ivtest/ivltests/pr820.v	pass	must_accept	match	ivtest: regress-vlg.list type normal - compiles under the iverilog plain-Verilog dialect, parse-level valid 1364-2005
iverilog	ivtest/ivltests/pr823.v	pass	must_accept	match	ivtest: regress-vlg.list type normal - compiles under the iverilog plain-Verilog dialect, parse-level valid 1364-2005
iverilog	ivtest/ivltests/pr841.v	fail	must_accept	divergence:unexplained_rejects_valid	ivtest: regress-vlg.list type normal - compiles under the iverilog plain-Verilog dialect, parse-level valid 1364-2005
iverilog	ivtest/ivltests/pr842.v	pass	must_accept	match	ivtest: regress-vlg.list type normal - compiles under the iverilog plain-Verilog dialect, parse-level valid 1364-2005
iverilog	ivtest/ivltests/pr848.v	pass	must_accept	match	ivtest: regress-vlg.list type normal - compiles under the iverilog plain-Verilog dialect, parse-level valid 1364-2005
iverilog	ivtest/ivltests/pr856.v	pass	must_accept	match	ivtest: regress-vlg.list type normal - compiles under the iverilog plain-Verilog dialect, parse-level valid 1364-2005
iverilog	ivtest/ivltests/pr859.v	pass	must_accept	match	ivtest: regress-vlg.list type normal - compiles under the iverilog plain-Verilog dialect, parse-level valid 1364-2005
iverilog	ivtest/ivltests/pr860.v	pass	must_accept	match	ivtest: regress-vlg.list type normal - compiles under the iverilog plain-Verilog dialect, parse-level valid 1364-2005
iverilog	ivtest/ivltests/pr872.v	pass	must_accept	match	ivtest: regress-vlg.list type normal - compiles under the iverilog plain-Verilog dialect, parse-level valid 1364-2005
iverilog	ivtest/ivltests/pr902.v	pass	must_accept	match	ivtest: regress-vlg.list type normal - compiles under the iverilog plain-Verilog dialect, parse-level valid 1364-2005
iverilog	ivtest/ivltests/pr905.v	pass	must_accept	match	ivtest: regress-vlg.list type normal - compiles under the iverilog plain-Verilog dialect, parse-level valid 1364-2005
iverilog	ivtest/ivltests/pr910.v	pass	must_accept	match	ivtest: regress-vlg.list type normal - compiles under the iverilog plain-Verilog dialect, parse-level valid 1364-2005
iverilog	ivtest/ivltests/pr913.v	pass	must_accept	match	ivtest: regress-vlg.list type normal - compiles under the iverilog plain-Verilog dialect, parse-level valid 1364-2005
iverilog	ivtest/ivltests/pr923.v	pass	must_accept	match	ivtest: regress-vlg.list type normal - compiles under the iverilog plain-Verilog dialect, parse-level valid 1364-2005
iverilog	ivtest/ivltests/pr938.v	pass	must_accept	match	ivtest: regress-vlg.list type normal - compiles under the iverilog plain-Verilog dialect, parse-level valid 1364-2005
iverilog	ivtest/ivltests/pr938b.v	pass	must_accept	match	ivtest: regress-vlg.list type normal - compiles under the iverilog plain-Verilog dialect, parse-level valid 1364-2005
iverilog	ivtest/ivltests/pr938b_std.v	pass	must_accept	match	ivtest: regress-vlg.list type normal - compiles under the iverilog plain-Verilog dialect, parse-level valid 1364-2005
iverilog	ivtest/ivltests/pr941.v	pass	must_accept	match	ivtest: regress-vlg.list type normal - compiles under the iverilog plain-Verilog dialect, parse-level valid 1364-2005
iverilog	ivtest/ivltests/pr973.v	pass	must_accept	match	ivtest: regress-vlg.list type normal - compiles under the iverilog plain-Verilog dialect, parse-level valid 1364-2005
iverilog	ivtest/ivltests/pr978.v	pass	must_accept	match	ivtest: regress-vlg.list type normal - compiles under the iverilog plain-Verilog dialect, parse-level valid 1364-2005
iverilog	ivtest/ivltests/pr985.v	fail	must_accept	divergence:explained_svpp_macro_use	ivtest: regress-vlg.list type normal - compiles under the iverilog plain-Verilog dialect, parse-level valid 1364-2005
iverilog	ivtest/ivltests/pr987.v	pass	must_accept	match	ivtest: regress-vlg.list type normal - compiles under the iverilog plain-Verilog dialect, parse-level valid 1364-2005
iverilog	ivtest/ivltests/pr990.v	pass	must_accept	match	ivtest: regress-vlg.list type normal - compiles under the iverilog plain-Verilog dialect, parse-level valid 1364-2005
iverilog	ivtest/ivltests/pr991.v	pass	must_accept	match	ivtest: regress-vlg.list type normal - compiles under the iverilog plain-Verilog dialect, parse-level valid 1364-2005
iverilog	ivtest/ivltests/pr993.v	pass	must_accept	match	ivtest: regress-vlg.list type normal - compiles under the iverilog plain-Verilog dialect, parse-level valid 1364-2005
iverilog	ivtest/ivltests/pr995.v	pass	must_accept	match	ivtest: regress-vlg.list type normal - compiles under the iverilog plain-Verilog dialect, parse-level valid 1364-2005
iverilog	ivtest/ivltests/prng.v	pass	must_accept	match	ivtest: regress-vlg.list type normal - compiles under the iverilog plain-Verilog dialect, parse-level valid 1364-2005
iverilog	ivtest/ivltests/ptest001.v	pass	must_accept	match	ivtest: regress-vlg.list type normal - compiles under the iverilog plain-Verilog dialect, parse-level valid 1364-2005
iverilog	ivtest/ivltests/ptest002.v	pass	must_accept	match	ivtest: regress-vlg.list type normal - compiles under the iverilog plain-Verilog dialect, parse-level valid 1364-2005
iverilog	ivtest/ivltests/ptest003.v	pass	must_accept	match	ivtest: regress-vlg.list type normal - compiles under the iverilog plain-Verilog dialect, parse-level valid 1364-2005
iverilog	ivtest/ivltests/ptest004.v	pass	must_accept	match	ivtest: regress-vlg.list type normal - compiles under the iverilog plain-Verilog dialect, parse-level valid 1364-2005
iverilog	ivtest/ivltests/ptest005.v	pass	must_accept	match	ivtest: regress-vlg.list type normal - compiles under the iverilog plain-Verilog dialect, parse-level valid 1364-2005
iverilog	ivtest/ivltests/ptest006.v	pass	must_accept	match	ivtest: regress-vlg.list type normal - compiles under the iverilog plain-Verilog dialect, parse-level valid 1364-2005
iverilog	ivtest/ivltests/ptest007.v	pass	must_accept	match	ivtest: regress-vlg.list type normal - compiles under the iverilog plain-Verilog dialect, parse-level valid 1364-2005
iverilog	ivtest/ivltests/ptest008.v	pass	must_accept	match	ivtest: regress-vlg.list type normal - compiles under the iverilog plain-Verilog dialect, parse-level valid 1364-2005
iverilog	ivtest/ivltests/ptest009.v	pass	must_accept	match	ivtest: regress-vlg.list type normal - compiles under the iverilog plain-Verilog dialect, parse-level valid 1364-2005
iverilog	ivtest/ivltests/ptest010.v	pass	must_accept	match	ivtest: regress-vlg.list type normal - compiles under the iverilog plain-Verilog dialect, parse-level valid 1364-2005
iverilog	ivtest/ivltests/ptest011.v	pass	must_accept	match	ivtest: regress-vlg.list type normal - compiles under the iverilog plain-Verilog dialect, parse-level valid 1364-2005
iverilog	ivtest/ivltests/pullupdown.v	fail	must_accept	divergence:unexplained_rejects_valid	ivtest: regress-vlg.list type normal - compiles under the iverilog plain-Verilog dialect, parse-level valid 1364-2005
iverilog	ivtest/ivltests/pullupdown2.v	pass	must_accept	match	ivtest: regress-vlg.list type normal - compiles under the iverilog plain-Verilog dialect, parse-level valid 1364-2005
iverilog	ivtest/ivltests/pullupdown3.v	pass	must_accept	match	ivtest: regress-vlg.list type normal - compiles under the iverilog plain-Verilog dialect, parse-level valid 1364-2005
iverilog	ivtest/ivltests/pv_undef_sig_sel.v	pass	must_accept	match	ivtest: regress-vlg.list type normal - compiles under the iverilog plain-Verilog dialect, parse-level valid 1364-2005
iverilog	ivtest/ivltests/pv_wr_vec4.v	fail	must_accept	divergence:explained_svpp_macro_use	ivtest: regress-vlg.list type normal - compiles under the iverilog plain-Verilog dialect, parse-level valid 1364-2005
iverilog	ivtest/ivltests/pv_wr_vec4_nb.v	fail	must_accept	divergence:explained_svpp_macro_use	ivtest: regress-vlg.list type normal - compiles under the iverilog plain-Verilog dialect, parse-level valid 1364-2005
iverilog	ivtest/ivltests/pv_wr_vec4_nb_ec.v	fail	must_accept	divergence:explained_svpp_macro_use	ivtest: regress-vlg.list type normal - compiles under the iverilog plain-Verilog dialect, parse-level valid 1364-2005
iverilog	ivtest/ivltests/pv_wr_vec4a.v	fail	must_accept	divergence:explained_svpp_macro_use	ivtest: regress-vlg.list type normal - compiles under the iverilog plain-Verilog dialect, parse-level valid 1364-2005
iverilog	ivtest/ivltests/pv_wr_vec4a_nb.v	fail	must_accept	divergence:explained_svpp_macro_use	ivtest: regress-vlg.list type normal - compiles under the iverilog plain-Verilog dialect, parse-level valid 1364-2005
iverilog	ivtest/ivltests/pv_wr_vec4a_nb_ec.v	fail	must_accept	divergence:explained_svpp_macro_use	ivtest: regress-vlg.list type normal - compiles under the iverilog plain-Verilog dialect, parse-level valid 1364-2005
iverilog	ivtest/ivltests/qmark.v	pass	must_accept	match	ivtest: regress-vlg.list type normal - compiles under the iverilog plain-Verilog dialect, parse-level valid 1364-2005
iverilog	ivtest/ivltests/qmark1.v	pass	must_accept	match	ivtest: regress-vlg.list type normal - compiles under the iverilog plain-Verilog dialect, parse-level valid 1364-2005
iverilog	ivtest/ivltests/qmark3.v	pass	must_accept	match	ivtest: regress-vlg.list type normal - compiles under the iverilog plain-Verilog dialect, parse-level valid 1364-2005
iverilog	ivtest/ivltests/qmark5.v	pass	must_accept	match	ivtest: regress-vlg.list type normal - compiles under the iverilog plain-Verilog dialect, parse-level valid 1364-2005
iverilog	ivtest/ivltests/qmark6.v	pass	must_accept	match	ivtest: regress-vlg.list type normal - compiles under the iverilog plain-Verilog dialect, parse-level valid 1364-2005
iverilog	ivtest/ivltests/queue.v	pass	must_accept	match	ivtest: regress-vlg.list type normal - compiles under the iverilog plain-Verilog dialect, parse-level valid 1364-2005
iverilog	ivtest/ivltests/queue_stat.v	pass	must_accept	match	ivtest: regress-vlg.list type normal - compiles under the iverilog plain-Verilog dialect, parse-level valid 1364-2005
iverilog	ivtest/ivltests/ram16x1.v	pass	must_accept	match	ivtest: regress-vlg.list type normal - compiles under the iverilog plain-Verilog dialect, parse-level valid 1364-2005
iverilog	ivtest/ivltests/random.v	fail	must_accept	divergence:unexplained_rejects_valid	ivtest: regress-vlg.list type normal - compiles under the iverilog plain-Verilog dialect, parse-level valid 1364-2005
iverilog	ivtest/ivltests/readmem-error.v	pass	must_accept	match	ivtest: regress-vlg.list type normal - compiles under the iverilog plain-Verilog dialect, parse-level valid 1364-2005
iverilog	ivtest/ivltests/readmemb1.v	pass	must_accept	match	ivtest: regress-vlg.list type normal - compiles under the iverilog plain-Verilog dialect, parse-level valid 1364-2005
iverilog	ivtest/ivltests/readmemb2.v	pass	must_accept	match	ivtest: regress-vlg.list type normal - compiles under the iverilog plain-Verilog dialect, parse-level valid 1364-2005
iverilog	ivtest/ivltests/readmemb3.v	pass	must_accept	match	ivtest: regress-vlg.list type normal - compiles under the iverilog plain-Verilog dialect, parse-level valid 1364-2005
iverilog	ivtest/ivltests/readmemh1.v	pass	must_accept	match	ivtest: regress-vlg.list type normal - compiles under the iverilog plain-Verilog dialect, parse-level valid 1364-2005
iverilog	ivtest/ivltests/readmemh1a.v	pass	must_accept	match	ivtest: regress-vlg.list type normal - compiles under the iverilog plain-Verilog dialect, parse-level valid 1364-2005
iverilog	ivtest/ivltests/readmemh2.v	pass	must_accept	match	ivtest: regress-vlg.list type normal - compiles under the iverilog plain-Verilog dialect, parse-level valid 1364-2005
iverilog	ivtest/ivltests/readmemh3.v	pass	must_accept	match	ivtest: regress-vlg.list type normal - compiles under the iverilog plain-Verilog dialect, parse-level valid 1364-2005
iverilog	ivtest/ivltests/readmemh4.v	pass	must_accept	match	ivtest: regress-vlg.list type normal - compiles under the iverilog plain-Verilog dialect, parse-level valid 1364-2005
iverilog	ivtest/ivltests/readmemh5.v	pass	must_accept	match	ivtest vlg CE pinned .8c.2: lvalue-select stage rules (the .8c.1 12.3.3 semantic-stage mirror) - A.8.5 variable_lvalue/net_lvalue admit bit/word/part selects (range_expression msb:lsb and +:/-: forms; identifiers in constant_expression slots are denotation-blind), and A.8.4 primary admits 'identifier [ range_expression ]'; the procedural-continuous/force lvalue-class and memory-select bans are 9.3 prose
iverilog	ivtest/ivltests/real.v	pass	must_accept	match	ivtest: regress-vlg.list type normal - compiles under the iverilog plain-Verilog dialect, parse-level valid 1364-2005
iverilog	ivtest/ivltests/real10.v	pass	must_accept	match	ivtest: regress-vlg.list type normal - compiles under the iverilog plain-Verilog dialect, parse-level valid 1364-2005
iverilog	ivtest/ivltests/real11.v	pass	must_accept	match	ivtest: regress-vlg.list type normal - compiles under the iverilog plain-Verilog dialect, parse-level valid 1364-2005
iverilog	ivtest/ivltests/real2.v	pass	must_accept	match	ivtest: regress-vlg.list type normal - compiles under the iverilog plain-Verilog dialect, parse-level valid 1364-2005
iverilog	ivtest/ivltests/real3.v	pass	must_accept	match	ivtest: regress-vlg.list type normal - compiles under the iverilog plain-Verilog dialect, parse-level valid 1364-2005
iverilog	ivtest/ivltests/real5.v	pass	must_accept	match	ivtest: regress-vlg.list type normal - compiles under the iverilog plain-Verilog dialect, parse-level valid 1364-2005
iverilog	ivtest/ivltests/real6.v	pass	must_accept	match	ivtest: regress-vlg.list type normal - compiles under the iverilog plain-Verilog dialect, parse-level valid 1364-2005
iverilog	ivtest/ivltests/real7.v	pass	must_accept	match	ivtest: regress-vlg.list type normal - compiles under the iverilog plain-Verilog dialect, parse-level valid 1364-2005
iverilog	ivtest/ivltests/real9.v	pass	must_accept	match	ivtest: regress-vlg.list type normal - compiles under the iverilog plain-Verilog dialect, parse-level valid 1364-2005
iverilog	ivtest/ivltests/real_array_multi_dim.v	fail	must_accept	divergence:explained_svpp_macro_use	ivtest: regress-vlg.list type normal - compiles under the iverilog plain-Verilog dialect, parse-level valid 1364-2005
iverilog	ivtest/ivltests/real_array_store_after_cmp.v	pass	must_accept	match	ivtest: regress-vlg.list type normal - compiles under the iverilog plain-Verilog dialect, parse-level valid 1364-2005
iverilog	ivtest/ivltests/real_assign_deassign.v	pass	must_accept	match	ivtest: regress-vlg.list type normal - compiles under the iverilog plain-Verilog dialect, parse-level valid 1364-2005
iverilog	ivtest/ivltests/real_concat_invalid2.v	pass	must_accept	match	ivtest vlg CE pinned .8c.2: real operands in a concatenation are a value rule - A.8.1 concatenation admits any expression (real_number is an A.8.4 primary); the real-operand ban is 5.1.14 prose
iverilog	ivtest/ivltests/real_delay.v	pass	must_accept	match	ivtest: regress-vlg.list type normal - compiles under the iverilog plain-Verilog dialect, parse-level valid 1364-2005
iverilog	ivtest/ivltests/real_events.v	pass	must_accept	match	ivtest: regress-vlg.list type normal - compiles under the iverilog plain-Verilog dialect, parse-level valid 1364-2005
iverilog	ivtest/ivltests/real_force_rel.v	pass	must_accept	match	ivtest: regress-vlg.list type normal - compiles under the iverilog plain-Verilog dialect, parse-level valid 1364-2005
iverilog	ivtest/ivltests/real_invalid_ops.v	fail	must_accept	divergence:unexplained_rejects_valid	ivtest: vlg CE but golden real_invalid_ops.gold shows only post-parse errors - syntax itself valid
iverilog	ivtest/ivltests/real_logical.v	pass	must_accept	match	ivtest: regress-vlg.list type normal - compiles under the iverilog plain-Verilog dialect, parse-level valid 1364-2005
iverilog	ivtest/ivltests/real_reg_force_rel.v	pass	must_accept	match	ivtest: regress-vlg.list type normal - compiles under the iverilog plain-Verilog dialect, parse-level valid 1364-2005
iverilog	ivtest/ivltests/recursive_func1.v	pass	must_accept	match	ivtest: regress-vlg.list type normal - compiles under the iverilog plain-Verilog dialect, parse-level valid 1364-2005
iverilog	ivtest/ivltests/recursive_func_const1.v	pass	must_accept	match	ivtest: regress-vlg.list type normal - compiles under the iverilog plain-Verilog dialect, parse-level valid 1364-2005
iverilog	ivtest/ivltests/recursive_task.v	pass	must_accept	match	ivtest: regress-vlg.list type normal - compiles under the iverilog plain-Verilog dialect, parse-level valid 1364-2005
iverilog	ivtest/ivltests/redef_net_error.v	pass	must_accept	match	ivtest vlg CE pinned .8c.2: duplicate-name/link semantics - duplicate identifiers in one declaration list, duplicate module definitions, duplicate scope names and port-vs-variable redeclaration pairs are each BNF-valid declaration sequences; the clash is semantic
iverilog	ivtest/ivltests/redef_reg_error.v	pass	must_accept	match	ivtest vlg CE pinned .8c.2: duplicate-name/link semantics - duplicate identifiers in one declaration list, duplicate module definitions, duplicate scope names and port-vs-variable redeclaration pairs are each BNF-valid declaration sequences; the clash is semantic
iverilog	ivtest/ivltests/repeat2.v	pass	must_accept	match	ivtest: regress-vlg.list type normal - compiles under the iverilog plain-Verilog dialect, parse-level valid 1364-2005
iverilog	ivtest/ivltests/repeat_expr_probe.v	pass	must_accept	match	ivtest: regress-vlg.list type normal - compiles under the iverilog plain-Verilog dialect, parse-level valid 1364-2005
iverilog	ivtest/ivltests/repl_zero_wid_fail.v	pass	must_accept	match	ivtest vlg CE pinned .8c.2: replication/width value rules are prose - A.8.1 multiple_concatenation ::= { constant_expression concatenation } is width-value-blind; zero or x replication constants and zero-width indexed part-selects (A.8.3 range_expression '+:' form) are 5.1.14/value-rule semantics
iverilog	ivtest/ivltests/repl_zero_wid_pass.v	pass	must_accept	match	ivtest: regress-vlg.list type normal - compiles under the iverilog plain-Verilog dialect, parse-level valid 1364-2005
iverilog	ivtest/ivltests/resetall.v	pass	must_accept	match	ivtest: regress-vlg.list type normal - compiles under the iverilog plain-Verilog dialect, parse-level valid 1364-2005
iverilog	ivtest/ivltests/resetall2.v	pass	must_accept	match	ivtest: regress-vlg.list type normal - compiles under the iverilog plain-Verilog dialect, parse-level valid 1364-2005
iverilog	ivtest/ivltests/resolv1.v	pass	must_accept	match	ivtest: regress-vlg.list type normal - compiles under the iverilog plain-Verilog dialect, parse-level valid 1364-2005
iverilog	ivtest/ivltests/rise_fall_decay1.v	pass	must_accept	match	ivtest: regress-vlg.list type normal - compiles under the iverilog plain-Verilog dialect, parse-level valid 1364-2005
iverilog	ivtest/ivltests/rise_fall_decay2.v	pass	must_accept	match	ivtest: regress-vlg.list type normal - compiles under the iverilog plain-Verilog dialect, parse-level valid 1364-2005
iverilog	ivtest/ivltests/rise_fall_delay1.v	pass	must_accept	match	ivtest: regress-vlg.list type normal - compiles under the iverilog plain-Verilog dialect, parse-level valid 1364-2005
iverilog	ivtest/ivltests/rise_fall_delay2.v	pass	must_accept	match	ivtest: regress-vlg.list type normal - compiles under the iverilog plain-Verilog dialect, parse-level valid 1364-2005
iverilog	ivtest/ivltests/rise_fall_delay3.v	pass	must_accept	match	ivtest: regress-vlg.list type normal - compiles under the iverilog plain-Verilog dialect, parse-level valid 1364-2005
iverilog	ivtest/ivltests/rl_pow.v	pass	must_accept	match	ivtest: regress-vlg.list type normal - compiles under the iverilog plain-Verilog dialect, parse-level valid 1364-2005
iverilog	ivtest/ivltests/rnpmos.v	pass	must_accept	match	ivtest: regress-vlg.list type normal - compiles under the iverilog plain-Verilog dialect, parse-level valid 1364-2005
iverilog	ivtest/ivltests/rnpmos2.v	pass	must_accept	match	ivtest: regress-vlg.list type normal - compiles under the iverilog plain-Verilog dialect, parse-level valid 1364-2005
iverilog	ivtest/ivltests/rop.v	fail	must_accept	divergence:unexplained_rejects_valid	ivtest: regress-vlg.list type normal - compiles under the iverilog plain-Verilog dialect, parse-level valid 1364-2005
iverilog	ivtest/ivltests/rptconcat.v	pass	must_accept	match	ivtest: regress-vlg.list type normal - compiles under the iverilog plain-Verilog dialect, parse-level valid 1364-2005
iverilog	ivtest/ivltests/rtran.v	fail	must_accept	divergence:unexplained_rejects_valid	ivtest: regress-vlg.list type normal - compiles under the iverilog plain-Verilog dialect, parse-level valid 1364-2005
iverilog	ivtest/ivltests/rtranif0.v	fail	must_accept	divergence:unexplained_rejects_valid	ivtest: regress-vlg.list type normal - compiles under the iverilog plain-Verilog dialect, parse-level valid 1364-2005
iverilog	ivtest/ivltests/rtranif1.v	fail	must_accept	divergence:unexplained_rejects_valid	ivtest: regress-vlg.list type normal - compiles under the iverilog plain-Verilog dialect, parse-level valid 1364-2005
iverilog	ivtest/ivltests/scanf.v	pass	must_accept	match	ivtest: regress-vlg.list type normal - compiles under the iverilog plain-Verilog dialect, parse-level valid 1364-2005
iverilog	ivtest/ivltests/scanf2.v	pass	must_accept	match	ivtest: regress-vlg.list type normal - compiles under the iverilog plain-Verilog dialect, parse-level valid 1364-2005
iverilog	ivtest/ivltests/scanf3.v	pass	must_accept	match	ivtest: regress-vlg.list type normal - compiles under the iverilog plain-Verilog dialect, parse-level valid 1364-2005
iverilog	ivtest/ivltests/scanf4.v	pass	must_accept	match	ivtest: regress-vlg.list type normal - compiles under the iverilog plain-Verilog dialect, parse-level valid 1364-2005
iverilog	ivtest/ivltests/sched1.v	pass	must_accept	match	ivtest: regress-vlg.list type normal - compiles under the iverilog plain-Verilog dialect, parse-level valid 1364-2005
iverilog	ivtest/ivltests/sched2.v	pass	must_accept	match	ivtest: regress-vlg.list type normal - compiles under the iverilog plain-Verilog dialect, parse-level valid 1364-2005
iverilog	ivtest/ivltests/schedule.v	pass	must_accept	match	ivtest: regress-vlg.list type normal - compiles under the iverilog plain-Verilog dialect, parse-level valid 1364-2005
iverilog	ivtest/ivltests/scope1.v	pass	must_accept	match	ivtest: regress-vlg.list type normal - compiles under the iverilog plain-Verilog dialect, parse-level valid 1364-2005
iverilog	ivtest/ivltests/scope2.v	pass	must_accept	match	ivtest: regress-vlg.list type normal - compiles under the iverilog plain-Verilog dialect, parse-level valid 1364-2005
iverilog	ivtest/ivltests/scope2b.v	pass	must_accept	match	ivtest vlg CE pinned .8c.2: identifier-resolution/arity semantics - undeclared names, missing functions/modules, wrong task/function argument counts and upward-scope misses are elaboration stage; every call carries >= 1 expression so A.8.2/A.6.9 are satisfied
iverilog	ivtest/ivltests/scope4.v	pass	must_accept	match	ivtest: regress-vlg.list type normal - compiles under the iverilog plain-Verilog dialect, parse-level valid 1364-2005
iverilog	ivtest/ivltests/scope5.v	pass	must_accept	match	ivtest: regress-vlg.list type normal - compiles under the iverilog plain-Verilog dialect, parse-level valid 1364-2005
iverilog	ivtest/ivltests/scoped_events.v	pass	must_accept	match	ivtest: regress-vlg.list type normal - compiles under the iverilog plain-Verilog dialect, parse-level valid 1364-2005
iverilog	ivtest/ivltests/sdf1.v	pass	must_accept	match	ivtest: regress-vlg.list type normal - compiles under the iverilog plain-Verilog dialect, parse-level valid 1364-2005
iverilog	ivtest/ivltests/sdf2.v	pass	must_accept	match	ivtest: regress-vlg.list type normal - compiles under the iverilog plain-Verilog dialect, parse-level valid 1364-2005
iverilog	ivtest/ivltests/sdf3.v	pass	must_accept	match	ivtest: regress-vlg.list type normal - compiles under the iverilog plain-Verilog dialect, parse-level valid 1364-2005
iverilog	ivtest/ivltests/sdf4.v	pass	must_accept	match	ivtest: regress-vlg.list type normal - compiles under the iverilog plain-Verilog dialect, parse-level valid 1364-2005
iverilog	ivtest/ivltests/sdf5.v	pass	must_accept	match	ivtest: regress-vlg.list type normal - compiles under the iverilog plain-Verilog dialect, parse-level valid 1364-2005
iverilog	ivtest/ivltests/sdf6.v	pass	must_accept	match	ivtest: regress-vlg.list type normal - compiles under the iverilog plain-Verilog dialect, parse-level valid 1364-2005
iverilog	ivtest/ivltests/sdf7.v	pass	must_accept	match	ivtest: regress-vlg.list type normal - compiles under the iverilog plain-Verilog dialect, parse-level valid 1364-2005
iverilog	ivtest/ivltests/sdf8.v	pass	must_accept	match	ivtest: regress-vlg.list type normal - compiles under the iverilog plain-Verilog dialect, parse-level valid 1364-2005
iverilog	ivtest/ivltests/sdf_del_max.v	pass	must_accept	match	ivtest: regress-vlg.list type normal - compiles under the iverilog plain-Verilog dialect, parse-level valid 1364-2005
iverilog	ivtest/ivltests/sdf_del_min.v	pass	must_accept	match	ivtest: regress-vlg.list type normal - compiles under the iverilog plain-Verilog dialect, parse-level valid 1364-2005
iverilog	ivtest/ivltests/sdf_del_typ.v	pass	must_accept	match	ivtest: regress-vlg.list type normal - compiles under the iverilog plain-Verilog dialect, parse-level valid 1364-2005
iverilog	ivtest/ivltests/sdf_esc_id.v	pass	must_accept	match	ivtest: regress-vlg.list type normal - compiles under the iverilog plain-Verilog dialect, parse-level valid 1364-2005
iverilog	ivtest/ivltests/sdw_always1.v	pass	must_accept	match	ivtest: regress-vlg.list type normal - compiles under the iverilog plain-Verilog dialect, parse-level valid 1364-2005
iverilog	ivtest/ivltests/sdw_always2.v	pass	must_accept	match	ivtest: regress-vlg.list type normal - compiles under the iverilog plain-Verilog dialect, parse-level valid 1364-2005
iverilog	ivtest/ivltests/sdw_always3.v	pass	must_accept	match	ivtest: regress-vlg.list type normal - compiles under the iverilog plain-Verilog dialect, parse-level valid 1364-2005
iverilog	ivtest/ivltests/sdw_array.v	pass	must_accept	match	ivtest: regress-vlg.list type normal - compiles under the iverilog plain-Verilog dialect, parse-level valid 1364-2005
iverilog	ivtest/ivltests/sdw_assign.v	pass	must_accept	match	ivtest: regress-vlg.list type normal - compiles under the iverilog plain-Verilog dialect, parse-level valid 1364-2005
iverilog	ivtest/ivltests/sdw_dsbl.v	pass	must_accept	match	ivtest: regress-vlg.list type normal - compiles under the iverilog plain-Verilog dialect, parse-level valid 1364-2005
iverilog	ivtest/ivltests/sdw_force.v	pass	must_accept	match	ivtest: regress-vlg.list type normal - compiles under the iverilog plain-Verilog dialect, parse-level valid 1364-2005
iverilog	ivtest/ivltests/sdw_function1.v	pass	must_accept	match	ivtest: regress-vlg.list type normal - compiles under the iverilog plain-Verilog dialect, parse-level valid 1364-2005
iverilog	ivtest/ivltests/sdw_function2.v	pass	must_accept	match	ivtest: regress-vlg.list type normal - compiles under the iverilog plain-Verilog dialect, parse-level valid 1364-2005
iverilog	ivtest/ivltests/sdw_function3.v	pass	must_accept	match	ivtest: regress-vlg.list type normal - compiles under the iverilog plain-Verilog dialect, parse-level valid 1364-2005
iverilog	ivtest/ivltests/sdw_function4.v	pass	must_accept	match	ivtest: regress-vlg.list type normal - compiles under the iverilog plain-Verilog dialect, parse-level valid 1364-2005
iverilog	ivtest/ivltests/sdw_function5.v	pass	must_accept	match	ivtest: regress-vlg.list type normal - compiles under the iverilog plain-Verilog dialect, parse-level valid 1364-2005
iverilog	ivtest/ivltests/sdw_instmod1.v	pass	must_accept	match	ivtest: regress-vlg.list type normal - compiles under the iverilog plain-Verilog dialect, parse-level valid 1364-2005
iverilog	ivtest/ivltests/sdw_instmod2.v	pass	must_accept	match	ivtest: regress-vlg.list type normal - compiles under the iverilog plain-Verilog dialect, parse-level valid 1364-2005
iverilog	ivtest/ivltests/sdw_int.v	pass	must_accept	match	ivtest: regress-vlg.list type normal - compiles under the iverilog plain-Verilog dialect, parse-level valid 1364-2005
iverilog	ivtest/ivltests/sdw_lvalconcat.v	pass	must_accept	match	ivtest: regress-vlg.list type normal - compiles under the iverilog plain-Verilog dialect, parse-level valid 1364-2005
iverilog	ivtest/ivltests/sdw_param1.v	pass	must_accept	match	ivtest: regress-vlg.list type normal - compiles under the iverilog plain-Verilog dialect, parse-level valid 1364-2005
iverilog	ivtest/ivltests/sdw_param2.v	pass	must_accept	match	ivtest: regress-vlg.list type normal - compiles under the iverilog plain-Verilog dialect, parse-level valid 1364-2005
iverilog	ivtest/ivltests/sdw_release.v	pass	must_accept	match	ivtest: regress-vlg.list type normal - compiles under the iverilog plain-Verilog dialect, parse-level valid 1364-2005
iverilog	ivtest/ivltests/sdw_stmt002.v	pass	must_accept	match	ivtest: regress-vlg.list type normal - compiles under the iverilog plain-Verilog dialect, parse-level valid 1364-2005
iverilog	ivtest/ivltests/sdw_task1.v	pass	must_accept	match	ivtest: regress-vlg.list type normal - compiles under the iverilog plain-Verilog dialect, parse-level valid 1364-2005
iverilog	ivtest/ivltests/sdw_task2.v	pass	must_accept	match	ivtest: regress-vlg.list type normal - compiles under the iverilog plain-Verilog dialect, parse-level valid 1364-2005
iverilog	ivtest/ivltests/sel_rval_bit_ob.v	fail	must_accept	divergence:explained_svpp_conditional	ivtest: regress-vlg.list type normal - compiles under the iverilog plain-Verilog dialect, parse-level valid 1364-2005
iverilog	ivtest/ivltests/sel_rval_part_ob.v	fail	must_accept	divergence:explained_svpp_conditional	ivtest: regress-vlg.list type normal - compiles under the iverilog plain-Verilog dialect, parse-level valid 1364-2005
iverilog	ivtest/ivltests/select.v	pass	must_accept	match	ivtest: regress-vlg.list type normal - compiles under the iverilog plain-Verilog dialect, parse-level valid 1364-2005
iverilog	ivtest/ivltests/select2.v	pass	must_accept	match	ivtest: regress-vlg.list type normal - compiles under the iverilog plain-Verilog dialect, parse-level valid 1364-2005
iverilog	ivtest/ivltests/select3.v	pass	must_accept	match	ivtest: regress-vlg.list type normal - compiles under the iverilog plain-Verilog dialect, parse-level valid 1364-2005
iverilog	ivtest/ivltests/select4.v	pass	must_accept	match	ivtest: regress-vlg.list type normal - compiles under the iverilog plain-Verilog dialect, parse-level valid 1364-2005
iverilog	ivtest/ivltests/select5.v	pass	must_accept	match	ivtest: regress-vlg.list type normal - compiles under the iverilog plain-Verilog dialect, parse-level valid 1364-2005
iverilog	ivtest/ivltests/select6.v	pass	must_accept	match	ivtest: regress-vlg.list type normal - compiles under the iverilog plain-Verilog dialect, parse-level valid 1364-2005
iverilog	ivtest/ivltests/select7.v	pass	must_accept	match	ivtest: regress-vlg.list type normal - compiles under the iverilog plain-Verilog dialect, parse-level valid 1364-2005
iverilog	ivtest/ivltests/select8.v	pass	must_accept	match	ivtest: regress-vlg.list type normal - compiles under the iverilog plain-Verilog dialect, parse-level valid 1364-2005
iverilog	ivtest/ivltests/select_padding.v	pass	must_accept	match	ivtest: regress-vlg.list type normal - compiles under the iverilog plain-Verilog dialect, parse-level valid 1364-2005
iverilog	ivtest/ivltests/shellho1.v	pass	must_accept	match	ivtest: regress-vlg.list type normal - compiles under the iverilog plain-Verilog dialect, parse-level valid 1364-2005
iverilog	ivtest/ivltests/shift1.v	pass	must_accept	match	ivtest: regress-vlg.list type normal - compiles under the iverilog plain-Verilog dialect, parse-level valid 1364-2005
iverilog	ivtest/ivltests/shift2.v	pass	must_accept	match	ivtest: regress-vlg.list type normal - compiles under the iverilog plain-Verilog dialect, parse-level valid 1364-2005
iverilog	ivtest/ivltests/shift3.v	pass	must_accept	match	ivtest: regress-vlg.list type normal - compiles under the iverilog plain-Verilog dialect, parse-level valid 1364-2005
iverilog	ivtest/ivltests/shift4.v	pass	must_accept	match	ivtest: regress-vlg.list type normal - compiles under the iverilog plain-Verilog dialect, parse-level valid 1364-2005
iverilog	ivtest/ivltests/shift5.v	pass	must_accept	match	ivtest: regress-vlg.list type normal - compiles under the iverilog plain-Verilog dialect, parse-level valid 1364-2005
iverilog	ivtest/ivltests/shift_pad.v	pass	must_accept	match	ivtest: regress-vlg.list type normal - compiles under the iverilog plain-Verilog dialect, parse-level valid 1364-2005
iverilog	ivtest/ivltests/signed1.v	pass	must_accept	match	ivtest: regress-vlg.list type normal - compiles under the iverilog plain-Verilog dialect, parse-level valid 1364-2005
iverilog	ivtest/ivltests/signed10.v	pass	must_accept	match	ivtest: regress-vlg.list type normal - compiles under the iverilog plain-Verilog dialect, parse-level valid 1364-2005
iverilog	ivtest/ivltests/signed11.v	pass	must_accept	match	ivtest: regress-vlg.list type normal - compiles under the iverilog plain-Verilog dialect, parse-level valid 1364-2005
iverilog	ivtest/ivltests/signed12.v	pass	must_accept	match	ivtest: regress-vlg.list type normal - compiles under the iverilog plain-Verilog dialect, parse-level valid 1364-2005
iverilog	ivtest/ivltests/signed13.v	pass	must_accept	match	ivtest: regress-vlg.list type normal - compiles under the iverilog plain-Verilog dialect, parse-level valid 1364-2005
iverilog	ivtest/ivltests/signed2.v	pass	must_accept	match	ivtest: regress-vlg.list type normal - compiles under the iverilog plain-Verilog dialect, parse-level valid 1364-2005
iverilog	ivtest/ivltests/signed3.v	pass	must_accept	match	ivtest: regress-vlg.list type normal - compiles under the iverilog plain-Verilog dialect, parse-level valid 1364-2005
iverilog	ivtest/ivltests/signed4.v	pass	must_accept	match	ivtest: regress-vlg.list type normal - compiles under the iverilog plain-Verilog dialect, parse-level valid 1364-2005
iverilog	ivtest/ivltests/signed5.v	pass	must_accept	match	ivtest: regress-vlg.list type normal - compiles under the iverilog plain-Verilog dialect, parse-level valid 1364-2005
iverilog	ivtest/ivltests/signed6.v	pass	must_accept	match	ivtest: regress-vlg.list type normal - compiles under the iverilog plain-Verilog dialect, parse-level valid 1364-2005
iverilog	ivtest/ivltests/signed7.v	pass	must_accept	match	ivtest: regress-vlg.list type normal - compiles under the iverilog plain-Verilog dialect, parse-level valid 1364-2005
iverilog	ivtest/ivltests/signed8.v	pass	must_accept	match	ivtest: regress-vlg.list type normal - compiles under the iverilog plain-Verilog dialect, parse-level valid 1364-2005
iverilog	ivtest/ivltests/signed9.v	pass	must_accept	match	ivtest: regress-vlg.list type normal - compiles under the iverilog plain-Verilog dialect, parse-level valid 1364-2005
iverilog	ivtest/ivltests/signed_a.v	pass	must_accept	match	ivtest: regress-vlg.list type normal - compiles under the iverilog plain-Verilog dialect, parse-level valid 1364-2005
iverilog	ivtest/ivltests/signed_equality.v	pass	must_accept	match	ivtest: regress-vlg.list type normal - compiles under the iverilog plain-Verilog dialect, parse-level valid 1364-2005
iverilog	ivtest/ivltests/signed_net_display.v	pass	must_accept	match	ivtest: regress-vlg.list type normal - compiles under the iverilog plain-Verilog dialect, parse-level valid 1364-2005
iverilog	ivtest/ivltests/signed_part.v	pass	must_accept	match	ivtest: regress-vlg.list type normal - compiles under the iverilog plain-Verilog dialect, parse-level valid 1364-2005
iverilog	ivtest/ivltests/signed_pv.v	fail	must_accept	divergence:explained_svpp_conditional	ivtest: regress-vlg.list type normal - compiles under the iverilog plain-Verilog dialect, parse-level valid 1364-2005
iverilog	ivtest/ivltests/sp2.v	fail	must_accept	divergence:explained_svpp_conditional	ivtest: regress-vlg.list type normal - compiles under the iverilog plain-Verilog dialect, parse-level valid 1364-2005
iverilog	ivtest/ivltests/specify1.v	pass	must_accept	match	ivtest: regress-vlg.list type CO - compiles under the iverilog plain-Verilog dialect, parse-level valid 1364-2005
iverilog	ivtest/ivltests/specify2.v	pass	must_accept	match	ivtest: regress-vlg.list type normal - compiles under the iverilog plain-Verilog dialect, parse-level valid 1364-2005
iverilog	ivtest/ivltests/specify3.v	pass	must_accept	match	ivtest: regress-vlg.list type normal - compiles under the iverilog plain-Verilog dialect, parse-level valid 1364-2005
iverilog	ivtest/ivltests/specify4.v	pass	must_accept	match	ivtest: regress-vlg.list type normal - compiles under the iverilog plain-Verilog dialect, parse-level valid 1364-2005
iverilog	ivtest/ivltests/specify5.v	pass	must_accept	match	ivtest: regress-vlg.list type normal - compiles under the iverilog plain-Verilog dialect, parse-level valid 1364-2005
iverilog	ivtest/ivltests/specify_01.v	fail	must_accept	divergence:unexplained_rejects_valid	ivtest: regress-vlg.list type normal - compiles under the iverilog plain-Verilog dialect, parse-level valid 1364-2005
iverilog	ivtest/ivltests/sqrt32.v	pass	must_accept	match	ivtest: regress-vlg.list type normal - compiles under the iverilog plain-Verilog dialect, parse-level valid 1364-2005
iverilog	ivtest/ivltests/sscanf_u.v	pass	must_accept	match	ivtest: regress-vlg.list type normal - compiles under the iverilog plain-Verilog dialect, parse-level valid 1364-2005
iverilog	ivtest/ivltests/sscanf_z.v	pass	must_accept	match	ivtest: regress-vlg.list type normal - compiles under the iverilog plain-Verilog dialect, parse-level valid 1364-2005
iverilog	ivtest/ivltests/stask_parm1.v	pass	must_accept	match	ivtest: regress-vlg.list type normal - compiles under the iverilog plain-Verilog dialect, parse-level valid 1364-2005
iverilog	ivtest/ivltests/stask_parm2.v	pass	must_accept	match	ivtest: regress-vlg.list type normal - compiles under the iverilog plain-Verilog dialect, parse-level valid 1364-2005
iverilog	ivtest/ivltests/stask_sens_null_arg.v	pass	must_accept	match	ivtest: regress-vlg.list type normal - compiles under the iverilog plain-Verilog dialect, parse-level valid 1364-2005
iverilog	ivtest/ivltests/string1.v	pass	must_accept	match	ivtest: regress-vlg.list type normal - compiles under the iverilog plain-Verilog dialect, parse-level valid 1364-2005
iverilog	ivtest/ivltests/string10.v	pass	must_accept	match	ivtest: regress-vlg.list type normal - compiles under the iverilog plain-Verilog dialect, parse-level valid 1364-2005
iverilog	ivtest/ivltests/string11.v	pass	must_accept	match	ivtest: regress-vlg.list type normal - compiles under the iverilog plain-Verilog dialect, parse-level valid 1364-2005
iverilog	ivtest/ivltests/string12.v	fail	must_accept	divergence:unexplained_rejects_valid	ivtest: regress-vlg.list type normal - compiles under the iverilog plain-Verilog dialect, parse-level valid 1364-2005
iverilog	ivtest/ivltests/string13.v	fail	must_accept	divergence:explained_svpp_macro_use	ivtest: regress-vlg.list type normal - compiles under the iverilog plain-Verilog dialect, parse-level valid 1364-2005
iverilog	ivtest/ivltests/string14.v	fail	must_accept	divergence:explained_svpp_macro_use	ivtest: regress-vlg.list type normal - compiles under the iverilog plain-Verilog dialect, parse-level valid 1364-2005
iverilog	ivtest/ivltests/string2.v	pass	must_accept	match	ivtest: regress-vlg.list type normal - compiles under the iverilog plain-Verilog dialect, parse-level valid 1364-2005
iverilog	ivtest/ivltests/string3.v	pass	must_accept	match	ivtest: regress-vlg.list type normal - compiles under the iverilog plain-Verilog dialect, parse-level valid 1364-2005
iverilog	ivtest/ivltests/string4.v	pass	must_accept	match	ivtest: regress-vlg.list type normal - compiles under the iverilog plain-Verilog dialect, parse-level valid 1364-2005
iverilog	ivtest/ivltests/string5.v	pass	must_accept	match	ivtest: regress-vlg.list type normal - compiles under the iverilog plain-Verilog dialect, parse-level valid 1364-2005
iverilog	ivtest/ivltests/string7.v	pass	must_accept	match	ivtest: regress-vlg.list type normal - compiles under the iverilog plain-Verilog dialect, parse-level valid 1364-2005
iverilog	ivtest/ivltests/string8.v	pass	must_accept	match	ivtest: regress-vlg.list type normal - compiles under the iverilog plain-Verilog dialect, parse-level valid 1364-2005
iverilog	ivtest/ivltests/string9.v	pass	must_accept	match	ivtest: regress-vlg.list type normal - compiles under the iverilog plain-Verilog dialect, parse-level valid 1364-2005
iverilog	ivtest/ivltests/supply1.v	fail	must_accept	divergence:unexplained_rejects_valid	ivtest: regress-vlg.list type normal - compiles under the iverilog plain-Verilog dialect, parse-level valid 1364-2005
iverilog	ivtest/ivltests/supply2.v	fail	must_accept	divergence:unexplained_rejects_valid	ivtest: regress-vlg.list type normal - compiles under the iverilog plain-Verilog dialect, parse-level valid 1364-2005
iverilog	ivtest/ivltests/sv_lval_idx_part_invalid_base_down_fail.v	pass	must_accept	match	ivtest vlg CE pinned .8c.2: lvalue-select stage rules (the .8c.1 12.3.3 semantic-stage mirror) - A.8.5 variable_lvalue/net_lvalue admit bit/word/part selects (range_expression msb:lsb and +:/-: forms; identifiers in constant_expression slots are denotation-blind), and A.8.4 primary admits 'identifier [ range_expression ]'; the procedural-continuous/force lvalue-class and memory-select bans are 9.3 prose
iverilog	ivtest/ivltests/switch_primitives.v	pass	must_accept	match	ivtest: regress-vlg.list type normal - compiles under the iverilog plain-Verilog dialect, parse-level valid 1364-2005
iverilog	ivtest/ivltests/sys_func_task_error.v	pass	must_accept	match	ivtest: regress-vlg.list type RE - compiles under the iverilog plain-Verilog dialect, parse-level valid 1364-2005
iverilog	ivtest/ivltests/talu.v	pass	must_accept	match	ivtest: regress-vlg.list type normal - compiles under the iverilog plain-Verilog dialect, parse-level valid 1364-2005
iverilog	ivtest/ivltests/task-scope.v	fail	must_accept	divergence:explained_svpp_conditional	ivtest: regress-vlg.list type normal - compiles under the iverilog plain-Verilog dialect, parse-level valid 1364-2005
iverilog	ivtest/ivltests/task3.14A.v	pass	must_accept	match	ivtest: regress-vlg.list type normal - compiles under the iverilog plain-Verilog dialect, parse-level valid 1364-2005
iverilog	ivtest/ivltests/task3.14B.v	pass	must_accept	match	ivtest: regress-vlg.list type normal - compiles under the iverilog plain-Verilog dialect, parse-level valid 1364-2005
iverilog	ivtest/ivltests/task3.14C.v	pass	must_accept	match	ivtest: regress-vlg.list type normal - compiles under the iverilog plain-Verilog dialect, parse-level valid 1364-2005
iverilog	ivtest/ivltests/task3.14D.v	pass	must_accept	match	ivtest: regress-vlg.list type normal - compiles under the iverilog plain-Verilog dialect, parse-level valid 1364-2005
iverilog	ivtest/ivltests/task3.14E.v	pass	must_accept	match	ivtest: regress-vlg.list type normal - compiles under the iverilog plain-Verilog dialect, parse-level valid 1364-2005
iverilog	ivtest/ivltests/task3.14F.v	pass	must_accept	match	ivtest: regress-vlg.list type normal - compiles under the iverilog plain-Verilog dialect, parse-level valid 1364-2005
iverilog	ivtest/ivltests/task_bypath.v	pass	must_accept	match	ivtest: regress-vlg.list type normal - compiles under the iverilog plain-Verilog dialect, parse-level valid 1364-2005
iverilog	ivtest/ivltests/task_in_expr_fail.v	fail	must_reject	match	ivtest vlg CE pinned .8c.2: empty tf-call parentheses - A.8.2 function_call and A.6.9 task_enable both require '( expression { , expression } )' with at least one expression when parentheses are present (1800's empty list_of_arguments is the edition contrast); task_in_expr_fail also declares 'int x;' in an unnamed begin (no 1364 production)
iverilog	ivtest/ivltests/task_inpad.v	pass	must_accept	match	ivtest: regress-vlg.list type normal - compiles under the iverilog plain-Verilog dialect, parse-level valid 1364-2005
iverilog	ivtest/ivltests/task_iotypes.v	pass	must_accept	match	ivtest: regress-vlg.list type normal - compiles under the iverilog plain-Verilog dialect, parse-level valid 1364-2005
iverilog	ivtest/ivltests/task_iotypes2.v	pass	must_accept	match	ivtest: regress-vlg.list type normal - compiles under the iverilog plain-Verilog dialect, parse-level valid 1364-2005
iverilog	ivtest/ivltests/task_mem.v	pass	must_accept	match	ivtest: regress-vlg.list type normal - compiles under the iverilog plain-Verilog dialect, parse-level valid 1364-2005
iverilog	ivtest/ivltests/task_nonansi_fail1.v	pass	must_accept	match	ivtest vlg CE pinned .8c.2: task non-ANSI port/variable redeclaration coherence - each task_item_declaration is A.2.7 BNF (single trailing statement each); duplicate/conflicting port-variable redeclaration inside a task is semantics (the module_nonansi mirror)
iverilog	ivtest/ivltests/task_nonansi_fail10.v	pass	must_accept	match	ivtest vlg CE pinned .8c.2: task non-ANSI port/variable redeclaration coherence - each task_item_declaration is A.2.7 BNF (single trailing statement each); duplicate/conflicting port-variable redeclaration inside a task is semantics (the module_nonansi mirror)
iverilog	ivtest/ivltests/task_nonansi_fail11.v	pass	must_accept	match	ivtest vlg CE pinned .8c.2: task non-ANSI port/variable redeclaration coherence - each task_item_declaration is A.2.7 BNF (single trailing statement each); duplicate/conflicting port-variable redeclaration inside a task is semantics (the module_nonansi mirror)
iverilog	ivtest/ivltests/task_nonansi_fail2.v	pass	must_accept	match	ivtest vlg CE pinned .8c.2: task non-ANSI port/variable redeclaration coherence - each task_item_declaration is A.2.7 BNF (single trailing statement each); duplicate/conflicting port-variable redeclaration inside a task is semantics (the module_nonansi mirror)
iverilog	ivtest/ivltests/task_nonansi_fail3.v	pass	must_accept	match	ivtest vlg CE pinned .8c.2: task non-ANSI port/variable redeclaration coherence - each task_item_declaration is A.2.7 BNF (single trailing statement each); duplicate/conflicting port-variable redeclaration inside a task is semantics (the module_nonansi mirror)
iverilog	ivtest/ivltests/task_nonansi_fail4.v	pass	must_accept	match	ivtest vlg CE pinned .8c.2: task non-ANSI port/variable redeclaration coherence - each task_item_declaration is A.2.7 BNF (single trailing statement each); duplicate/conflicting port-variable redeclaration inside a task is semantics (the module_nonansi mirror)
iverilog	ivtest/ivltests/task_nonansi_fail5.v	pass	must_reject	divergence:unexplained_accepts_invalid	ivtest vlg CE pinned .8c.2: empty tf-call parentheses - A.8.2 function_call and A.6.9 task_enable both require '( expression { , expression } )' with at least one expression when parentheses are present (1800's empty list_of_arguments is the edition contrast); task_in_expr_fail also declares 'int x;' in an unnamed begin (no 1364 production)
iverilog	ivtest/ivltests/task_nonansi_fail6.v	pass	must_accept	match	ivtest vlg CE pinned .8c.2: task non-ANSI port/variable redeclaration coherence - each task_item_declaration is A.2.7 BNF (single trailing statement each); duplicate/conflicting port-variable redeclaration inside a task is semantics (the module_nonansi mirror)
iverilog	ivtest/ivltests/task_nonansi_fail7.v	pass	must_accept	match	ivtest vlg CE pinned .8c.2: task non-ANSI port/variable redeclaration coherence - each task_item_declaration is A.2.7 BNF (single trailing statement each); duplicate/conflicting port-variable redeclaration inside a task is semantics (the module_nonansi mirror)
iverilog	ivtest/ivltests/task_nonansi_fail8.v	pass	must_reject	divergence:unexplained_accepts_invalid	ivtest vlg CE pinned .8c.2: empty tf-call parentheses - A.8.2 function_call and A.6.9 task_enable both require '( expression { , expression } )' with at least one expression when parentheses are present (1800's empty list_of_arguments is the edition contrast); task_in_expr_fail also declares 'int x;' in an unnamed begin (no 1364 production)
iverilog	ivtest/ivltests/task_nonansi_fail9.v	pass	must_accept	match	ivtest vlg CE pinned .8c.2: task non-ANSI port/variable redeclaration coherence - each task_item_declaration is A.2.7 BNF (single trailing statement each); duplicate/conflicting port-variable redeclaration inside a task is semantics (the module_nonansi mirror)
iverilog	ivtest/ivltests/task_nonansi_integer1.v	pass	must_accept	match	ivtest: regress-vlg.list type normal - compiles under the iverilog plain-Verilog dialect, parse-level valid 1364-2005
iverilog	ivtest/ivltests/task_nonansi_integer2.v	pass	must_accept	match	ivtest: regress-vlg.list type normal - compiles under the iverilog plain-Verilog dialect, parse-level valid 1364-2005
iverilog	ivtest/ivltests/task_nonansi_integer_fail.v	pass	must_accept	match	ivtest vlg CE pinned .8c.2: task non-ANSI port/variable redeclaration coherence - each task_item_declaration is A.2.7 BNF (single trailing statement each); duplicate/conflicting port-variable redeclaration inside a task is semantics (the module_nonansi mirror)
iverilog	ivtest/ivltests/task_nonansi_real1.v	pass	must_accept	match	ivtest: regress-vlg.list type normal - compiles under the iverilog plain-Verilog dialect, parse-level valid 1364-2005
iverilog	ivtest/ivltests/task_nonansi_real2.v	pass	must_accept	match	ivtest: regress-vlg.list type normal - compiles under the iverilog plain-Verilog dialect, parse-level valid 1364-2005
iverilog	ivtest/ivltests/task_nonansi_real_fail.v	pass	must_accept	match	ivtest vlg CE pinned .8c.2: task non-ANSI port/variable redeclaration coherence - each task_item_declaration is A.2.7 BNF (single trailing statement each); duplicate/conflicting port-variable redeclaration inside a task is semantics (the module_nonansi mirror)
iverilog	ivtest/ivltests/task_nonansi_time1.v	pass	must_accept	match	ivtest: regress-vlg.list type normal - compiles under the iverilog plain-Verilog dialect, parse-level valid 1364-2005
iverilog	ivtest/ivltests/task_nonansi_time2.v	pass	must_accept	match	ivtest: regress-vlg.list type normal - compiles under the iverilog plain-Verilog dialect, parse-level valid 1364-2005
iverilog	ivtest/ivltests/task_nonansi_time_fail.v	pass	must_accept	match	ivtest vlg CE pinned .8c.2: task non-ANSI port/variable redeclaration coherence - each task_item_declaration is A.2.7 BNF (single trailing statement each); duplicate/conflicting port-variable redeclaration inside a task is semantics (the module_nonansi mirror)
iverilog	ivtest/ivltests/task_nonansi_vec1.v	pass	must_accept	match	ivtest: regress-vlg.list type normal - compiles under the iverilog plain-Verilog dialect, parse-level valid 1364-2005
iverilog	ivtest/ivltests/task_nonansi_vec2.v	pass	must_accept	match	ivtest: regress-vlg.list type normal - compiles under the iverilog plain-Verilog dialect, parse-level valid 1364-2005
iverilog	ivtest/ivltests/task_nonansi_vec_fail1.v	pass	must_accept	match	ivtest vlg CE pinned .8c.2: task non-ANSI port/variable redeclaration coherence - each task_item_declaration is A.2.7 BNF (single trailing statement each); duplicate/conflicting port-variable redeclaration inside a task is semantics (the module_nonansi mirror)
iverilog	ivtest/ivltests/task_nonansi_vec_fail2.v	pass	must_accept	match	ivtest vlg CE pinned .8c.2: task non-ANSI port/variable redeclaration coherence - each task_item_declaration is A.2.7 BNF (single trailing statement each); duplicate/conflicting port-variable redeclaration inside a task is semantics (the module_nonansi mirror)
iverilog	ivtest/ivltests/task_nonansi_vec_fail3.v	pass	must_accept	match	ivtest vlg CE pinned .8c.2: task non-ANSI port/variable redeclaration coherence - each task_item_declaration is A.2.7 BNF (single trailing statement each); duplicate/conflicting port-variable redeclaration inside a task is semantics (the module_nonansi mirror)
iverilog	ivtest/ivltests/task_noop.v	pass	must_accept	match	ivtest: regress-vlg.list type normal - compiles under the iverilog plain-Verilog dialect, parse-level valid 1364-2005
iverilog	ivtest/ivltests/task_noop2.v	pass	must_accept	match	ivtest: regress-vlg.list type CO - compiles under the iverilog plain-Verilog dialect, parse-level valid 1364-2005
iverilog	ivtest/ivltests/task_omemw2.v	pass	must_accept	match	ivtest: regress-vlg.list type normal - compiles under the iverilog plain-Verilog dialect, parse-level valid 1364-2005
iverilog	ivtest/ivltests/task_omemw3.v	pass	must_accept	match	ivtest: regress-vlg.list type CO - compiles under the iverilog plain-Verilog dialect, parse-level valid 1364-2005
iverilog	ivtest/ivltests/task_port_range_mismatch.v	pass	must_reject	divergence:unexplained_accepts_invalid	ivtest vlg CE pinned .8c.2: more than one statement in a task body - A.2.7 task_declaration is '{ task_item_declaration } statement_or_null endtask' (exactly one statement; 1800's { statement_or_null } body is the edition contrast): 'y = x; $display(...);' needs a begin/end
iverilog	ivtest/ivltests/task_port_size.v	fail	must_accept	divergence:unexplained_rejects_valid	ivtest: regress-vlg.list type normal - compiles under the iverilog plain-Verilog dialect, parse-level valid 1364-2005
iverilog	ivtest/ivltests/task_scope.v	pass	must_accept	match	ivtest: regress-vlg.list type normal - compiles under the iverilog plain-Verilog dialect, parse-level valid 1364-2005
iverilog	ivtest/ivltests/tern1.v	pass	must_accept	match	ivtest: regress-vlg.list type normal - compiles under the iverilog plain-Verilog dialect, parse-level valid 1364-2005
iverilog	ivtest/ivltests/tern10.v	pass	must_accept	match	ivtest: regress-vlg.list type normal - compiles under the iverilog plain-Verilog dialect, parse-level valid 1364-2005
iverilog	ivtest/ivltests/tern2.v	pass	must_accept	match	ivtest: regress-vlg.list type CO - compiles under the iverilog plain-Verilog dialect, parse-level valid 1364-2005
iverilog	ivtest/ivltests/tern4.v	pass	must_accept	match	ivtest: regress-vlg.list type normal - compiles under the iverilog plain-Verilog dialect, parse-level valid 1364-2005
iverilog	ivtest/ivltests/tern5.v	pass	must_accept	match	ivtest: regress-vlg.list type normal - compiles under the iverilog plain-Verilog dialect, parse-level valid 1364-2005
iverilog	ivtest/ivltests/tern6.v	pass	must_accept	match	ivtest: regress-vlg.list type normal - compiles under the iverilog plain-Verilog dialect, parse-level valid 1364-2005
iverilog	ivtest/ivltests/tern7.v	pass	must_accept	match	ivtest: regress-vlg.list type normal - compiles under the iverilog plain-Verilog dialect, parse-level valid 1364-2005
iverilog	ivtest/ivltests/tern9.v	pass	must_accept	match	ivtest: regress-vlg.list type normal - compiles under the iverilog plain-Verilog dialect, parse-level valid 1364-2005
iverilog	ivtest/ivltests/test_bufif0.v	fail	must_accept	divergence:unexplained_rejects_valid	ivtest: regress-vlg.list type normal - compiles under the iverilog plain-Verilog dialect, parse-level valid 1364-2005
iverilog	ivtest/ivltests/test_bufif1.v	fail	must_accept	divergence:unexplained_rejects_valid	ivtest: regress-vlg.list type normal - compiles under the iverilog plain-Verilog dialect, parse-level valid 1364-2005
iverilog	ivtest/ivltests/test_disphob.v	pass	must_accept	match	ivtest: regress-vlg.list type normal - compiles under the iverilog plain-Verilog dialect, parse-level valid 1364-2005
iverilog	ivtest/ivltests/test_dispwided.v	pass	must_accept	match	ivtest: regress-vlg.list type normal - compiles under the iverilog plain-Verilog dialect, parse-level valid 1364-2005
iverilog	ivtest/ivltests/test_extended.v	pass	must_accept	match	ivtest: regress-vlg.list type normal - compiles under the iverilog plain-Verilog dialect, parse-level valid 1364-2005
iverilog	ivtest/ivltests/test_mos_strength_reduction.v	fail	must_accept	divergence:unexplained_rejects_valid	ivtest: regress-vlg.list type normal - compiles under the iverilog plain-Verilog dialect, parse-level valid 1364-2005
iverilog	ivtest/ivltests/test_nmos.v	fail	must_accept	divergence:unexplained_rejects_valid	ivtest: regress-vlg.list type normal - compiles under the iverilog plain-Verilog dialect, parse-level valid 1364-2005
iverilog	ivtest/ivltests/test_notif0.v	fail	must_accept	divergence:unexplained_rejects_valid	ivtest: regress-vlg.list type normal - compiles under the iverilog plain-Verilog dialect, parse-level valid 1364-2005
iverilog	ivtest/ivltests/test_notif1.v	fail	must_accept	divergence:unexplained_rejects_valid	ivtest: regress-vlg.list type normal - compiles under the iverilog plain-Verilog dialect, parse-level valid 1364-2005
iverilog	ivtest/ivltests/test_pmos.v	fail	must_accept	divergence:unexplained_rejects_valid	ivtest: regress-vlg.list type normal - compiles under the iverilog plain-Verilog dialect, parse-level valid 1364-2005
iverilog	ivtest/ivltests/test_rnmos.v	fail	must_accept	divergence:unexplained_rejects_valid	ivtest: regress-vlg.list type normal - compiles under the iverilog plain-Verilog dialect, parse-level valid 1364-2005
iverilog	ivtest/ivltests/test_rpmos.v	fail	must_accept	divergence:unexplained_rejects_valid	ivtest: regress-vlg.list type normal - compiles under the iverilog plain-Verilog dialect, parse-level valid 1364-2005
iverilog	ivtest/ivltests/test_width.v	pass	must_accept	match	ivtest: regress-vlg.list type normal - compiles under the iverilog plain-Verilog dialect, parse-level valid 1364-2005
iverilog	ivtest/ivltests/time1.v	pass	must_accept	match	ivtest: regress-vlg.list type normal - compiles under the iverilog plain-Verilog dialect, parse-level valid 1364-2005
iverilog	ivtest/ivltests/time2.v	pass	must_accept	match	ivtest: regress-vlg.list type normal - compiles under the iverilog plain-Verilog dialect, parse-level valid 1364-2005
iverilog	ivtest/ivltests/time3.v	pass	must_accept	match	ivtest: regress-vlg.list type normal - compiles under the iverilog plain-Verilog dialect, parse-level valid 1364-2005
iverilog	ivtest/ivltests/time4.v	pass	must_accept	match	ivtest: regress-vlg.list type normal - compiles under the iverilog plain-Verilog dialect, parse-level valid 1364-2005
iverilog	ivtest/ivltests/time5.v	pass	must_accept	match	ivtest: regress-vlg.list type normal - compiles under the iverilog plain-Verilog dialect, parse-level valid 1364-2005
iverilog	ivtest/ivltests/time7.v	pass	must_accept	match	ivtest: regress-vlg.list type normal - compiles under the iverilog plain-Verilog dialect, parse-level valid 1364-2005
iverilog	ivtest/ivltests/time8.v	pass	must_accept	match	ivtest: regress-vlg.list type normal - compiles under the iverilog plain-Verilog dialect, parse-level valid 1364-2005
iverilog	ivtest/ivltests/timeform1.v	pass	must_accept	match	ivtest: regress-vlg.list type normal - compiles under the iverilog plain-Verilog dialect, parse-level valid 1364-2005
iverilog	ivtest/ivltests/timeform2.v	pass	must_accept	match	ivtest: regress-vlg.list type normal - compiles under the iverilog plain-Verilog dialect, parse-level valid 1364-2005
iverilog	ivtest/ivltests/timescale1.v	pass	must_accept	match	ivtest: regress-vlg.list type normal - compiles under the iverilog plain-Verilog dialect, parse-level valid 1364-2005
iverilog	ivtest/ivltests/timescale2.v	pass	must_accept	match	ivtest: regress-vlg.list type normal - compiles under the iverilog plain-Verilog dialect, parse-level valid 1364-2005
iverilog	ivtest/ivltests/timescale3.v	pass	out_of_scope_with_cause:svpp_owned_v2005	deferred:svpp_owned_v2005	ivtest vlg CE pinned .8c.2: directive value rule - 19.8: 'The time_precision argument shall be at least as precise as the time_unit argument'; '`timescale 1ns/10ns' violates a DIRECTIVE-value shall, a preprocessor-stage error the svpp lane owns
iverilog	ivtest/ivltests/tran-keeper.v	fail	must_accept	divergence:unexplained_rejects_valid	ivtest: regress-vlg.list type normal - compiles under the iverilog plain-Verilog dialect, parse-level valid 1364-2005
iverilog	ivtest/ivltests/tran.v	fail	must_accept	divergence:unexplained_rejects_valid	ivtest: regress-vlg.list type normal - compiles under the iverilog plain-Verilog dialect, parse-level valid 1364-2005
iverilog	ivtest/ivltests/tranif0.v	fail	must_accept	divergence:unexplained_rejects_valid	ivtest: regress-vlg.list type normal - compiles under the iverilog plain-Verilog dialect, parse-level valid 1364-2005
iverilog	ivtest/ivltests/tranif1.v	fail	must_accept	divergence:unexplained_rejects_valid	ivtest: regress-vlg.list type normal - compiles under the iverilog plain-Verilog dialect, parse-level valid 1364-2005
iverilog	ivtest/ivltests/tri0.v	fail	must_accept	divergence:unexplained_rejects_valid	ivtest: regress-vlg.list type normal - compiles under the iverilog plain-Verilog dialect, parse-level valid 1364-2005
iverilog	ivtest/ivltests/tri0b.v	fail	must_accept	divergence:unexplained_rejects_valid	ivtest: regress-vlg.list type normal - compiles under the iverilog plain-Verilog dialect, parse-level valid 1364-2005
iverilog	ivtest/ivltests/tri1.v	fail	must_accept	divergence:unexplained_rejects_valid	ivtest: regress-vlg.list type normal - compiles under the iverilog plain-Verilog dialect, parse-level valid 1364-2005
iverilog	ivtest/ivltests/tri2.v	pass	must_accept	match	ivtest: regress-vlg.list type normal - compiles under the iverilog plain-Verilog dialect, parse-level valid 1364-2005
iverilog	ivtest/ivltests/tri3.v	fail	must_accept	divergence:unexplained_rejects_valid	ivtest: regress-vlg.list type normal - compiles under the iverilog plain-Verilog dialect, parse-level valid 1364-2005
iverilog	ivtest/ivltests/triand.v	pass	must_accept	match	ivtest: regress-vlg.list type normal - compiles under the iverilog plain-Verilog dialect, parse-level valid 1364-2005
iverilog	ivtest/ivltests/trior.v	pass	must_accept	match	ivtest: regress-vlg.list type normal - compiles under the iverilog plain-Verilog dialect, parse-level valid 1364-2005
iverilog	ivtest/ivltests/types1.v	pass	must_accept	match	ivtest: regress-vlg.list type normal - compiles under the iverilog plain-Verilog dialect, parse-level valid 1364-2005
iverilog	ivtest/ivltests/udp_bufg.v	pass	must_accept	match	ivtest: regress-vlg.list type normal - compiles under the iverilog plain-Verilog dialect, parse-level valid 1364-2005
iverilog	ivtest/ivltests/udp_bufg2.v	pass	must_accept	match	ivtest: regress-vlg.list type normal - compiles under the iverilog plain-Verilog dialect, parse-level valid 1364-2005
iverilog	ivtest/ivltests/udp_bx.v	fail	must_accept	divergence:unexplained_rejects_valid	ivtest: regress-vlg.list type normal - compiles under the iverilog plain-Verilog dialect, parse-level valid 1364-2005
iverilog	ivtest/ivltests/udp_delay_fail.v	pass	must_accept	match	ivtest vlg CE pinned .8c.2: link-stage instance discrimination - '#(10, 20, 30)' after an identifier parses as A.4.1 parameter_value_assignment (the BNF cannot know mux2 names a UDP - the udp-vs-module split is link stage), and recursive module instantiation depth is elaboration; $clog2 in a parameter is A.8.4 constant_system_function_call (1364-2005-added)
iverilog	ivtest/ivltests/udp_dff.v	fail	must_accept	divergence:unexplained_rejects_valid	ivtest: regress-vlg.list type normal - compiles under the iverilog plain-Verilog dialect, parse-level valid 1364-2005
iverilog	ivtest/ivltests/udp_dff_std.v	fail	must_accept	divergence:unexplained_rejects_valid	ivtest: regress-vlg.list type normal - compiles under the iverilog plain-Verilog dialect, parse-level valid 1364-2005
iverilog	ivtest/ivltests/udp_eval_arg.v	pass	must_accept	match	ivtest: regress-vlg.list type normal - compiles under the iverilog plain-Verilog dialect, parse-level valid 1364-2005
iverilog	ivtest/ivltests/udp_jkff.v	fail	must_accept	divergence:explained_svpp_conditional	ivtest: regress-vlg.list type normal - compiles under the iverilog plain-Verilog dialect, parse-level valid 1364-2005
iverilog	ivtest/ivltests/udp_output_reg.v	pass	must_accept	match	ivtest: regress-vlg.list type normal - compiles under the iverilog plain-Verilog dialect, parse-level valid 1364-2005
iverilog	ivtest/ivltests/udp_real_delay.v	pass	must_accept	match	ivtest: regress-vlg.list type normal - compiles under the iverilog plain-Verilog dialect, parse-level valid 1364-2005
iverilog	ivtest/ivltests/udp_sched.v	pass	must_accept	match	ivtest: regress-vlg.list type normal - compiles under the iverilog plain-Verilog dialect, parse-level valid 1364-2005
iverilog	ivtest/ivltests/udp_x.v	pass	must_accept	match	ivtest: regress-vlg.list type normal - compiles under the iverilog plain-Verilog dialect, parse-level valid 1364-2005
iverilog	ivtest/ivltests/unary_and.v	pass	must_accept	match	ivtest: regress-vlg.list type normal - compiles under the iverilog plain-Verilog dialect, parse-level valid 1364-2005
iverilog	ivtest/ivltests/unary_lnot1.v	pass	must_accept	match	ivtest: regress-vlg.list type normal - compiles under the iverilog plain-Verilog dialect, parse-level valid 1364-2005
iverilog	ivtest/ivltests/unary_lnot2.v	pass	must_accept	match	ivtest: regress-vlg.list type normal - compiles under the iverilog plain-Verilog dialect, parse-level valid 1364-2005
iverilog	ivtest/ivltests/unary_lnot3.v	pass	must_accept	match	ivtest: regress-vlg.list type normal - compiles under the iverilog plain-Verilog dialect, parse-level valid 1364-2005
iverilog	ivtest/ivltests/unary_minus.v	pass	must_accept	match	ivtest: regress-vlg.list type normal - compiles under the iverilog plain-Verilog dialect, parse-level valid 1364-2005
iverilog	ivtest/ivltests/unary_minus1.v	pass	must_accept	match	ivtest: regress-vlg.list type normal - compiles under the iverilog plain-Verilog dialect, parse-level valid 1364-2005
iverilog	ivtest/ivltests/unary_minus2.v	pass	must_accept	match	ivtest: regress-vlg.list type normal - compiles under the iverilog plain-Verilog dialect, parse-level valid 1364-2005
iverilog	ivtest/ivltests/unary_minus3.v	pass	must_accept	match	ivtest: regress-vlg.list type normal - compiles under the iverilog plain-Verilog dialect, parse-level valid 1364-2005
iverilog	ivtest/ivltests/unary_minus4.v	pass	must_accept	match	ivtest: regress-vlg.list type normal - compiles under the iverilog plain-Verilog dialect, parse-level valid 1364-2005
iverilog	ivtest/ivltests/unary_nand.v	pass	must_accept	match	ivtest: regress-vlg.list type normal - compiles under the iverilog plain-Verilog dialect, parse-level valid 1364-2005
iverilog	ivtest/ivltests/unary_nand2.v	pass	must_accept	match	ivtest: regress-vlg.list type normal - compiles under the iverilog plain-Verilog dialect, parse-level valid 1364-2005
iverilog	ivtest/ivltests/unary_nor.v	pass	must_accept	match	ivtest: regress-vlg.list type normal - compiles under the iverilog plain-Verilog dialect, parse-level valid 1364-2005
iverilog	ivtest/ivltests/unary_nor2.v	pass	must_accept	match	ivtest: regress-vlg.list type normal - compiles under the iverilog plain-Verilog dialect, parse-level valid 1364-2005
iverilog	ivtest/ivltests/unary_not.v	pass	must_accept	match	ivtest: regress-vlg.list type normal - compiles under the iverilog plain-Verilog dialect, parse-level valid 1364-2005
iverilog	ivtest/ivltests/unary_or.v	pass	must_accept	match	ivtest: regress-vlg.list type normal - compiles under the iverilog plain-Verilog dialect, parse-level valid 1364-2005
iverilog	ivtest/ivltests/unary_xnor1.v	pass	must_accept	match	ivtest: regress-vlg.list type normal - compiles under the iverilog plain-Verilog dialect, parse-level valid 1364-2005
iverilog	ivtest/ivltests/unary_xnor2.v	pass	must_accept	match	ivtest: regress-vlg.list type normal - compiles under the iverilog plain-Verilog dialect, parse-level valid 1364-2005
iverilog	ivtest/ivltests/unary_xor.v	pass	must_accept	match	ivtest: regress-vlg.list type normal - compiles under the iverilog plain-Verilog dialect, parse-level valid 1364-2005
iverilog	ivtest/ivltests/uncon_drive.v	pass	must_accept	match	ivtest: regress-vlg.list type normal - compiles under the iverilog plain-Verilog dialect, parse-level valid 1364-2005
iverilog	ivtest/ivltests/undef.v	fail	must_accept	divergence:explained_svpp_macro_use	ivtest: regress-vlg.list type normal - compiles under the iverilog plain-Verilog dialect, parse-level valid 1364-2005
iverilog	ivtest/ivltests/undef_lval_select.v	fail	must_accept	divergence:explained_svpp_conditional	ivtest: regress-vlg.list type normal - compiles under the iverilog plain-Verilog dialect, parse-level valid 1364-2005
iverilog	ivtest/ivltests/undef_lval_select2.v	fail	must_accept	divergence:explained_svpp_conditional	ivtest: regress-vlg.list type normal - compiles under the iverilog plain-Verilog dialect, parse-level valid 1364-2005
iverilog	ivtest/ivltests/undef_lval_select3a.v	fail	must_accept	divergence:explained_svpp_conditional	ivtest: regress-vlg.list type normal - compiles under the iverilog plain-Verilog dialect, parse-level valid 1364-2005
iverilog	ivtest/ivltests/undef_lval_select3b.v	pass	must_accept	match	ivtest vlg CE pinned .8c.2: lvalue-select stage rules (the .8c.1 12.3.3 semantic-stage mirror) - A.8.5 variable_lvalue/net_lvalue admit bit/word/part selects (range_expression msb:lsb and +:/-: forms; identifiers in constant_expression slots are denotation-blind), and A.8.4 primary admits 'identifier [ range_expression ]'; the procedural-continuous/force lvalue-class and memory-select bans are 9.3 prose
iverilog	ivtest/ivltests/undef_lval_select3c.v	pass	must_accept	match	ivtest vlg CE pinned .8c.2: lvalue-select stage rules (the .8c.1 12.3.3 semantic-stage mirror) - A.8.5 variable_lvalue/net_lvalue admit bit/word/part selects (range_expression msb:lsb and +:/-: forms; identifiers in constant_expression slots are denotation-blind), and A.8.4 primary admits 'identifier [ range_expression ]'; the procedural-continuous/force lvalue-class and memory-select bans are 9.3 prose
iverilog	ivtest/ivltests/undef_lval_select4a.v	fail	must_accept	divergence:explained_svpp_conditional	ivtest: regress-vlg.list type normal - compiles under the iverilog plain-Verilog dialect, parse-level valid 1364-2005
iverilog	ivtest/ivltests/undef_lval_select4b.v	pass	must_accept	match	ivtest vlg CE pinned .8c.2: lvalue-select stage rules (the .8c.1 12.3.3 semantic-stage mirror) - A.8.5 variable_lvalue/net_lvalue admit bit/word/part selects (range_expression msb:lsb and +:/-: forms; identifiers in constant_expression slots are denotation-blind), and A.8.4 primary admits 'identifier [ range_expression ]'; the procedural-continuous/force lvalue-class and memory-select bans are 9.3 prose
iverilog	ivtest/ivltests/undef_lval_select4c.v	pass	must_accept	match	ivtest vlg CE pinned .8c.2: lvalue-select stage rules (the .8c.1 12.3.3 semantic-stage mirror) - A.8.5 variable_lvalue/net_lvalue admit bit/word/part selects (range_expression msb:lsb and +:/-: forms; identifiers in constant_expression slots are denotation-blind), and A.8.4 primary admits 'identifier [ range_expression ]'; the procedural-continuous/force lvalue-class and memory-select bans are 9.3 prose
iverilog	ivtest/ivltests/undef_lval_select5.v	fail	must_accept	divergence:explained_svpp_conditional	ivtest: regress-vlg.list type normal - compiles under the iverilog plain-Verilog dialect, parse-level valid 1364-2005
iverilog	ivtest/ivltests/undefined_shift.v	pass	must_accept	match	ivtest: regress-vlg.list type normal - compiles under the iverilog plain-Verilog dialect, parse-level valid 1364-2005
iverilog	ivtest/ivltests/unnamed_block_var_decl.v	pass	must_reject	divergence:unexplained_accepts_invalid	ivtest vlg CE pinned .8c.2: declarations in an unnamed block - A.6.3 seq_block/par_block admit block_item_declarations only after ': block_identifier' (begin [ : block_identifier { block_item_declaration } ] { statement } end; 1800 unnamed-block declarations are the edition contrast)
iverilog	ivtest/ivltests/unnamed_fork_var_decl.v	pass	must_reject	divergence:unexplained_accepts_invalid	ivtest vlg CE pinned .8c.2: declarations in an unnamed block - A.6.3 seq_block/par_block admit block_item_declarations only after ': block_identifier' (begin [ : block_identifier { block_item_declaration } ] { statement } end; 1800 unnamed-block declarations are the edition contrast)
iverilog	ivtest/ivltests/urand_r.v	pass	must_accept	match	ivtest: regress-vlg.list type normal - compiles under the iverilog plain-Verilog dialect, parse-level valid 1364-2005
iverilog	ivtest/ivltests/urand_r2.v	pass	must_accept	match	ivtest: regress-vlg.list type normal - compiles under the iverilog plain-Verilog dialect, parse-level valid 1364-2005
iverilog	ivtest/ivltests/urand_r3.v	pass	must_accept	match	ivtest: regress-vlg.list type normal - compiles under the iverilog plain-Verilog dialect, parse-level valid 1364-2005
iverilog	ivtest/ivltests/uwire.v	pass	must_accept	match	ivtest: regress-vlg.list type normal - compiles under the iverilog plain-Verilog dialect, parse-level valid 1364-2005
iverilog	ivtest/ivltests/uwire2.v	pass	must_accept	match	ivtest: regress-vlg.list type normal - compiles under the iverilog plain-Verilog dialect, parse-level valid 1364-2005
iverilog	ivtest/ivltests/uwire_fail.v	pass	must_accept	match	ivtest: vlg CE but golden uwire_fail.gold shows only post-parse errors - syntax itself valid
iverilog	ivtest/ivltests/vardly.v	pass	must_accept	match	ivtest: regress-vlg.list type normal - compiles under the iverilog plain-Verilog dialect, parse-level valid 1364-2005
iverilog	ivtest/ivltests/varlsfht.v	pass	must_accept	match	ivtest: regress-vlg.list type normal - compiles under the iverilog plain-Verilog dialect, parse-level valid 1364-2005
iverilog	ivtest/ivltests/varlsfht1.v	pass	must_accept	match	ivtest: regress-vlg.list type normal - compiles under the iverilog plain-Verilog dialect, parse-level valid 1364-2005
iverilog	ivtest/ivltests/varlsfht2.v	pass	must_accept	match	ivtest: regress-vlg.list type normal - compiles under the iverilog plain-Verilog dialect, parse-level valid 1364-2005
iverilog	ivtest/ivltests/varrshft.v	pass	must_accept	match	ivtest: regress-vlg.list type normal - compiles under the iverilog plain-Verilog dialect, parse-level valid 1364-2005
iverilog	ivtest/ivltests/varrshft1.v	pass	must_accept	match	ivtest: regress-vlg.list type normal - compiles under the iverilog plain-Verilog dialect, parse-level valid 1364-2005
iverilog	ivtest/ivltests/varrshft2.v	pass	must_accept	match	ivtest: regress-vlg.list type normal - compiles under the iverilog plain-Verilog dialect, parse-level valid 1364-2005
iverilog	ivtest/ivltests/vcd-dup.v	fail	must_accept	divergence:unexplained_rejects_valid	ivtest: regress-vlg.list type normal - compiles under the iverilog plain-Verilog dialect, parse-level valid 1364-2005
iverilog	ivtest/ivltests/vector.v	pass	must_accept	match	ivtest: regress-vlg.list type normal - compiles under the iverilog plain-Verilog dialect, parse-level valid 1364-2005
iverilog	ivtest/ivltests/verify_two_var_delays.v	pass	must_accept	match	ivtest: regress-vlg.list type normal - compiles under the iverilog plain-Verilog dialect, parse-level valid 1364-2005
iverilog	ivtest/ivltests/vvp_scalar_value.v	fail	must_accept	divergence:unexplained_rejects_valid	ivtest: regress-vlg.list type normal - compiles under the iverilog plain-Verilog dialect, parse-level valid 1364-2005
iverilog	ivtest/ivltests/wait1.v	pass	must_accept	match	ivtest: regress-vlg.list type normal - compiles under the iverilog plain-Verilog dialect, parse-level valid 1364-2005
iverilog	ivtest/ivltests/wait2.v	pass	must_accept	match	ivtest: regress-vlg.list type normal - compiles under the iverilog plain-Verilog dialect, parse-level valid 1364-2005
iverilog	ivtest/ivltests/wait3.v	pass	must_accept	match	ivtest: regress-vlg.list type normal - compiles under the iverilog plain-Verilog dialect, parse-level valid 1364-2005
iverilog	ivtest/ivltests/wildsense.v	pass	must_accept	match	ivtest: regress-vlg.list type normal - compiles under the iverilog plain-Verilog dialect, parse-level valid 1364-2005
iverilog	ivtest/ivltests/wildsense2.v	pass	must_accept	match	ivtest: regress-vlg.list type normal - compiles under the iverilog plain-Verilog dialect, parse-level valid 1364-2005
iverilog	ivtest/ivltests/wireadd1.v	pass	must_accept	match	ivtest: regress-vlg.list type normal - compiles under the iverilog plain-Verilog dialect, parse-level valid 1364-2005
iverilog	ivtest/ivltests/wireeq.v	pass	must_accept	match	ivtest: regress-vlg.list type normal - compiles under the iverilog plain-Verilog dialect, parse-level valid 1364-2005
iverilog	ivtest/ivltests/wirege.v	pass	must_accept	match	ivtest: regress-vlg.list type normal - compiles under the iverilog plain-Verilog dialect, parse-level valid 1364-2005
iverilog	ivtest/ivltests/wireland.v	pass	must_accept	match	ivtest: regress-vlg.list type normal - compiles under the iverilog plain-Verilog dialect, parse-level valid 1364-2005
iverilog	ivtest/ivltests/wirele.v	pass	must_accept	match	ivtest: regress-vlg.list type normal - compiles under the iverilog plain-Verilog dialect, parse-level valid 1364-2005
iverilog	ivtest/ivltests/wiremod1.v	pass	must_accept	match	ivtest: regress-vlg.list type normal - compiles under the iverilog plain-Verilog dialect, parse-level valid 1364-2005
iverilog	ivtest/ivltests/wiresl.v	pass	must_accept	match	ivtest: regress-vlg.list type normal - compiles under the iverilog plain-Verilog dialect, parse-level valid 1364-2005
iverilog	ivtest/ivltests/wiresl2.v	pass	must_accept	match	ivtest: regress-vlg.list type normal - compiles under the iverilog plain-Verilog dialect, parse-level valid 1364-2005
iverilog	ivtest/ivltests/wiresr.v	pass	must_accept	match	ivtest: regress-vlg.list type normal - compiles under the iverilog plain-Verilog dialect, parse-level valid 1364-2005
iverilog	ivtest/ivltests/wiresub1.v	pass	must_accept	match	ivtest: regress-vlg.list type normal - compiles under the iverilog plain-Verilog dialect, parse-level valid 1364-2005
iverilog	ivtest/ivltests/wirexor1.v	pass	must_accept	match	ivtest: regress-vlg.list type normal - compiles under the iverilog plain-Verilog dialect, parse-level valid 1364-2005
iverilog	ivtest/ivltests/writemem-error.v	pass	must_accept	match	ivtest: regress-vlg.list type normal - compiles under the iverilog plain-Verilog dialect, parse-level valid 1364-2005
iverilog	ivtest/ivltests/writememb1.v	pass	must_accept	match	ivtest: regress-vlg.list type normal - compiles under the iverilog plain-Verilog dialect, parse-level valid 1364-2005
iverilog	ivtest/ivltests/writememb2.v	pass	must_accept	match	ivtest: regress-vlg.list type normal - compiles under the iverilog plain-Verilog dialect, parse-level valid 1364-2005
iverilog	ivtest/ivltests/writememh1.v	pass	must_accept	match	ivtest: regress-vlg.list type normal - compiles under the iverilog plain-Verilog dialect, parse-level valid 1364-2005
iverilog	ivtest/ivltests/writememh2.v	pass	must_accept	match	ivtest: regress-vlg.list type normal - compiles under the iverilog plain-Verilog dialect, parse-level valid 1364-2005
iverilog	ivtest/ivltests/xnor_test.v	pass	must_accept	match	ivtest: regress-vlg.list type normal - compiles under the iverilog plain-Verilog dialect, parse-level valid 1364-2005
iverilog	ivtest/ivltests/z1.v	fail	must_accept	divergence:unexplained_rejects_valid	ivtest: regress-vlg.list type normal - compiles under the iverilog plain-Verilog dialect, parse-level valid 1364-2005
iverilog	ivtest/ivltests/z2.v	fail	must_accept	divergence:unexplained_rejects_valid	ivtest: regress-vlg.list type normal - compiles under the iverilog plain-Verilog dialect, parse-level valid 1364-2005
iverilog	ivtest/ivltests/zero_repl.v	pass	must_accept	match	ivtest: regress-vlg.list type normal - compiles under the iverilog plain-Verilog dialect, parse-level valid 1364-2005
iverilog	ivtest/ivltests/zero_repl_fail.v	pass	must_accept	match	ivtest vlg CE pinned .8c.2: replication/width value rules are prose - A.8.1 multiple_concatenation ::= { constant_expression concatenation } is width-value-blind; zero or x replication constants and zero-width indexed part-selects (A.8.3 range_expression '+:' form) are 5.1.14/value-rule semantics
sv2v	test/basic/flatten_tb.v	fail	must_accept	divergence:explained_svpp_macro_use	sv2v: committed conversion GOLDEN - valid Verilog-2005 output by suite contract (the tool's own emitted text)
sv2v	test/basic/flatten_three_tb.v	fail	must_accept	divergence:explained_svpp_macro_use	sv2v: committed conversion GOLDEN - valid Verilog-2005 output by suite contract (the tool's own emitted text)
sv2v	test/basic/string_param_plain_tb.v	pass	must_accept	match	sv2v: committed conversion GOLDEN - valid Verilog-2005 output by suite contract (the tool's own emitted text)
sv2v	test/core/always_attr.v	pass	must_accept	match	sv2v: committed conversion GOLDEN - valid Verilog-2005 output by suite contract (the tool's own emitted text)
sv2v	test/core/always_comb.v	fail	must_accept	divergence:explained_svpp_include	sv2v: committed conversion GOLDEN - valid Verilog-2005 output by suite contract (the tool's own emitted text)
sv2v	test/core/always_latch.v	pass	must_accept	match	sv2v: committed conversion GOLDEN - valid Verilog-2005 output by suite contract (the tool's own emitted text)
sv2v	test/core/always_latch_tb.v	pass	must_accept	match	sv2v: committed conversion GOLDEN - valid Verilog-2005 output by suite contract (the tool's own emitted text)
sv2v	test/core/always_prefix.v	pass	must_accept	match	sv2v: committed conversion GOLDEN - valid Verilog-2005 output by suite contract (the tool's own emitted text)
sv2v	test/core/always_prefix_tb.v	pass	must_accept	match	sv2v: committed conversion GOLDEN - valid Verilog-2005 output by suite contract (the tool's own emitted text)
sv2v	test/core/always_sense.v	fail	must_accept	divergence:explained_svpp_include	sv2v: committed conversion GOLDEN - valid Verilog-2005 output by suite contract (the tool's own emitted text)
sv2v	test/core/always_sense_tb.v	fail	must_accept	divergence:explained_svpp_include	sv2v: committed conversion GOLDEN - valid Verilog-2005 output by suite contract (the tool's own emitted text)
sv2v	test/core/always_spin.v	fail	must_accept	divergence:explained_svpp_include	sv2v: committed conversion GOLDEN - valid Verilog-2005 output by suite contract (the tool's own emitted text)
sv2v	test/core/ambiguous_tore.v	fail	must_accept	divergence:explained_svpp_macro_use	sv2v: committed conversion GOLDEN - valid Verilog-2005 output by suite contract (the tool's own emitted text)
sv2v	test/core/array.v	pass	must_accept	match	sv2v: committed conversion GOLDEN - valid Verilog-2005 output by suite contract (the tool's own emitted text)
sv2v	test/core/array_in_package.v	fail	must_accept	divergence:unexplained_rejects_valid	sv2v: committed conversion GOLDEN - valid Verilog-2005 output by suite contract (the tool's own emitted text)
sv2v	test/core/asgn_expr.v	pass	must_accept	match	sv2v: committed conversion GOLDEN - valid Verilog-2005 output by suite contract (the tool's own emitted text)
sv2v	test/core/asgn_sense_lhs.v	pass	must_accept	match	sv2v: committed conversion GOLDEN - valid Verilog-2005 output by suite contract (the tool's own emitted text)
sv2v	test/core/asgn_sense_lhs_tb.v	pass	must_accept	match	sv2v: committed conversion GOLDEN - valid Verilog-2005 output by suite contract (the tool's own emitted text)
sv2v	test/core/assert.v	pass	must_accept	match	sv2v: committed conversion GOLDEN - valid Verilog-2005 output by suite contract (the tool's own emitted text)
sv2v	test/core/assert_tb.v	pass	must_accept	match	sv2v: committed conversion GOLDEN - valid Verilog-2005 output by suite contract (the tool's own emitted text)
sv2v	test/core/bit.v	pass	must_accept	match	sv2v: committed conversion GOLDEN - valid Verilog-2005 output by suite contract (the tool's own emitted text)
sv2v	test/core/bits_scope.v	pass	must_accept	match	sv2v: committed conversion GOLDEN - valid Verilog-2005 output by suite contract (the tool's own emitted text)
sv2v	test/core/case_inside_cast.v	pass	must_accept	match	sv2v: committed conversion GOLDEN - valid Verilog-2005 output by suite contract (the tool's own emitted text)
sv2v	test/core/case_violation_checks.v	pass	must_accept	match	sv2v: committed conversion GOLDEN - valid Verilog-2005 output by suite contract (the tool's own emitted text)
sv2v	test/core/case_violation_checks_tb.v	pass	must_accept	match	sv2v: committed conversion GOLDEN - valid Verilog-2005 output by suite contract (the tool's own emitted text)
sv2v	test/core/cast.v	pass	must_accept	match	sv2v: committed conversion GOLDEN - valid Verilog-2005 output by suite contract (the tool's own emitted text)
sv2v	test/core/cast_conflict.v	pass	must_accept	match	sv2v: committed conversion GOLDEN - valid Verilog-2005 output by suite contract (the tool's own emitted text)
sv2v	test/core/cast_literal.v	fail	must_accept	divergence:explained_svpp_include	sv2v: committed conversion GOLDEN - valid Verilog-2005 output by suite contract (the tool's own emitted text)
sv2v	test/core/cast_nest.v	pass	must_accept	match	sv2v: committed conversion GOLDEN - valid Verilog-2005 output by suite contract (the tool's own emitted text)
sv2v	test/core/cast_nettype.v	fail	must_accept	divergence:explained_svpp_include	sv2v: committed conversion GOLDEN - valid Verilog-2005 output by suite contract (the tool's own emitted text)
sv2v	test/core/cast_procedure.v	fail	must_accept	divergence:explained_svpp_macro_use	sv2v: committed conversion GOLDEN - valid Verilog-2005 output by suite contract (the tool's own emitted text)
sv2v	test/core/cast_struct_nested.v	pass	must_accept	match	sv2v: committed conversion GOLDEN - valid Verilog-2005 output by suite contract (the tool's own emitted text)
sv2v	test/core/cast_top_item.v	pass	must_accept	match	sv2v: committed conversion GOLDEN - valid Verilog-2005 output by suite contract (the tool's own emitted text)
sv2v	test/core/cast_top_item_tb.v	pass	must_accept	match	sv2v: committed conversion GOLDEN - valid Verilog-2005 output by suite contract (the tool's own emitted text)
sv2v	test/core/class_ident.v	pass	must_accept	match	sv2v: committed conversion GOLDEN - valid Verilog-2005 output by suite contract (the tool's own emitted text)
sv2v	test/core/class_param_nest.v	fail	must_accept	divergence:explained_svpp_macro_use	sv2v: committed conversion GOLDEN - valid Verilog-2005 output by suite contract (the tool's own emitted text)
sv2v	test/core/const.v	pass	must_accept	match	sv2v: committed conversion GOLDEN - valid Verilog-2005 output by suite contract (the tool's own emitted text)
sv2v	test/core/constexpr.v	pass	must_accept	match	sv2v: committed conversion GOLDEN - valid Verilog-2005 output by suite contract (the tool's own emitted text)
sv2v	test/core/dangling_else.v	pass	must_accept	match	sv2v: committed conversion GOLDEN - valid Verilog-2005 output by suite contract (the tool's own emitted text)
sv2v	test/core/data_lifetime.v	fail	must_accept	divergence:unexplained_rejects_valid	sv2v: committed conversion GOLDEN - valid Verilog-2005 output by suite contract (the tool's own emitted text)
sv2v	test/core/decl_scope.v	pass	must_accept	match	sv2v: committed conversion GOLDEN - valid Verilog-2005 output by suite contract (the tool's own emitted text)
sv2v	test/core/default_nettype.v	fail	must_accept	divergence:explained_svpp_macro_use	sv2v: committed conversion GOLDEN - valid Verilog-2005 output by suite contract (the tool's own emitted text)
sv2v	test/core/delay.v	pass	must_accept	match	sv2v: committed conversion GOLDEN - valid Verilog-2005 output by suite contract (the tool's own emitted text)
sv2v	test/core/dimensions.v	fail	must_accept	divergence:explained_svpp_macro_use	sv2v: committed conversion GOLDEN - valid Verilog-2005 output by suite contract (the tool's own emitted text)
sv2v	test/core/do_while.v	fail	must_accept	divergence:unexplained_rejects_valid	sv2v: committed conversion GOLDEN - valid Verilog-2005 output by suite contract (the tool's own emitted text)
sv2v	test/core/duplicate_cast.v	pass	must_accept	match	sv2v: committed conversion GOLDEN - valid Verilog-2005 output by suite contract (the tool's own emitted text)
sv2v	test/core/edge.v	pass	must_accept	match	sv2v: committed conversion GOLDEN - valid Verilog-2005 output by suite contract (the tool's own emitted text)
sv2v	test/core/edge_tb.v	pass	must_accept	match	sv2v: committed conversion GOLDEN - valid Verilog-2005 output by suite contract (the tool's own emitted text)
sv2v	test/core/elab_task.v	pass	must_accept	match	sv2v: committed conversion GOLDEN - valid Verilog-2005 output by suite contract (the tool's own emitted text)
sv2v	test/core/empty_args.v	pass	must_accept	match	sv2v: committed conversion GOLDEN - valid Verilog-2005 output by suite contract (the tool's own emitted text)
sv2v	test/core/empty_args_hier.v	pass	must_accept	match	sv2v: committed conversion GOLDEN - valid Verilog-2005 output by suite contract (the tool's own emitted text)
sv2v	test/core/empty_constructs.v	pass	must_accept	match	sv2v: committed conversion GOLDEN - valid Verilog-2005 output by suite contract (the tool's own emitted text)
sv2v	test/core/end_labels.v	fail	must_accept	divergence:explained_svpp_macro_use	sv2v: committed conversion GOLDEN - valid Verilog-2005 output by suite contract (the tool's own emitted text)
sv2v	test/core/enum.v	fail	must_accept	divergence:explained_svpp_macro_use	sv2v: committed conversion GOLDEN - valid Verilog-2005 output by suite contract (the tool's own emitted text)
sv2v	test/core/enum_dupe.v	pass	must_accept	match	sv2v: committed conversion GOLDEN - valid Verilog-2005 output by suite contract (the tool's own emitted text)
sv2v	test/core/enum_dupe_tb.v	pass	must_accept	match	sv2v: committed conversion GOLDEN - valid Verilog-2005 output by suite contract (the tool's own emitted text)
sv2v	test/core/enum_int.v	pass	must_accept	match	sv2v: committed conversion GOLDEN - valid Verilog-2005 output by suite contract (the tool's own emitted text)
sv2v	test/core/enum_scope.v	pass	must_accept	match	sv2v: committed conversion GOLDEN - valid Verilog-2005 output by suite contract (the tool's own emitted text)
sv2v	test/core/enum_typedef_keep.v	pass	must_accept	match	sv2v: committed conversion GOLDEN - valid Verilog-2005 output by suite contract (the tool's own emitted text)
sv2v	test/core/for_decl.v	fail	must_accept	divergence:unexplained_rejects_valid	sv2v: committed conversion GOLDEN - valid Verilog-2005 output by suite contract (the tool's own emitted text)
sv2v	test/core/for_incrs.v	pass	must_accept	match	sv2v: committed conversion GOLDEN - valid Verilog-2005 output by suite contract (the tool's own emitted text)
sv2v	test/core/for_loop_inits.v	fail	must_accept	divergence:explained_svpp_macro_use	sv2v: committed conversion GOLDEN - valid Verilog-2005 output by suite contract (the tool's own emitted text)
sv2v	test/core/foreach.v	pass	must_accept	match	sv2v: committed conversion GOLDEN - valid Verilog-2005 output by suite contract (the tool's own emitted text)
sv2v	test/core/func_no_asgn.v	pass	must_accept	match	sv2v: committed conversion GOLDEN - valid Verilog-2005 output by suite contract (the tool's own emitted text)
sv2v	test/core/function_implicit_dir.v	pass	must_accept	match	sv2v: committed conversion GOLDEN - valid Verilog-2005 output by suite contract (the tool's own emitted text)
sv2v	test/core/function_range_cast.v	pass	must_accept	match	sv2v: committed conversion GOLDEN - valid Verilog-2005 output by suite contract (the tool's own emitted text)
sv2v	test/core/function_ret_unpacked.v	fail	must_accept	divergence:explained_svpp_macro_use	sv2v: committed conversion GOLDEN - valid Verilog-2005 output by suite contract (the tool's own emitted text)
sv2v	test/core/function_ret_unpacked_tb.v	pass	must_accept	match	sv2v: committed conversion GOLDEN - valid Verilog-2005 output by suite contract (the tool's own emitted text)
sv2v	test/core/function_void.v	pass	must_accept	match	sv2v: committed conversion GOLDEN - valid Verilog-2005 output by suite contract (the tool's own emitted text)
sv2v	test/core/gate_array.v	pass	must_accept	match	sv2v: committed conversion GOLDEN - valid Verilog-2005 output by suite contract (the tool's own emitted text)
sv2v	test/core/gate_array_tb.v	pass	must_accept	match	sv2v: committed conversion GOLDEN - valid Verilog-2005 output by suite contract (the tool's own emitted text)
sv2v	test/core/generate_if_scope.v	pass	must_accept	match	sv2v: committed conversion GOLDEN - valid Verilog-2005 output by suite contract (the tool's own emitted text)
sv2v	test/core/header_import.v	pass	must_accept	match	sv2v: committed conversion GOLDEN - valid Verilog-2005 output by suite contract (the tool's own emitted text)
sv2v	test/core/implicit_net.v	fail	must_accept	divergence:explained_svpp_macro_use	sv2v: committed conversion GOLDEN - valid Verilog-2005 output by suite contract (the tool's own emitted text)
sv2v	test/core/implicit_net_reset.v	pass	must_accept	match	sv2v: committed conversion GOLDEN - valid Verilog-2005 output by suite contract (the tool's own emitted text)
sv2v	test/core/import_no_reorder.v	fail	must_accept	divergence:explained_svpp_macro_use	sv2v: committed conversion GOLDEN - valid Verilog-2005 output by suite contract (the tool's own emitted text)
sv2v	test/core/inc.v	pass	must_accept	match	sv2v: committed conversion GOLDEN - valid Verilog-2005 output by suite contract (the tool's own emitted text)
sv2v	test/core/input_int.v	pass	must_accept	match	sv2v: committed conversion GOLDEN - valid Verilog-2005 output by suite contract (the tool's own emitted text)
sv2v	test/core/input_int_tb.v	pass	must_accept	match	sv2v: committed conversion GOLDEN - valid Verilog-2005 output by suite contract (the tool's own emitted text)
sv2v	test/core/input_reg.v	pass	must_accept	match	sv2v: committed conversion GOLDEN - valid Verilog-2005 output by suite contract (the tool's own emitted text)
sv2v	test/core/input_reg_tb.v	pass	must_accept	match	sv2v: committed conversion GOLDEN - valid Verilog-2005 output by suite contract (the tool's own emitted text)
sv2v	test/core/inside_exhaust.v	fail	must_accept	divergence:explained_svpp_include	sv2v: committed conversion GOLDEN - valid Verilog-2005 output by suite contract (the tool's own emitted text)
sv2v	test/core/inside_expr.v	fail	must_accept	divergence:unexplained_rejects_valid	sv2v: committed conversion GOLDEN - valid Verilog-2005 output by suite contract (the tool's own emitted text)
sv2v	test/core/instance_array.v	pass	must_accept	match	sv2v: committed conversion GOLDEN - valid Verilog-2005 output by suite contract (the tool's own emitted text)
sv2v	test/core/integer_array.v	pass	must_accept	match	sv2v: committed conversion GOLDEN - valid Verilog-2005 output by suite contract (the tool's own emitted text)
sv2v	test/core/interface_array.v	pass	must_accept	match	sv2v: committed conversion GOLDEN - valid Verilog-2005 output by suite contract (the tool's own emitted text)
sv2v	test/core/interface_array_indirect.v	pass	must_accept	match	sv2v: committed conversion GOLDEN - valid Verilog-2005 output by suite contract (the tool's own emitted text)
sv2v	test/core/interface_array_multi.v	pass	must_accept	match	sv2v: committed conversion GOLDEN - valid Verilog-2005 output by suite contract (the tool's own emitted text)
sv2v	test/core/interface_array_output.v	pass	must_accept	match	sv2v: committed conversion GOLDEN - valid Verilog-2005 output by suite contract (the tool's own emitted text)
sv2v	test/core/interface_array_single.v	fail	must_accept	divergence:explained_svpp_macro_use	sv2v: committed conversion GOLDEN - valid Verilog-2005 output by suite contract (the tool's own emitted text)
sv2v	test/core/interface_array_slice.v	pass	must_accept	match	sv2v: committed conversion GOLDEN - valid Verilog-2005 output by suite contract (the tool's own emitted text)
sv2v	test/core/interface_array_slice_tb.v	pass	must_accept	match	sv2v: committed conversion GOLDEN - valid Verilog-2005 output by suite contract (the tool's own emitted text)
sv2v	test/core/interface_based_typedef.v	pass	must_accept	match	sv2v: committed conversion GOLDEN - valid Verilog-2005 output by suite contract (the tool's own emitted text)
sv2v	test/core/interface_based_typedef_delay.v	pass	must_accept	match	sv2v: committed conversion GOLDEN - valid Verilog-2005 output by suite contract (the tool's own emitted text)
sv2v	test/core/interface_bundle.v	pass	must_accept	match	sv2v: committed conversion GOLDEN - valid Verilog-2005 output by suite contract (the tool's own emitted text)
sv2v	test/core/interface_check_extra.v	fail	must_accept	divergence:explained_svpp_macro_use	sv2v: committed conversion GOLDEN - valid Verilog-2005 output by suite contract (the tool's own emitted text)
sv2v	test/core/interface_check_same.v	fail	must_accept	divergence:explained_svpp_macro_use	sv2v: committed conversion GOLDEN - valid Verilog-2005 output by suite contract (the tool's own emitted text)
sv2v	test/core/interface_delay_1.v	pass	must_accept	match	sv2v: committed conversion GOLDEN - valid Verilog-2005 output by suite contract (the tool's own emitted text)
sv2v	test/core/interface_delay_2.v	pass	must_accept	match	sv2v: committed conversion GOLDEN - valid Verilog-2005 output by suite contract (the tool's own emitted text)
sv2v	test/core/interface_func.v	pass	must_accept	match	sv2v: committed conversion GOLDEN - valid Verilog-2005 output by suite contract (the tool's own emitted text)
sv2v	test/core/interface_generate.v	pass	must_accept	match	sv2v: committed conversion GOLDEN - valid Verilog-2005 output by suite contract (the tool's own emitted text)
sv2v	test/core/interface_generic.v	pass	must_accept	match	sv2v: committed conversion GOLDEN - valid Verilog-2005 output by suite contract (the tool's own emitted text)
sv2v	test/core/interface_genvar_shadow.v	pass	must_accept	match	sv2v: committed conversion GOLDEN - valid Verilog-2005 output by suite contract (the tool's own emitted text)
sv2v	test/core/interface_infer.v	pass	must_accept	match	sv2v: committed conversion GOLDEN - valid Verilog-2005 output by suite contract (the tool's own emitted text)
sv2v	test/core/interface_input_type.v	pass	must_accept	match	sv2v: committed conversion GOLDEN - valid Verilog-2005 output by suite contract (the tool's own emitted text)
sv2v	test/core/interface_modport.v	pass	must_accept	match	sv2v: committed conversion GOLDEN - valid Verilog-2005 output by suite contract (the tool's own emitted text)
sv2v	test/core/interface_modport_tb.v	pass	must_accept	match	sv2v: committed conversion GOLDEN - valid Verilog-2005 output by suite contract (the tool's own emitted text)
sv2v	test/core/interface_module.v	pass	must_accept	match	sv2v: committed conversion GOLDEN - valid Verilog-2005 output by suite contract (the tool's own emitted text)
sv2v	test/core/interface_name_shadow.v	pass	must_accept	match	sv2v: committed conversion GOLDEN - valid Verilog-2005 output by suite contract (the tool's own emitted text)
sv2v	test/core/interface_nested.v	pass	must_accept	match	sv2v: committed conversion GOLDEN - valid Verilog-2005 output by suite contract (the tool's own emitted text)
sv2v	test/core/interface_nested_array.v	pass	must_accept	match	sv2v: committed conversion GOLDEN - valid Verilog-2005 output by suite contract (the tool's own emitted text)
sv2v	test/core/interface_param.v	pass	must_accept	match	sv2v: committed conversion GOLDEN - valid Verilog-2005 output by suite contract (the tool's own emitted text)
sv2v	test/core/interface_shadow.v	pass	must_accept	match	sv2v: committed conversion GOLDEN - valid Verilog-2005 output by suite contract (the tool's own emitted text)
sv2v	test/core/interface_similar.v	pass	must_accept	match	sv2v: committed conversion GOLDEN - valid Verilog-2005 output by suite contract (the tool's own emitted text)
sv2v	test/core/interface_star.v	pass	must_accept	match	sv2v: committed conversion GOLDEN - valid Verilog-2005 output by suite contract (the tool's own emitted text)
sv2v	test/core/interface_struct.v	pass	must_accept	match	sv2v: committed conversion GOLDEN - valid Verilog-2005 output by suite contract (the tool's own emitted text)
sv2v	test/core/interface_struct_label.v	pass	must_accept	match	sv2v: committed conversion GOLDEN - valid Verilog-2005 output by suite contract (the tool's own emitted text)
sv2v	test/core/interface_struct_param.v	pass	must_accept	match	sv2v: committed conversion GOLDEN - valid Verilog-2005 output by suite contract (the tool's own emitted text)
sv2v	test/core/interface_task.v	pass	must_accept	match	sv2v: committed conversion GOLDEN - valid Verilog-2005 output by suite contract (the tool's own emitted text)
sv2v	test/core/interface_type_param.v	pass	must_accept	match	sv2v: committed conversion GOLDEN - valid Verilog-2005 output by suite contract (the tool's own emitted text)
sv2v	test/core/interface_typeof.v	pass	must_accept	match	sv2v: committed conversion GOLDEN - valid Verilog-2005 output by suite contract (the tool's own emitted text)
sv2v	test/core/interface_unbound.v	pass	must_accept	match	sv2v: committed conversion GOLDEN - valid Verilog-2005 output by suite contract (the tool's own emitted text)
sv2v	test/core/jump.v	fail	must_accept	divergence:unexplained_rejects_valid	sv2v: committed conversion GOLDEN - valid Verilog-2005 output by suite contract (the tool's own emitted text)
sv2v	test/core/kwargs.v	pass	must_accept	match	sv2v: committed conversion GOLDEN - valid Verilog-2005 output by suite contract (the tool's own emitted text)
sv2v	test/core/large_mux.v	fail	must_accept	divergence:explained_svpp_include	sv2v: committed conversion GOLDEN - valid Verilog-2005 output by suite contract (the tool's own emitted text)
sv2v	test/core/local_cast.v	pass	must_accept	match	sv2v: committed conversion GOLDEN - valid Verilog-2005 output by suite contract (the tool's own emitted text)
sv2v	test/core/localparamtype.v	pass	must_accept	match	sv2v: committed conversion GOLDEN - valid Verilog-2005 output by suite contract (the tool's own emitted text)
sv2v	test/core/log_op.v	pass	must_accept	match	sv2v: committed conversion GOLDEN - valid Verilog-2005 output by suite contract (the tool's own emitted text)
sv2v	test/core/logic_cond.v	pass	must_accept	match	sv2v: committed conversion GOLDEN - valid Verilog-2005 output by suite contract (the tool's own emitted text)
sv2v	test/core/logic_cond_tb.v	pass	must_accept	match	sv2v: committed conversion GOLDEN - valid Verilog-2005 output by suite contract (the tool's own emitted text)
sv2v	test/core/logic_struct_select.v	pass	must_accept	match	sv2v: committed conversion GOLDEN - valid Verilog-2005 output by suite contract (the tool's own emitted text)
sv2v	test/core/logic_struct_select_tb.v	pass	must_accept	match	sv2v: committed conversion GOLDEN - valid Verilog-2005 output by suite contract (the tool's own emitted text)
sv2v	test/core/logic_tf.v	pass	must_accept	match	sv2v: committed conversion GOLDEN - valid Verilog-2005 output by suite contract (the tool's own emitted text)
sv2v	test/core/multi_array_decl.v	pass	must_accept	match	sv2v: committed conversion GOLDEN - valid Verilog-2005 output by suite contract (the tool's own emitted text)
sv2v	test/core/multipack.v	pass	must_accept	match	sv2v: committed conversion GOLDEN - valid Verilog-2005 output by suite contract (the tool's own emitted text)
sv2v	test/core/multipack_delayed.v	pass	must_accept	match	sv2v: committed conversion GOLDEN - valid Verilog-2005 output by suite contract (the tool's own emitted text)
sv2v	test/core/multipack_delayed_tb.v	pass	must_accept	match	sv2v: committed conversion GOLDEN - valid Verilog-2005 output by suite contract (the tool's own emitted text)
sv2v	test/core/multipack_expr_in_lhs.v	pass	must_accept	match	sv2v: committed conversion GOLDEN - valid Verilog-2005 output by suite contract (the tool's own emitted text)
sv2v	test/core/multipack_ident_scope.v	fail	must_accept	divergence:explained_svpp_macro_use	sv2v: committed conversion GOLDEN - valid Verilog-2005 output by suite contract (the tool's own emitted text)
sv2v	test/core/multipack_inline.v	pass	must_accept	match	sv2v: committed conversion GOLDEN - valid Verilog-2005 output by suite contract (the tool's own emitted text)
sv2v	test/core/multipack_port.v	fail	must_accept	divergence:unexplained_rejects_valid	sv2v: committed conversion GOLDEN - valid Verilog-2005 output by suite contract (the tool's own emitted text)
sv2v	test/core/multipack_struct_cast.v	pass	must_accept	match	sv2v: committed conversion GOLDEN - valid Verilog-2005 output by suite contract (the tool's own emitted text)
sv2v	test/core/multipack_tb.v	pass	must_accept	match	sv2v: committed conversion GOLDEN - valid Verilog-2005 output by suite contract (the tool's own emitted text)
sv2v	test/core/named_block.v	pass	must_accept	match	sv2v: committed conversion GOLDEN - valid Verilog-2005 output by suite contract (the tool's own emitted text)
sv2v	test/core/named_genblk_cascade.v	pass	must_accept	match	sv2v: committed conversion GOLDEN - valid Verilog-2005 output by suite contract (the tool's own emitted text)
sv2v	test/core/named_genblk_cascade_tb.v	pass	must_accept	match	sv2v: committed conversion GOLDEN - valid Verilog-2005 output by suite contract (the tool's own emitted text)
sv2v	test/core/nest_order.v	pass	must_accept	match	sv2v: committed conversion GOLDEN - valid Verilog-2005 output by suite contract (the tool's own emitted text)
sv2v	test/core/net_base_type.v	pass	must_accept	match	sv2v: committed conversion GOLDEN - valid Verilog-2005 output by suite contract (the tool's own emitted text)
sv2v	test/core/net_or_var.v	fail	must_accept	divergence:explained_svpp_include	sv2v: committed conversion GOLDEN - valid Verilog-2005 output by suite contract (the tool's own emitted text)
sv2v	test/core/no_default_param.v	fail	must_accept	divergence:explained_svpp_macro_use	sv2v: committed conversion GOLDEN - valid Verilog-2005 output by suite contract (the tool's own emitted text)
sv2v	test/core/non_ansi_port_decl.v	pass	must_accept	match	sv2v: committed conversion GOLDEN - valid Verilog-2005 output by suite contract (the tool's own emitted text)
sv2v	test/core/non_ansi_port_decl_order.v	pass	must_accept	match	sv2v: committed conversion GOLDEN - valid Verilog-2005 output by suite contract (the tool's own emitted text)
sv2v	test/core/non_ansi_port_decl_order_tb.v	pass	must_accept	match	sv2v: committed conversion GOLDEN - valid Verilog-2005 output by suite contract (the tool's own emitted text)
sv2v	test/core/non_ansi_port_decl_tf.v	pass	must_accept	match	sv2v: committed conversion GOLDEN - valid Verilog-2005 output by suite contract (the tool's own emitted text)
sv2v	test/core/number_concat.v	fail	must_accept	divergence:explained_svpp_macro_use	sv2v: committed conversion GOLDEN - valid Verilog-2005 output by suite contract (the tool's own emitted text)
sv2v	test/core/output_bound_reg.v	pass	must_accept	match	sv2v: committed conversion GOLDEN - valid Verilog-2005 output by suite contract (the tool's own emitted text)
sv2v	test/core/output_bound_reg_tb.v	pass	must_accept	match	sv2v: committed conversion GOLDEN - valid Verilog-2005 output by suite contract (the tool's own emitted text)
sv2v	test/core/output_implicit.v	pass	must_accept	match	sv2v: committed conversion GOLDEN - valid Verilog-2005 output by suite contract (the tool's own emitted text)
sv2v	test/core/output_implicit_tb.v	pass	must_accept	match	sv2v: committed conversion GOLDEN - valid Verilog-2005 output by suite contract (the tool's own emitted text)
sv2v	test/core/package.v	pass	must_accept	match	sv2v: committed conversion GOLDEN - valid Verilog-2005 output by suite contract (the tool's own emitted text)
sv2v	test/core/package_constrain.v	pass	must_accept	match	sv2v: committed conversion GOLDEN - valid Verilog-2005 output by suite contract (the tool's own emitted text)
sv2v	test/core/package_constrain_tb.v	pass	must_accept	match	sv2v: committed conversion GOLDEN - valid Verilog-2005 output by suite contract (the tool's own emitted text)
sv2v	test/core/package_decl_init.v	pass	must_accept	match	sv2v: committed conversion GOLDEN - valid Verilog-2005 output by suite contract (the tool's own emitted text)
sv2v	test/core/package_decl_reorder.v	pass	must_accept	match	sv2v: committed conversion GOLDEN - valid Verilog-2005 output by suite contract (the tool's own emitted text)
sv2v	test/core/package_enum_1.v	pass	must_accept	match	sv2v: committed conversion GOLDEN - valid Verilog-2005 output by suite contract (the tool's own emitted text)
sv2v	test/core/package_enum_2.v	pass	must_accept	match	sv2v: committed conversion GOLDEN - valid Verilog-2005 output by suite contract (the tool's own emitted text)
sv2v	test/core/package_enum_3.v	pass	must_accept	match	sv2v: committed conversion GOLDEN - valid Verilog-2005 output by suite contract (the tool's own emitted text)
sv2v	test/core/package_enum_4.v	pass	must_accept	match	sv2v: committed conversion GOLDEN - valid Verilog-2005 output by suite contract (the tool's own emitted text)
sv2v	test/core/package_enum_5.v	pass	must_accept	match	sv2v: committed conversion GOLDEN - valid Verilog-2005 output by suite contract (the tool's own emitted text)
sv2v	test/core/package_export_first.v	pass	must_accept	match	sv2v: committed conversion GOLDEN - valid Verilog-2005 output by suite contract (the tool's own emitted text)
sv2v	test/core/package_export_nothing.v	pass	must_accept	match	sv2v: committed conversion GOLDEN - valid Verilog-2005 output by suite contract (the tool's own emitted text)
sv2v	test/core/package_export_wildcard.v	pass	must_accept	match	sv2v: committed conversion GOLDEN - valid Verilog-2005 output by suite contract (the tool's own emitted text)
sv2v	test/core/package_function_cast.v	pass	must_accept	match	sv2v: committed conversion GOLDEN - valid Verilog-2005 output by suite contract (the tool's own emitted text)
sv2v	test/core/package_global.v	pass	must_accept	match	sv2v: committed conversion GOLDEN - valid Verilog-2005 output by suite contract (the tool's own emitted text)
sv2v	test/core/package_ident.v	pass	must_accept	match	sv2v: committed conversion GOLDEN - valid Verilog-2005 output by suite contract (the tool's own emitted text)
sv2v	test/core/package_implied.v	pass	must_accept	match	sv2v: committed conversion GOLDEN - valid Verilog-2005 output by suite contract (the tool's own emitted text)
sv2v	test/core/package_order.v	pass	must_accept	match	sv2v: committed conversion GOLDEN - valid Verilog-2005 output by suite contract (the tool's own emitted text)
sv2v	test/core/package_param.v	pass	must_accept	match	sv2v: committed conversion GOLDEN - valid Verilog-2005 output by suite contract (the tool's own emitted text)
sv2v	test/core/package_param_tb.v	pass	must_accept	match	sv2v: committed conversion GOLDEN - valid Verilog-2005 output by suite contract (the tool's own emitted text)
sv2v	test/core/package_pattern.v	pass	must_accept	match	sv2v: committed conversion GOLDEN - valid Verilog-2005 output by suite contract (the tool's own emitted text)
sv2v	test/core/package_scope.v	pass	must_accept	match	sv2v: committed conversion GOLDEN - valid Verilog-2005 output by suite contract (the tool's own emitted text)
sv2v	test/core/package_self_reference.v	pass	must_accept	match	sv2v: committed conversion GOLDEN - valid Verilog-2005 output by suite contract (the tool's own emitted text)
sv2v	test/core/package_self_reference_import.v	pass	must_accept	match	sv2v: committed conversion GOLDEN - valid Verilog-2005 output by suite contract (the tool's own emitted text)
sv2v	test/core/package_self_reference_shadow.v	pass	must_accept	match	sv2v: committed conversion GOLDEN - valid Verilog-2005 output by suite contract (the tool's own emitted text)
sv2v	test/core/package_shadow.v	pass	must_accept	match	sv2v: committed conversion GOLDEN - valid Verilog-2005 output by suite contract (the tool's own emitted text)
sv2v	test/core/package_typedef.v	pass	must_accept	match	sv2v: committed conversion GOLDEN - valid Verilog-2005 output by suite contract (the tool's own emitted text)
sv2v	test/core/package_typedef_nested.v	pass	must_accept	match	sv2v: committed conversion GOLDEN - valid Verilog-2005 output by suite contract (the tool's own emitted text)
sv2v	test/core/package_unique.v	pass	must_accept	match	sv2v: committed conversion GOLDEN - valid Verilog-2005 output by suite contract (the tool's own emitted text)
sv2v	test/core/packed_array.v	fail	must_accept	divergence:unexplained_rejects_valid	sv2v: committed conversion GOLDEN - valid Verilog-2005 output by suite contract (the tool's own emitted text)
sv2v	test/core/param_list.v	fail	must_accept	divergence:explained_svpp_macro_use	sv2v: committed conversion GOLDEN - valid Verilog-2005 output by suite contract (the tool's own emitted text)
sv2v	test/core/param_list_unpacked.v	pass	must_accept	match	sv2v: committed conversion GOLDEN - valid Verilog-2005 output by suite contract (the tool's own emitted text)
sv2v	test/core/param_shorthand.v	pass	must_accept	match	sv2v: committed conversion GOLDEN - valid Verilog-2005 output by suite contract (the tool's own emitted text)
sv2v	test/core/param_typeof.v	pass	must_accept	match	sv2v: committed conversion GOLDEN - valid Verilog-2005 output by suite contract (the tool's own emitted text)
sv2v	test/core/param_typeof_tb.v	pass	must_accept	match	sv2v: committed conversion GOLDEN - valid Verilog-2005 output by suite contract (the tool's own emitted text)
sv2v	test/core/parameterized_data_types.v	fail	must_accept	divergence:explained_svpp_macro_use	sv2v: committed conversion GOLDEN - valid Verilog-2005 output by suite contract (the tool's own emitted text)
sv2v	test/core/paramtype.v	pass	must_accept	match	sv2v: committed conversion GOLDEN - valid Verilog-2005 output by suite contract (the tool's own emitted text)
sv2v	test/core/paramtype_bits.v	pass	must_accept	match	sv2v: committed conversion GOLDEN - valid Verilog-2005 output by suite contract (the tool's own emitted text)
sv2v	test/core/paramtype_deep_nest.v	pass	must_accept	match	sv2v: committed conversion GOLDEN - valid Verilog-2005 output by suite contract (the tool's own emitted text)
sv2v	test/core/paramtype_delay.v	fail	must_accept	divergence:explained_svpp_macro_use	sv2v: committed conversion GOLDEN - valid Verilog-2005 output by suite contract (the tool's own emitted text)
sv2v	test/core/paramtype_expr.v	pass	must_accept	match	sv2v: committed conversion GOLDEN - valid Verilog-2005 output by suite contract (the tool's own emitted text)
sv2v	test/core/paramtype_hier.v	pass	must_accept	match	sv2v: committed conversion GOLDEN - valid Verilog-2005 output by suite contract (the tool's own emitted text)
sv2v	test/core/paramtype_param.v	pass	must_accept	match	sv2v: committed conversion GOLDEN - valid Verilog-2005 output by suite contract (the tool's own emitted text)
sv2v	test/core/paramtype_param_default.v	pass	must_accept	match	sv2v: committed conversion GOLDEN - valid Verilog-2005 output by suite contract (the tool's own emitted text)
sv2v	test/core/paramtype_recurse.v	pass	must_accept	match	sv2v: committed conversion GOLDEN - valid Verilog-2005 output by suite contract (the tool's own emitted text)
sv2v	test/core/paramtype_stagger.v	pass	must_accept	match	sv2v: committed conversion GOLDEN - valid Verilog-2005 output by suite contract (the tool's own emitted text)
sv2v	test/core/paramtype_struct_default.v	pass	must_accept	match	sv2v: committed conversion GOLDEN - valid Verilog-2005 output by suite contract (the tool's own emitted text)
sv2v	test/core/part_select.v	pass	must_accept	match	sv2v: committed conversion GOLDEN - valid Verilog-2005 output by suite contract (the tool's own emitted text)
sv2v	test/core/part_select_bits.v	fail	must_accept	divergence:unexplained_rejects_valid	sv2v: committed conversion GOLDEN - valid Verilog-2005 output by suite contract (the tool's own emitted text)
sv2v	test/core/pattern.v	pass	must_accept	match	sv2v: committed conversion GOLDEN - valid Verilog-2005 output by suite contract (the tool's own emitted text)
sv2v	test/core/pattern_resolve.v	fail	must_accept	divergence:explained_svpp_macro_use	sv2v: committed conversion GOLDEN - valid Verilog-2005 output by suite contract (the tool's own emitted text)
sv2v	test/core/pattern_revised.v	fail	must_accept	divergence:explained_svpp_include	sv2v: committed conversion GOLDEN - valid Verilog-2005 output by suite contract (the tool's own emitted text)
sv2v	test/core/port_default.v	pass	must_accept	match	sv2v: committed conversion GOLDEN - valid Verilog-2005 output by suite contract (the tool's own emitted text)
sv2v	test/core/port_typename.v	pass	must_accept	match	sv2v: committed conversion GOLDEN - valid Verilog-2005 output by suite contract (the tool's own emitted text)
sv2v	test/core/reorder.v	pass	must_accept	match	sv2v: committed conversion GOLDEN - valid Verilog-2005 output by suite contract (the tool's own emitted text)
sv2v	test/core/reorder_shadow.v	pass	must_accept	match	sv2v: committed conversion GOLDEN - valid Verilog-2005 output by suite contract (the tool's own emitted text)
sv2v	test/core/severity_task.v	pass	must_accept	match	sv2v: committed conversion GOLDEN - valid Verilog-2005 output by suite contract (the tool's own emitted text)
sv2v	test/core/shadow_recurse.v	pass	must_accept	match	sv2v: committed conversion GOLDEN - valid Verilog-2005 output by suite contract (the tool's own emitted text)
sv2v	test/core/sign_cast.v	pass	must_accept	match	sv2v: committed conversion GOLDEN - valid Verilog-2005 output by suite contract (the tool's own emitted text)
sv2v	test/core/simple_loop_jump.v	pass	must_accept	match	sv2v: committed conversion GOLDEN - valid Verilog-2005 output by suite contract (the tool's own emitted text)
sv2v	test/core/simplify_func.v	pass	must_accept	match	sv2v: committed conversion GOLDEN - valid Verilog-2005 output by suite contract (the tool's own emitted text)
sv2v	test/core/size_cast.v	pass	must_accept	match	sv2v: committed conversion GOLDEN - valid Verilog-2005 output by suite contract (the tool's own emitted text)
sv2v	test/core/stream.v	pass	must_accept	match	sv2v: committed conversion GOLDEN - valid Verilog-2005 output by suite contract (the tool's own emitted text)
sv2v	test/core/stream_exhaust.v	pass	must_accept	match	sv2v: committed conversion GOLDEN - valid Verilog-2005 output by suite contract (the tool's own emitted text)
sv2v	test/core/stream_exhaust_tb.v	pass	must_accept	match	sv2v: committed conversion GOLDEN - valid Verilog-2005 output by suite contract (the tool's own emitted text)
sv2v	test/core/stream_unit.v	pass	must_accept	match	sv2v: committed conversion GOLDEN - valid Verilog-2005 output by suite contract (the tool's own emitted text)
sv2v	test/core/string.v	pass	must_accept	match	sv2v: committed conversion GOLDEN - valid Verilog-2005 output by suite contract (the tool's own emitted text)
sv2v	test/core/string_byte_order.v	fail	must_accept	divergence:explained_svpp_include	sv2v: committed conversion GOLDEN - valid Verilog-2005 output by suite contract (the tool's own emitted text)
sv2v	test/core/string_cast.v	pass	must_accept	match	sv2v: committed conversion GOLDEN - valid Verilog-2005 output by suite contract (the tool's own emitted text)
sv2v	test/core/string_cast_tb.v	pass	must_accept	match	sv2v: committed conversion GOLDEN - valid Verilog-2005 output by suite contract (the tool's own emitted text)
sv2v	test/core/string_param.v	fail	must_accept	divergence:explained_svpp_include	sv2v: committed conversion GOLDEN - valid Verilog-2005 output by suite contract (the tool's own emitted text)
sv2v	test/core/string_type.v	pass	must_accept	match	sv2v: committed conversion GOLDEN - valid Verilog-2005 output by suite contract (the tool's own emitted text)
sv2v	test/core/struct_array.v	pass	must_accept	match	sv2v: committed conversion GOLDEN - valid Verilog-2005 output by suite contract (the tool's own emitted text)
sv2v	test/core/struct_array_field.v	pass	must_accept	match	sv2v: committed conversion GOLDEN - valid Verilog-2005 output by suite contract (the tool's own emitted text)
sv2v	test/core/struct_array_inline.v	pass	must_accept	match	sv2v: committed conversion GOLDEN - valid Verilog-2005 output by suite contract (the tool's own emitted text)
sv2v	test/core/struct_array_param.v	pass	must_accept	match	sv2v: committed conversion GOLDEN - valid Verilog-2005 output by suite contract (the tool's own emitted text)
sv2v	test/core/struct_array_tb.v	pass	must_accept	match	sv2v: committed conversion GOLDEN - valid Verilog-2005 output by suite contract (the tool's own emitted text)
sv2v	test/core/struct_bit_struct.v	pass	must_accept	match	sv2v: committed conversion GOLDEN - valid Verilog-2005 output by suite contract (the tool's own emitted text)
sv2v	test/core/struct_bit_struct_tb.v	pass	must_accept	match	sv2v: committed conversion GOLDEN - valid Verilog-2005 output by suite contract (the tool's own emitted text)
sv2v	test/core/struct_cast_dot.v	pass	must_accept	match	sv2v: committed conversion GOLDEN - valid Verilog-2005 output by suite contract (the tool's own emitted text)
sv2v	test/core/struct_const.v	pass	must_accept	match	sv2v: committed conversion GOLDEN - valid Verilog-2005 output by suite contract (the tool's own emitted text)
sv2v	test/core/struct_default.v	pass	must_accept	match	sv2v: committed conversion GOLDEN - valid Verilog-2005 output by suite contract (the tool's own emitted text)
sv2v	test/core/struct_hier_bit.v	pass	must_accept	match	sv2v: committed conversion GOLDEN - valid Verilog-2005 output by suite contract (the tool's own emitted text)
sv2v	test/core/struct_hier_nocast.v	pass	must_accept	match	sv2v: committed conversion GOLDEN - valid Verilog-2005 output by suite contract (the tool's own emitted text)
sv2v	test/core/struct_hier_shadow.v	pass	must_accept	match	sv2v: committed conversion GOLDEN - valid Verilog-2005 output by suite contract (the tool's own emitted text)
sv2v	test/core/struct_ident_scope.v	fail	must_accept	divergence:explained_svpp_macro_use	sv2v: committed conversion GOLDEN - valid Verilog-2005 output by suite contract (the tool's own emitted text)
sv2v	test/core/struct_integer.v	pass	must_accept	match	sv2v: committed conversion GOLDEN - valid Verilog-2005 output by suite contract (the tool's own emitted text)
sv2v	test/core/struct_nested_cast.v	pass	must_accept	match	sv2v: committed conversion GOLDEN - valid Verilog-2005 output by suite contract (the tool's own emitted text)
sv2v	test/core/struct_param.v	pass	must_accept	match	sv2v: committed conversion GOLDEN - valid Verilog-2005 output by suite contract (the tool's own emitted text)
sv2v	test/core/struct_part_select.v	pass	must_accept	match	sv2v: committed conversion GOLDEN - valid Verilog-2005 output by suite contract (the tool's own emitted text)
sv2v	test/core/struct_part_select_param.v	pass	must_accept	match	sv2v: committed conversion GOLDEN - valid Verilog-2005 output by suite contract (the tool's own emitted text)
sv2v	test/core/struct_pattern_cast.v	pass	must_accept	match	sv2v: committed conversion GOLDEN - valid Verilog-2005 output by suite contract (the tool's own emitted text)
sv2v	test/core/struct_scope.v	fail	must_accept	divergence:explained_svpp_macro_use	sv2v: committed conversion GOLDEN - valid Verilog-2005 output by suite contract (the tool's own emitted text)
sv2v	test/core/struct_shadow.v	pass	must_accept	match	sv2v: committed conversion GOLDEN - valid Verilog-2005 output by suite contract (the tool's own emitted text)
sv2v	test/core/struct_tern.v	pass	must_accept	match	sv2v: committed conversion GOLDEN - valid Verilog-2005 output by suite contract (the tool's own emitted text)
sv2v	test/core/struct_tern_tb.v	pass	must_accept	match	sv2v: committed conversion GOLDEN - valid Verilog-2005 output by suite contract (the tool's own emitted text)
sv2v	test/core/struct_unit_array.v	pass	must_accept	match	sv2v: committed conversion GOLDEN - valid Verilog-2005 output by suite contract (the tool's own emitted text)
sv2v	test/core/subroutine.v	fail	must_accept	divergence:explained_svpp_macro_use	sv2v: committed conversion GOLDEN - valid Verilog-2005 output by suite contract (the tool's own emitted text)
sv2v	test/core/task_implicit_dir.v	pass	must_accept	match	sv2v: committed conversion GOLDEN - valid Verilog-2005 output by suite contract (the tool's own emitted text)
sv2v	test/core/tf_block.v	pass	must_accept	match	sv2v: committed conversion GOLDEN - valid Verilog-2005 output by suite contract (the tool's own emitted text)
sv2v	test/core/tf_typedef.v	pass	must_accept	match	sv2v: committed conversion GOLDEN - valid Verilog-2005 output by suite contract (the tool's own emitted text)
sv2v	test/core/tf_unpacked_input.v	pass	must_accept	match	sv2v: committed conversion GOLDEN - valid Verilog-2005 output by suite contract (the tool's own emitted text)
sv2v	test/core/time.v	pass	must_accept	match	sv2v: committed conversion GOLDEN - valid Verilog-2005 output by suite contract (the tool's own emitted text)
sv2v	test/core/top_tf.v	pass	must_accept	match	sv2v: committed conversion GOLDEN - valid Verilog-2005 output by suite contract (the tool's own emitted text)
sv2v	test/core/trailing_commas.v	pass	must_accept	match	sv2v: committed conversion GOLDEN - valid Verilog-2005 output by suite contract (the tool's own emitted text)
sv2v	test/core/typedef_ident_scope.v	fail	must_accept	divergence:explained_svpp_macro_use	sv2v: committed conversion GOLDEN - valid Verilog-2005 output by suite contract (the tool's own emitted text)
sv2v	test/core/typedef_scope.v	pass	must_accept	match	sv2v: committed conversion GOLDEN - valid Verilog-2005 output by suite contract (the tool's own emitted text)
sv2v	test/core/typename_cast.v	pass	must_accept	match	sv2v: committed conversion GOLDEN - valid Verilog-2005 output by suite contract (the tool's own emitted text)
sv2v	test/core/typename_deep.v	fail	must_accept	divergence:explained_svpp_include	sv2v: committed conversion GOLDEN - valid Verilog-2005 output by suite contract (the tool's own emitted text)
sv2v	test/core/typename_lhs_nest.v	pass	must_accept	match	sv2v: committed conversion GOLDEN - valid Verilog-2005 output by suite contract (the tool's own emitted text)
sv2v	test/core/typeof.v	pass	must_accept	match	sv2v: committed conversion GOLDEN - valid Verilog-2005 output by suite contract (the tool's own emitted text)
sv2v	test/core/typeof_alias.v	pass	must_accept	match	sv2v: committed conversion GOLDEN - valid Verilog-2005 output by suite contract (the tool's own emitted text)
sv2v	test/core/typeof_port.v	pass	must_accept	match	sv2v: committed conversion GOLDEN - valid Verilog-2005 output by suite contract (the tool's own emitted text)
sv2v	test/core/typeof_port_tb.v	pass	must_accept	match	sv2v: committed conversion GOLDEN - valid Verilog-2005 output by suite contract (the tool's own emitted text)
sv2v	test/core/typeof_signed.v	fail	must_accept	divergence:explained_svpp_macro_use	sv2v: committed conversion GOLDEN - valid Verilog-2005 output by suite contract (the tool's own emitted text)
sv2v	test/core/unbased_unsized.v	fail	must_accept	divergence:explained_svpp_macro_use	sv2v: committed conversion GOLDEN - valid Verilog-2005 output by suite contract (the tool's own emitted text)
sv2v	test/core/unbased_unsized_default.v	pass	must_accept	match	sv2v: committed conversion GOLDEN - valid Verilog-2005 output by suite contract (the tool's own emitted text)
sv2v	test/core/unbased_unsized_function.v	pass	must_accept	match	sv2v: committed conversion GOLDEN - valid Verilog-2005 output by suite contract (the tool's own emitted text)
sv2v	test/core/unbound_port.v	pass	must_accept	match	sv2v: committed conversion GOLDEN - valid Verilog-2005 output by suite contract (the tool's own emitted text)
sv2v	test/core/union.v	pass	must_accept	match	sv2v: committed conversion GOLDEN - valid Verilog-2005 output by suite contract (the tool's own emitted text)
sv2v	test/core/union_tb.v	pass	must_accept	match	sv2v: committed conversion GOLDEN - valid Verilog-2005 output by suite contract (the tool's own emitted text)
sv2v	test/core/uniop_prec.v	pass	must_accept	match	sv2v: committed conversion GOLDEN - valid Verilog-2005 output by suite contract (the tool's own emitted text)
sv2v	test/core/uniop_prec_tb.v	pass	must_accept	match	sv2v: committed conversion GOLDEN - valid Verilog-2005 output by suite contract (the tool's own emitted text)
sv2v	test/core/unnamed_block_shadow.v	pass	must_accept	match	sv2v: committed conversion GOLDEN - valid Verilog-2005 output by suite contract (the tool's own emitted text)
sv2v	test/core/unnamed_genblk_zeroes.v	pass	must_accept	match	sv2v: committed conversion GOLDEN - valid Verilog-2005 output by suite contract (the tool's own emitted text)
sv2v	test/core/unneeded_scope.v	pass	must_accept	match	sv2v: committed conversion GOLDEN - valid Verilog-2005 output by suite contract (the tool's own emitted text)
sv2v	test/core/unpacked_array_depth.v	pass	must_accept	match	sv2v: committed conversion GOLDEN - valid Verilog-2005 output by suite contract (the tool's own emitted text)
sv2v	test/core/unpacked_localparam.v	pass	must_accept	match	sv2v: committed conversion GOLDEN - valid Verilog-2005 output by suite contract (the tool's own emitted text)
sv2v	test/core/unsigned.v	fail	must_accept	divergence:unexplained_rejects_valid	sv2v: committed conversion GOLDEN - valid Verilog-2005 output by suite contract (the tool's own emitted text)
sv2v	test/core/unused_imports.v	pass	must_accept	match	sv2v: committed conversion GOLDEN - valid Verilog-2005 output by suite contract (the tool's own emitted text)
sv2v	test/core/wire_reg.v	pass	must_accept	match	sv2v: committed conversion GOLDEN - valid Verilog-2005 output by suite contract (the tool's own emitted text)
sv2v	test/define/main.v	pass	must_accept	match	sv2v: committed conversion GOLDEN - valid Verilog-2005 output by suite contract (the tool's own emitted text)
sv2v	test/lex/begin_keywords.v	pass	must_accept	match	sv2v: committed conversion GOLDEN - valid Verilog-2005 output by suite contract (the tool's own emitted text)
sv2v	test/lex/block_comment.v	pass	must_accept	match	sv2v: committed conversion GOLDEN - valid Verilog-2005 output by suite contract (the tool's own emitted text)
sv2v	test/lex/line.v	fail	must_accept	divergence:unexplained_rejects_valid	sv2v: committed conversion GOLDEN - valid Verilog-2005 output by suite contract (the tool's own emitted text)
sv2v	test/lex/macro.v	pass	must_accept	match	sv2v: committed conversion GOLDEN - valid Verilog-2005 output by suite contract (the tool's own emitted text)
sv2v	test/lex/macro_arg_comment.v	fail	must_accept	divergence:explained_svpp_macro_use	sv2v: committed conversion GOLDEN - valid Verilog-2005 output by suite contract (the tool's own emitted text)
sv2v	test/lex/macro_arg_invoke.v	pass	must_accept	match	sv2v: committed conversion GOLDEN - valid Verilog-2005 output by suite contract (the tool's own emitted text)
sv2v	test/lex/macro_macro.v	pass	must_accept	match	sv2v: committed conversion GOLDEN - valid Verilog-2005 output by suite contract (the tool's own emitted text)
sv2v	test/lex/number_literal_whitespace.v	pass	must_accept	match	sv2v: committed conversion GOLDEN - valid Verilog-2005 output by suite contract (the tool's own emitted text)
sv2v	test/lex/string_macro.v	pass	must_accept	match	sv2v: committed conversion GOLDEN - valid Verilog-2005 output by suite contract (the tool's own emitted text)
sv2v	test/lex/undefineall.v	pass	must_accept	match	sv2v: committed conversion GOLDEN - valid Verilog-2005 output by suite contract (the tool's own emitted text)
sv2v	test/lib/empty.v	pass	must_accept	match	sv2v: committed conversion GOLDEN - valid Verilog-2005 output by suite contract (the tool's own emitted text)
sv2v	test/lib/tb_dumper.v	fail	must_accept	divergence:explained_svpp_macro_use	sv2v: committed conversion GOLDEN - valid Verilog-2005 output by suite contract (the tool's own emitted text)
sv2v	test/relong/alu.v	pass	must_accept	match	sv2v: committed conversion GOLDEN - valid Verilog-2005 output by suite contract (the tool's own emitted text)
sv2v	test/relong/alu_tb.v	pass	must_accept	match	sv2v: committed conversion GOLDEN - valid Verilog-2005 output by suite contract (the tool's own emitted text)
sv2v	test/relong/array.v	pass	must_accept	match	sv2v: committed conversion GOLDEN - valid Verilog-2005 output by suite contract (the tool's own emitted text)
sv2v	test/relong/array_tb.v	pass	must_accept	match	sv2v: committed conversion GOLDEN - valid Verilog-2005 output by suite contract (the tool's own emitted text)
sv2v	test/relong/cache_request.v	fail	must_accept	divergence:explained_svpp_macro_use	sv2v: committed conversion GOLDEN - valid Verilog-2005 output by suite contract (the tool's own emitted text)
sv2v	test/relong/cache_request_tb.v	pass	must_accept	match	sv2v: committed conversion GOLDEN - valid Verilog-2005 output by suite contract (the tool's own emitted text)
sv2v	test/relong/case.v	pass	must_accept	match	sv2v: committed conversion GOLDEN - valid Verilog-2005 output by suite contract (the tool's own emitted text)
sv2v	test/relong/case_tb.v	pass	must_accept	match	sv2v: committed conversion GOLDEN - valid Verilog-2005 output by suite contract (the tool's own emitted text)
sv2v	test/relong/complex_interface.v	pass	must_accept	match	sv2v: committed conversion GOLDEN - valid Verilog-2005 output by suite contract (the tool's own emitted text)
sv2v	test/relong/complex_interface_tb.v	pass	must_accept	match	sv2v: committed conversion GOLDEN - valid Verilog-2005 output by suite contract (the tool's own emitted text)
sv2v	test/relong/double_clock.v	pass	must_accept	match	sv2v: committed conversion GOLDEN - valid Verilog-2005 output by suite contract (the tool's own emitted text)
sv2v	test/relong/double_clock_tb.v	pass	must_accept	match	sv2v: committed conversion GOLDEN - valid Verilog-2005 output by suite contract (the tool's own emitted text)
sv2v	test/relong/enum.v	fail	must_accept	divergence:explained_svpp_macro_use	sv2v: committed conversion GOLDEN - valid Verilog-2005 output by suite contract (the tool's own emitted text)
sv2v	test/relong/enum_tb.v	pass	must_accept	match	sv2v: committed conversion GOLDEN - valid Verilog-2005 output by suite contract (the tool's own emitted text)
sv2v	test/relong/fsm.v	pass	must_accept	match	sv2v: committed conversion GOLDEN - valid Verilog-2005 output by suite contract (the tool's own emitted text)
sv2v	test/relong/fsm_tb.v	pass	must_accept	match	sv2v: committed conversion GOLDEN - valid Verilog-2005 output by suite contract (the tool's own emitted text)
sv2v	test/relong/functions.v	fail	must_accept	divergence:explained_svpp_macro_use	sv2v: committed conversion GOLDEN - valid Verilog-2005 output by suite contract (the tool's own emitted text)
sv2v	test/relong/functions_tb.v	pass	must_accept	match	sv2v: committed conversion GOLDEN - valid Verilog-2005 output by suite contract (the tool's own emitted text)
sv2v	test/relong/gen_struct.v	pass	must_accept	match	sv2v: committed conversion GOLDEN - valid Verilog-2005 output by suite contract (the tool's own emitted text)
sv2v	test/relong/gen_struct_tb.v	pass	must_accept	match	sv2v: committed conversion GOLDEN - valid Verilog-2005 output by suite contract (the tool's own emitted text)
sv2v	test/relong/inline_concat.v	pass	must_accept	match	sv2v: committed conversion GOLDEN - valid Verilog-2005 output by suite contract (the tool's own emitted text)
sv2v	test/relong/inline_concat_tb.v	pass	must_accept	match	sv2v: committed conversion GOLDEN - valid Verilog-2005 output by suite contract (the tool's own emitted text)
sv2v	test/relong/module_struct.v	pass	must_accept	match	sv2v: committed conversion GOLDEN - valid Verilog-2005 output by suite contract (the tool's own emitted text)
sv2v	test/relong/module_struct_tb.v	pass	must_accept	match	sv2v: committed conversion GOLDEN - valid Verilog-2005 output by suite contract (the tool's own emitted text)
sv2v	test/relong/port_connections.v	pass	must_accept	match	sv2v: committed conversion GOLDEN - valid Verilog-2005 output by suite contract (the tool's own emitted text)
sv2v	test/relong/port_connections_tb.v	pass	must_accept	match	sv2v: committed conversion GOLDEN - valid Verilog-2005 output by suite contract (the tool's own emitted text)
sv2v	test/relong/simple_interface.v	pass	must_accept	match	sv2v: committed conversion GOLDEN - valid Verilog-2005 output by suite contract (the tool's own emitted text)
sv2v	test/relong/simple_interface_tb.v	pass	must_accept	match	sv2v: committed conversion GOLDEN - valid Verilog-2005 output by suite contract (the tool's own emitted text)
sv2v	test/relong/split_ports.v	pass	must_accept	match	sv2v: committed conversion GOLDEN - valid Verilog-2005 output by suite contract (the tool's own emitted text)
sv2v	test/relong/split_ports_tb.v	pass	must_accept	match	sv2v: committed conversion GOLDEN - valid Verilog-2005 output by suite contract (the tool's own emitted text)
sv2v	test/relong/split_struct.v	pass	must_accept	match	sv2v: committed conversion GOLDEN - valid Verilog-2005 output by suite contract (the tool's own emitted text)
sv2v	test/relong/split_struct_tb.v	pass	must_accept	match	sv2v: committed conversion GOLDEN - valid Verilog-2005 output by suite contract (the tool's own emitted text)
sv2v	test/relong/struct.v	fail	must_accept	divergence:explained_svpp_macro_use	sv2v: committed conversion GOLDEN - valid Verilog-2005 output by suite contract (the tool's own emitted text)
sv2v	test/relong/struct_tb.v	pass	must_accept	match	sv2v: committed conversion GOLDEN - valid Verilog-2005 output by suite contract (the tool's own emitted text)
sv2v	test/relong/typedef.v	pass	must_accept	match	sv2v: committed conversion GOLDEN - valid Verilog-2005 output by suite contract (the tool's own emitted text)
sv2v	test/relong/typedef_tb.v	pass	must_accept	match	sv2v: committed conversion GOLDEN - valid Verilog-2005 output by suite contract (the tool's own emitted text)
sv2v	test/siloed/reference.v	fail	must_accept	divergence:explained_svpp_macro_use	sv2v: committed conversion GOLDEN - valid Verilog-2005 output by suite contract (the tool's own emitted text)
sv2v	test/truncate/template.v	pass	must_accept	match	sv2v: committed conversion GOLDEN - valid Verilog-2005 output by suite contract (the tool's own emitted text)
