suite	relpath	observed	expected	adjudication	basis
Cores-VeeR-EL2	design/dbg/el2_dbg.sv	fail	chained_only	deferred:chained_only	design corpus parsed in isolation - honest adjudication needs include/define chaining (leaf .4)
Cores-VeeR-EL2	design/dec/el2_dec.sv	fail	chained_only	deferred:chained_only	design corpus parsed in isolation - honest adjudication needs include/define chaining (leaf .4)
Cores-VeeR-EL2	design/dec/el2_dec_decode_ctl.sv	fail	chained_only	deferred:chained_only	design corpus parsed in isolation - honest adjudication needs include/define chaining (leaf .4)
Cores-VeeR-EL2	design/dec/el2_dec_gpr_ctl.sv	fail	chained_only	deferred:chained_only	design corpus parsed in isolation - honest adjudication needs include/define chaining (leaf .4)
Cores-VeeR-EL2	design/dec/el2_dec_ib_ctl.sv	fail	chained_only	deferred:chained_only	design corpus parsed in isolation - honest adjudication needs include/define chaining (leaf .4)
Cores-VeeR-EL2	design/dec/el2_dec_pmp_ctl.sv	fail	chained_only	deferred:chained_only	design corpus parsed in isolation - honest adjudication needs include/define chaining (leaf .4)
Cores-VeeR-EL2	design/dec/el2_dec_tlu_ctl.sv	fail	chained_only	deferred:chained_only	design corpus parsed in isolation - honest adjudication needs include/define chaining (leaf .4)
Cores-VeeR-EL2	design/dec/el2_dec_trigger.sv	fail	chained_only	deferred:chained_only	design corpus parsed in isolation - honest adjudication needs include/define chaining (leaf .4)
Cores-VeeR-EL2	design/dmi/dmi_jtag_to_core_sync.v	pass	chained_only	deferred:chained_only	design corpus parsed in isolation - honest adjudication needs include/define chaining (leaf .4)
Cores-VeeR-EL2	design/dmi/dmi_mux.v	pass	chained_only	deferred:chained_only	design corpus parsed in isolation - honest adjudication needs include/define chaining (leaf .4)
Cores-VeeR-EL2	design/dmi/dmi_wrapper.v	pass	chained_only	deferred:chained_only	design corpus parsed in isolation - honest adjudication needs include/define chaining (leaf .4)
Cores-VeeR-EL2	design/dmi/rvjtag_tap.v	pass	chained_only	deferred:chained_only	design corpus parsed in isolation - honest adjudication needs include/define chaining (leaf .4)
Cores-VeeR-EL2	design/el2_dma_ctrl.sv	fail	chained_only	deferred:chained_only	design corpus parsed in isolation - honest adjudication needs include/define chaining (leaf .4)
Cores-VeeR-EL2	design/el2_mem.sv	fail	chained_only	deferred:chained_only	design corpus parsed in isolation - honest adjudication needs include/define chaining (leaf .4)
Cores-VeeR-EL2	design/el2_pic_ctrl.sv	fail	chained_only	deferred:chained_only	design corpus parsed in isolation - honest adjudication needs include/define chaining (leaf .4)
Cores-VeeR-EL2	design/el2_pmp.sv	fail	chained_only	deferred:chained_only	design corpus parsed in isolation - honest adjudication needs include/define chaining (leaf .4)
Cores-VeeR-EL2	design/el2_veer.sv	fail	chained_only	deferred:chained_only	design corpus parsed in isolation - honest adjudication needs include/define chaining (leaf .4)
Cores-VeeR-EL2	design/el2_veer_lockstep.sv	fail	chained_only	deferred:chained_only	design corpus parsed in isolation - honest adjudication needs include/define chaining (leaf .4)
Cores-VeeR-EL2	design/el2_veer_wrapper.sv	fail	chained_only	deferred:chained_only	design corpus parsed in isolation - honest adjudication needs include/define chaining (leaf .4)
Cores-VeeR-EL2	design/exu/el2_exu.sv	fail	chained_only	deferred:chained_only	design corpus parsed in isolation - honest adjudication needs include/define chaining (leaf .4)
Cores-VeeR-EL2	design/exu/el2_exu_alu_ctl.sv	fail	chained_only	deferred:chained_only	design corpus parsed in isolation - honest adjudication needs include/define chaining (leaf .4)
Cores-VeeR-EL2	design/exu/el2_exu_div_ctl.sv	fail	chained_only	deferred:chained_only	design corpus parsed in isolation - honest adjudication needs include/define chaining (leaf .4)
Cores-VeeR-EL2	design/exu/el2_exu_mul_ctl.sv	fail	chained_only	deferred:chained_only	design corpus parsed in isolation - honest adjudication needs include/define chaining (leaf .4)
Cores-VeeR-EL2	design/ifu/el2_ifu.sv	fail	chained_only	deferred:chained_only	design corpus parsed in isolation - honest adjudication needs include/define chaining (leaf .4)
Cores-VeeR-EL2	design/ifu/el2_ifu_aln_ctl.sv	fail	chained_only	deferred:chained_only	design corpus parsed in isolation - honest adjudication needs include/define chaining (leaf .4)
Cores-VeeR-EL2	design/ifu/el2_ifu_bp_ctl.sv	fail	chained_only	deferred:chained_only	design corpus parsed in isolation - honest adjudication needs include/define chaining (leaf .4)
Cores-VeeR-EL2	design/ifu/el2_ifu_compress_ctl.sv	fail	chained_only	deferred:chained_only	design corpus parsed in isolation - honest adjudication needs include/define chaining (leaf .4)
Cores-VeeR-EL2	design/ifu/el2_ifu_ic_mem.sv	fail	chained_only	deferred:chained_only	design corpus parsed in isolation - honest adjudication needs include/define chaining (leaf .4)
Cores-VeeR-EL2	design/ifu/el2_ifu_iccm_mem.sv	fail	chained_only	deferred:chained_only	design corpus parsed in isolation - honest adjudication needs include/define chaining (leaf .4)
Cores-VeeR-EL2	design/ifu/el2_ifu_ifc_ctl.sv	fail	chained_only	deferred:chained_only	design corpus parsed in isolation - honest adjudication needs include/define chaining (leaf .4)
Cores-VeeR-EL2	design/ifu/el2_ifu_mem_ctl.sv	fail	chained_only	deferred:chained_only	design corpus parsed in isolation - honest adjudication needs include/define chaining (leaf .4)
Cores-VeeR-EL2	design/ifu/el2_ifu_tb_memread.sv	pass	chained_only	deferred:chained_only	design corpus parsed in isolation - honest adjudication needs include/define chaining (leaf .4)
Cores-VeeR-EL2	design/include/el2_dec_csr_equ_m.svh	fail	chained_only	deferred:chained_only	design corpus parsed in isolation - honest adjudication needs include/define chaining (leaf .4)
Cores-VeeR-EL2	design/include/el2_dec_csr_equ_mu.svh	fail	chained_only	deferred:chained_only	design corpus parsed in isolation - honest adjudication needs include/define chaining (leaf .4)
Cores-VeeR-EL2	design/include/el2_def.sv	fail	chained_only	deferred:chained_only	design corpus parsed in isolation - honest adjudication needs include/define chaining (leaf .4)
Cores-VeeR-EL2	design/lib/ahb_to_axi4.sv	fail	chained_only	deferred:chained_only	design corpus parsed in isolation - honest adjudication needs include/define chaining (leaf .4)
Cores-VeeR-EL2	design/lib/axi4_to_ahb.sv	fail	chained_only	deferred:chained_only	design corpus parsed in isolation - honest adjudication needs include/define chaining (leaf .4)
Cores-VeeR-EL2	design/lib/beh_lib.sv	fail	chained_only	deferred:chained_only	design corpus parsed in isolation - honest adjudication needs include/define chaining (leaf .4)
Cores-VeeR-EL2	design/lib/el2_lib.sv	fail	chained_only	deferred:chained_only	design corpus parsed in isolation - honest adjudication needs include/define chaining (leaf .4)
Cores-VeeR-EL2	design/lib/el2_mem_if.sv	fail	chained_only	deferred:chained_only	design corpus parsed in isolation - honest adjudication needs include/define chaining (leaf .4)
Cores-VeeR-EL2	design/lib/el2_regfile_if.sv	pass	chained_only	deferred:chained_only	design corpus parsed in isolation - honest adjudication needs include/define chaining (leaf .4)
Cores-VeeR-EL2	design/lib/mem_lib.sv	fail	chained_only	deferred:chained_only	design corpus parsed in isolation - honest adjudication needs include/define chaining (leaf .4)
Cores-VeeR-EL2	design/lsu/el2_lsu.sv	fail	chained_only	deferred:chained_only	design corpus parsed in isolation - honest adjudication needs include/define chaining (leaf .4)
Cores-VeeR-EL2	design/lsu/el2_lsu_addrcheck.sv	fail	chained_only	deferred:chained_only	design corpus parsed in isolation - honest adjudication needs include/define chaining (leaf .4)
Cores-VeeR-EL2	design/lsu/el2_lsu_bus_buffer.sv	fail	chained_only	deferred:chained_only	design corpus parsed in isolation - honest adjudication needs include/define chaining (leaf .4)
Cores-VeeR-EL2	design/lsu/el2_lsu_bus_intf.sv	fail	chained_only	deferred:chained_only	design corpus parsed in isolation - honest adjudication needs include/define chaining (leaf .4)
Cores-VeeR-EL2	design/lsu/el2_lsu_clkdomain.sv	fail	chained_only	deferred:chained_only	design corpus parsed in isolation - honest adjudication needs include/define chaining (leaf .4)
Cores-VeeR-EL2	design/lsu/el2_lsu_dccm_ctl.sv	fail	chained_only	deferred:chained_only	design corpus parsed in isolation - honest adjudication needs include/define chaining (leaf .4)
Cores-VeeR-EL2	design/lsu/el2_lsu_dccm_mem.sv	fail	chained_only	deferred:chained_only	design corpus parsed in isolation - honest adjudication needs include/define chaining (leaf .4)
Cores-VeeR-EL2	design/lsu/el2_lsu_ecc.sv	fail	chained_only	deferred:chained_only	design corpus parsed in isolation - honest adjudication needs include/define chaining (leaf .4)
Cores-VeeR-EL2	design/lsu/el2_lsu_lsc_ctl.sv	fail	chained_only	deferred:chained_only	design corpus parsed in isolation - honest adjudication needs include/define chaining (leaf .4)
Cores-VeeR-EL2	design/lsu/el2_lsu_stbuf.sv	fail	chained_only	deferred:chained_only	design corpus parsed in isolation - honest adjudication needs include/define chaining (leaf .4)
Cores-VeeR-EL2	design/lsu/el2_lsu_trigger.sv	fail	chained_only	deferred:chained_only	design corpus parsed in isolation - honest adjudication needs include/define chaining (leaf .4)
Cores-VeeR-EL2	testbench/ahb_lite_2to1_mux.sv	fail	chained_only	deferred:chained_only	design corpus parsed in isolation - honest adjudication needs include/define chaining (leaf .4)
Cores-VeeR-EL2	testbench/ahb_lsu_dma_bridge.sv	fail	chained_only	deferred:chained_only	design corpus parsed in isolation - honest adjudication needs include/define chaining (leaf .4)
Cores-VeeR-EL2	testbench/ahb_sif.sv	fail	chained_only	deferred:chained_only	design corpus parsed in isolation - honest adjudication needs include/define chaining (leaf .4)
Cores-VeeR-EL2	testbench/axi4_mux/arbiter.v	pass	chained_only	deferred:chained_only	design corpus parsed in isolation - honest adjudication needs include/define chaining (leaf .4)
Cores-VeeR-EL2	testbench/axi4_mux/axi_crossbar.v	pass	chained_only	deferred:chained_only	design corpus parsed in isolation - honest adjudication needs include/define chaining (leaf .4)
Cores-VeeR-EL2	testbench/axi4_mux/axi_crossbar_addr.v	pass	chained_only	deferred:chained_only	design corpus parsed in isolation - honest adjudication needs include/define chaining (leaf .4)
Cores-VeeR-EL2	testbench/axi4_mux/axi_crossbar_rd.v	pass	chained_only	deferred:chained_only	design corpus parsed in isolation - honest adjudication needs include/define chaining (leaf .4)
Cores-VeeR-EL2	testbench/axi4_mux/axi_crossbar_wr.v	pass	chained_only	deferred:chained_only	design corpus parsed in isolation - honest adjudication needs include/define chaining (leaf .4)
Cores-VeeR-EL2	testbench/axi4_mux/axi_crossbar_wrap_2x1.v	pass	chained_only	deferred:chained_only	design corpus parsed in isolation - honest adjudication needs include/define chaining (leaf .4)
Cores-VeeR-EL2	testbench/axi4_mux/axi_register_rd.v	pass	chained_only	deferred:chained_only	design corpus parsed in isolation - honest adjudication needs include/define chaining (leaf .4)
Cores-VeeR-EL2	testbench/axi4_mux/axi_register_wr.v	pass	chained_only	deferred:chained_only	design corpus parsed in isolation - honest adjudication needs include/define chaining (leaf .4)
Cores-VeeR-EL2	testbench/axi4_mux/priority_encoder.v	pass	chained_only	deferred:chained_only	design corpus parsed in isolation - honest adjudication needs include/define chaining (leaf .4)
Cores-VeeR-EL2	testbench/axi_lsu_dma_bridge.sv	fail	chained_only	deferred:chained_only	design corpus parsed in isolation - honest adjudication needs include/define chaining (leaf .4)
Cores-VeeR-EL2	testbench/icache_macros.svh	fail	chained_only	deferred:chained_only	design corpus parsed in isolation - honest adjudication needs include/define chaining (leaf .4)
Cores-VeeR-EL2	testbench/jtagdpi/jtagdpi.sv	pass	chained_only	deferred:chained_only	design corpus parsed in isolation - honest adjudication needs include/define chaining (leaf .4)
Cores-VeeR-EL2	testbench/tb_top.sv	fail	chained_only	deferred:chained_only	design corpus parsed in isolation - honest adjudication needs include/define chaining (leaf .4)
Cores-VeeR-EL2	testbench/tb_top_pkg.sv	fail	chained_only	deferred:chained_only	design corpus parsed in isolation - honest adjudication needs include/define chaining (leaf .4)
Cores-VeeR-EL2	testbench/user_cells.sv	pass	chained_only	deferred:chained_only	design corpus parsed in isolation - honest adjudication needs include/define chaining (leaf .4)
Cores-VeeR-EL2	testbench/uvm/mem/hdl/dccm_agent.sv	fail	chained_only	deferred:chained_only	design corpus parsed in isolation - honest adjudication needs include/define chaining (leaf .4)
Cores-VeeR-EL2	testbench/uvm/mem/hdl/dccm_base_test.sv	fail	chained_only	deferred:chained_only	design corpus parsed in isolation - honest adjudication needs include/define chaining (leaf .4)
Cores-VeeR-EL2	testbench/uvm/mem/hdl/dccm_driver.sv	fail	chained_only	deferred:chained_only	design corpus parsed in isolation - honest adjudication needs include/define chaining (leaf .4)
Cores-VeeR-EL2	testbench/uvm/mem/hdl/dccm_interface.sv	fail	chained_only	deferred:chained_only	design corpus parsed in isolation - honest adjudication needs include/define chaining (leaf .4)
Cores-VeeR-EL2	testbench/uvm/mem/hdl/dccm_memtest.sv	fail	chained_only	deferred:chained_only	design corpus parsed in isolation - honest adjudication needs include/define chaining (leaf .4)
Cores-VeeR-EL2	testbench/uvm/mem/hdl/dccm_monitor.sv	fail	chained_only	deferred:chained_only	design corpus parsed in isolation - honest adjudication needs include/define chaining (leaf .4)
Cores-VeeR-EL2	testbench/uvm/mem/hdl/dccm_scoreboard.sv	fail	chained_only	deferred:chained_only	design corpus parsed in isolation - honest adjudication needs include/define chaining (leaf .4)
Cores-VeeR-EL2	testbench/uvm/mem/hdl/dccm_sequence.sv	fail	chained_only	deferred:chained_only	design corpus parsed in isolation - honest adjudication needs include/define chaining (leaf .4)
Cores-VeeR-EL2	testbench/uvm/mem/hdl/dccm_sequencer.sv	fail	chained_only	deferred:chained_only	design corpus parsed in isolation - honest adjudication needs include/define chaining (leaf .4)
Cores-VeeR-EL2	testbench/uvm/mem/hdl/dccm_transaction_sequence_item.sv	fail	chained_only	deferred:chained_only	design corpus parsed in isolation - honest adjudication needs include/define chaining (leaf .4)
Cores-VeeR-EL2	testbench/uvm/mem/hdl/tbench_top.sv	fail	chained_only	deferred:chained_only	design corpus parsed in isolation - honest adjudication needs include/define chaining (leaf .4)
Cores-VeeR-EL2	testbench/veer_wrapper.sv	fail	chained_only	deferred:chained_only	design corpus parsed in isolation - honest adjudication needs include/define chaining (leaf .4)
Cores-VeeR-EL2	tools/riscv-dv/riscv_core_setting.sv	fail	chained_only	deferred:chained_only	design corpus parsed in isolation - honest adjudication needs include/define chaining (leaf .4)
Cores-VeeR-EL2	tools/riscv-dv/user_extension.svh	pass	chained_only	deferred:chained_only	design corpus parsed in isolation - honest adjudication needs include/define chaining (leaf .4)
Cores-VeeR-EL2	tools/riscv-dv/veer_directed_instr_lib.sv	fail	chained_only	deferred:chained_only	design corpus parsed in isolation - honest adjudication needs include/define chaining (leaf .4)
Cores-VeeR-EL2	verification/block/dccm/el2_lsu_dccm_mem_wrapper.sv	fail	chained_only	deferred:chained_only	design corpus parsed in isolation - honest adjudication needs include/define chaining (leaf .4)
Cores-VeeR-EL2	verification/block/dcls/el2_veer_lockstep_wrapper.sv	fail	chained_only	deferred:chained_only	design corpus parsed in isolation - honest adjudication needs include/define chaining (leaf .4)
Cores-VeeR-EL2	verification/block/dec/el2_dec_wrapper.sv	fail	chained_only	deferred:chained_only	design corpus parsed in isolation - honest adjudication needs include/define chaining (leaf .4)
Cores-VeeR-EL2	verification/block/dec_ib/el2_dec_ib_ctl_wrapper.sv	fail	chained_only	deferred:chained_only	design corpus parsed in isolation - honest adjudication needs include/define chaining (leaf .4)
Cores-VeeR-EL2	verification/block/dec_tl/el2_dec_trigger_wrapper.sv	fail	chained_only	deferred:chained_only	design corpus parsed in isolation - honest adjudication needs include/define chaining (leaf .4)
Cores-VeeR-EL2	verification/block/dec_tlu_ctl/el2_tlu_ctl_wrapper.sv	fail	chained_only	deferred:chained_only	design corpus parsed in isolation - honest adjudication needs include/define chaining (leaf .4)
Cores-VeeR-EL2	verification/block/dmi/dmi_test_wrapper.sv	fail	chained_only	deferred:chained_only	design corpus parsed in isolation - honest adjudication needs include/define chaining (leaf .4)
Cores-VeeR-EL2	verification/block/exu_alu/el2_exu_alu_ctl_wrapper.sv	fail	chained_only	deferred:chained_only	design corpus parsed in isolation - honest adjudication needs include/define chaining (leaf .4)
Cores-VeeR-EL2	verification/block/exu_div/el2_exu_div_ctl_wrapper.sv	fail	chained_only	deferred:chained_only	design corpus parsed in isolation - honest adjudication needs include/define chaining (leaf .4)
Cores-VeeR-EL2	verification/block/exu_mul/el2_exu_mul_ctl_wrapper.sv	fail	chained_only	deferred:chained_only	design corpus parsed in isolation - honest adjudication needs include/define chaining (leaf .4)
Cores-VeeR-EL2	verification/block/iccm/el2_ifu_iccm_mem_wrapper.sv	fail	chained_only	deferred:chained_only	design corpus parsed in isolation - honest adjudication needs include/define chaining (leaf .4)
Cores-VeeR-EL2	verification/block/ifu_mem_ctl/el2_ifu_mem_ctl_wrapper.sv	fail	chained_only	deferred:chained_only	design corpus parsed in isolation - honest adjudication needs include/define chaining (leaf .4)
Cores-VeeR-EL2	verification/block/lib_ahb_to_axi4/ahb_to_axi4_wrapper.sv	fail	chained_only	deferred:chained_only	design corpus parsed in isolation - honest adjudication needs include/define chaining (leaf .4)
Cores-VeeR-EL2	verification/block/lsu_tl/el2_lsu_trigger_wrapper.sv	fail	chained_only	deferred:chained_only	design corpus parsed in isolation - honest adjudication needs include/define chaining (leaf .4)
Cores-VeeR-EL2	verification/block/pmp/el2_pmp_wrapper.sv	fail	chained_only	deferred:chained_only	design corpus parsed in isolation - honest adjudication needs include/define chaining (leaf .4)
Cores-VeeR-EL2	verification/block/pmp_random/el2_pmp_wrapper.sv	fail	chained_only	deferred:chained_only	design corpus parsed in isolation - honest adjudication needs include/define chaining (leaf .4)
friscv	dep/hardfloat/source/8086-SSE/HardFloat_specialize.v	fail	chained_only	deferred:chained_only	design corpus parsed in isolation - honest adjudication needs include/define chaining (leaf .4)
friscv	dep/hardfloat/source/ARM-VFPv2/HardFloat_specialize.v	fail	chained_only	deferred:chained_only	design corpus parsed in isolation - honest adjudication needs include/define chaining (leaf .4)
friscv	dep/hardfloat/source/HardFloat_primitives.v	pass	chained_only	deferred:chained_only	design corpus parsed in isolation - honest adjudication needs include/define chaining (leaf .4)
friscv	dep/hardfloat/source/HardFloat_rawFN.v	fail	chained_only	deferred:chained_only	design corpus parsed in isolation - honest adjudication needs include/define chaining (leaf .4)
friscv	dep/hardfloat/source/RISCV/HardFloat_specialize.v	pass	chained_only	deferred:chained_only	design corpus parsed in isolation - honest adjudication needs include/define chaining (leaf .4)
friscv	dep/hardfloat/source/addRecFN.v	fail	chained_only	deferred:chained_only	design corpus parsed in isolation - honest adjudication needs include/define chaining (leaf .4)
friscv	dep/hardfloat/source/compareRecFN.v	pass	chained_only	deferred:chained_only	design corpus parsed in isolation - honest adjudication needs include/define chaining (leaf .4)
friscv	dep/hardfloat/source/divSqrtRecFN_small.v	fail	chained_only	deferred:chained_only	design corpus parsed in isolation - honest adjudication needs include/define chaining (leaf .4)
friscv	dep/hardfloat/source/fNToRecFN.v	fail	chained_only	deferred:chained_only	design corpus parsed in isolation - honest adjudication needs include/define chaining (leaf .4)
friscv	dep/hardfloat/source/iNToRecFN.v	fail	chained_only	deferred:chained_only	design corpus parsed in isolation - honest adjudication needs include/define chaining (leaf .4)
friscv	dep/hardfloat/source/isSigNaNRecFN.v	pass	chained_only	deferred:chained_only	design corpus parsed in isolation - honest adjudication needs include/define chaining (leaf .4)
friscv	dep/hardfloat/source/mulAddRecFN.v	fail	chained_only	deferred:chained_only	design corpus parsed in isolation - honest adjudication needs include/define chaining (leaf .4)
friscv	dep/hardfloat/source/mulRecFN.v	fail	chained_only	deferred:chained_only	design corpus parsed in isolation - honest adjudication needs include/define chaining (leaf .4)
friscv	dep/hardfloat/source/recFNToFN.v	fail	chained_only	deferred:chained_only	design corpus parsed in isolation - honest adjudication needs include/define chaining (leaf .4)
friscv	dep/hardfloat/source/recFNToIN.v	fail	chained_only	deferred:chained_only	design corpus parsed in isolation - honest adjudication needs include/define chaining (leaf .4)
friscv	dep/hardfloat/source/recFNToRecFN.v	fail	chained_only	deferred:chained_only	design corpus parsed in isolation - honest adjudication needs include/define chaining (leaf .4)
friscv	dep/hardfloat/test/source/addRecFN_spec.v	fail	chained_only	deferred:chained_only	design corpus parsed in isolation - honest adjudication needs include/define chaining (leaf .4)
friscv	dep/hardfloat/test/source/compareRecFN_spec.v	pass	chained_only	deferred:chained_only	design corpus parsed in isolation - honest adjudication needs include/define chaining (leaf .4)
friscv	dep/hardfloat/test/source/divSqrtRecFN_small_spec.v	fail	chained_only	deferred:chained_only	design corpus parsed in isolation - honest adjudication needs include/define chaining (leaf .4)
friscv	dep/hardfloat/test/source/fNToRecFN_spec.v	pass	chained_only	deferred:chained_only	design corpus parsed in isolation - honest adjudication needs include/define chaining (leaf .4)
friscv	dep/hardfloat/test/source/iNToRecFN_spec.v	fail	chained_only	deferred:chained_only	design corpus parsed in isolation - honest adjudication needs include/define chaining (leaf .4)
friscv	dep/hardfloat/test/source/mulAddRecFN_spec.v	fail	chained_only	deferred:chained_only	design corpus parsed in isolation - honest adjudication needs include/define chaining (leaf .4)
friscv	dep/hardfloat/test/source/mulRecFN_spec.v	fail	chained_only	deferred:chained_only	design corpus parsed in isolation - honest adjudication needs include/define chaining (leaf .4)
friscv	dep/hardfloat/test/source/recFNToFN_spec.v	pass	chained_only	deferred:chained_only	design corpus parsed in isolation - honest adjudication needs include/define chaining (leaf .4)
friscv	dep/hardfloat/test/source/recFNToIN_spec.v	fail	chained_only	deferred:chained_only	design corpus parsed in isolation - honest adjudication needs include/define chaining (leaf .4)
friscv	dep/hardfloat/test/source/recFNToRecFN_spec.v	fail	chained_only	deferred:chained_only	design corpus parsed in isolation - honest adjudication needs include/define chaining (leaf .4)
friscv	dep/hardfloat/test/source/sameRecFN.v	pass	chained_only	deferred:chained_only	design corpus parsed in isolation - honest adjudication needs include/define chaining (leaf .4)
friscv	dep/hardfloat/test/source/test_addRecFN_add.v	fail	chained_only	deferred:chained_only	design corpus parsed in isolation - honest adjudication needs include/define chaining (leaf .4)
friscv	dep/hardfloat/test/source/test_addRecFN_sub.v	fail	chained_only	deferred:chained_only	design corpus parsed in isolation - honest adjudication needs include/define chaining (leaf .4)
friscv	dep/hardfloat/test/source/test_compareRecFN.v	fail	chained_only	deferred:chained_only	design corpus parsed in isolation - honest adjudication needs include/define chaining (leaf .4)
friscv	dep/hardfloat/test/source/test_divSqrtRecFN_small_div.v	fail	chained_only	deferred:chained_only	design corpus parsed in isolation - honest adjudication needs include/define chaining (leaf .4)
friscv	dep/hardfloat/test/source/test_divSqrtRecFN_small_sqrt.v	fail	chained_only	deferred:chained_only	design corpus parsed in isolation - honest adjudication needs include/define chaining (leaf .4)
friscv	dep/hardfloat/test/source/test_iNToRecFN.v	fail	chained_only	deferred:chained_only	design corpus parsed in isolation - honest adjudication needs include/define chaining (leaf .4)
friscv	dep/hardfloat/test/source/test_mulAddRecFN.v	fail	chained_only	deferred:chained_only	design corpus parsed in isolation - honest adjudication needs include/define chaining (leaf .4)
friscv	dep/hardfloat/test/source/test_mulAddRecFN_add.v	fail	chained_only	deferred:chained_only	design corpus parsed in isolation - honest adjudication needs include/define chaining (leaf .4)
friscv	dep/hardfloat/test/source/test_mulAddRecFN_mul.v	fail	chained_only	deferred:chained_only	design corpus parsed in isolation - honest adjudication needs include/define chaining (leaf .4)
friscv	dep/hardfloat/test/source/test_mulRecFN.v	fail	chained_only	deferred:chained_only	design corpus parsed in isolation - honest adjudication needs include/define chaining (leaf .4)
friscv	dep/hardfloat/test/source/test_recFNToFN.v	fail	chained_only	deferred:chained_only	design corpus parsed in isolation - honest adjudication needs include/define chaining (leaf .4)
friscv	dep/hardfloat/test/source/test_recFNToIN.v	fail	chained_only	deferred:chained_only	design corpus parsed in isolation - honest adjudication needs include/define chaining (leaf .4)
friscv	dep/hardfloat/test/source/test_recFNToRecFN.v	fail	chained_only	deferred:chained_only	design corpus parsed in isolation - honest adjudication needs include/define chaining (leaf .4)
friscv	rtl/friscv_alu.sv	fail	chained_only	deferred:chained_only	design corpus parsed in isolation - honest adjudication needs include/define chaining (leaf .4)
friscv	rtl/friscv_apb_interconnect.sv	pass	chained_only	deferred:chained_only	design corpus parsed in isolation - honest adjudication needs include/define chaining (leaf .4)
friscv	rtl/friscv_axi_or_tracker.sv	fail	chained_only	deferred:chained_only	design corpus parsed in isolation - honest adjudication needs include/define chaining (leaf .4)
friscv	rtl/friscv_bit_sync.sv	pass	chained_only	deferred:chained_only	design corpus parsed in isolation - honest adjudication needs include/define chaining (leaf .4)
friscv	rtl/friscv_bus_perf.sv	pass	chained_only	deferred:chained_only	design corpus parsed in isolation - honest adjudication needs include/define chaining (leaf .4)
friscv	rtl/friscv_cache_block_fetcher.sv	fail	chained_only	deferred:chained_only	design corpus parsed in isolation - honest adjudication needs include/define chaining (leaf .4)
friscv	rtl/friscv_cache_blocks.sv	fail	chained_only	deferred:chained_only	design corpus parsed in isolation - honest adjudication needs include/define chaining (leaf .4)
friscv	rtl/friscv_cache_flusher.sv	pass	chained_only	deferred:chained_only	design corpus parsed in isolation - honest adjudication needs include/define chaining (leaf .4)
friscv	rtl/friscv_cache_io_fetcher.sv	fail	chained_only	deferred:chained_only	design corpus parsed in isolation - honest adjudication needs include/define chaining (leaf .4)
friscv	rtl/friscv_cache_memctrl.sv	fail	chained_only	deferred:chained_only	design corpus parsed in isolation - honest adjudication needs include/define chaining (leaf .4)
friscv	rtl/friscv_cache_ooo_mgt.sv	fail	chained_only	deferred:chained_only	design corpus parsed in isolation - honest adjudication needs include/define chaining (leaf .4)
friscv	rtl/friscv_cache_prefetcher.sv	fail	chained_only	deferred:chained_only	design corpus parsed in isolation - honest adjudication needs include/define chaining (leaf .4)
friscv	rtl/friscv_cache_pusher.sv	fail	chained_only	deferred:chained_only	design corpus parsed in isolation - honest adjudication needs include/define chaining (leaf .4)
friscv	rtl/friscv_checkers.sv	fail	chained_only	deferred:chained_only	design corpus parsed in isolation - honest adjudication needs include/define chaining (leaf .4)
friscv	rtl/friscv_clint.sv	pass	chained_only	deferred:chained_only	design corpus parsed in isolation - honest adjudication needs include/define chaining (leaf .4)
friscv	rtl/friscv_control.sv	fail	chained_only	deferred:chained_only	design corpus parsed in isolation - honest adjudication needs include/define chaining (leaf .4)
friscv	rtl/friscv_control_h.sv	fail	chained_only	deferred:chained_only	design corpus parsed in isolation - honest adjudication needs include/define chaining (leaf .4)
friscv	rtl/friscv_csr.sv	fail	chained_only	deferred:chained_only	design corpus parsed in isolation - honest adjudication needs include/define chaining (leaf .4)
friscv	rtl/friscv_dcache.sv	fail	chained_only	deferred:chained_only	design corpus parsed in isolation - honest adjudication needs include/define chaining (leaf .4)
friscv	rtl/friscv_debug_h.sv	pass	chained_only	deferred:chained_only	design corpus parsed in isolation - honest adjudication needs include/define chaining (leaf .4)
friscv	rtl/friscv_decoder.sv	pass	chained_only	deferred:chained_only	design corpus parsed in isolation - honest adjudication needs include/define chaining (leaf .4)
friscv	rtl/friscv_div.sv	pass	chained_only	deferred:chained_only	design corpus parsed in isolation - honest adjudication needs include/define chaining (leaf .4)
friscv	rtl/friscv_gpios.sv	pass	chained_only	deferred:chained_only	design corpus parsed in isolation - honest adjudication needs include/define chaining (leaf .4)
friscv	rtl/friscv_h.sv	pass	chained_only	deferred:chained_only	design corpus parsed in isolation - honest adjudication needs include/define chaining (leaf .4)
friscv	rtl/friscv_icache.sv	pass	chained_only	deferred:chained_only	design corpus parsed in isolation - honest adjudication needs include/define chaining (leaf .4)
friscv	rtl/friscv_io_subsystem.sv	pass	chained_only	deferred:chained_only	design corpus parsed in isolation - honest adjudication needs include/define chaining (leaf .4)
friscv	rtl/friscv_m_ext.sv	fail	chained_only	deferred:chained_only	design corpus parsed in isolation - honest adjudication needs include/define chaining (leaf .4)
friscv	rtl/friscv_mem_router.sv	pass	chained_only	deferred:chained_only	design corpus parsed in isolation - honest adjudication needs include/define chaining (leaf .4)
friscv	rtl/friscv_memfy.sv	fail	chained_only	deferred:chained_only	design corpus parsed in isolation - honest adjudication needs include/define chaining (leaf .4)
friscv	rtl/friscv_memfy_h.sv	fail	chained_only	deferred:chained_only	design corpus parsed in isolation - honest adjudication needs include/define chaining (leaf .4)
friscv	rtl/friscv_mpu.sv	fail	chained_only	deferred:chained_only	design corpus parsed in isolation - honest adjudication needs include/define chaining (leaf .4)
friscv	rtl/friscv_pipeline.sv	pass	chained_only	deferred:chained_only	design corpus parsed in isolation - honest adjudication needs include/define chaining (leaf .4)
friscv	rtl/friscv_pmp_region.sv	pass	chained_only	deferred:chained_only	design corpus parsed in isolation - honest adjudication needs include/define chaining (leaf .4)
friscv	rtl/friscv_processing.sv	fail	chained_only	deferred:chained_only	design corpus parsed in isolation - honest adjudication needs include/define chaining (leaf .4)
friscv	rtl/friscv_pulser.sv	pass	chained_only	deferred:chained_only	design corpus parsed in isolation - honest adjudication needs include/define chaining (leaf .4)
friscv	rtl/friscv_ram.sv	pass	chained_only	deferred:chained_only	design corpus parsed in isolation - honest adjudication needs include/define chaining (leaf .4)
friscv	rtl/friscv_rambe.sv	pass	chained_only	deferred:chained_only	design corpus parsed in isolation - honest adjudication needs include/define chaining (leaf .4)
friscv	rtl/friscv_registers.sv	fail	chained_only	deferred:chained_only	design corpus parsed in isolation - honest adjudication needs include/define chaining (leaf .4)
friscv	rtl/friscv_rv32i_core.sv	fail	chained_only	deferred:chained_only	design corpus parsed in isolation - honest adjudication needs include/define chaining (leaf .4)
friscv	rtl/friscv_rv32i_platform.sv	pass	chained_only	deferred:chained_only	design corpus parsed in isolation - honest adjudication needs include/define chaining (leaf .4)
friscv	rtl/friscv_scfifo.sv	pass	chained_only	deferred:chained_only	design corpus parsed in isolation - honest adjudication needs include/define chaining (leaf .4)
friscv	rtl/friscv_stats.sv	pass	chained_only	deferred:chained_only	design corpus parsed in isolation - honest adjudication needs include/define chaining (leaf .4)
friscv	rtl/friscv_uart.sv	pass	chained_only	deferred:chained_only	design corpus parsed in isolation - honest adjudication needs include/define chaining (leaf .4)
friscv	test/apps/svut_h.sv	fail	chained_only	deferred:chained_only	design corpus parsed in isolation - honest adjudication needs include/define chaining (leaf .4)
friscv	test/apps/tests/coremark.v	fail	chained_only	deferred:chained_only	design corpus parsed in isolation - honest adjudication needs include/define chaining (leaf .4)
friscv	test/apps/tests/coremark/coremark.v	fail	chained_only	deferred:chained_only	design corpus parsed in isolation - honest adjudication needs include/define chaining (leaf .4)
friscv	test/apps/tests/repl.v	fail	chained_only	deferred:chained_only	design corpus parsed in isolation - honest adjudication needs include/define chaining (leaf .4)
friscv	test/apps/tests/repl/repl.v	fail	chained_only	deferred:chained_only	design corpus parsed in isolation - honest adjudication needs include/define chaining (leaf .4)
friscv	test/c_testsuite/svut_h.sv	fail	chained_only	deferred:chained_only	design corpus parsed in isolation - honest adjudication needs include/define chaining (leaf .4)
friscv	test/c_testsuite/tests/array_mean.v	fail	chained_only	deferred:chained_only	design corpus parsed in isolation - honest adjudication needs include/define chaining (leaf .4)
friscv	test/c_testsuite/tests/array_mean/array_mean.v	fail	chained_only	deferred:chained_only	design corpus parsed in isolation - honest adjudication needs include/define chaining (leaf .4)
friscv	test/c_testsuite/tests/control.v	fail	chained_only	deferred:chained_only	design corpus parsed in isolation - honest adjudication needs include/define chaining (leaf .4)
friscv	test/c_testsuite/tests/control/control.v	fail	chained_only	deferred:chained_only	design corpus parsed in isolation - honest adjudication needs include/define chaining (leaf .4)
friscv	test/c_testsuite/tests/extern_vars.v	fail	chained_only	deferred:chained_only	design corpus parsed in isolation - honest adjudication needs include/define chaining (leaf .4)
friscv	test/c_testsuite/tests/extern_vars/extern_vars.v	fail	chained_only	deferred:chained_only	design corpus parsed in isolation - honest adjudication needs include/define chaining (leaf .4)
friscv	test/c_testsuite/tests/functions.v	fail	chained_only	deferred:chained_only	design corpus parsed in isolation - honest adjudication needs include/define chaining (leaf .4)
friscv	test/c_testsuite/tests/functions/functions.v	fail	chained_only	deferred:chained_only	design corpus parsed in isolation - honest adjudication needs include/define chaining (leaf .4)
friscv	test/c_testsuite/tests/heap.v	fail	chained_only	deferred:chained_only	design corpus parsed in isolation - honest adjudication needs include/define chaining (leaf .4)
friscv	test/c_testsuite/tests/heap/heap.v	fail	chained_only	deferred:chained_only	design corpus parsed in isolation - honest adjudication needs include/define chaining (leaf .4)
friscv	test/c_testsuite/tests/pointers.v	fail	chained_only	deferred:chained_only	design corpus parsed in isolation - honest adjudication needs include/define chaining (leaf .4)
friscv	test/c_testsuite/tests/pointers/pointers.v	fail	chained_only	deferred:chained_only	design corpus parsed in isolation - honest adjudication needs include/define chaining (leaf .4)
friscv	test/c_testsuite/tests/simple.v	fail	chained_only	deferred:chained_only	design corpus parsed in isolation - honest adjudication needs include/define chaining (leaf .4)
friscv	test/c_testsuite/tests/simple/simple.v	fail	chained_only	deferred:chained_only	design corpus parsed in isolation - honest adjudication needs include/define chaining (leaf .4)
friscv	test/c_testsuite/tests/strings.v	fail	chained_only	deferred:chained_only	design corpus parsed in isolation - honest adjudication needs include/define chaining (leaf .4)
friscv	test/c_testsuite/tests/strings/strings.v	fail	chained_only	deferred:chained_only	design corpus parsed in isolation - honest adjudication needs include/define chaining (leaf .4)
friscv	test/c_testsuite/tests/structure.v	fail	chained_only	deferred:chained_only	design corpus parsed in isolation - honest adjudication needs include/define chaining (leaf .4)
friscv	test/c_testsuite/tests/structure/structure.v	fail	chained_only	deferred:chained_only	design corpus parsed in isolation - honest adjudication needs include/define chaining (leaf .4)
friscv	test/c_testsuite/tests/type_operator_expression.v	fail	chained_only	deferred:chained_only	design corpus parsed in isolation - honest adjudication needs include/define chaining (leaf .4)
friscv	test/c_testsuite/tests/type_operator_expression/type_operator_expression.v	fail	chained_only	deferred:chained_only	design corpus parsed in isolation - honest adjudication needs include/define chaining (leaf .4)
friscv	test/common/axi4l_ram.sv	fail	chained_only	deferred:chained_only	design corpus parsed in isolation - honest adjudication needs include/define chaining (leaf .4)
friscv	test/common/friscv_testbench.sv	fail	chained_only	deferred:chained_only	design corpus parsed in isolation - honest adjudication needs include/define chaining (leaf .4)
friscv	test/common/lfsr.sv	pass	chained_only	deferred:chained_only	design corpus parsed in isolation - honest adjudication needs include/define chaining (leaf .4)
friscv	test/common/zero.v	fail	chained_only	deferred:chained_only	design corpus parsed in isolation - honest adjudication needs include/define chaining (leaf .4)
friscv	test/priv_sec_testsuite/svut_h.sv	fail	chained_only	deferred:chained_only	design corpus parsed in isolation - honest adjudication needs include/define chaining (leaf .4)
friscv	test/priv_sec_testsuite/tests/rv32ui-p-test0.v	fail	chained_only	deferred:chained_only	design corpus parsed in isolation - honest adjudication needs include/define chaining (leaf .4)
friscv	test/priv_sec_testsuite/tests/rv32ui-p-test1.v	fail	chained_only	deferred:chained_only	design corpus parsed in isolation - honest adjudication needs include/define chaining (leaf .4)
friscv	test/priv_sec_testsuite/tests/rv32ui-p-test2.v	fail	chained_only	deferred:chained_only	design corpus parsed in isolation - honest adjudication needs include/define chaining (leaf .4)
friscv	test/priv_sec_testsuite/tests/rv32ui-p-test3.v	fail	chained_only	deferred:chained_only	design corpus parsed in isolation - honest adjudication needs include/define chaining (leaf .4)
friscv	test/priv_sec_testsuite/tests/rv32ui-p-test4.v	fail	chained_only	deferred:chained_only	design corpus parsed in isolation - honest adjudication needs include/define chaining (leaf .4)
friscv	test/priv_sec_testsuite/tests/rv32ui-p-test5.v	fail	chained_only	deferred:chained_only	design corpus parsed in isolation - honest adjudication needs include/define chaining (leaf .4)
friscv	test/priv_sec_testsuite/tests/rv32ui-v-test0.v	fail	chained_only	deferred:chained_only	design corpus parsed in isolation - honest adjudication needs include/define chaining (leaf .4)
friscv	test/priv_sec_testsuite/tests/rv32ui-v-test1.v	fail	chained_only	deferred:chained_only	design corpus parsed in isolation - honest adjudication needs include/define chaining (leaf .4)
friscv	test/priv_sec_testsuite/tests/rv32ui-v-test2.v	fail	chained_only	deferred:chained_only	design corpus parsed in isolation - honest adjudication needs include/define chaining (leaf .4)
friscv	test/priv_sec_testsuite/tests/rv32ui-v-test3.v	fail	chained_only	deferred:chained_only	design corpus parsed in isolation - honest adjudication needs include/define chaining (leaf .4)
friscv	test/priv_sec_testsuite/tests/rv32ui-v-test4.v	fail	chained_only	deferred:chained_only	design corpus parsed in isolation - honest adjudication needs include/define chaining (leaf .4)
friscv	test/priv_sec_testsuite/tests/rv32ui-v-test5.v	fail	chained_only	deferred:chained_only	design corpus parsed in isolation - honest adjudication needs include/define chaining (leaf .4)
friscv	test/priv_sec_testsuite/tests/rv64ui-p-test0.v	fail	chained_only	deferred:chained_only	design corpus parsed in isolation - honest adjudication needs include/define chaining (leaf .4)
friscv	test/priv_sec_testsuite/tests/rv64ui-p-test1.v	fail	chained_only	deferred:chained_only	design corpus parsed in isolation - honest adjudication needs include/define chaining (leaf .4)
friscv	test/priv_sec_testsuite/tests/rv64ui-p-test2.v	fail	chained_only	deferred:chained_only	design corpus parsed in isolation - honest adjudication needs include/define chaining (leaf .4)
friscv	test/priv_sec_testsuite/tests/rv64ui-p-test3.v	fail	chained_only	deferred:chained_only	design corpus parsed in isolation - honest adjudication needs include/define chaining (leaf .4)
friscv	test/priv_sec_testsuite/tests/rv64ui-p-test4.v	fail	chained_only	deferred:chained_only	design corpus parsed in isolation - honest adjudication needs include/define chaining (leaf .4)
friscv	test/priv_sec_testsuite/tests/rv64ui-p-test5.v	fail	chained_only	deferred:chained_only	design corpus parsed in isolation - honest adjudication needs include/define chaining (leaf .4)
friscv	test/priv_sec_testsuite/tests/rv64ui-v-test0.v	fail	chained_only	deferred:chained_only	design corpus parsed in isolation - honest adjudication needs include/define chaining (leaf .4)
friscv	test/priv_sec_testsuite/tests/rv64ui-v-test1.v	fail	chained_only	deferred:chained_only	design corpus parsed in isolation - honest adjudication needs include/define chaining (leaf .4)
friscv	test/priv_sec_testsuite/tests/rv64ui-v-test2.v	fail	chained_only	deferred:chained_only	design corpus parsed in isolation - honest adjudication needs include/define chaining (leaf .4)
friscv	test/priv_sec_testsuite/tests/rv64ui-v-test3.v	fail	chained_only	deferred:chained_only	design corpus parsed in isolation - honest adjudication needs include/define chaining (leaf .4)
friscv	test/priv_sec_testsuite/tests/rv64ui-v-test4.v	fail	chained_only	deferred:chained_only	design corpus parsed in isolation - honest adjudication needs include/define chaining (leaf .4)
friscv	test/priv_sec_testsuite/tests/rv64ui-v-test5.v	fail	chained_only	deferred:chained_only	design corpus parsed in isolation - honest adjudication needs include/define chaining (leaf .4)
friscv	test/riscv-tests/svut_h.sv	fail	chained_only	deferred:chained_only	design corpus parsed in isolation - honest adjudication needs include/define chaining (leaf .4)
friscv	test/riscv-tests/tests/rv32mi-p-breakpoint.v	fail	chained_only	deferred:chained_only	design corpus parsed in isolation - honest adjudication needs include/define chaining (leaf .4)
friscv	test/riscv-tests/tests/rv32mi-p-csr.v	fail	chained_only	deferred:chained_only	design corpus parsed in isolation - honest adjudication needs include/define chaining (leaf .4)
friscv	test/riscv-tests/tests/rv32mi-p-illegal.v	fail	chained_only	deferred:chained_only	design corpus parsed in isolation - honest adjudication needs include/define chaining (leaf .4)
friscv	test/riscv-tests/tests/rv32mi-p-ma_addr.v	fail	chained_only	deferred:chained_only	design corpus parsed in isolation - honest adjudication needs include/define chaining (leaf .4)
friscv	test/riscv-tests/tests/rv32mi-p-ma_fetch.v	fail	chained_only	deferred:chained_only	design corpus parsed in isolation - honest adjudication needs include/define chaining (leaf .4)
friscv	test/riscv-tests/tests/rv32mi-p-mcsr.v	fail	chained_only	deferred:chained_only	design corpus parsed in isolation - honest adjudication needs include/define chaining (leaf .4)
friscv	test/riscv-tests/tests/rv32mi-p-sbreak.v	fail	chained_only	deferred:chained_only	design corpus parsed in isolation - honest adjudication needs include/define chaining (leaf .4)
friscv	test/riscv-tests/tests/rv32mi-p-scall.v	fail	chained_only	deferred:chained_only	design corpus parsed in isolation - honest adjudication needs include/define chaining (leaf .4)
friscv	test/riscv-tests/tests/rv32mi-p-shamt.v	fail	chained_only	deferred:chained_only	design corpus parsed in isolation - honest adjudication needs include/define chaining (leaf .4)
friscv	test/riscv-tests/tests/rv32si-p-csr.v	fail	chained_only	deferred:chained_only	design corpus parsed in isolation - honest adjudication needs include/define chaining (leaf .4)
friscv	test/riscv-tests/tests/rv32si-p-dirty.v	fail	chained_only	deferred:chained_only	design corpus parsed in isolation - honest adjudication needs include/define chaining (leaf .4)
friscv	test/riscv-tests/tests/rv32si-p-ma_fetch.v	fail	chained_only	deferred:chained_only	design corpus parsed in isolation - honest adjudication needs include/define chaining (leaf .4)
friscv	test/riscv-tests/tests/rv32si-p-sbreak.v	fail	chained_only	deferred:chained_only	design corpus parsed in isolation - honest adjudication needs include/define chaining (leaf .4)
friscv	test/riscv-tests/tests/rv32si-p-scall.v	fail	chained_only	deferred:chained_only	design corpus parsed in isolation - honest adjudication needs include/define chaining (leaf .4)
friscv	test/riscv-tests/tests/rv32si-p-wfi.v	fail	chained_only	deferred:chained_only	design corpus parsed in isolation - honest adjudication needs include/define chaining (leaf .4)
friscv	test/riscv-tests/tests/rv32ui-p-add.v	fail	chained_only	deferred:chained_only	design corpus parsed in isolation - honest adjudication needs include/define chaining (leaf .4)
friscv	test/riscv-tests/tests/rv32ui-p-addi.v	fail	chained_only	deferred:chained_only	design corpus parsed in isolation - honest adjudication needs include/define chaining (leaf .4)
friscv	test/riscv-tests/tests/rv32ui-p-and.v	fail	chained_only	deferred:chained_only	design corpus parsed in isolation - honest adjudication needs include/define chaining (leaf .4)
friscv	test/riscv-tests/tests/rv32ui-p-andi.v	fail	chained_only	deferred:chained_only	design corpus parsed in isolation - honest adjudication needs include/define chaining (leaf .4)
friscv	test/riscv-tests/tests/rv32ui-p-auipc.v	fail	chained_only	deferred:chained_only	design corpus parsed in isolation - honest adjudication needs include/define chaining (leaf .4)
friscv	test/riscv-tests/tests/rv32ui-p-beq.v	fail	chained_only	deferred:chained_only	design corpus parsed in isolation - honest adjudication needs include/define chaining (leaf .4)
friscv	test/riscv-tests/tests/rv32ui-p-bge.v	fail	chained_only	deferred:chained_only	design corpus parsed in isolation - honest adjudication needs include/define chaining (leaf .4)
friscv	test/riscv-tests/tests/rv32ui-p-bgeu.v	fail	chained_only	deferred:chained_only	design corpus parsed in isolation - honest adjudication needs include/define chaining (leaf .4)
friscv	test/riscv-tests/tests/rv32ui-p-blt.v	fail	chained_only	deferred:chained_only	design corpus parsed in isolation - honest adjudication needs include/define chaining (leaf .4)
friscv	test/riscv-tests/tests/rv32ui-p-bltu.v	fail	chained_only	deferred:chained_only	design corpus parsed in isolation - honest adjudication needs include/define chaining (leaf .4)
friscv	test/riscv-tests/tests/rv32ui-p-bne.v	fail	chained_only	deferred:chained_only	design corpus parsed in isolation - honest adjudication needs include/define chaining (leaf .4)
friscv	test/riscv-tests/tests/rv32ui-p-fence_i.v	fail	chained_only	deferred:chained_only	design corpus parsed in isolation - honest adjudication needs include/define chaining (leaf .4)
friscv	test/riscv-tests/tests/rv32ui-p-jal.v	fail	chained_only	deferred:chained_only	design corpus parsed in isolation - honest adjudication needs include/define chaining (leaf .4)
friscv	test/riscv-tests/tests/rv32ui-p-jalr.v	fail	chained_only	deferred:chained_only	design corpus parsed in isolation - honest adjudication needs include/define chaining (leaf .4)
friscv	test/riscv-tests/tests/rv32ui-p-lb.v	fail	chained_only	deferred:chained_only	design corpus parsed in isolation - honest adjudication needs include/define chaining (leaf .4)
friscv	test/riscv-tests/tests/rv32ui-p-lbu.v	fail	chained_only	deferred:chained_only	design corpus parsed in isolation - honest adjudication needs include/define chaining (leaf .4)
friscv	test/riscv-tests/tests/rv32ui-p-lh.v	fail	chained_only	deferred:chained_only	design corpus parsed in isolation - honest adjudication needs include/define chaining (leaf .4)
friscv	test/riscv-tests/tests/rv32ui-p-lhu.v	fail	chained_only	deferred:chained_only	design corpus parsed in isolation - honest adjudication needs include/define chaining (leaf .4)
friscv	test/riscv-tests/tests/rv32ui-p-lui.v	fail	chained_only	deferred:chained_only	design corpus parsed in isolation - honest adjudication needs include/define chaining (leaf .4)
friscv	test/riscv-tests/tests/rv32ui-p-lw.v	fail	chained_only	deferred:chained_only	design corpus parsed in isolation - honest adjudication needs include/define chaining (leaf .4)
friscv	test/riscv-tests/tests/rv32ui-p-or.v	fail	chained_only	deferred:chained_only	design corpus parsed in isolation - honest adjudication needs include/define chaining (leaf .4)
friscv	test/riscv-tests/tests/rv32ui-p-ori.v	fail	chained_only	deferred:chained_only	design corpus parsed in isolation - honest adjudication needs include/define chaining (leaf .4)
friscv	test/riscv-tests/tests/rv32ui-p-sb.v	fail	chained_only	deferred:chained_only	design corpus parsed in isolation - honest adjudication needs include/define chaining (leaf .4)
friscv	test/riscv-tests/tests/rv32ui-p-sh.v	fail	chained_only	deferred:chained_only	design corpus parsed in isolation - honest adjudication needs include/define chaining (leaf .4)
friscv	test/riscv-tests/tests/rv32ui-p-simple.v	fail	chained_only	deferred:chained_only	design corpus parsed in isolation - honest adjudication needs include/define chaining (leaf .4)
friscv	test/riscv-tests/tests/rv32ui-p-sll.v	fail	chained_only	deferred:chained_only	design corpus parsed in isolation - honest adjudication needs include/define chaining (leaf .4)
friscv	test/riscv-tests/tests/rv32ui-p-slli.v	fail	chained_only	deferred:chained_only	design corpus parsed in isolation - honest adjudication needs include/define chaining (leaf .4)
friscv	test/riscv-tests/tests/rv32ui-p-slt.v	fail	chained_only	deferred:chained_only	design corpus parsed in isolation - honest adjudication needs include/define chaining (leaf .4)
friscv	test/riscv-tests/tests/rv32ui-p-slti.v	fail	chained_only	deferred:chained_only	design corpus parsed in isolation - honest adjudication needs include/define chaining (leaf .4)
friscv	test/riscv-tests/tests/rv32ui-p-sltiu.v	fail	chained_only	deferred:chained_only	design corpus parsed in isolation - honest adjudication needs include/define chaining (leaf .4)
friscv	test/riscv-tests/tests/rv32ui-p-sltu.v	fail	chained_only	deferred:chained_only	design corpus parsed in isolation - honest adjudication needs include/define chaining (leaf .4)
friscv	test/riscv-tests/tests/rv32ui-p-sra.v	fail	chained_only	deferred:chained_only	design corpus parsed in isolation - honest adjudication needs include/define chaining (leaf .4)
friscv	test/riscv-tests/tests/rv32ui-p-srai.v	fail	chained_only	deferred:chained_only	design corpus parsed in isolation - honest adjudication needs include/define chaining (leaf .4)
friscv	test/riscv-tests/tests/rv32ui-p-srl.v	fail	chained_only	deferred:chained_only	design corpus parsed in isolation - honest adjudication needs include/define chaining (leaf .4)
friscv	test/riscv-tests/tests/rv32ui-p-srli.v	fail	chained_only	deferred:chained_only	design corpus parsed in isolation - honest adjudication needs include/define chaining (leaf .4)
friscv	test/riscv-tests/tests/rv32ui-p-sub.v	fail	chained_only	deferred:chained_only	design corpus parsed in isolation - honest adjudication needs include/define chaining (leaf .4)
friscv	test/riscv-tests/tests/rv32ui-p-sw.v	fail	chained_only	deferred:chained_only	design corpus parsed in isolation - honest adjudication needs include/define chaining (leaf .4)
friscv	test/riscv-tests/tests/rv32ui-p-xor.v	fail	chained_only	deferred:chained_only	design corpus parsed in isolation - honest adjudication needs include/define chaining (leaf .4)
friscv	test/riscv-tests/tests/rv32ui-p-xori.v	fail	chained_only	deferred:chained_only	design corpus parsed in isolation - honest adjudication needs include/define chaining (leaf .4)
friscv	test/riscv-tests/tests/rv32ui-v-add.v	fail	chained_only	deferred:chained_only	design corpus parsed in isolation - honest adjudication needs include/define chaining (leaf .4)
friscv	test/riscv-tests/tests/rv32ui-v-addi.v	fail	chained_only	deferred:chained_only	design corpus parsed in isolation - honest adjudication needs include/define chaining (leaf .4)
friscv	test/riscv-tests/tests/rv32ui-v-and.v	fail	chained_only	deferred:chained_only	design corpus parsed in isolation - honest adjudication needs include/define chaining (leaf .4)
friscv	test/riscv-tests/tests/rv32ui-v-andi.v	fail	chained_only	deferred:chained_only	design corpus parsed in isolation - honest adjudication needs include/define chaining (leaf .4)
friscv	test/riscv-tests/tests/rv32ui-v-auipc.v	fail	chained_only	deferred:chained_only	design corpus parsed in isolation - honest adjudication needs include/define chaining (leaf .4)
friscv	test/riscv-tests/tests/rv32ui-v-beq.v	fail	chained_only	deferred:chained_only	design corpus parsed in isolation - honest adjudication needs include/define chaining (leaf .4)
friscv	test/riscv-tests/tests/rv32ui-v-bge.v	fail	chained_only	deferred:chained_only	design corpus parsed in isolation - honest adjudication needs include/define chaining (leaf .4)
friscv	test/riscv-tests/tests/rv32ui-v-bgeu.v	fail	chained_only	deferred:chained_only	design corpus parsed in isolation - honest adjudication needs include/define chaining (leaf .4)
friscv	test/riscv-tests/tests/rv32ui-v-blt.v	fail	chained_only	deferred:chained_only	design corpus parsed in isolation - honest adjudication needs include/define chaining (leaf .4)
friscv	test/riscv-tests/tests/rv32ui-v-bltu.v	fail	chained_only	deferred:chained_only	design corpus parsed in isolation - honest adjudication needs include/define chaining (leaf .4)
friscv	test/riscv-tests/tests/rv32ui-v-bne.v	fail	chained_only	deferred:chained_only	design corpus parsed in isolation - honest adjudication needs include/define chaining (leaf .4)
friscv	test/riscv-tests/tests/rv32ui-v-fence_i.v	fail	chained_only	deferred:chained_only	design corpus parsed in isolation - honest adjudication needs include/define chaining (leaf .4)
friscv	test/riscv-tests/tests/rv32ui-v-jal.v	fail	chained_only	deferred:chained_only	design corpus parsed in isolation - honest adjudication needs include/define chaining (leaf .4)
friscv	test/riscv-tests/tests/rv32ui-v-jalr.v	fail	chained_only	deferred:chained_only	design corpus parsed in isolation - honest adjudication needs include/define chaining (leaf .4)
friscv	test/riscv-tests/tests/rv32ui-v-lb.v	fail	chained_only	deferred:chained_only	design corpus parsed in isolation - honest adjudication needs include/define chaining (leaf .4)
friscv	test/riscv-tests/tests/rv32ui-v-lbu.v	fail	chained_only	deferred:chained_only	design corpus parsed in isolation - honest adjudication needs include/define chaining (leaf .4)
friscv	test/riscv-tests/tests/rv32ui-v-lh.v	fail	chained_only	deferred:chained_only	design corpus parsed in isolation - honest adjudication needs include/define chaining (leaf .4)
friscv	test/riscv-tests/tests/rv32ui-v-lhu.v	fail	chained_only	deferred:chained_only	design corpus parsed in isolation - honest adjudication needs include/define chaining (leaf .4)
friscv	test/riscv-tests/tests/rv32ui-v-lui.v	fail	chained_only	deferred:chained_only	design corpus parsed in isolation - honest adjudication needs include/define chaining (leaf .4)
friscv	test/riscv-tests/tests/rv32ui-v-lw.v	fail	chained_only	deferred:chained_only	design corpus parsed in isolation - honest adjudication needs include/define chaining (leaf .4)
friscv	test/riscv-tests/tests/rv32ui-v-or.v	fail	chained_only	deferred:chained_only	design corpus parsed in isolation - honest adjudication needs include/define chaining (leaf .4)
friscv	test/riscv-tests/tests/rv32ui-v-ori.v	fail	chained_only	deferred:chained_only	design corpus parsed in isolation - honest adjudication needs include/define chaining (leaf .4)
friscv	test/riscv-tests/tests/rv32ui-v-sb.v	fail	chained_only	deferred:chained_only	design corpus parsed in isolation - honest adjudication needs include/define chaining (leaf .4)
friscv	test/riscv-tests/tests/rv32ui-v-sh.v	fail	chained_only	deferred:chained_only	design corpus parsed in isolation - honest adjudication needs include/define chaining (leaf .4)
friscv	test/riscv-tests/tests/rv32ui-v-simple.v	fail	chained_only	deferred:chained_only	design corpus parsed in isolation - honest adjudication needs include/define chaining (leaf .4)
friscv	test/riscv-tests/tests/rv32ui-v-sll.v	fail	chained_only	deferred:chained_only	design corpus parsed in isolation - honest adjudication needs include/define chaining (leaf .4)
friscv	test/riscv-tests/tests/rv32ui-v-slli.v	fail	chained_only	deferred:chained_only	design corpus parsed in isolation - honest adjudication needs include/define chaining (leaf .4)
friscv	test/riscv-tests/tests/rv32ui-v-slt.v	fail	chained_only	deferred:chained_only	design corpus parsed in isolation - honest adjudication needs include/define chaining (leaf .4)
friscv	test/riscv-tests/tests/rv32ui-v-slti.v	fail	chained_only	deferred:chained_only	design corpus parsed in isolation - honest adjudication needs include/define chaining (leaf .4)
friscv	test/riscv-tests/tests/rv32ui-v-sltiu.v	fail	chained_only	deferred:chained_only	design corpus parsed in isolation - honest adjudication needs include/define chaining (leaf .4)
friscv	test/riscv-tests/tests/rv32ui-v-sltu.v	fail	chained_only	deferred:chained_only	design corpus parsed in isolation - honest adjudication needs include/define chaining (leaf .4)
friscv	test/riscv-tests/tests/rv32ui-v-sra.v	fail	chained_only	deferred:chained_only	design corpus parsed in isolation - honest adjudication needs include/define chaining (leaf .4)
friscv	test/riscv-tests/tests/rv32ui-v-srai.v	fail	chained_only	deferred:chained_only	design corpus parsed in isolation - honest adjudication needs include/define chaining (leaf .4)
friscv	test/riscv-tests/tests/rv32ui-v-srl.v	fail	chained_only	deferred:chained_only	design corpus parsed in isolation - honest adjudication needs include/define chaining (leaf .4)
friscv	test/riscv-tests/tests/rv32ui-v-srli.v	fail	chained_only	deferred:chained_only	design corpus parsed in isolation - honest adjudication needs include/define chaining (leaf .4)
friscv	test/riscv-tests/tests/rv32ui-v-sub.v	fail	chained_only	deferred:chained_only	design corpus parsed in isolation - honest adjudication needs include/define chaining (leaf .4)
friscv	test/riscv-tests/tests/rv32ui-v-sw.v	fail	chained_only	deferred:chained_only	design corpus parsed in isolation - honest adjudication needs include/define chaining (leaf .4)
friscv	test/riscv-tests/tests/rv32ui-v-xor.v	fail	chained_only	deferred:chained_only	design corpus parsed in isolation - honest adjudication needs include/define chaining (leaf .4)
friscv	test/riscv-tests/tests/rv32ui-v-xori.v	fail	chained_only	deferred:chained_only	design corpus parsed in isolation - honest adjudication needs include/define chaining (leaf .4)
friscv	test/riscv-tests/tests/rv32um-p-div.v	fail	chained_only	deferred:chained_only	design corpus parsed in isolation - honest adjudication needs include/define chaining (leaf .4)
friscv	test/riscv-tests/tests/rv32um-p-divu.v	fail	chained_only	deferred:chained_only	design corpus parsed in isolation - honest adjudication needs include/define chaining (leaf .4)
friscv	test/riscv-tests/tests/rv32um-p-mul.v	fail	chained_only	deferred:chained_only	design corpus parsed in isolation - honest adjudication needs include/define chaining (leaf .4)
friscv	test/riscv-tests/tests/rv32um-p-mulh.v	fail	chained_only	deferred:chained_only	design corpus parsed in isolation - honest adjudication needs include/define chaining (leaf .4)
friscv	test/riscv-tests/tests/rv32um-p-mulhsu.v	fail	chained_only	deferred:chained_only	design corpus parsed in isolation - honest adjudication needs include/define chaining (leaf .4)
friscv	test/riscv-tests/tests/rv32um-p-mulhu.v	fail	chained_only	deferred:chained_only	design corpus parsed in isolation - honest adjudication needs include/define chaining (leaf .4)
friscv	test/riscv-tests/tests/rv32um-p-rem.v	fail	chained_only	deferred:chained_only	design corpus parsed in isolation - honest adjudication needs include/define chaining (leaf .4)
friscv	test/riscv-tests/tests/rv32um-p-remu.v	fail	chained_only	deferred:chained_only	design corpus parsed in isolation - honest adjudication needs include/define chaining (leaf .4)
friscv	test/riscv-tests/tests/rv32um-v-div.v	fail	chained_only	deferred:chained_only	design corpus parsed in isolation - honest adjudication needs include/define chaining (leaf .4)
friscv	test/riscv-tests/tests/rv32um-v-divu.v	fail	chained_only	deferred:chained_only	design corpus parsed in isolation - honest adjudication needs include/define chaining (leaf .4)
friscv	test/riscv-tests/tests/rv32um-v-mul.v	fail	chained_only	deferred:chained_only	design corpus parsed in isolation - honest adjudication needs include/define chaining (leaf .4)
friscv	test/riscv-tests/tests/rv32um-v-mulh.v	fail	chained_only	deferred:chained_only	design corpus parsed in isolation - honest adjudication needs include/define chaining (leaf .4)
friscv	test/riscv-tests/tests/rv32um-v-mulhsu.v	fail	chained_only	deferred:chained_only	design corpus parsed in isolation - honest adjudication needs include/define chaining (leaf .4)
friscv	test/riscv-tests/tests/rv32um-v-mulhu.v	fail	chained_only	deferred:chained_only	design corpus parsed in isolation - honest adjudication needs include/define chaining (leaf .4)
friscv	test/riscv-tests/tests/rv32um-v-rem.v	fail	chained_only	deferred:chained_only	design corpus parsed in isolation - honest adjudication needs include/define chaining (leaf .4)
friscv	test/riscv-tests/tests/rv32um-v-remu.v	fail	chained_only	deferred:chained_only	design corpus parsed in isolation - honest adjudication needs include/define chaining (leaf .4)
friscv	test/riscv-tests/tests/rv64mi-p-access.v	fail	chained_only	deferred:chained_only	design corpus parsed in isolation - honest adjudication needs include/define chaining (leaf .4)
friscv	test/riscv-tests/tests/rv64mi-p-breakpoint.v	fail	chained_only	deferred:chained_only	design corpus parsed in isolation - honest adjudication needs include/define chaining (leaf .4)
friscv	test/riscv-tests/tests/rv64mi-p-csr.v	fail	chained_only	deferred:chained_only	design corpus parsed in isolation - honest adjudication needs include/define chaining (leaf .4)
friscv	test/riscv-tests/tests/rv64mi-p-illegal.v	fail	chained_only	deferred:chained_only	design corpus parsed in isolation - honest adjudication needs include/define chaining (leaf .4)
friscv	test/riscv-tests/tests/rv64mi-p-ma_addr.v	fail	chained_only	deferred:chained_only	design corpus parsed in isolation - honest adjudication needs include/define chaining (leaf .4)
friscv	test/riscv-tests/tests/rv64mi-p-ma_fetch.v	fail	chained_only	deferred:chained_only	design corpus parsed in isolation - honest adjudication needs include/define chaining (leaf .4)
friscv	test/riscv-tests/tests/rv64mi-p-mcsr.v	fail	chained_only	deferred:chained_only	design corpus parsed in isolation - honest adjudication needs include/define chaining (leaf .4)
friscv	test/riscv-tests/tests/rv64mi-p-sbreak.v	fail	chained_only	deferred:chained_only	design corpus parsed in isolation - honest adjudication needs include/define chaining (leaf .4)
friscv	test/riscv-tests/tests/rv64mi-p-scall.v	fail	chained_only	deferred:chained_only	design corpus parsed in isolation - honest adjudication needs include/define chaining (leaf .4)
friscv	test/riscv-tests/tests/rv64si-p-csr.v	fail	chained_only	deferred:chained_only	design corpus parsed in isolation - honest adjudication needs include/define chaining (leaf .4)
friscv	test/riscv-tests/tests/rv64si-p-dirty.v	fail	chained_only	deferred:chained_only	design corpus parsed in isolation - honest adjudication needs include/define chaining (leaf .4)
friscv	test/riscv-tests/tests/rv64si-p-icache-alias.v	fail	chained_only	deferred:chained_only	design corpus parsed in isolation - honest adjudication needs include/define chaining (leaf .4)
friscv	test/riscv-tests/tests/rv64si-p-ma_fetch.v	fail	chained_only	deferred:chained_only	design corpus parsed in isolation - honest adjudication needs include/define chaining (leaf .4)
friscv	test/riscv-tests/tests/rv64si-p-sbreak.v	fail	chained_only	deferred:chained_only	design corpus parsed in isolation - honest adjudication needs include/define chaining (leaf .4)
friscv	test/riscv-tests/tests/rv64si-p-scall.v	fail	chained_only	deferred:chained_only	design corpus parsed in isolation - honest adjudication needs include/define chaining (leaf .4)
friscv	test/riscv-tests/tests/rv64si-p-wfi.v	fail	chained_only	deferred:chained_only	design corpus parsed in isolation - honest adjudication needs include/define chaining (leaf .4)
friscv	test/riscv-tests/tests/rv64ui-p-add.v	fail	chained_only	deferred:chained_only	design corpus parsed in isolation - honest adjudication needs include/define chaining (leaf .4)
friscv	test/riscv-tests/tests/rv64ui-p-addi.v	fail	chained_only	deferred:chained_only	design corpus parsed in isolation - honest adjudication needs include/define chaining (leaf .4)
friscv	test/riscv-tests/tests/rv64ui-p-addiw.v	fail	chained_only	deferred:chained_only	design corpus parsed in isolation - honest adjudication needs include/define chaining (leaf .4)
friscv	test/riscv-tests/tests/rv64ui-p-addw.v	fail	chained_only	deferred:chained_only	design corpus parsed in isolation - honest adjudication needs include/define chaining (leaf .4)
friscv	test/riscv-tests/tests/rv64ui-p-and.v	fail	chained_only	deferred:chained_only	design corpus parsed in isolation - honest adjudication needs include/define chaining (leaf .4)
friscv	test/riscv-tests/tests/rv64ui-p-andi.v	fail	chained_only	deferred:chained_only	design corpus parsed in isolation - honest adjudication needs include/define chaining (leaf .4)
friscv	test/riscv-tests/tests/rv64ui-p-auipc.v	fail	chained_only	deferred:chained_only	design corpus parsed in isolation - honest adjudication needs include/define chaining (leaf .4)
friscv	test/riscv-tests/tests/rv64ui-p-beq.v	fail	chained_only	deferred:chained_only	design corpus parsed in isolation - honest adjudication needs include/define chaining (leaf .4)
friscv	test/riscv-tests/tests/rv64ui-p-bge.v	fail	chained_only	deferred:chained_only	design corpus parsed in isolation - honest adjudication needs include/define chaining (leaf .4)
friscv	test/riscv-tests/tests/rv64ui-p-bgeu.v	fail	chained_only	deferred:chained_only	design corpus parsed in isolation - honest adjudication needs include/define chaining (leaf .4)
friscv	test/riscv-tests/tests/rv64ui-p-blt.v	fail	chained_only	deferred:chained_only	design corpus parsed in isolation - honest adjudication needs include/define chaining (leaf .4)
friscv	test/riscv-tests/tests/rv64ui-p-bltu.v	fail	chained_only	deferred:chained_only	design corpus parsed in isolation - honest adjudication needs include/define chaining (leaf .4)
friscv	test/riscv-tests/tests/rv64ui-p-bne.v	fail	chained_only	deferred:chained_only	design corpus parsed in isolation - honest adjudication needs include/define chaining (leaf .4)
friscv	test/riscv-tests/tests/rv64ui-p-fence_i.v	fail	chained_only	deferred:chained_only	design corpus parsed in isolation - honest adjudication needs include/define chaining (leaf .4)
friscv	test/riscv-tests/tests/rv64ui-p-jal.v	fail	chained_only	deferred:chained_only	design corpus parsed in isolation - honest adjudication needs include/define chaining (leaf .4)
friscv	test/riscv-tests/tests/rv64ui-p-jalr.v	fail	chained_only	deferred:chained_only	design corpus parsed in isolation - honest adjudication needs include/define chaining (leaf .4)
friscv	test/riscv-tests/tests/rv64ui-p-lb.v	fail	chained_only	deferred:chained_only	design corpus parsed in isolation - honest adjudication needs include/define chaining (leaf .4)
friscv	test/riscv-tests/tests/rv64ui-p-lbu.v	fail	chained_only	deferred:chained_only	design corpus parsed in isolation - honest adjudication needs include/define chaining (leaf .4)
friscv	test/riscv-tests/tests/rv64ui-p-ld.v	fail	chained_only	deferred:chained_only	design corpus parsed in isolation - honest adjudication needs include/define chaining (leaf .4)
friscv	test/riscv-tests/tests/rv64ui-p-lh.v	fail	chained_only	deferred:chained_only	design corpus parsed in isolation - honest adjudication needs include/define chaining (leaf .4)
friscv	test/riscv-tests/tests/rv64ui-p-lhu.v	fail	chained_only	deferred:chained_only	design corpus parsed in isolation - honest adjudication needs include/define chaining (leaf .4)
friscv	test/riscv-tests/tests/rv64ui-p-lui.v	fail	chained_only	deferred:chained_only	design corpus parsed in isolation - honest adjudication needs include/define chaining (leaf .4)
friscv	test/riscv-tests/tests/rv64ui-p-lw.v	fail	chained_only	deferred:chained_only	design corpus parsed in isolation - honest adjudication needs include/define chaining (leaf .4)
friscv	test/riscv-tests/tests/rv64ui-p-lwu.v	fail	chained_only	deferred:chained_only	design corpus parsed in isolation - honest adjudication needs include/define chaining (leaf .4)
friscv	test/riscv-tests/tests/rv64ui-p-or.v	fail	chained_only	deferred:chained_only	design corpus parsed in isolation - honest adjudication needs include/define chaining (leaf .4)
friscv	test/riscv-tests/tests/rv64ui-p-ori.v	fail	chained_only	deferred:chained_only	design corpus parsed in isolation - honest adjudication needs include/define chaining (leaf .4)
friscv	test/riscv-tests/tests/rv64ui-p-sb.v	fail	chained_only	deferred:chained_only	design corpus parsed in isolation - honest adjudication needs include/define chaining (leaf .4)
friscv	test/riscv-tests/tests/rv64ui-p-sd.v	fail	chained_only	deferred:chained_only	design corpus parsed in isolation - honest adjudication needs include/define chaining (leaf .4)
friscv	test/riscv-tests/tests/rv64ui-p-sh.v	fail	chained_only	deferred:chained_only	design corpus parsed in isolation - honest adjudication needs include/define chaining (leaf .4)
friscv	test/riscv-tests/tests/rv64ui-p-simple.v	fail	chained_only	deferred:chained_only	design corpus parsed in isolation - honest adjudication needs include/define chaining (leaf .4)
friscv	test/riscv-tests/tests/rv64ui-p-sll.v	fail	chained_only	deferred:chained_only	design corpus parsed in isolation - honest adjudication needs include/define chaining (leaf .4)
friscv	test/riscv-tests/tests/rv64ui-p-slli.v	fail	chained_only	deferred:chained_only	design corpus parsed in isolation - honest adjudication needs include/define chaining (leaf .4)
friscv	test/riscv-tests/tests/rv64ui-p-slliw.v	fail	chained_only	deferred:chained_only	design corpus parsed in isolation - honest adjudication needs include/define chaining (leaf .4)
friscv	test/riscv-tests/tests/rv64ui-p-sllw.v	fail	chained_only	deferred:chained_only	design corpus parsed in isolation - honest adjudication needs include/define chaining (leaf .4)
friscv	test/riscv-tests/tests/rv64ui-p-slt.v	fail	chained_only	deferred:chained_only	design corpus parsed in isolation - honest adjudication needs include/define chaining (leaf .4)
friscv	test/riscv-tests/tests/rv64ui-p-slti.v	fail	chained_only	deferred:chained_only	design corpus parsed in isolation - honest adjudication needs include/define chaining (leaf .4)
friscv	test/riscv-tests/tests/rv64ui-p-sltiu.v	fail	chained_only	deferred:chained_only	design corpus parsed in isolation - honest adjudication needs include/define chaining (leaf .4)
friscv	test/riscv-tests/tests/rv64ui-p-sltu.v	fail	chained_only	deferred:chained_only	design corpus parsed in isolation - honest adjudication needs include/define chaining (leaf .4)
friscv	test/riscv-tests/tests/rv64ui-p-sra.v	fail	chained_only	deferred:chained_only	design corpus parsed in isolation - honest adjudication needs include/define chaining (leaf .4)
friscv	test/riscv-tests/tests/rv64ui-p-srai.v	fail	chained_only	deferred:chained_only	design corpus parsed in isolation - honest adjudication needs include/define chaining (leaf .4)
friscv	test/riscv-tests/tests/rv64ui-p-sraiw.v	fail	chained_only	deferred:chained_only	design corpus parsed in isolation - honest adjudication needs include/define chaining (leaf .4)
friscv	test/riscv-tests/tests/rv64ui-p-sraw.v	fail	chained_only	deferred:chained_only	design corpus parsed in isolation - honest adjudication needs include/define chaining (leaf .4)
friscv	test/riscv-tests/tests/rv64ui-p-srl.v	fail	chained_only	deferred:chained_only	design corpus parsed in isolation - honest adjudication needs include/define chaining (leaf .4)
friscv	test/riscv-tests/tests/rv64ui-p-srli.v	fail	chained_only	deferred:chained_only	design corpus parsed in isolation - honest adjudication needs include/define chaining (leaf .4)
friscv	test/riscv-tests/tests/rv64ui-p-srliw.v	fail	chained_only	deferred:chained_only	design corpus parsed in isolation - honest adjudication needs include/define chaining (leaf .4)
friscv	test/riscv-tests/tests/rv64ui-p-srlw.v	fail	chained_only	deferred:chained_only	design corpus parsed in isolation - honest adjudication needs include/define chaining (leaf .4)
friscv	test/riscv-tests/tests/rv64ui-p-sub.v	fail	chained_only	deferred:chained_only	design corpus parsed in isolation - honest adjudication needs include/define chaining (leaf .4)
friscv	test/riscv-tests/tests/rv64ui-p-subw.v	fail	chained_only	deferred:chained_only	design corpus parsed in isolation - honest adjudication needs include/define chaining (leaf .4)
friscv	test/riscv-tests/tests/rv64ui-p-sw.v	fail	chained_only	deferred:chained_only	design corpus parsed in isolation - honest adjudication needs include/define chaining (leaf .4)
friscv	test/riscv-tests/tests/rv64ui-p-xor.v	fail	chained_only	deferred:chained_only	design corpus parsed in isolation - honest adjudication needs include/define chaining (leaf .4)
friscv	test/riscv-tests/tests/rv64ui-p-xori.v	fail	chained_only	deferred:chained_only	design corpus parsed in isolation - honest adjudication needs include/define chaining (leaf .4)
friscv	test/riscv-tests/tests/rv64ui-v-add.v	fail	chained_only	deferred:chained_only	design corpus parsed in isolation - honest adjudication needs include/define chaining (leaf .4)
friscv	test/riscv-tests/tests/rv64ui-v-addi.v	fail	chained_only	deferred:chained_only	design corpus parsed in isolation - honest adjudication needs include/define chaining (leaf .4)
friscv	test/riscv-tests/tests/rv64ui-v-addiw.v	fail	chained_only	deferred:chained_only	design corpus parsed in isolation - honest adjudication needs include/define chaining (leaf .4)
friscv	test/riscv-tests/tests/rv64ui-v-addw.v	fail	chained_only	deferred:chained_only	design corpus parsed in isolation - honest adjudication needs include/define chaining (leaf .4)
friscv	test/riscv-tests/tests/rv64ui-v-and.v	fail	chained_only	deferred:chained_only	design corpus parsed in isolation - honest adjudication needs include/define chaining (leaf .4)
friscv	test/riscv-tests/tests/rv64ui-v-andi.v	fail	chained_only	deferred:chained_only	design corpus parsed in isolation - honest adjudication needs include/define chaining (leaf .4)
friscv	test/riscv-tests/tests/rv64ui-v-auipc.v	fail	chained_only	deferred:chained_only	design corpus parsed in isolation - honest adjudication needs include/define chaining (leaf .4)
friscv	test/riscv-tests/tests/rv64ui-v-beq.v	fail	chained_only	deferred:chained_only	design corpus parsed in isolation - honest adjudication needs include/define chaining (leaf .4)
friscv	test/riscv-tests/tests/rv64ui-v-bge.v	fail	chained_only	deferred:chained_only	design corpus parsed in isolation - honest adjudication needs include/define chaining (leaf .4)
friscv	test/riscv-tests/tests/rv64ui-v-bgeu.v	fail	chained_only	deferred:chained_only	design corpus parsed in isolation - honest adjudication needs include/define chaining (leaf .4)
friscv	test/riscv-tests/tests/rv64ui-v-blt.v	fail	chained_only	deferred:chained_only	design corpus parsed in isolation - honest adjudication needs include/define chaining (leaf .4)
friscv	test/riscv-tests/tests/rv64ui-v-bltu.v	fail	chained_only	deferred:chained_only	design corpus parsed in isolation - honest adjudication needs include/define chaining (leaf .4)
friscv	test/riscv-tests/tests/rv64ui-v-bne.v	fail	chained_only	deferred:chained_only	design corpus parsed in isolation - honest adjudication needs include/define chaining (leaf .4)
friscv	test/riscv-tests/tests/rv64ui-v-fence_i.v	fail	chained_only	deferred:chained_only	design corpus parsed in isolation - honest adjudication needs include/define chaining (leaf .4)
friscv	test/riscv-tests/tests/rv64ui-v-jal.v	fail	chained_only	deferred:chained_only	design corpus parsed in isolation - honest adjudication needs include/define chaining (leaf .4)
friscv	test/riscv-tests/tests/rv64ui-v-jalr.v	fail	chained_only	deferred:chained_only	design corpus parsed in isolation - honest adjudication needs include/define chaining (leaf .4)
friscv	test/riscv-tests/tests/rv64ui-v-lb.v	fail	chained_only	deferred:chained_only	design corpus parsed in isolation - honest adjudication needs include/define chaining (leaf .4)
friscv	test/riscv-tests/tests/rv64ui-v-lbu.v	fail	chained_only	deferred:chained_only	design corpus parsed in isolation - honest adjudication needs include/define chaining (leaf .4)
friscv	test/riscv-tests/tests/rv64ui-v-ld.v	fail	chained_only	deferred:chained_only	design corpus parsed in isolation - honest adjudication needs include/define chaining (leaf .4)
friscv	test/riscv-tests/tests/rv64ui-v-lh.v	fail	chained_only	deferred:chained_only	design corpus parsed in isolation - honest adjudication needs include/define chaining (leaf .4)
friscv	test/riscv-tests/tests/rv64ui-v-lhu.v	fail	chained_only	deferred:chained_only	design corpus parsed in isolation - honest adjudication needs include/define chaining (leaf .4)
friscv	test/riscv-tests/tests/rv64ui-v-lui.v	fail	chained_only	deferred:chained_only	design corpus parsed in isolation - honest adjudication needs include/define chaining (leaf .4)
friscv	test/riscv-tests/tests/rv64ui-v-lw.v	fail	chained_only	deferred:chained_only	design corpus parsed in isolation - honest adjudication needs include/define chaining (leaf .4)
friscv	test/riscv-tests/tests/rv64ui-v-lwu.v	fail	chained_only	deferred:chained_only	design corpus parsed in isolation - honest adjudication needs include/define chaining (leaf .4)
friscv	test/riscv-tests/tests/rv64ui-v-or.v	fail	chained_only	deferred:chained_only	design corpus parsed in isolation - honest adjudication needs include/define chaining (leaf .4)
friscv	test/riscv-tests/tests/rv64ui-v-ori.v	fail	chained_only	deferred:chained_only	design corpus parsed in isolation - honest adjudication needs include/define chaining (leaf .4)
friscv	test/riscv-tests/tests/rv64ui-v-sb.v	fail	chained_only	deferred:chained_only	design corpus parsed in isolation - honest adjudication needs include/define chaining (leaf .4)
friscv	test/riscv-tests/tests/rv64ui-v-sd.v	fail	chained_only	deferred:chained_only	design corpus parsed in isolation - honest adjudication needs include/define chaining (leaf .4)
friscv	test/riscv-tests/tests/rv64ui-v-sh.v	fail	chained_only	deferred:chained_only	design corpus parsed in isolation - honest adjudication needs include/define chaining (leaf .4)
friscv	test/riscv-tests/tests/rv64ui-v-simple.v	fail	chained_only	deferred:chained_only	design corpus parsed in isolation - honest adjudication needs include/define chaining (leaf .4)
friscv	test/riscv-tests/tests/rv64ui-v-sll.v	fail	chained_only	deferred:chained_only	design corpus parsed in isolation - honest adjudication needs include/define chaining (leaf .4)
friscv	test/riscv-tests/tests/rv64ui-v-slli.v	fail	chained_only	deferred:chained_only	design corpus parsed in isolation - honest adjudication needs include/define chaining (leaf .4)
friscv	test/riscv-tests/tests/rv64ui-v-slliw.v	fail	chained_only	deferred:chained_only	design corpus parsed in isolation - honest adjudication needs include/define chaining (leaf .4)
friscv	test/riscv-tests/tests/rv64ui-v-sllw.v	fail	chained_only	deferred:chained_only	design corpus parsed in isolation - honest adjudication needs include/define chaining (leaf .4)
friscv	test/riscv-tests/tests/rv64ui-v-slt.v	fail	chained_only	deferred:chained_only	design corpus parsed in isolation - honest adjudication needs include/define chaining (leaf .4)
friscv	test/riscv-tests/tests/rv64ui-v-slti.v	fail	chained_only	deferred:chained_only	design corpus parsed in isolation - honest adjudication needs include/define chaining (leaf .4)
friscv	test/riscv-tests/tests/rv64ui-v-sltiu.v	fail	chained_only	deferred:chained_only	design corpus parsed in isolation - honest adjudication needs include/define chaining (leaf .4)
friscv	test/riscv-tests/tests/rv64ui-v-sltu.v	fail	chained_only	deferred:chained_only	design corpus parsed in isolation - honest adjudication needs include/define chaining (leaf .4)
friscv	test/riscv-tests/tests/rv64ui-v-sra.v	fail	chained_only	deferred:chained_only	design corpus parsed in isolation - honest adjudication needs include/define chaining (leaf .4)
friscv	test/riscv-tests/tests/rv64ui-v-srai.v	fail	chained_only	deferred:chained_only	design corpus parsed in isolation - honest adjudication needs include/define chaining (leaf .4)
friscv	test/riscv-tests/tests/rv64ui-v-sraiw.v	fail	chained_only	deferred:chained_only	design corpus parsed in isolation - honest adjudication needs include/define chaining (leaf .4)
friscv	test/riscv-tests/tests/rv64ui-v-sraw.v	fail	chained_only	deferred:chained_only	design corpus parsed in isolation - honest adjudication needs include/define chaining (leaf .4)
friscv	test/riscv-tests/tests/rv64ui-v-srl.v	fail	chained_only	deferred:chained_only	design corpus parsed in isolation - honest adjudication needs include/define chaining (leaf .4)
friscv	test/riscv-tests/tests/rv64ui-v-srli.v	fail	chained_only	deferred:chained_only	design corpus parsed in isolation - honest adjudication needs include/define chaining (leaf .4)
friscv	test/riscv-tests/tests/rv64ui-v-srliw.v	fail	chained_only	deferred:chained_only	design corpus parsed in isolation - honest adjudication needs include/define chaining (leaf .4)
friscv	test/riscv-tests/tests/rv64ui-v-srlw.v	fail	chained_only	deferred:chained_only	design corpus parsed in isolation - honest adjudication needs include/define chaining (leaf .4)
friscv	test/riscv-tests/tests/rv64ui-v-sub.v	fail	chained_only	deferred:chained_only	design corpus parsed in isolation - honest adjudication needs include/define chaining (leaf .4)
friscv	test/riscv-tests/tests/rv64ui-v-subw.v	fail	chained_only	deferred:chained_only	design corpus parsed in isolation - honest adjudication needs include/define chaining (leaf .4)
friscv	test/riscv-tests/tests/rv64ui-v-sw.v	fail	chained_only	deferred:chained_only	design corpus parsed in isolation - honest adjudication needs include/define chaining (leaf .4)
friscv	test/riscv-tests/tests/rv64ui-v-xor.v	fail	chained_only	deferred:chained_only	design corpus parsed in isolation - honest adjudication needs include/define chaining (leaf .4)
friscv	test/riscv-tests/tests/rv64ui-v-xori.v	fail	chained_only	deferred:chained_only	design corpus parsed in isolation - honest adjudication needs include/define chaining (leaf .4)
friscv	test/riscv-tests/tests/rv64um-p-div.v	fail	chained_only	deferred:chained_only	design corpus parsed in isolation - honest adjudication needs include/define chaining (leaf .4)
friscv	test/riscv-tests/tests/rv64um-p-divu.v	fail	chained_only	deferred:chained_only	design corpus parsed in isolation - honest adjudication needs include/define chaining (leaf .4)
friscv	test/riscv-tests/tests/rv64um-p-divuw.v	fail	chained_only	deferred:chained_only	design corpus parsed in isolation - honest adjudication needs include/define chaining (leaf .4)
friscv	test/riscv-tests/tests/rv64um-p-divw.v	fail	chained_only	deferred:chained_only	design corpus parsed in isolation - honest adjudication needs include/define chaining (leaf .4)
friscv	test/riscv-tests/tests/rv64um-p-mul.v	fail	chained_only	deferred:chained_only	design corpus parsed in isolation - honest adjudication needs include/define chaining (leaf .4)
friscv	test/riscv-tests/tests/rv64um-p-mulh.v	fail	chained_only	deferred:chained_only	design corpus parsed in isolation - honest adjudication needs include/define chaining (leaf .4)
friscv	test/riscv-tests/tests/rv64um-p-mulhsu.v	fail	chained_only	deferred:chained_only	design corpus parsed in isolation - honest adjudication needs include/define chaining (leaf .4)
friscv	test/riscv-tests/tests/rv64um-p-mulhu.v	fail	chained_only	deferred:chained_only	design corpus parsed in isolation - honest adjudication needs include/define chaining (leaf .4)
friscv	test/riscv-tests/tests/rv64um-p-mulw.v	fail	chained_only	deferred:chained_only	design corpus parsed in isolation - honest adjudication needs include/define chaining (leaf .4)
friscv	test/riscv-tests/tests/rv64um-p-rem.v	fail	chained_only	deferred:chained_only	design corpus parsed in isolation - honest adjudication needs include/define chaining (leaf .4)
friscv	test/riscv-tests/tests/rv64um-p-remu.v	fail	chained_only	deferred:chained_only	design corpus parsed in isolation - honest adjudication needs include/define chaining (leaf .4)
friscv	test/riscv-tests/tests/rv64um-p-remuw.v	fail	chained_only	deferred:chained_only	design corpus parsed in isolation - honest adjudication needs include/define chaining (leaf .4)
friscv	test/riscv-tests/tests/rv64um-p-remw.v	fail	chained_only	deferred:chained_only	design corpus parsed in isolation - honest adjudication needs include/define chaining (leaf .4)
friscv	test/riscv-tests/tests/rv64um-v-div.v	fail	chained_only	deferred:chained_only	design corpus parsed in isolation - honest adjudication needs include/define chaining (leaf .4)
friscv	test/riscv-tests/tests/rv64um-v-divu.v	fail	chained_only	deferred:chained_only	design corpus parsed in isolation - honest adjudication needs include/define chaining (leaf .4)
friscv	test/riscv-tests/tests/rv64um-v-divuw.v	fail	chained_only	deferred:chained_only	design corpus parsed in isolation - honest adjudication needs include/define chaining (leaf .4)
friscv	test/riscv-tests/tests/rv64um-v-divw.v	fail	chained_only	deferred:chained_only	design corpus parsed in isolation - honest adjudication needs include/define chaining (leaf .4)
friscv	test/riscv-tests/tests/rv64um-v-mul.v	fail	chained_only	deferred:chained_only	design corpus parsed in isolation - honest adjudication needs include/define chaining (leaf .4)
friscv	test/riscv-tests/tests/rv64um-v-mulh.v	fail	chained_only	deferred:chained_only	design corpus parsed in isolation - honest adjudication needs include/define chaining (leaf .4)
friscv	test/riscv-tests/tests/rv64um-v-mulhsu.v	fail	chained_only	deferred:chained_only	design corpus parsed in isolation - honest adjudication needs include/define chaining (leaf .4)
friscv	test/riscv-tests/tests/rv64um-v-mulhu.v	fail	chained_only	deferred:chained_only	design corpus parsed in isolation - honest adjudication needs include/define chaining (leaf .4)
friscv	test/riscv-tests/tests/rv64um-v-mulw.v	fail	chained_only	deferred:chained_only	design corpus parsed in isolation - honest adjudication needs include/define chaining (leaf .4)
friscv	test/riscv-tests/tests/rv64um-v-rem.v	fail	chained_only	deferred:chained_only	design corpus parsed in isolation - honest adjudication needs include/define chaining (leaf .4)
friscv	test/riscv-tests/tests/rv64um-v-remu.v	fail	chained_only	deferred:chained_only	design corpus parsed in isolation - honest adjudication needs include/define chaining (leaf .4)
friscv	test/riscv-tests/tests/rv64um-v-remuw.v	fail	chained_only	deferred:chained_only	design corpus parsed in isolation - honest adjudication needs include/define chaining (leaf .4)
friscv	test/riscv-tests/tests/rv64um-v-remw.v	fail	chained_only	deferred:chained_only	design corpus parsed in isolation - honest adjudication needs include/define chaining (leaf .4)
friscv	test/sv/dcache_testbench.sv	fail	chained_only	deferred:chained_only	design corpus parsed in isolation - honest adjudication needs include/define chaining (leaf .4)
friscv	test/sv/driver.sv	fail	chained_only	deferred:chained_only	design corpus parsed in isolation - honest adjudication needs include/define chaining (leaf .4)
friscv	test/sv/icache_testbench.sv	fail	chained_only	deferred:chained_only	design corpus parsed in isolation - honest adjudication needs include/define chaining (leaf .4)
friscv	test/sv/svut_h.sv	fail	chained_only	deferred:chained_only	design corpus parsed in isolation - honest adjudication needs include/define chaining (leaf .4)
friscv	test/wba_testsuite/svut_h.sv	fail	chained_only	deferred:chained_only	design corpus parsed in isolation - honest adjudication needs include/define chaining (leaf .4)
friscv	test/wba_testsuite/tests/rv32ui-p-test0.v	fail	chained_only	deferred:chained_only	design corpus parsed in isolation - honest adjudication needs include/define chaining (leaf .4)
friscv	test/wba_testsuite/tests/rv32ui-p-test1.v	fail	chained_only	deferred:chained_only	design corpus parsed in isolation - honest adjudication needs include/define chaining (leaf .4)
friscv	test/wba_testsuite/tests/rv32ui-p-test10.v	fail	chained_only	deferred:chained_only	design corpus parsed in isolation - honest adjudication needs include/define chaining (leaf .4)
friscv	test/wba_testsuite/tests/rv32ui-p-test2.v	fail	chained_only	deferred:chained_only	design corpus parsed in isolation - honest adjudication needs include/define chaining (leaf .4)
friscv	test/wba_testsuite/tests/rv32ui-p-test3.v	fail	chained_only	deferred:chained_only	design corpus parsed in isolation - honest adjudication needs include/define chaining (leaf .4)
friscv	test/wba_testsuite/tests/rv32ui-p-test4.v	fail	chained_only	deferred:chained_only	design corpus parsed in isolation - honest adjudication needs include/define chaining (leaf .4)
friscv	test/wba_testsuite/tests/rv32ui-p-test5.v	fail	chained_only	deferred:chained_only	design corpus parsed in isolation - honest adjudication needs include/define chaining (leaf .4)
friscv	test/wba_testsuite/tests/rv32ui-p-test6.v	fail	chained_only	deferred:chained_only	design corpus parsed in isolation - honest adjudication needs include/define chaining (leaf .4)
friscv	test/wba_testsuite/tests/rv32ui-p-test7.v	fail	chained_only	deferred:chained_only	design corpus parsed in isolation - honest adjudication needs include/define chaining (leaf .4)
friscv	test/wba_testsuite/tests/rv32ui-p-test8.v	fail	chained_only	deferred:chained_only	design corpus parsed in isolation - honest adjudication needs include/define chaining (leaf .4)
friscv	test/wba_testsuite/tests/rv32ui-p-test9.v	fail	chained_only	deferred:chained_only	design corpus parsed in isolation - honest adjudication needs include/define chaining (leaf .4)
friscv	test/wba_testsuite/tests/rv32ui-v-test0.v	fail	chained_only	deferred:chained_only	design corpus parsed in isolation - honest adjudication needs include/define chaining (leaf .4)
friscv	test/wba_testsuite/tests/rv32ui-v-test1.v	fail	chained_only	deferred:chained_only	design corpus parsed in isolation - honest adjudication needs include/define chaining (leaf .4)
friscv	test/wba_testsuite/tests/rv32ui-v-test10.v	fail	chained_only	deferred:chained_only	design corpus parsed in isolation - honest adjudication needs include/define chaining (leaf .4)
friscv	test/wba_testsuite/tests/rv32ui-v-test2.v	fail	chained_only	deferred:chained_only	design corpus parsed in isolation - honest adjudication needs include/define chaining (leaf .4)
friscv	test/wba_testsuite/tests/rv32ui-v-test3.v	fail	chained_only	deferred:chained_only	design corpus parsed in isolation - honest adjudication needs include/define chaining (leaf .4)
friscv	test/wba_testsuite/tests/rv32ui-v-test4.v	fail	chained_only	deferred:chained_only	design corpus parsed in isolation - honest adjudication needs include/define chaining (leaf .4)
friscv	test/wba_testsuite/tests/rv32ui-v-test5.v	fail	chained_only	deferred:chained_only	design corpus parsed in isolation - honest adjudication needs include/define chaining (leaf .4)
friscv	test/wba_testsuite/tests/rv32ui-v-test6.v	fail	chained_only	deferred:chained_only	design corpus parsed in isolation - honest adjudication needs include/define chaining (leaf .4)
friscv	test/wba_testsuite/tests/rv32ui-v-test7.v	fail	chained_only	deferred:chained_only	design corpus parsed in isolation - honest adjudication needs include/define chaining (leaf .4)
friscv	test/wba_testsuite/tests/rv32ui-v-test8.v	fail	chained_only	deferred:chained_only	design corpus parsed in isolation - honest adjudication needs include/define chaining (leaf .4)
friscv	test/wba_testsuite/tests/rv32ui-v-test9.v	fail	chained_only	deferred:chained_only	design corpus parsed in isolation - honest adjudication needs include/define chaining (leaf .4)
friscv	test/wba_testsuite/tests/rv64ui-p-test0.v	fail	chained_only	deferred:chained_only	design corpus parsed in isolation - honest adjudication needs include/define chaining (leaf .4)
friscv	test/wba_testsuite/tests/rv64ui-p-test1.v	fail	chained_only	deferred:chained_only	design corpus parsed in isolation - honest adjudication needs include/define chaining (leaf .4)
friscv	test/wba_testsuite/tests/rv64ui-p-test10.v	fail	chained_only	deferred:chained_only	design corpus parsed in isolation - honest adjudication needs include/define chaining (leaf .4)
friscv	test/wba_testsuite/tests/rv64ui-p-test2.v	fail	chained_only	deferred:chained_only	design corpus parsed in isolation - honest adjudication needs include/define chaining (leaf .4)
friscv	test/wba_testsuite/tests/rv64ui-p-test3.v	fail	chained_only	deferred:chained_only	design corpus parsed in isolation - honest adjudication needs include/define chaining (leaf .4)
friscv	test/wba_testsuite/tests/rv64ui-p-test4.v	fail	chained_only	deferred:chained_only	design corpus parsed in isolation - honest adjudication needs include/define chaining (leaf .4)
friscv	test/wba_testsuite/tests/rv64ui-p-test5.v	fail	chained_only	deferred:chained_only	design corpus parsed in isolation - honest adjudication needs include/define chaining (leaf .4)
friscv	test/wba_testsuite/tests/rv64ui-p-test6.v	fail	chained_only	deferred:chained_only	design corpus parsed in isolation - honest adjudication needs include/define chaining (leaf .4)
friscv	test/wba_testsuite/tests/rv64ui-p-test7.v	fail	chained_only	deferred:chained_only	design corpus parsed in isolation - honest adjudication needs include/define chaining (leaf .4)
friscv	test/wba_testsuite/tests/rv64ui-p-test8.v	fail	chained_only	deferred:chained_only	design corpus parsed in isolation - honest adjudication needs include/define chaining (leaf .4)
friscv	test/wba_testsuite/tests/rv64ui-p-test9.v	fail	chained_only	deferred:chained_only	design corpus parsed in isolation - honest adjudication needs include/define chaining (leaf .4)
friscv	test/wba_testsuite/tests/rv64ui-v-test0.v	fail	chained_only	deferred:chained_only	design corpus parsed in isolation - honest adjudication needs include/define chaining (leaf .4)
friscv	test/wba_testsuite/tests/rv64ui-v-test1.v	fail	chained_only	deferred:chained_only	design corpus parsed in isolation - honest adjudication needs include/define chaining (leaf .4)
friscv	test/wba_testsuite/tests/rv64ui-v-test10.v	fail	chained_only	deferred:chained_only	design corpus parsed in isolation - honest adjudication needs include/define chaining (leaf .4)
friscv	test/wba_testsuite/tests/rv64ui-v-test2.v	fail	chained_only	deferred:chained_only	design corpus parsed in isolation - honest adjudication needs include/define chaining (leaf .4)
friscv	test/wba_testsuite/tests/rv64ui-v-test3.v	fail	chained_only	deferred:chained_only	design corpus parsed in isolation - honest adjudication needs include/define chaining (leaf .4)
friscv	test/wba_testsuite/tests/rv64ui-v-test4.v	fail	chained_only	deferred:chained_only	design corpus parsed in isolation - honest adjudication needs include/define chaining (leaf .4)
friscv	test/wba_testsuite/tests/rv64ui-v-test5.v	fail	chained_only	deferred:chained_only	design corpus parsed in isolation - honest adjudication needs include/define chaining (leaf .4)
friscv	test/wba_testsuite/tests/rv64ui-v-test6.v	fail	chained_only	deferred:chained_only	design corpus parsed in isolation - honest adjudication needs include/define chaining (leaf .4)
friscv	test/wba_testsuite/tests/rv64ui-v-test7.v	fail	chained_only	deferred:chained_only	design corpus parsed in isolation - honest adjudication needs include/define chaining (leaf .4)
friscv	test/wba_testsuite/tests/rv64ui-v-test8.v	fail	chained_only	deferred:chained_only	design corpus parsed in isolation - honest adjudication needs include/define chaining (leaf .4)
friscv	test/wba_testsuite/tests/rv64ui-v-test9.v	fail	chained_only	deferred:chained_only	design corpus parsed in isolation - honest adjudication needs include/define chaining (leaf .4)
scr1	src/core/pipeline/scr1_ipic.sv	fail	chained_only	deferred:chained_only	design corpus parsed in isolation - honest adjudication needs include/define chaining (leaf .4)
scr1	src/core/pipeline/scr1_pipe_csr.sv	fail	chained_only	deferred:chained_only	design corpus parsed in isolation - honest adjudication needs include/define chaining (leaf .4)
scr1	src/core/pipeline/scr1_pipe_exu.sv	fail	chained_only	deferred:chained_only	design corpus parsed in isolation - honest adjudication needs include/define chaining (leaf .4)
scr1	src/core/pipeline/scr1_pipe_hdu.sv	fail	chained_only	deferred:chained_only	design corpus parsed in isolation - honest adjudication needs include/define chaining (leaf .4)
scr1	src/core/pipeline/scr1_pipe_ialu.sv	fail	chained_only	deferred:chained_only	design corpus parsed in isolation - honest adjudication needs include/define chaining (leaf .4)
scr1	src/core/pipeline/scr1_pipe_idu.sv	fail	chained_only	deferred:chained_only	design corpus parsed in isolation - honest adjudication needs include/define chaining (leaf .4)
scr1	src/core/pipeline/scr1_pipe_ifu.sv	fail	chained_only	deferred:chained_only	design corpus parsed in isolation - honest adjudication needs include/define chaining (leaf .4)
scr1	src/core/pipeline/scr1_pipe_lsu.sv	fail	chained_only	deferred:chained_only	design corpus parsed in isolation - honest adjudication needs include/define chaining (leaf .4)
scr1	src/core/pipeline/scr1_pipe_mprf.sv	fail	chained_only	deferred:chained_only	design corpus parsed in isolation - honest adjudication needs include/define chaining (leaf .4)
scr1	src/core/pipeline/scr1_pipe_tdu.sv	fail	chained_only	deferred:chained_only	design corpus parsed in isolation - honest adjudication needs include/define chaining (leaf .4)
scr1	src/core/pipeline/scr1_pipe_top.sv	fail	chained_only	deferred:chained_only	design corpus parsed in isolation - honest adjudication needs include/define chaining (leaf .4)
scr1	src/core/pipeline/scr1_tracelog.sv	fail	chained_only	deferred:chained_only	design corpus parsed in isolation - honest adjudication needs include/define chaining (leaf .4)
scr1	src/core/primitives/scr1_cg.sv	pass	chained_only	deferred:chained_only	design corpus parsed in isolation - honest adjudication needs include/define chaining (leaf .4)
scr1	src/core/primitives/scr1_reset_cells.sv	pass	chained_only	deferred:chained_only	design corpus parsed in isolation - honest adjudication needs include/define chaining (leaf .4)
scr1	src/core/scr1_clk_ctrl.sv	pass	chained_only	deferred:chained_only	design corpus parsed in isolation - honest adjudication needs include/define chaining (leaf .4)
scr1	src/core/scr1_core_top.sv	fail	chained_only	deferred:chained_only	design corpus parsed in isolation - honest adjudication needs include/define chaining (leaf .4)
scr1	src/core/scr1_dm.sv	fail	chained_only	deferred:chained_only	design corpus parsed in isolation - honest adjudication needs include/define chaining (leaf .4)
scr1	src/core/scr1_dmi.sv	pass	chained_only	deferred:chained_only	design corpus parsed in isolation - honest adjudication needs include/define chaining (leaf .4)
scr1	src/core/scr1_scu.sv	fail	chained_only	deferred:chained_only	design corpus parsed in isolation - honest adjudication needs include/define chaining (leaf .4)
scr1	src/core/scr1_tapc.sv	fail	chained_only	deferred:chained_only	design corpus parsed in isolation - honest adjudication needs include/define chaining (leaf .4)
scr1	src/core/scr1_tapc_shift_reg.sv	fail	chained_only	deferred:chained_only	design corpus parsed in isolation - honest adjudication needs include/define chaining (leaf .4)
scr1	src/core/scr1_tapc_synchronizer.sv	pass	chained_only	deferred:chained_only	design corpus parsed in isolation - honest adjudication needs include/define chaining (leaf .4)
scr1	src/includes/scr1_ahb.svh	fail	chained_only	deferred:chained_only	design corpus parsed in isolation - honest adjudication needs include/define chaining (leaf .4)
scr1	src/includes/scr1_arch_description.svh	fail	chained_only	deferred:chained_only	design corpus parsed in isolation - honest adjudication needs include/define chaining (leaf .4)
scr1	src/includes/scr1_arch_types.svh	fail	chained_only	deferred:chained_only	design corpus parsed in isolation - honest adjudication needs include/define chaining (leaf .4)
scr1	src/includes/scr1_csr.svh	fail	chained_only	deferred:chained_only	design corpus parsed in isolation - honest adjudication needs include/define chaining (leaf .4)
scr1	src/includes/scr1_dm.svh	pass	chained_only	deferred:chained_only	design corpus parsed in isolation - honest adjudication needs include/define chaining (leaf .4)
scr1	src/includes/scr1_hdu.svh	fail	chained_only	deferred:chained_only	design corpus parsed in isolation - honest adjudication needs include/define chaining (leaf .4)
scr1	src/includes/scr1_ipic.svh	fail	chained_only	deferred:chained_only	design corpus parsed in isolation - honest adjudication needs include/define chaining (leaf .4)
scr1	src/includes/scr1_memif.svh	fail	chained_only	deferred:chained_only	design corpus parsed in isolation - honest adjudication needs include/define chaining (leaf .4)
scr1	src/includes/scr1_riscv_isa_decoding.svh	fail	chained_only	deferred:chained_only	design corpus parsed in isolation - honest adjudication needs include/define chaining (leaf .4)
scr1	src/includes/scr1_scu.svh	fail	chained_only	deferred:chained_only	design corpus parsed in isolation - honest adjudication needs include/define chaining (leaf .4)
scr1	src/includes/scr1_search_ms1.svh	pass	chained_only	deferred:chained_only	design corpus parsed in isolation - honest adjudication needs include/define chaining (leaf .4)
scr1	src/includes/scr1_tapc.svh	fail	chained_only	deferred:chained_only	design corpus parsed in isolation - honest adjudication needs include/define chaining (leaf .4)
scr1	src/includes/scr1_tdu.svh	fail	chained_only	deferred:chained_only	design corpus parsed in isolation - honest adjudication needs include/define chaining (leaf .4)
scr1	src/tb/scr1_memory_tb_ahb.sv	fail	chained_only	deferred:chained_only	design corpus parsed in isolation - honest adjudication needs include/define chaining (leaf .4)
scr1	src/tb/scr1_memory_tb_axi.sv	fail	chained_only	deferred:chained_only	design corpus parsed in isolation - honest adjudication needs include/define chaining (leaf .4)
scr1	src/tb/scr1_top_tb_ahb.sv	fail	chained_only	deferred:chained_only	design corpus parsed in isolation - honest adjudication needs include/define chaining (leaf .4)
scr1	src/tb/scr1_top_tb_axi.sv	fail	chained_only	deferred:chained_only	design corpus parsed in isolation - honest adjudication needs include/define chaining (leaf .4)
scr1	src/tb/scr1_top_tb_runtests.sv	fail	chained_only	deferred:chained_only	design corpus parsed in isolation - honest adjudication needs include/define chaining (leaf .4)
scr1	src/top/scr1_dmem_ahb.sv	fail	chained_only	deferred:chained_only	design corpus parsed in isolation - honest adjudication needs include/define chaining (leaf .4)
scr1	src/top/scr1_dmem_router.sv	fail	chained_only	deferred:chained_only	design corpus parsed in isolation - honest adjudication needs include/define chaining (leaf .4)
scr1	src/top/scr1_dp_memory.sv	fail	chained_only	deferred:chained_only	design corpus parsed in isolation - honest adjudication needs include/define chaining (leaf .4)
scr1	src/top/scr1_imem_ahb.sv	fail	chained_only	deferred:chained_only	design corpus parsed in isolation - honest adjudication needs include/define chaining (leaf .4)
scr1	src/top/scr1_imem_router.sv	fail	chained_only	deferred:chained_only	design corpus parsed in isolation - honest adjudication needs include/define chaining (leaf .4)
scr1	src/top/scr1_mem_axi.sv	fail	chained_only	deferred:chained_only	design corpus parsed in isolation - honest adjudication needs include/define chaining (leaf .4)
scr1	src/top/scr1_tcm.sv	fail	chained_only	deferred:chained_only	design corpus parsed in isolation - honest adjudication needs include/define chaining (leaf .4)
scr1	src/top/scr1_timer.sv	fail	chained_only	deferred:chained_only	design corpus parsed in isolation - honest adjudication needs include/define chaining (leaf .4)
scr1	src/top/scr1_top_ahb.sv	fail	chained_only	deferred:chained_only	design corpus parsed in isolation - honest adjudication needs include/define chaining (leaf .4)
scr1	src/top/scr1_top_axi.sv	fail	chained_only	deferred:chained_only	design corpus parsed in isolation - honest adjudication needs include/define chaining (leaf .4)
slang	tests/regression/all.sv	fail	must_accept	divergence:unexplained_rejects_valid	slang: regression/driver fixture - strict-mode errors are semantic, syntax is valid
slang	tests/regression/driver/cannot-index-scalar.sv	pass	must_accept	match	slang: regression/driver fixture - strict-mode errors are semantic, syntax is valid
slang	tests/regression/driver/clockvar-target-assign.sv	pass	must_accept	match	slang: regression/driver fixture - strict-mode errors are semantic, syntax is valid
slang	tests/regression/driver/command-files.sv	pass	must_accept	match	slang: regression/driver fixture - strict-mode errors are semantic, syntax is valid
slang	tests/regression/driver/compat-mode-all.sv	pass	must_accept	match	slang: regression/driver fixture - strict-mode errors are semantic, syntax is valid
slang	tests/regression/driver/cross-ident-in-binsof.sv	fail	must_reject	match	pinned: in-file comment 'The LRM disallows cross_identifier as a bins_expression' - a grammar-level restriction, and the driver CHECKs for an error
slang	tests/regression/driver/custom-task-arg-checking.sv	pass	must_accept	match	slang: regression/driver fixture - strict-mode errors are semantic, syntax is valid
slang	tests/regression/driver/define-system-task.sv	pass	must_accept	match	slang: regression/driver fixture - strict-mode errors are semantic, syntax is valid
slang	tests/regression/driver/dep-file-trim.sv	pass	must_accept	match	slang: regression/driver fixture - strict-mode errors are semantic, syntax is valid
slang	tests/regression/driver/dep-files-system-include.sv	fail	must_accept	divergence:explained_svpp_include	slang: regression/driver fixture - strict-mode errors are semantic, syntax is valid
slang	tests/regression/driver/dep-files.sv	fail	must_accept	divergence:explained_svpp_include	slang: regression/driver fixture - strict-mode errors are semantic, syntax is valid
slang	tests/regression/driver/dep-trim/cycleA.sv	pass	must_accept	match	slang: regression/driver fixture - strict-mode errors are semantic, syntax is valid
slang	tests/regression/driver/dep-trim/cycleB.sv	pass	must_accept	match	slang: regression/driver fixture - strict-mode errors are semantic, syntax is valid
slang	tests/regression/driver/dep-trim/leafA.sv	pass	must_accept	match	slang: regression/driver fixture - strict-mode errors are semantic, syntax is valid
slang	tests/regression/driver/dep-trim/leafB.sv	pass	must_accept	match	slang: regression/driver fixture - strict-mode errors are semantic, syntax is valid
slang	tests/regression/driver/dep-trim/mid.sv	pass	must_accept	match	slang: regression/driver fixture - strict-mode errors are semantic, syntax is valid
slang	tests/regression/driver/dep-trim/missing-src.sv	pass	must_accept	match	slang: regression/driver fixture - strict-mode errors are semantic, syntax is valid
slang	tests/regression/driver/dep-trim/moduleA.sv	pass	must_accept	match	slang: regression/driver fixture - strict-mode errors are semantic, syntax is valid
slang	tests/regression/driver/dep-trim/moduleB.sv	pass	must_accept	match	slang: regression/driver fixture - strict-mode errors are semantic, syntax is valid
slang	tests/regression/driver/dep-trim/moduleC.sv	pass	must_accept	match	slang: regression/driver fixture - strict-mode errors are semantic, syntax is valid
slang	tests/regression/driver/dep-trim/moduleD.sv	pass	must_accept	match	slang: regression/driver fixture - strict-mode errors are semantic, syntax is valid
slang	tests/regression/driver/dep-trim/top.sv	pass	must_accept	match	slang: regression/driver fixture - strict-mode errors are semantic, syntax is valid
slang	tests/regression/driver/different-tops.sv	fail	must_accept	divergence:explained_svpp_conditional	slang: regression/driver fixture - strict-mode errors are semantic, syntax is valid
slang	tests/regression/driver/dir-prefix.sv	pass	must_accept	match	slang: regression/driver fixture - strict-mode errors are semantic, syntax is valid
slang	tests/regression/driver/disable-local-includes.sv	fail	must_accept	divergence:explained_svpp_include	slang: regression/driver fixture - strict-mode errors are semantic, syntax is valid
slang	tests/regression/driver/exclude-ext.sv	pass	must_accept	match	slang: regression/driver fixture - strict-mode errors are semantic, syntax is valid
slang	tests/regression/driver/file-preprocess-error.sv	pass	must_accept	match	slang: regression/driver fixture - strict-mode errors are semantic, syntax is valid
slang	tests/regression/driver/file-preprocess.sv	pass	must_accept	match	slang: regression/driver fixture - strict-mode errors are semantic, syntax is valid
slang	tests/regression/driver/format-empty-arg.sv	pass	must_accept	match	slang: regression/driver fixture - strict-mode errors are semantic, syntax is valid
slang	tests/regression/driver/format-too-many-args.sv	pass	must_accept	match	slang: regression/driver fixture - strict-mode errors are semantic, syntax is valid
slang	tests/regression/driver/glob-files.sv	pass	must_accept	match	slang: regression/driver fixture - strict-mode errors are semantic, syntax is valid
slang	tests/regression/driver/incdir-first.sv	pass	must_accept	match	slang: regression/driver fixture - strict-mode errors are semantic, syntax is valid
slang	tests/regression/driver/invalid-args.sv	pass	must_accept	match	slang: regression/driver fixture - strict-mode errors are semantic, syntax is valid
slang	tests/regression/driver/libdir-modules.sv	pass	must_accept	match	slang: regression/driver fixture - strict-mode errors are semantic, syntax is valid
slang	tests/regression/driver/library-map.sv	pass	must_accept	match	slang: regression/driver fixture - strict-mode errors are semantic, syntax is valid
slang	tests/regression/driver/map-keyword-version.sv	pass	must_accept	match	slang: regression/driver fixture - strict-mode errors are semantic, syntax is valid
slang	tests/regression/driver/module-basics.sv	fail	must_accept	divergence:explained_svpp_include	slang: regression/driver fixture - strict-mode errors are semantic, syntax is valid
slang	tests/regression/driver/module-redef.sv	pass	must_accept	match	slang: regression/driver fixture - strict-mode errors are semantic, syntax is valid
slang	tests/regression/driver/nonstandard-constraint-block.sv	fail	must_accept	divergence:explained_svpp_macro_use	slang: regression/driver fixture - strict-mode errors are semantic, syntax is valid
slang	tests/regression/driver/print-macros.sv	fail	must_accept	divergence:explained_svpp_include	slang: regression/driver fixture - strict-mode errors are semantic, syntax is valid
slang	tests/regression/driver/redefinition-different-type.sv	pass	must_accept	match	slang: regression/driver fixture - strict-mode errors are semantic, syntax is valid
slang	tests/regression/driver/redefinition.sv	pass	must_accept	match	slang: regression/driver fixture - strict-mode errors are semantic, syntax is valid
slang	tests/regression/driver/ref-arg-in-fork-join.sv	pass	must_accept	match	slang: regression/driver fixture - strict-mode errors are semantic, syntax is valid
slang	tests/regression/driver/show-parsed-files.sv	pass	must_accept	match	slang: regression/driver fixture - strict-mode errors are semantic, syntax is valid
slang	tests/regression/driver/single-unit-no-eol.sv	pass	must_accept	match	slang: regression/driver fixture - strict-mode errors are semantic, syntax is valid
slang	tests/regression/driver/string-in-constraint.sv	pass	must_accept	match	slang: regression/driver fixture - strict-mode errors are semantic, syntax is valid
slang	tests/regression/driver/suppress-macro-warnings.sv	fail	must_accept	divergence:explained_svpp_include	slang: regression/driver fixture - strict-mode errors are semantic, syntax is valid
slang	tests/regression/driver/suppress-warnings.sv	pass	must_accept	match	slang: regression/driver fixture - strict-mode errors are semantic, syntax is valid
slang	tests/regression/driver/undefined-param-override.sv	pass	must_accept	match	slang: regression/driver fixture - strict-mode errors are semantic, syntax is valid
slang	tests/regression/driver/unit-listing.sv	pass	must_accept	match	slang: regression/driver fixture - strict-mode errors are semantic, syntax is valid
slang	tests/regression/driver/virtual-arg-name-mismatch.sv	pass	must_accept	match	slang: regression/driver fixture - strict-mode errors are semantic, syntax is valid
slang	tests/regression/driver/waive-dup-pkg.sv	pass	must_accept	match	slang: regression/driver fixture - strict-mode errors are semantic, syntax is valid
slang	tests/unittests/data/another_systemverilog.sv	pass	must_accept	match	slang: unittest data fixture (positive-dominant)
slang	tests/unittests/data/dirprefix/dir_a/simple.sv	pass	chained_only	deferred:chained_only	slang: unittest library/multi-file fixture directory
slang	tests/unittests/data/dup_pkg.sv	pass	must_accept	match	slang: unittest data fixture (positive-dominant)
slang	tests/unittests/data/file_defn.svh	pass	chained_only	deferred:chained_only	slang: .svh include payload, not a standalone unit
slang	tests/unittests/data/file_uses_define_in_file_with_no_eol.sv	fail	must_accept	divergence:explained_svpp_macro_use	slang: unittest data fixture (positive-dominant)
slang	tests/unittests/data/file_uses_defn.svh	pass	chained_only	deferred:chained_only	slang: .svh include payload, not a standalone unit
slang	tests/unittests/data/file_with_no_eol.sv	pass	must_accept	match	slang: unittest data fixture (positive-dominant)
slang	tests/unittests/data/incdir_first_test.sv	fail	must_accept	divergence:explained_svpp_include	slang: unittest data fixture (positive-dominant)
slang	tests/unittests/data/incdir_shadow.svh	pass	chained_only	deferred:chained_only	slang: .svh include payload, not a standalone unit
slang	tests/unittests/data/include.svh	pass	chained_only	deferred:chained_only	slang: .svh include payload, not a standalone unit
slang	tests/unittests/data/include_once.svh	pass	chained_only	deferred:chained_only	slang: .svh include payload, not a standalone unit
slang	tests/unittests/data/infinite_chain.svh	pass	chained_only	deferred:chained_only	slang: .svh include payload, not a standalone unit
slang	tests/unittests/data/library/other.sv	fail	chained_only	deferred:chained_only	slang: unittest library/multi-file fixture directory
slang	tests/unittests/data/library/pkg.sv	pass	chained_only	deferred:chained_only	slang: unittest library/multi-file fixture directory
slang	tests/unittests/data/libsplit_lib.sv	pass	must_accept	match	slang: unittest data fixture (positive-dominant)
slang	tests/unittests/data/libsplit_top.sv	pass	must_accept	match	slang: unittest data fixture (positive-dominant)
slang	tests/unittests/data/libtest/mod1.sv	pass	chained_only	deferred:chained_only	slang: unittest library/multi-file fixture directory
slang	tests/unittests/data/libtest/mod2.sv	pass	chained_only	deferred:chained_only	slang: unittest library/multi-file fixture directory
slang	tests/unittests/data/libtest/top.sv	pass	chained_only	deferred:chained_only	slang: unittest library/multi-file fixture directory
slang	tests/unittests/data/local.svh	fail	chained_only	deferred:chained_only	slang: .svh include payload, not a standalone unit
slang	tests/unittests/data/nested/file.svh	pass	chained_only	deferred:chained_only	slang: .svh include payload, not a standalone unit
slang	tests/unittests/data/nested/incdir_shadow.svh	pass	chained_only	deferred:chained_only	slang: .svh include payload, not a standalone unit
slang	tests/unittests/data/nested/macro.svh	pass	chained_only	deferred:chained_only	slang: .svh include payload, not a standalone unit
slang	tests/unittests/data/nested/nested_local.svh	fail	chained_only	deferred:chained_only	slang: .svh include payload, not a standalone unit
slang	tests/unittests/data/redef_module.sv	pass	must_accept	match	slang: unittest data fixture (positive-dominant)
slang	tests/unittests/data/redef_primitive.sv	pass	must_accept	match	slang: unittest data fixture (positive-dominant)
slang	tests/unittests/data/redef_top.sv	pass	must_accept	match	slang: unittest data fixture (positive-dominant)
slang	tests/unittests/data/system/system.svh	fail	chained_only	deferred:chained_only	slang: .svh include payload, not a standalone unit
slang	tests/unittests/data/test.sv	fail	must_accept	divergence:explained_svpp_include	slang: unittest data fixture (positive-dominant)
slang	tests/unittests/data/test2.sv	fail	must_accept	divergence:explained_svpp_macro_use	slang: unittest data fixture (positive-dominant)
slang	tests/unittests/data/test3.sv	pass	must_accept	match	slang: unittest data fixture (positive-dominant)
slang	tests/unittests/data/test4.sv	fail	must_accept	divergence:explained_svpp_conditional	slang: unittest data fixture (positive-dominant)
slang	tests/unittests/data/test5.sv	pass	must_accept	match	slang: unittest data fixture (positive-dominant)
slang	tests/unittests/data/test6.sv	fail	must_accept	divergence:explained_svpp_include	slang: unittest data fixture (positive-dominant)
slang	tests/unittests/data/test7.sv	pass	must_accept	match	slang: unittest data fixture (positive-dominant)
slang	tests/unittests/data/verilog.v	fail	must_accept	divergence:explained_svpp_include	slang: unittest data fixture (positive-dominant)
slang	tests/unittests/data/waivers/multi_instances.sv	pass	chained_only	deferred:chained_only	slang: unittest library/multi-file fixture directory
slang	tests/unittests/data/waivers/x.sv	pass	chained_only	deferred:chained_only	slang: unittest library/multi-file fixture directory
slang	tests/unittests/data/waivers/y.sv	pass	chained_only	deferred:chained_only	slang: unittest library/multi-file fixture directory
slang	tests/unittests/data/waivers/z.sv	pass	chained_only	deferred:chained_only	slang: unittest library/multi-file fixture directory
sv-tests	tests/chapter-10/10.3--proc-assignment--bad.sv	pass	must_accept	match	sv-tests: :should_fail_because: at post-parse stage(s) (elaboration simulation) - syntax itself is valid
sv-tests	tests/chapter-10/10.3.1--net-decl-assignment.sv	pass	must_accept	match	sv-tests: positive test
sv-tests	tests/chapter-10/10.3.1--one-net.sv	pass	must_accept	match	sv-tests: positive test
sv-tests	tests/chapter-10/10.3.2--cont-assignment.sv	pass	must_accept	match	sv-tests: positive test
sv-tests	tests/chapter-10/10.3.3--cont-assignment-delay.sv	pass	must_accept	match	sv-tests: positive test
sv-tests	tests/chapter-10/10.3.3--cont-assignment-net-delay.sv	pass	must_accept	match	sv-tests: positive test
sv-tests	tests/chapter-10/10.4.1--blocking-assignment.sv	pass	must_accept	match	sv-tests: positive test
sv-tests	tests/chapter-10/10.4.2--non-blocking-assignment.sv	pass	must_accept	match	sv-tests: positive test
sv-tests	tests/chapter-10/10.6.1--assign-deassign.sv	pass	must_accept	match	sv-tests: positive test
sv-tests	tests/chapter-10/10.6.2--force-release.sv	pass	must_accept	match	sv-tests: positive test
sv-tests	tests/chapter-11/11.10--string_bit_array-sim.sv	pass	must_accept	match	sv-tests: positive test
sv-tests	tests/chapter-11/11.10--string_bit_array.sv	pass	must_accept	match	sv-tests: positive test
sv-tests	tests/chapter-11/11.10.1--string_compare.sv	pass	must_accept	match	sv-tests: positive test
sv-tests	tests/chapter-11/11.10.1--string_concat.sv	pass	must_accept	match	sv-tests: positive test
sv-tests	tests/chapter-11/11.10.1--string_copy.sv	pass	must_accept	match	sv-tests: positive test
sv-tests	tests/chapter-11/11.10.3--empty_string-sim.sv	pass	must_accept	match	sv-tests: positive test
sv-tests	tests/chapter-11/11.10.3--empty_string.sv	pass	must_accept	match	sv-tests: positive test
sv-tests	tests/chapter-11/11.11--min_max_avg_delay.sv	pass	must_accept	match	sv-tests: positive test
sv-tests	tests/chapter-11/11.12--let_construct.sv	pass	must_accept	match	sv-tests: positive test
sv-tests	tests/chapter-11/11.3.5--expr_short_circuit.sv	pass	must_accept	match	sv-tests: positive test
sv-tests	tests/chapter-11/11.3.6--assign_in_exp-sim.sv	pass	must_accept	match	sv-tests: positive test
sv-tests	tests/chapter-11/11.3.6--assign_in_exp.sv	pass	must_accept	match	sv-tests: positive test
sv-tests	tests/chapter-11/11.3.6--assign_in_expr-sim.sv	pass	must_accept	match	sv-tests: positive test
sv-tests	tests/chapter-11/11.3.6--assign_in_expr.sv	pass	must_accept	match	sv-tests: positive test
sv-tests	tests/chapter-11/11.3.6--assign_in_expr_inv.sv	fail	must_reject	match	pinned: LRM 11.3.6 requires parentheses around operator assignment in expressions - 'a = b = c = 5;' is a grammar-level violation
sv-tests	tests/chapter-11/11.3.6--assign_in_expression-sim.sv	pass	must_accept	match	sv-tests: positive test
sv-tests	tests/chapter-11/11.3.6--assign_in_expression.sv	pass	must_accept	match	sv-tests: positive test
sv-tests	tests/chapter-11/11.3.6--assignment_in_expression-sim.sv	pass	must_accept	match	sv-tests: positive test
sv-tests	tests/chapter-11/11.3.6--assignment_in_expression.sv	pass	must_accept	match	sv-tests: positive test
sv-tests	tests/chapter-11/11.3.6--two_assign_in_expr-sim.sv	fail	must_accept	divergence:unexplained_rejects_valid	sv-tests: positive test
sv-tests	tests/chapter-11/11.3.6--two_assign_in_expr.sv	fail	must_accept	divergence:unexplained_rejects_valid	sv-tests: positive test
sv-tests	tests/chapter-11/11.4.1--assignment-sim.sv	pass	must_accept	match	sv-tests: positive test
sv-tests	tests/chapter-11/11.4.10--arith-shift-assignment-signed.sv	pass	must_accept	match	sv-tests: positive test
sv-tests	tests/chapter-11/11.4.10--arith-shift-assignment-unsigned.sv	pass	must_accept	match	sv-tests: positive test
sv-tests	tests/chapter-11/11.4.10--arith-shift-signed.sv	pass	must_accept	match	sv-tests: positive test
sv-tests	tests/chapter-11/11.4.10--arith-shift-unsigned.sv	pass	must_accept	match	sv-tests: positive test
sv-tests	tests/chapter-11/11.4.11--cond_op-sim.sv	pass	must_accept	match	sv-tests: positive test
sv-tests	tests/chapter-11/11.4.11--cond_op.sv	pass	must_accept	match	sv-tests: positive test
sv-tests	tests/chapter-11/11.4.12--concat_op-bit_select.sv	pass	must_accept	match	sv-tests: positive test
sv-tests	tests/chapter-11/11.4.12--concat_op-sim.sv	pass	must_accept	match	sv-tests: positive test
sv-tests	tests/chapter-11/11.4.12--concat_op.sv	pass	must_accept	match	sv-tests: positive test
sv-tests	tests/chapter-11/11.4.12.1--nested_repl_op-sim.sv	pass	must_accept	match	sv-tests: positive test
sv-tests	tests/chapter-11/11.4.12.1--nested_repl_op.sv	pass	must_accept	match	sv-tests: positive test
sv-tests	tests/chapter-11/11.4.12.1--repl_op-sim.sv	pass	must_accept	match	sv-tests: positive test
sv-tests	tests/chapter-11/11.4.12.1--repl_op.sv	pass	must_accept	match	sv-tests: positive test
sv-tests	tests/chapter-11/11.4.12.2--string_concat_op.sv	pass	must_accept	match	sv-tests: positive test
sv-tests	tests/chapter-11/11.4.12.2--string_repl_op.sv	pass	must_accept	match	sv-tests: positive test
sv-tests	tests/chapter-11/11.4.13--set_member-sim.sv	pass	must_accept	match	sv-tests: positive test
sv-tests	tests/chapter-11/11.4.13--set_member.sv	pass	must_accept	match	sv-tests: positive test
sv-tests	tests/chapter-11/11.4.14.1--stream_concat-sim.sv	pass	must_accept	match	sv-tests: positive test
sv-tests	tests/chapter-11/11.4.14.1--stream_concat.sv	pass	must_accept	match	sv-tests: positive test
sv-tests	tests/chapter-11/11.4.14.2--reorder_stream-sim.sv	pass	must_accept	match	sv-tests: positive test
sv-tests	tests/chapter-11/11.4.14.2--reorder_stream.sv	pass	must_accept	match	sv-tests: positive test
sv-tests	tests/chapter-11/11.4.14.2--reorder_stream_byte-sim.sv	pass	must_accept	match	sv-tests: positive test
sv-tests	tests/chapter-11/11.4.14.2--reorder_stream_byte.sv	pass	must_accept	match	sv-tests: positive test
sv-tests	tests/chapter-11/11.4.14.3--unpack_stream-sim.sv	pass	must_accept	match	sv-tests: positive test
sv-tests	tests/chapter-11/11.4.14.3--unpack_stream.sv	pass	must_accept	match	sv-tests: positive test
sv-tests	tests/chapter-11/11.4.14.3--unpack_stream_inv.sv	pass	must_accept	match	sv-tests: :should_fail_because: at post-parse stage(s) (elaboration simulation) - syntax itself is valid
sv-tests	tests/chapter-11/11.4.14.3--unpack_stream_pad-sim.sv	pass	must_accept	match	sv-tests: positive test
sv-tests	tests/chapter-11/11.4.14.3--unpack_stream_pad.sv	pass	must_accept	match	sv-tests: positive test
sv-tests	tests/chapter-11/11.4.14.4--dynamic_array_stream-sim.sv	pass	must_accept	match	sv-tests: positive test
sv-tests	tests/chapter-11/11.4.14.4--dynamic_array_stream.sv	pass	must_accept	match	sv-tests: positive test
sv-tests	tests/chapter-11/11.4.14.4--dynamic_array_stream_with.sv	pass	must_accept	match	sv-tests: positive test
sv-tests	tests/chapter-11/11.4.2--unary_op_dec-sim.sv	pass	must_accept	match	sv-tests: positive test
sv-tests	tests/chapter-11/11.4.2--unary_op_dec.sv	pass	must_accept	match	sv-tests: positive test
sv-tests	tests/chapter-11/11.4.2--unary_op_inc-sim.sv	pass	must_accept	match	sv-tests: positive test
sv-tests	tests/chapter-11/11.4.2--unary_op_inc.sv	pass	must_accept	match	sv-tests: positive test
sv-tests	tests/chapter-11/11.4.5--equality-op.sv	pass	must_accept	match	sv-tests: positive test
sv-tests	tests/chapter-11/11.5.1--idx_neg_part_select-sim.sv	pass	must_accept	match	sv-tests: positive test
sv-tests	tests/chapter-11/11.5.1--idx_neg_part_select.sv	pass	must_accept	match	sv-tests: positive test
sv-tests	tests/chapter-11/11.5.1--idx_pos_part_select-sim.sv	pass	must_accept	match	sv-tests: positive test
sv-tests	tests/chapter-11/11.5.1--idx_pos_part_select.sv	pass	must_accept	match	sv-tests: positive test
sv-tests	tests/chapter-11/11.5.1--idx_select-sim.sv	pass	must_accept	match	sv-tests: positive test
sv-tests	tests/chapter-11/11.5.1--idx_select.sv	pass	must_accept	match	sv-tests: positive test
sv-tests	tests/chapter-11/11.5.1--non_idx_part_select-sim.sv	pass	must_accept	match	sv-tests: positive test
sv-tests	tests/chapter-11/11.5.1--non_idx_part_select.sv	pass	must_accept	match	sv-tests: positive test
sv-tests	tests/chapter-11/11.5.2--array_addressing-sim.sv	pass	must_accept	match	sv-tests: positive test
sv-tests	tests/chapter-11/11.5.2--array_addressing.sv	pass	must_accept	match	sv-tests: positive test
sv-tests	tests/chapter-11/11.5.2--multi_dim_array_addressing-sim.sv	pass	must_accept	match	sv-tests: positive test
sv-tests	tests/chapter-11/11.5.2--multi_dim_array_addressing.sv	pass	must_accept	match	sv-tests: positive test
sv-tests	tests/chapter-11/11.7--signed_func-sim.sv	pass	must_accept	match	sv-tests: positive test
sv-tests	tests/chapter-11/11.7--signed_func.sv	pass	must_accept	match	sv-tests: positive test
sv-tests	tests/chapter-11/11.7--unsigned_func-sim.sv	pass	must_accept	match	sv-tests: positive test
sv-tests	tests/chapter-11/11.7--unsigned_func.sv	pass	must_accept	match	sv-tests: positive test
sv-tests	tests/chapter-11/11.9--tagged_union.sv	pass	must_accept	match	sv-tests: positive test
sv-tests	tests/chapter-11/11.9--tagged_union_member_access-sim.sv	pass	must_accept	match	sv-tests: positive test
sv-tests	tests/chapter-11/11.9--tagged_union_member_access.sv	pass	must_accept	match	sv-tests: positive test
sv-tests	tests/chapter-11/11.9--tagged_union_member_access_inv.sv	pass	must_accept	match	sv-tests: :should_fail_because: at post-parse stage(s) (simulation) - syntax itself is valid
sv-tests	tests/chapter-11/simple/11.4.11--simple_cond_op-sim.sv	pass	must_accept	match	sv-tests: positive test
sv-tests	tests/chapter-11/simple/11.4.12--simple_concat_op-sim.sv	pass	must_accept	match	sv-tests: positive test
sv-tests	tests/chapter-11/simple/11.4.12.1--simple_repl_op-sim.sv	pass	must_accept	match	sv-tests: positive test
sv-tests	tests/chapter-11/simple/11.4.13--simple_set_member-sim.sv	pass	must_accept	match	sv-tests: positive test
sv-tests	tests/chapter-11/simple/11.4.14.3--simple_unpack_stream-sim.sv	pass	must_accept	match	sv-tests: positive test
sv-tests	tests/chapter-11/simple/11.5.1--simple_idx_neg_part_select-sim.sv	pass	must_accept	match	sv-tests: positive test
sv-tests	tests/chapter-11/simple/11.5.1--simple_idx_pos_part_select-sim.sv	pass	must_accept	match	sv-tests: positive test
sv-tests	tests/chapter-11/simple/11.5.1--simple_idx_select-sim.sv	pass	must_accept	match	sv-tests: positive test
sv-tests	tests/chapter-11/simple/11.5.1--simple_non_idx_part_select-sim.sv	pass	must_accept	match	sv-tests: positive test
sv-tests	tests/chapter-11/simple/11.5.2--simple_array_addressing-sim.sv	pass	must_accept	match	sv-tests: positive test
sv-tests	tests/chapter-12/12.4--if.sv	pass	must_accept	match	sv-tests: positive test
sv-tests	tests/chapter-12/12.4--if_else.sv	pass	must_accept	match	sv-tests: positive test
sv-tests	tests/chapter-12/12.4.1--if_else_if.sv	pass	must_accept	match	sv-tests: positive test
sv-tests	tests/chapter-12/12.4.2--priority_if.sv	pass	must_accept	match	sv-tests: positive test
sv-tests	tests/chapter-12/12.4.2--unique0_if.sv	fail	must_accept	divergence:unexplained_rejects_valid	sv-tests: positive test
sv-tests	tests/chapter-12/12.4.2--unique_if.sv	pass	must_accept	match	sv-tests: positive test
sv-tests	tests/chapter-12/12.5--case.sv	pass	must_accept	match	sv-tests: positive test
sv-tests	tests/chapter-12/12.5.1--casex.sv	pass	must_accept	match	sv-tests: positive test
sv-tests	tests/chapter-12/12.5.1--casez.sv	pass	must_accept	match	sv-tests: positive test
sv-tests	tests/chapter-12/12.5.2--case_const.sv	pass	must_accept	match	sv-tests: positive test
sv-tests	tests/chapter-12/12.5.4--case_set.sv	pass	must_accept	match	sv-tests: positive test
sv-tests	tests/chapter-12/12.6.1--case_pattern.sv	pass	must_accept	match	sv-tests: positive test
sv-tests	tests/chapter-12/12.6.1--casex_pattern.sv	pass	must_accept	match	sv-tests: positive test
sv-tests	tests/chapter-12/12.6.1--casez_pattern.sv	pass	must_accept	match	sv-tests: positive test
sv-tests	tests/chapter-12/12.6.2--if_pattern.sv	pass	must_accept	match	sv-tests: positive test
sv-tests	tests/chapter-12/12.6.3--conditional_pattern.sv	pass	must_accept	match	sv-tests: positive test
sv-tests	tests/chapter-12/12.7.1--for.sv	pass	must_accept	match	sv-tests: positive test
sv-tests	tests/chapter-12/12.7.2--repeat.sv	pass	must_accept	match	sv-tests: positive test
sv-tests	tests/chapter-12/12.7.3--foreach-synth.sv	pass	must_accept	match	sv-tests: positive test
sv-tests	tests/chapter-12/12.7.3--foreach.sv	pass	must_accept	match	sv-tests: positive test
sv-tests	tests/chapter-12/12.7.4--while.sv	pass	must_accept	match	sv-tests: positive test
sv-tests	tests/chapter-12/12.7.5--dowhile.sv	pass	must_accept	match	sv-tests: positive test
sv-tests	tests/chapter-12/12.7.6--forever.sv	pass	must_accept	match	sv-tests: positive test
sv-tests	tests/chapter-12/12.8--break.sv	pass	must_accept	match	sv-tests: positive test
sv-tests	tests/chapter-12/12.8--continue.sv	pass	must_accept	match	sv-tests: positive test
sv-tests	tests/chapter-12/12.8--return.sv	pass	must_accept	match	sv-tests: positive test
sv-tests	tests/chapter-12/12.8--return_val.sv	pass	must_accept	match	sv-tests: positive test
sv-tests	tests/chapter-13/13.3--task-label.sv	pass	must_accept	match	sv-tests: positive test
sv-tests	tests/chapter-13/13.3--task.sv	pass	must_accept	match	sv-tests: positive test
sv-tests	tests/chapter-13/13.3.1--task-automatic.sv	pass	must_accept	match	sv-tests: positive test
sv-tests	tests/chapter-13/13.3.1--task-static.sv	pass	must_accept	match	sv-tests: positive test
sv-tests	tests/chapter-13/13.4--function-label.sv	pass	must_accept	match	sv-tests: positive test
sv-tests	tests/chapter-13/13.4--function.sv	pass	must_accept	match	sv-tests: positive test
sv-tests	tests/chapter-13/13.4.1--function-return-assignment.sv	pass	must_accept	match	sv-tests: positive test
sv-tests	tests/chapter-13/13.4.1--function-return.sv	pass	must_accept	match	sv-tests: positive test
sv-tests	tests/chapter-13/13.4.1--function-void-return.sv	pass	must_accept	match	sv-tests: :should_fail_because: at post-parse stage(s) (elaboration simulation) - syntax itself is valid
sv-tests	tests/chapter-13/13.4.2--function-automatic.sv	pass	must_accept	match	sv-tests: positive test
sv-tests	tests/chapter-13/13.4.2--function-recursive.sv	pass	must_accept	match	sv-tests: positive test
sv-tests	tests/chapter-13/13.4.2--function-static.sv	pass	must_accept	match	sv-tests: positive test
sv-tests	tests/chapter-13/13.4.3--const-function.sv	pass	must_accept	match	sv-tests: positive test
sv-tests	tests/chapter-13/13.4.4--fork-invalid.sv	pass	must_accept	match	sv-tests: :should_fail_because: at post-parse stage(s) (elaboration simulation) - syntax itself is valid
sv-tests	tests/chapter-13/13.4.4--fork-valid.sv	pass	must_accept	match	sv-tests: positive test
sv-tests	tests/chapter-14/14.3--clocking-block-signals-error.sv	pass	must_accept	match	sv-tests: :should_fail_because: at post-parse stage(s) (elaboration simulation) - syntax itself is valid
sv-tests	tests/chapter-14/14.3--clocking-block-signals.sv	pass	must_accept	match	sv-tests: positive test
sv-tests	tests/chapter-14/14.3--clocking-block.sv	pass	must_accept	match	sv-tests: positive test
sv-tests	tests/chapter-14/14.3--default-clocking-block.sv	pass	must_accept	match	sv-tests: positive test
sv-tests	tests/chapter-14/14.3--global-clocking-block.sv	pass	must_accept	match	sv-tests: positive test
sv-tests	tests/chapter-15/15.4--mailbox-blocking.sv	pass	must_accept	match	sv-tests: positive test
sv-tests	tests/chapter-15/15.4--mailbox-non-blocking.sv	pass	must_accept	match	sv-tests: positive test
sv-tests	tests/chapter-15/15.5.1--named-event-trigger-blocking.sv	pass	must_accept	match	sv-tests: positive test
sv-tests	tests/chapter-15/15.5.1--named-event-trigger-non-blocking.sv	pass	must_accept	match	sv-tests: positive test
sv-tests	tests/chapter-15/15.5.2--named-event-wait.sv	pass	must_accept	match	sv-tests: positive test
sv-tests	tests/chapter-16/16.10--property-local-var-fail.sv	fail	must_accept	divergence:unexplained_rejects_valid	sv-tests: :should_fail_because: at post-parse stage(s) (simulation) - syntax itself is valid
sv-tests	tests/chapter-16/16.10--property-local-var-uvm.sv	fail	must_accept	divergence:explained_svpp_include	sv-tests: positive test
sv-tests	tests/chapter-16/16.10--property-local-var.sv	fail	must_accept	divergence:unexplained_rejects_valid	sv-tests: positive test
sv-tests	tests/chapter-16/16.10--sequence-local-var-fail.sv	pass	must_accept	match	sv-tests: :should_fail_because: at post-parse stage(s) (simulation) - syntax itself is valid
sv-tests	tests/chapter-16/16.10--sequence-local-var-uvm.sv	fail	must_accept	divergence:explained_svpp_include	sv-tests: positive test
sv-tests	tests/chapter-16/16.10--sequence-local-var.sv	pass	must_accept	match	sv-tests: positive test
sv-tests	tests/chapter-16/16.11--sequence-subroutine-uvm.sv	fail	must_accept	divergence:explained_svpp_include	sv-tests: positive test
sv-tests	tests/chapter-16/16.12--property-disable-iff.sv	fail	must_accept	divergence:unexplained_rejects_valid	sv-tests: positive test
sv-tests	tests/chapter-16/16.12--property-disj.sv	pass	must_accept	match	sv-tests: positive test
sv-tests	tests/chapter-16/16.12--property-iff.sv	pass	must_accept	match	sv-tests: positive test
sv-tests	tests/chapter-16/16.12--property-interface-prec-uvm.sv	fail	must_accept	divergence:explained_svpp_include	sv-tests: positive test
sv-tests	tests/chapter-16/16.12--property-interface-uvm.sv	fail	must_accept	divergence:explained_svpp_include	sv-tests: positive test
sv-tests	tests/chapter-16/16.12--property-prec-uvm.sv	fail	must_accept	divergence:explained_svpp_include	sv-tests: positive test
sv-tests	tests/chapter-16/16.12--property-prec.sv	fail	must_accept	divergence:unexplained_rejects_valid	sv-tests: positive test
sv-tests	tests/chapter-16/16.12--property-uvm.sv	fail	must_accept	divergence:explained_svpp_include	sv-tests: positive test
sv-tests	tests/chapter-16/16.12--property.sv	pass	must_accept	match	sv-tests: positive test
sv-tests	tests/chapter-16/16.13--sequence-multiclock-uvm.sv	fail	must_accept	divergence:explained_svpp_include	sv-tests: positive test
sv-tests	tests/chapter-16/16.14--assume-property-uvm.sv	fail	must_accept	divergence:explained_svpp_include	sv-tests: positive test
sv-tests	tests/chapter-16/16.14--assume-property.sv	pass	must_accept	match	sv-tests: positive test
sv-tests	tests/chapter-16/16.15--property-disable-iff-fail.sv	pass	must_accept	match	sv-tests: :should_fail_because: at post-parse stage(s) (simulation) - syntax itself is valid
sv-tests	tests/chapter-16/16.15--property-disable-iff.sv	pass	must_accept	match	sv-tests: positive test
sv-tests	tests/chapter-16/16.15--property-iff-uvm.sv	fail	must_accept	divergence:explained_svpp_include	sv-tests: positive test
sv-tests	tests/chapter-16/16.17--expect-uvm.sv	fail	must_accept	divergence:explained_svpp_include	sv-tests: positive test
sv-tests	tests/chapter-16/16.17--expect.sv	pass	must_accept	match	sv-tests: positive test
sv-tests	tests/chapter-16/16.2--assert-final-uvm.sv	fail	must_accept	divergence:explained_svpp_include	sv-tests: positive test
sv-tests	tests/chapter-16/16.2--assert-final.sv	pass	must_accept	match	sv-tests: positive test
sv-tests	tests/chapter-16/16.2--assert-uvm.sv	fail	must_accept	divergence:explained_svpp_include	sv-tests: positive test
sv-tests	tests/chapter-16/16.2--assert.sv	pass	must_accept	match	sv-tests: positive test
sv-tests	tests/chapter-16/16.2--assert0-uvm.sv	fail	must_accept	divergence:explained_svpp_include	sv-tests: positive test
sv-tests	tests/chapter-16/16.2--assert0.sv	pass	must_accept	match	sv-tests: positive test
sv-tests	tests/chapter-16/16.2--assume-final.sv	pass	must_accept	match	sv-tests: positive test
sv-tests	tests/chapter-16/16.2--assume-uvm.sv	fail	must_accept	divergence:explained_svpp_include	sv-tests: positive test
sv-tests	tests/chapter-16/16.2--assume.sv	pass	must_accept	match	sv-tests: positive test
sv-tests	tests/chapter-16/16.2--assume0.sv	pass	must_accept	match	sv-tests: positive test
sv-tests	tests/chapter-16/16.2--cover-final.sv	pass	must_accept	match	sv-tests: positive test
sv-tests	tests/chapter-16/16.2--cover.sv	pass	must_accept	match	sv-tests: positive test
sv-tests	tests/chapter-16/16.2--cover0.sv	pass	must_accept	match	sv-tests: positive test
sv-tests	tests/chapter-16/16.7--sequence-and-range-uvm.sv	fail	must_accept	divergence:explained_svpp_include	sv-tests: positive test
sv-tests	tests/chapter-16/16.7--sequence-and-uvm.sv	fail	must_accept	divergence:explained_svpp_include	sv-tests: positive test
sv-tests	tests/chapter-16/16.7--sequence-intersect-uvm.sv	fail	must_accept	divergence:explained_svpp_include	sv-tests: positive test
sv-tests	tests/chapter-16/16.7--sequence-or-uvm.sv	fail	must_accept	divergence:explained_svpp_include	sv-tests: positive test
sv-tests	tests/chapter-16/16.7--sequence-throughout-uvm.sv	fail	must_accept	divergence:explained_svpp_include	sv-tests: positive test
sv-tests	tests/chapter-16/16.7--sequence-uvm.sv	fail	must_accept	divergence:explained_svpp_include	sv-tests: positive test
sv-tests	tests/chapter-16/16.7--sequence.sv	pass	must_accept	match	sv-tests: positive test
sv-tests	tests/chapter-16/16.9--sequence-changed-uvm.sv	fail	must_accept	divergence:explained_svpp_include	sv-tests: positive test
sv-tests	tests/chapter-16/16.9--sequence-cons-repetition.sv	pass	must_accept	match	sv-tests: positive test
sv-tests	tests/chapter-16/16.9--sequence-fell-uvm.sv	fail	must_accept	divergence:explained_svpp_include	sv-tests: positive test
sv-tests	tests/chapter-16/16.9--sequence-goto-repetition.sv	pass	must_accept	match	sv-tests: positive test
sv-tests	tests/chapter-16/16.9--sequence-noncons-repetition.sv	pass	must_accept	match	sv-tests: positive test
sv-tests	tests/chapter-16/16.9--sequence-past-uvm.sv	fail	must_accept	divergence:explained_svpp_include	sv-tests: positive test
sv-tests	tests/chapter-16/16.9--sequence-rose-uvm.sv	fail	must_accept	divergence:explained_svpp_include	sv-tests: positive test
sv-tests	tests/chapter-16/16.9--sequence-stable-uvm.sv	fail	must_accept	divergence:explained_svpp_include	sv-tests: positive test
sv-tests	tests/chapter-18/18.10--dynamic-constraint-modification_0.sv	fail	must_accept	divergence:explained_svpp_include	sv-tests: positive test
sv-tests	tests/chapter-18/18.11--in-line-random-variable-control_0.sv	fail	must_accept	divergence:explained_svpp_include	sv-tests: positive test
sv-tests	tests/chapter-18/18.11--in-line-random-variable-control_1.sv	fail	must_accept	divergence:explained_svpp_include	sv-tests: positive test
sv-tests	tests/chapter-18/18.11.1--in-line-constraint-checker_0.sv	fail	must_accept	divergence:explained_svpp_include	sv-tests: positive test
sv-tests	tests/chapter-18/18.11.1--in-line-constraint-checker_1.sv	fail	must_accept	divergence:explained_svpp_include	sv-tests: positive test
sv-tests	tests/chapter-18/18.12--randomization-of-scope-variables_0.sv	pass	must_accept	match	sv-tests: positive test
sv-tests	tests/chapter-18/18.12--randomization-of-scope-variables_1.sv	fail	must_accept	divergence:explained_svpp_include	sv-tests: positive test
sv-tests	tests/chapter-18/18.12.1--adding-constraints-to-scope-variables_0.sv	fail	must_accept	divergence:unexplained_rejects_valid	sv-tests: positive test
sv-tests	tests/chapter-18/18.12.1--adding-constraints-to-scope-variables_1.sv	fail	must_accept	divergence:explained_svpp_include	sv-tests: positive test
sv-tests	tests/chapter-18/18.13.1--urandom_0.sv	pass	must_accept	match	sv-tests: positive test
sv-tests	tests/chapter-18/18.13.1--urandom_1.sv	fail	must_accept	divergence:explained_svpp_include	sv-tests: positive test
sv-tests	tests/chapter-18/18.13.1--urandom_2.sv	pass	must_accept	match	sv-tests: positive test
sv-tests	tests/chapter-18/18.13.1--urandom_3.sv	fail	must_accept	divergence:explained_svpp_include	sv-tests: positive test
sv-tests	tests/chapter-18/18.13.2--urandom_range_0.sv	pass	must_accept	match	sv-tests: positive test
sv-tests	tests/chapter-18/18.13.2--urandom_range_1.sv	fail	must_accept	divergence:explained_svpp_include	sv-tests: positive test
sv-tests	tests/chapter-18/18.13.2--urandom_range_2.sv	fail	must_accept	divergence:explained_svpp_include	sv-tests: positive test
sv-tests	tests/chapter-18/18.13.2--urandom_range_3.sv	fail	must_accept	divergence:explained_svpp_include	sv-tests: positive test
sv-tests	tests/chapter-18/18.13.3--srandom_0.sv	fail	must_accept	divergence:explained_svpp_include	sv-tests: positive test
sv-tests	tests/chapter-18/18.13.4--get_randstate_0.sv	fail	must_accept	divergence:explained_svpp_include	sv-tests: positive test
sv-tests	tests/chapter-18/18.13.5--set_randstate_0.sv	fail	must_accept	divergence:explained_svpp_include	sv-tests: positive test
sv-tests	tests/chapter-18/18.14--random-stability_0.sv	fail	must_accept	divergence:explained_svpp_include	sv-tests: positive test
sv-tests	tests/chapter-18/18.14--random-stability_1.sv	fail	must_accept	divergence:explained_svpp_include	sv-tests: positive test
sv-tests	tests/chapter-18/18.14--random-stability_2.sv	fail	must_accept	divergence:explained_svpp_include	sv-tests: positive test
sv-tests	tests/chapter-18/18.14--random-stability_3.sv	fail	must_accept	divergence:explained_svpp_include	sv-tests: positive test
sv-tests	tests/chapter-18/18.14.2--thread-stability_0.sv	fail	must_accept	divergence:explained_svpp_include	sv-tests: positive test
sv-tests	tests/chapter-18/18.14.2--thread-stability_1.sv	fail	must_accept	divergence:explained_svpp_include	sv-tests: positive test
sv-tests	tests/chapter-18/18.14.3--object-stability_0.sv	fail	must_accept	divergence:explained_svpp_include	sv-tests: positive test
sv-tests	tests/chapter-18/18.14.3--object-stability_1.sv	fail	must_accept	divergence:explained_svpp_include	sv-tests: positive test
sv-tests	tests/chapter-18/18.15--manually-seeding-randomize_0.sv	pass	must_accept	match	sv-tests: positive test
sv-tests	tests/chapter-18/18.15--manually-seeding-randomize_1.sv	fail	must_accept	divergence:explained_svpp_include	sv-tests: positive test
sv-tests	tests/chapter-18/18.16--random-weighted-case-randcase_0.sv	pass	must_accept	match	sv-tests: positive test
sv-tests	tests/chapter-18/18.16--random-weighted-case-randcase_2.sv	pass	must_accept	match	sv-tests: positive test
sv-tests	tests/chapter-18/18.17--random-sequence-generation-randsequence_0.sv	pass	must_accept	match	sv-tests: positive test
sv-tests	tests/chapter-18/18.17--random-sequence-generation-randsequence_2.sv	pass	must_accept	match	sv-tests: positive test
sv-tests	tests/chapter-18/18.17.1--random-production-weights_0.sv	pass	must_accept	match	sv-tests: positive test
sv-tests	tests/chapter-18/18.17.2--if-else-production-statements_0.sv	pass	must_accept	match	sv-tests: positive test
sv-tests	tests/chapter-18/18.17.2--if-else-production-statements_0_fail.sv	pass	must_accept	match	sv-tests: :should_fail_because: at post-parse stage(s) (elaboration) - syntax itself is valid
sv-tests	tests/chapter-18/18.17.2--if-else-production-statements_2.sv	pass	must_accept	match	sv-tests: positive test
sv-tests	tests/chapter-18/18.17.2--if-else-production-statements_2_fail.sv	pass	must_accept	match	sv-tests: :should_fail_because: at post-parse stage(s) (elaboration) - syntax itself is valid
sv-tests	tests/chapter-18/18.17.3--case-production-statements_0.sv	pass	must_accept	match	sv-tests: positive test
sv-tests	tests/chapter-18/18.17.3--case-production-statements_0_fail.sv	pass	must_accept	match	sv-tests: :should_fail_because: at post-parse stage(s) (elaboration) - syntax itself is valid
sv-tests	tests/chapter-18/18.17.4--repeat-production-statements_0.sv	pass	must_accept	match	sv-tests: positive test
sv-tests	tests/chapter-18/18.17.5--interleaving-productions-rand-join_0.sv	pass	must_accept	match	sv-tests: positive test
sv-tests	tests/chapter-18/18.17.5--interleaving-productions-rand-join_2.sv	pass	must_accept	match	sv-tests: positive test
sv-tests	tests/chapter-18/18.17.6--aborting-productions-break-and-return_0.sv	pass	must_accept	match	sv-tests: positive test
sv-tests	tests/chapter-18/18.17.6--aborting-productions-break-and-return_2.sv	pass	must_accept	match	sv-tests: positive test
sv-tests	tests/chapter-18/18.17.6--aborting-productions-break-and-return_2_fail.sv	pass	must_accept	match	sv-tests: :should_fail_because: at post-parse stage(s) (elaboration) - syntax itself is valid
sv-tests	tests/chapter-18/18.17.7--value-passing-between-productions_0.sv	pass	must_accept	match	sv-tests: positive test
sv-tests	tests/chapter-18/18.4.1--rand-modifier.sv	pass	must_accept	match	sv-tests: positive test
sv-tests	tests/chapter-18/18.4.2--randc-modifier.sv	pass	must_accept	match	sv-tests: positive test
sv-tests	tests/chapter-18/18.5--constraint-blocks_0.sv	pass	must_accept	match	sv-tests: positive test
sv-tests	tests/chapter-18/18.5--constraint-blocks_1.sv	fail	must_accept	divergence:explained_svpp_include	sv-tests: positive test
sv-tests	tests/chapter-18/18.5.1--explicit-external-constraint_0.sv	pass	must_accept	match	sv-tests: positive test
sv-tests	tests/chapter-18/18.5.1--explicit-external-constraint_1.sv	pass	must_accept	match	sv-tests: :should_fail_because: at post-parse stage(s) (elaboration simulation) - syntax itself is valid
sv-tests	tests/chapter-18/18.5.1--explicit-external-constraint_2.sv	fail	must_accept	divergence:explained_svpp_include	sv-tests: positive test
sv-tests	tests/chapter-18/18.5.1--implicit-external-constraint_0.sv	pass	must_accept	match	sv-tests: positive test
sv-tests	tests/chapter-18/18.5.1--implicit-external-constraint_1.sv	pass	must_accept	match	sv-tests: positive test
sv-tests	tests/chapter-18/18.5.1--implicit-external-constraint_2.sv	fail	must_accept	divergence:explained_svpp_include	sv-tests: positive test
sv-tests	tests/chapter-18/18.5.10--variable-ordering_0.sv	pass	must_accept	match	sv-tests: positive test
sv-tests	tests/chapter-18/18.5.10--variable-ordering_1.sv	pass	must_accept	match	sv-tests: :should_fail_because: at post-parse stage(s) (elaboration simulation) - syntax itself is valid
sv-tests	tests/chapter-18/18.5.11--static-constraint-blocks_0.sv	pass	must_accept	match	sv-tests: positive test
sv-tests	tests/chapter-18/18.5.11--static-constraint-blocks_1.sv	fail	must_accept	divergence:explained_svpp_include	sv-tests: positive test
sv-tests	tests/chapter-18/18.5.12--functions-in-constraint_0.sv	pass	must_accept	match	sv-tests: positive test
sv-tests	tests/chapter-18/18.5.12--functions-in-constraint_1.sv	fail	must_accept	divergence:explained_svpp_include	sv-tests: positive test
sv-tests	tests/chapter-18/18.5.13--constraint-guards_0.sv	pass	must_accept	match	sv-tests: positive test
sv-tests	tests/chapter-18/18.5.13--constraint-guards_1.sv	fail	must_accept	divergence:explained_svpp_include	sv-tests: positive test
sv-tests	tests/chapter-18/18.5.14--soft-constraints_0.sv	pass	must_accept	match	sv-tests: positive test
sv-tests	tests/chapter-18/18.5.14--soft-constraints_1.sv	fail	must_accept	divergence:explained_svpp_include	sv-tests: positive test
sv-tests	tests/chapter-18/18.5.14--soft-constraints_2.sv	pass	must_accept	match	sv-tests: :should_fail_because: at post-parse stage(s) (elaboration simulation) - syntax itself is valid
sv-tests	tests/chapter-18/18.5.14.1--soft-constraint-priorities_0.sv	pass	must_accept	match	sv-tests: positive test
sv-tests	tests/chapter-18/18.5.14.1--soft-constraint-priorities_1.sv	fail	must_accept	divergence:explained_svpp_include	sv-tests: positive test
sv-tests	tests/chapter-18/18.5.14.1--soft-constraint-priorities_2.sv	pass	must_accept	match	sv-tests: positive test
sv-tests	tests/chapter-18/18.5.14.1--soft-constraint-priorities_3.sv	fail	must_accept	divergence:explained_svpp_include	sv-tests: positive test
sv-tests	tests/chapter-18/18.5.14.1--soft-constraint-priorities_4.sv	fail	must_accept	divergence:explained_svpp_include	sv-tests: positive test
sv-tests	tests/chapter-18/18.5.14.2--discarding-soft-constraints_0.sv	pass	must_accept	match	sv-tests: positive test
sv-tests	tests/chapter-18/18.5.14.2--discarding-soft-constraints_1.sv	fail	must_accept	divergence:explained_svpp_include	sv-tests: positive test
sv-tests	tests/chapter-18/18.5.14.2--discarding-soft-constraints_2.sv	pass	must_accept	match	sv-tests: positive test
sv-tests	tests/chapter-18/18.5.14.2--discarding-soft-constraints_3.sv	fail	must_accept	divergence:explained_svpp_include	sv-tests: positive test
sv-tests	tests/chapter-18/18.5.14.2--discarding-soft-constraints_5.sv	fail	must_accept	divergence:explained_svpp_include	sv-tests: positive test
sv-tests	tests/chapter-18/18.5.2--constraint-inheritance_0.sv	pass	must_accept	match	sv-tests: positive test
sv-tests	tests/chapter-18/18.5.2--constraint-inheritance_1.sv	fail	must_accept	divergence:explained_svpp_include	sv-tests: positive test
sv-tests	tests/chapter-18/18.5.2--pure-constraint_0.sv	pass	must_accept	match	sv-tests: positive test
sv-tests	tests/chapter-18/18.5.2--pure-constraint_1.sv	fail	must_accept	divergence:explained_svpp_include	sv-tests: positive test
sv-tests	tests/chapter-18/18.5.2--pure-constraint_2.sv	pass	must_accept	match	sv-tests: :should_fail_because: at post-parse stage(s) (elaboration simulation) - syntax itself is valid
sv-tests	tests/chapter-18/18.5.2--pure-constraint_3.sv	pass	must_accept	match	sv-tests: positive test
sv-tests	tests/chapter-18/18.5.3--set-membership_0.sv	pass	must_accept	match	sv-tests: positive test
sv-tests	tests/chapter-18/18.5.3--set-membership_1.sv	fail	must_accept	divergence:explained_svpp_include	sv-tests: positive test
sv-tests	tests/chapter-18/18.5.4--distribution_0.sv	fail	must_accept	divergence:unexplained_rejects_valid	sv-tests: positive test
sv-tests	tests/chapter-18/18.5.4--distribution_1.sv	fail	must_accept	divergence:explained_svpp_include	sv-tests: positive test
sv-tests	tests/chapter-18/18.5.4--distribution_2.sv	fail	must_accept	divergence:unexplained_rejects_valid	sv-tests: :should_fail_because: at post-parse stage(s) (elaboration simulation) - syntax itself is valid
sv-tests	tests/chapter-18/18.5.5--uniqueness-constraints_0.sv	pass	must_accept	match	sv-tests: positive test
sv-tests	tests/chapter-18/18.5.5--uniqueness-constraints_1.sv	fail	must_accept	divergence:explained_svpp_include	sv-tests: positive test
sv-tests	tests/chapter-18/18.5.6--implication_0.sv	pass	must_accept	match	sv-tests: positive test
sv-tests	tests/chapter-18/18.5.6--implication_1.sv	fail	must_accept	divergence:explained_svpp_include	sv-tests: positive test
sv-tests	tests/chapter-18/18.5.7--if-else-constraints_0.sv	pass	must_accept	match	sv-tests: positive test
sv-tests	tests/chapter-18/18.5.7--if-else-constraints_1.sv	pass	must_accept	match	sv-tests: positive test
sv-tests	tests/chapter-18/18.5.7--if-else-constraints_2.sv	pass	must_accept	match	sv-tests: positive test
sv-tests	tests/chapter-18/18.5.7--if-else-constraints_3.sv	pass	must_accept	match	sv-tests: positive test
sv-tests	tests/chapter-18/18.5.7--if-else-constraints_4.sv	fail	must_accept	divergence:explained_svpp_include	sv-tests: positive test
sv-tests	tests/chapter-18/18.5.8.1--foreach-iterative-constraints_0.sv	pass	must_accept	match	sv-tests: positive test
sv-tests	tests/chapter-18/18.5.8.1--foreach-iterative-constraints_1.sv	fail	must_accept	divergence:explained_svpp_include	sv-tests: positive test
sv-tests	tests/chapter-18/18.5.8.2--array-reduction-iterative-constraints_0.sv	pass	must_accept	match	sv-tests: positive test
sv-tests	tests/chapter-18/18.5.8.2--array-reduction-iterative-constraints_1.sv	fail	must_accept	divergence:explained_svpp_include	sv-tests: positive test
sv-tests	tests/chapter-18/18.5.9--global-constraints_0.sv	pass	must_accept	match	sv-tests: positive test
sv-tests	tests/chapter-18/18.5.9--global-constraints_1.sv	fail	must_accept	divergence:explained_svpp_include	sv-tests: positive test
sv-tests	tests/chapter-18/18.6.1--randomize-method_0.sv	fail	must_accept	divergence:explained_svpp_include	sv-tests: positive test
sv-tests	tests/chapter-18/18.6.2--post-randomize_method_0.sv	pass	must_accept	match	sv-tests: positive test
sv-tests	tests/chapter-18/18.6.2--post-randomize_method_1.sv	fail	must_accept	divergence:explained_svpp_include	sv-tests: positive test
sv-tests	tests/chapter-18/18.6.2--pre-randomize-method_0.sv	pass	must_accept	match	sv-tests: positive test
sv-tests	tests/chapter-18/18.6.2--pre-randomize-method_1.sv	fail	must_accept	divergence:explained_svpp_include	sv-tests: positive test
sv-tests	tests/chapter-18/18.6.3--behavior-of-randomization-methods_0.sv	pass	must_accept	match	sv-tests: positive test
sv-tests	tests/chapter-18/18.6.3--behavior-of-randomization-methods_1.sv	fail	must_accept	divergence:explained_svpp_include	sv-tests: positive test
sv-tests	tests/chapter-18/18.6.3--behavior-of-randomization-methods_2.sv	fail	must_accept	divergence:explained_svpp_include	sv-tests: positive test
sv-tests	tests/chapter-18/18.6.3--behavior-of-randomization-methods_3.sv	fail	must_accept	divergence:explained_svpp_include	sv-tests: positive test
sv-tests	tests/chapter-18/18.6.3--behavior-of-randomization-methods_4.sv	pass	must_accept	match	sv-tests: :should_fail_because: at post-parse stage(s) (elaboration simulation) - syntax itself is valid
sv-tests	tests/chapter-18/18.6.3--behavior-of-randomization-methods_5.sv	fail	must_accept	divergence:explained_svpp_include	sv-tests: :should_fail_because: at post-parse stage(s) (elaboration simulation) - syntax itself is valid
sv-tests	tests/chapter-18/18.7--in-line-constraints--randomize_0.sv	fail	must_accept	divergence:explained_svpp_include	sv-tests: positive test
sv-tests	tests/chapter-18/18.7--in-line-constraints--randomize_1.sv	pass	must_accept	match	sv-tests: positive test
sv-tests	tests/chapter-18/18.7--in-line-constraints--randomize_2.sv	fail	must_accept	divergence:explained_svpp_include	sv-tests: positive test
sv-tests	tests/chapter-18/18.7--in-line-constraints--randomize_3.sv	pass	must_accept	match	sv-tests: positive test
sv-tests	tests/chapter-18/18.7--in-line-constraints--randomize_4.sv	fail	must_accept	divergence:explained_svpp_include	sv-tests: positive test
sv-tests	tests/chapter-18/18.7--in-line-constraints--randomize_5.sv	pass	must_accept	match	sv-tests: positive test
sv-tests	tests/chapter-18/18.7--in-line-constraints--randomize_6.sv	fail	must_accept	divergence:explained_svpp_include	sv-tests: positive test
sv-tests	tests/chapter-18/18.7.1--local-scope-resolution_0.sv	pass	must_accept	match	sv-tests: positive test
sv-tests	tests/chapter-18/18.7.1--local-scope-resolution_1.sv	fail	must_accept	divergence:explained_svpp_include	sv-tests: positive test
sv-tests	tests/chapter-18/18.8--disabling-random-variables-with-rand_mode_0.sv	fail	must_accept	divergence:explained_svpp_include	sv-tests: positive test
sv-tests	tests/chapter-18/18.8--disabling-random-variables-with-rand_mode_1.sv	fail	must_accept	divergence:explained_svpp_include	sv-tests: positive test
sv-tests	tests/chapter-18/18.8--disabling-random-variables-with-rand_mode_2.sv	fail	must_accept	divergence:explained_svpp_include	sv-tests: positive test
sv-tests	tests/chapter-18/18.8--disabling-random-variables-with-rand_mode_3.sv	fail	must_accept	divergence:explained_svpp_include	sv-tests: positive test
sv-tests	tests/chapter-18/18.8--disabling-random-variables-with-rand_mode_4.sv	pass	must_accept	match	sv-tests: :should_fail_because: at post-parse stage(s) (elaboration simulation) - syntax itself is valid
sv-tests	tests/chapter-18/18.8--disabling-random-variables-with-rand_mode_5.sv	fail	must_accept	divergence:explained_svpp_include	sv-tests: :should_fail_because: at post-parse stage(s) (elaboration simulation) - syntax itself is valid
sv-tests	tests/chapter-18/18.9--controlling-constraints-with-constraint_mode_0.sv	fail	must_accept	divergence:explained_svpp_include	sv-tests: positive test
sv-tests	tests/chapter-18/18.9--controlling-constraints-with-constraint_mode_1.sv	pass	must_accept	match	sv-tests: :should_fail_because: at post-parse stage(s) (elaboration simulation) - syntax itself is valid
sv-tests	tests/chapter-18/18.9--controlling-constraints-with-constraint_mode_2.sv	fail	must_accept	divergence:explained_svpp_include	sv-tests: :should_fail_because: at post-parse stage(s) (elaboration simulation) - syntax itself is valid
sv-tests	tests/chapter-20/20.10--error.sv	pass	must_accept	match	sv-tests: positive test
sv-tests	tests/chapter-20/20.10--fatal.sv	pass	must_accept	match	sv-tests: positive test
sv-tests	tests/chapter-20/20.10--info.sv	pass	must_accept	match	sv-tests: positive test
sv-tests	tests/chapter-20/20.10--warning.sv	pass	must_accept	match	sv-tests: positive test
sv-tests	tests/chapter-20/20.14--coverage.sv	fail	must_accept	divergence:explained_svpp_macro_use	sv-tests: positive test
sv-tests	tests/chapter-20/20.15--dist_chi_square.sv	pass	must_accept	match	sv-tests: positive test
sv-tests	tests/chapter-20/20.15--dist_erlang.sv	pass	must_accept	match	sv-tests: positive test
sv-tests	tests/chapter-20/20.15--dist_exponential.sv	pass	must_accept	match	sv-tests: positive test
sv-tests	tests/chapter-20/20.15--dist_normal.sv	pass	must_accept	match	sv-tests: positive test
sv-tests	tests/chapter-20/20.15--dist_poisson.sv	pass	must_accept	match	sv-tests: positive test
sv-tests	tests/chapter-20/20.15--dist_t.sv	pass	must_accept	match	sv-tests: positive test
sv-tests	tests/chapter-20/20.15--dist_uniform.sv	pass	must_accept	match	sv-tests: positive test
sv-tests	tests/chapter-20/20.15--random.sv	pass	must_accept	match	sv-tests: positive test
sv-tests	tests/chapter-20/20.2--exit.sv	pass	must_accept	match	sv-tests: positive test
sv-tests	tests/chapter-20/20.2--finish.sv	pass	must_accept	match	sv-tests: positive test
sv-tests	tests/chapter-20/20.2--stop.sv	pass	must_accept	match	sv-tests: positive test
sv-tests	tests/chapter-20/20.3--realtime.sv	pass	must_accept	match	sv-tests: positive test
sv-tests	tests/chapter-20/20.3--stime.sv	pass	must_accept	match	sv-tests: positive test
sv-tests	tests/chapter-20/20.3--time.sv	pass	must_accept	match	sv-tests: positive test
sv-tests	tests/chapter-20/20.4--printtimescale-hier.sv	pass	must_accept	match	sv-tests: positive test
sv-tests	tests/chapter-20/20.4--printtimescale.sv	pass	must_accept	match	sv-tests: positive test
sv-tests	tests/chapter-20/20.4--timeformat.sv	pass	must_accept	match	sv-tests: positive test
sv-tests	tests/chapter-20/20.5--itor.sv	pass	must_accept	match	sv-tests: positive test
sv-tests	tests/chapter-20/20.5--real-bits-conv.sv	pass	must_accept	match	sv-tests: positive test
sv-tests	tests/chapter-20/20.5--rtoi.sv	pass	must_accept	match	sv-tests: positive test
sv-tests	tests/chapter-20/20.5--shortreal-bits-conv.sv	pass	must_accept	match	sv-tests: positive test
sv-tests	tests/chapter-20/20.6--bits.sv	pass	must_accept	match	sv-tests: positive test
sv-tests	tests/chapter-20/20.6--bits_type.sv	pass	must_accept	match	sv-tests: positive test
sv-tests	tests/chapter-20/20.6--isunbounded.sv	pass	must_accept	match	sv-tests: positive test
sv-tests	tests/chapter-20/20.6--typename.sv	pass	must_accept	match	sv-tests: positive test
sv-tests	tests/chapter-20/20.6--typename_type.sv	pass	must_accept	match	sv-tests: positive test
sv-tests	tests/chapter-20/20.7--array-queries-multi-dim.sv	pass	must_accept	match	sv-tests: positive test
sv-tests	tests/chapter-20/20.7--array-queries.sv	pass	must_accept	match	sv-tests: positive test
sv-tests	tests/chapter-20/20.8--atan2.sv	pass	must_accept	match	sv-tests: positive test
sv-tests	tests/chapter-20/20.8--ceil.sv	pass	must_accept	match	sv-tests: positive test
sv-tests	tests/chapter-20/20.8--clog2.sv	pass	must_accept	match	sv-tests: positive test
sv-tests	tests/chapter-20/20.8--exp.sv	pass	must_accept	match	sv-tests: positive test
sv-tests	tests/chapter-20/20.8--floor.sv	pass	must_accept	match	sv-tests: positive test
sv-tests	tests/chapter-20/20.8--hypot.sv	pass	must_accept	match	sv-tests: positive test
sv-tests	tests/chapter-20/20.8--ln.sv	pass	must_accept	match	sv-tests: positive test
sv-tests	tests/chapter-20/20.8--log10.sv	pass	must_accept	match	sv-tests: positive test
sv-tests	tests/chapter-20/20.8--pow.sv	pass	must_accept	match	sv-tests: positive test
sv-tests	tests/chapter-20/20.8--sqrt.sv	pass	must_accept	match	sv-tests: positive test
sv-tests	tests/chapter-20/20.9--countbits.sv	pass	must_accept	match	sv-tests: positive test
sv-tests	tests/chapter-20/20.9--isunknown.sv	pass	must_accept	match	sv-tests: positive test
sv-tests	tests/chapter-20/20.9--onehot.sv	pass	must_accept	match	sv-tests: positive test
sv-tests	tests/chapter-20/20.9--onehot0.sv	pass	must_accept	match	sv-tests: positive test
sv-tests	tests/chapter-21/21.2--display-boh.sv	pass	must_accept	match	sv-tests: positive test
sv-tests	tests/chapter-21/21.2--display.sv	pass	must_accept	match	sv-tests: positive test
sv-tests	tests/chapter-21/21.2--monitor.sv	pass	must_accept	match	sv-tests: positive test
sv-tests	tests/chapter-21/21.2--strobe.sv	pass	must_accept	match	sv-tests: positive test
sv-tests	tests/chapter-21/21.2--write-boh.sv	pass	must_accept	match	sv-tests: positive test
sv-tests	tests/chapter-21/21.2--write.sv	pass	must_accept	match	sv-tests: positive test
sv-tests	tests/chapter-21/21.3--fdisplay-boh.sv	pass	must_accept	match	sv-tests: positive test
sv-tests	tests/chapter-21/21.3--fdisplay.sv	pass	must_accept	match	sv-tests: positive test
sv-tests	tests/chapter-21/21.3--feof.sv	pass	must_accept	match	sv-tests: positive test
sv-tests	tests/chapter-21/21.3--ferror.sv	pass	must_accept	match	sv-tests: positive test
sv-tests	tests/chapter-21/21.3--fflush.sv	pass	must_accept	match	sv-tests: positive test
sv-tests	tests/chapter-21/21.3--fgetc.sv	pass	must_accept	match	sv-tests: positive test
sv-tests	tests/chapter-21/21.3--fgets.sv	pass	must_accept	match	sv-tests: positive test
sv-tests	tests/chapter-21/21.3--file.sv	pass	must_accept	match	sv-tests: positive test
sv-tests	tests/chapter-21/21.3--fmonitor.sv	pass	must_accept	match	sv-tests: positive test
sv-tests	tests/chapter-21/21.3--fpos.sv	pass	must_accept	match	sv-tests: positive test
sv-tests	tests/chapter-21/21.3--fread.sv	pass	must_accept	match	sv-tests: positive test
sv-tests	tests/chapter-21/21.3--fscanf.sv	pass	must_accept	match	sv-tests: positive test
sv-tests	tests/chapter-21/21.3--fstrobe.sv	pass	must_accept	match	sv-tests: positive test
sv-tests	tests/chapter-21/21.3--fwrite-boh.sv	pass	must_accept	match	sv-tests: positive test
sv-tests	tests/chapter-21/21.3--fwrite.sv	pass	must_accept	match	sv-tests: positive test
sv-tests	tests/chapter-21/21.3--sscanf.sv	pass	must_accept	match	sv-tests: positive test
sv-tests	tests/chapter-21/21.3--ungetc.sv	pass	must_accept	match	sv-tests: positive test
sv-tests	tests/chapter-21/21.4--readmemb.sv	pass	must_accept	match	sv-tests: positive test
sv-tests	tests/chapter-21/21.4--readmemh.sv	pass	must_accept	match	sv-tests: positive test
sv-tests	tests/chapter-21/21.6--test.sv	pass	must_accept	match	sv-tests: positive test
sv-tests	tests/chapter-21/21.6--value.sv	pass	must_accept	match	sv-tests: positive test
sv-tests	tests/chapter-21/21.7--dumpfile.sv	pass	must_accept	match	sv-tests: positive test
sv-tests	tests/chapter-21/21.7--dumpports.sv	pass	must_accept	match	sv-tests: positive test
sv-tests	tests/chapter-22/22.10--celldefine-basic-1.sv	pass	out_of_scope_with_cause	deferred:svpp_owned	sv-tests: :type: includes preprocessing - svpp-owned conformance (SVPP-EXPANSION lane)
sv-tests	tests/chapter-22/22.10--celldefine-basic-2.sv	pass	out_of_scope_with_cause	deferred:svpp_owned	sv-tests: :type: includes preprocessing - svpp-owned conformance (SVPP-EXPANSION lane)
sv-tests	tests/chapter-22/22.11--pragma-basic.sv	pass	out_of_scope_with_cause	deferred:svpp_owned	sv-tests: :type: includes preprocessing - svpp-owned conformance (SVPP-EXPANSION lane)
sv-tests	tests/chapter-22/22.11--pragma-complex.sv	pass	out_of_scope_with_cause	deferred:svpp_owned	sv-tests: :type: includes preprocessing - svpp-owned conformance (SVPP-EXPANSION lane)
sv-tests	tests/chapter-22/22.11--pragma-invalid.sv	pass	out_of_scope_with_cause	deferred:svpp_owned	sv-tests: :type: includes preprocessing - svpp-owned conformance (SVPP-EXPANSION lane)
sv-tests	tests/chapter-22/22.11--pragma-nested.sv	pass	out_of_scope_with_cause	deferred:svpp_owned	sv-tests: :type: includes preprocessing - svpp-owned conformance (SVPP-EXPANSION lane)
sv-tests	tests/chapter-22/22.11--pragma-number-multi.sv	pass	out_of_scope_with_cause	deferred:svpp_owned	sv-tests: :type: includes preprocessing - svpp-owned conformance (SVPP-EXPANSION lane)
sv-tests	tests/chapter-22/22.11--pragma-number.sv	pass	out_of_scope_with_cause	deferred:svpp_owned	sv-tests: :type: includes preprocessing - svpp-owned conformance (SVPP-EXPANSION lane)
sv-tests	tests/chapter-22/22.12--line-basic.sv	pass	out_of_scope_with_cause	deferred:svpp_owned	sv-tests: :type: includes preprocessing - svpp-owned conformance (SVPP-EXPANSION lane)
sv-tests	tests/chapter-22/22.12--line-complex.sv	pass	out_of_scope_with_cause	deferred:svpp_owned	sv-tests: :type: includes preprocessing - svpp-owned conformance (SVPP-EXPANSION lane)
sv-tests	tests/chapter-22/22.12--line-illegal-1.sv	pass	out_of_scope_with_cause	deferred:svpp_owned	sv-tests: :type: includes preprocessing - svpp-owned conformance (SVPP-EXPANSION lane)
sv-tests	tests/chapter-22/22.12--line-illegal-2.sv	pass	out_of_scope_with_cause	deferred:svpp_owned	sv-tests: :type: includes preprocessing - svpp-owned conformance (SVPP-EXPANSION lane)
sv-tests	tests/chapter-22/22.12--line-illegal-3.sv	pass	out_of_scope_with_cause	deferred:svpp_owned	sv-tests: :type: includes preprocessing - svpp-owned conformance (SVPP-EXPANSION lane)
sv-tests	tests/chapter-22/22.12--line-illegal-4.sv	pass	out_of_scope_with_cause	deferred:svpp_owned	sv-tests: :type: includes preprocessing - svpp-owned conformance (SVPP-EXPANSION lane)
sv-tests	tests/chapter-22/22.12--line-illegal-5.sv	pass	out_of_scope_with_cause	deferred:svpp_owned	sv-tests: :type: includes preprocessing - svpp-owned conformance (SVPP-EXPANSION lane)
sv-tests	tests/chapter-22/22.3--resetall_basic.sv	pass	out_of_scope_with_cause	deferred:svpp_owned	sv-tests: :type: includes preprocessing - svpp-owned conformance (SVPP-EXPANSION lane)
sv-tests	tests/chapter-22/22.3--resetall_illegal.sv	fail	out_of_scope_with_cause	deferred:svpp_owned	sv-tests: :type: includes preprocessing - svpp-owned conformance (SVPP-EXPANSION lane)
sv-tests	tests/chapter-22/22.3--resetall_multiple.sv	pass	out_of_scope_with_cause	deferred:svpp_owned	sv-tests: :type: includes preprocessing - svpp-owned conformance (SVPP-EXPANSION lane)
sv-tests	tests/chapter-22/22.4--check_included_definitions.sv	fail	out_of_scope_with_cause	deferred:svpp_owned	sv-tests: :type: includes preprocessing - svpp-owned conformance (SVPP-EXPANSION lane)
sv-tests	tests/chapter-22/22.4--include_basic.sv	pass	out_of_scope_with_cause	deferred:svpp_owned	sv-tests: :type: includes preprocessing - svpp-owned conformance (SVPP-EXPANSION lane)
sv-tests	tests/chapter-22/22.4--include_basic_rpath.sv	pass	out_of_scope_with_cause	deferred:svpp_owned	sv-tests: :type: includes preprocessing - svpp-owned conformance (SVPP-EXPANSION lane)
sv-tests	tests/chapter-22/22.4--include_from_other_directory.sv	pass	out_of_scope_with_cause	deferred:svpp_owned	sv-tests: :type: includes preprocessing - svpp-owned conformance (SVPP-EXPANSION lane)
sv-tests	tests/chapter-22/22.4--include_via_define.sv	pass	out_of_scope_with_cause	deferred:svpp_owned	sv-tests: :type: includes preprocessing - svpp-owned conformance (SVPP-EXPANSION lane)
sv-tests	tests/chapter-22/22.4--include_with_comment.sv	pass	out_of_scope_with_cause	deferred:svpp_owned	sv-tests: :type: includes preprocessing - svpp-owned conformance (SVPP-EXPANSION lane)
sv-tests	tests/chapter-22/22.5.1--define-expansion_1.sv	fail	out_of_scope_with_cause	deferred:svpp_owned	sv-tests: :type: includes preprocessing - svpp-owned conformance (SVPP-EXPANSION lane)
sv-tests	tests/chapter-22/22.5.1--define-expansion_10.sv	fail	out_of_scope_with_cause	deferred:svpp_owned	sv-tests: :type: includes preprocessing - svpp-owned conformance (SVPP-EXPANSION lane)
sv-tests	tests/chapter-22/22.5.1--define-expansion_11.sv	fail	out_of_scope_with_cause	deferred:svpp_owned	sv-tests: :type: includes preprocessing - svpp-owned conformance (SVPP-EXPANSION lane)
sv-tests	tests/chapter-22/22.5.1--define-expansion_12.sv	fail	out_of_scope_with_cause	deferred:svpp_owned	sv-tests: :type: includes preprocessing - svpp-owned conformance (SVPP-EXPANSION lane)
sv-tests	tests/chapter-22/22.5.1--define-expansion_13.sv	fail	out_of_scope_with_cause	deferred:svpp_owned	sv-tests: :type: includes preprocessing - svpp-owned conformance (SVPP-EXPANSION lane)
sv-tests	tests/chapter-22/22.5.1--define-expansion_14.sv	fail	out_of_scope_with_cause	deferred:svpp_owned	sv-tests: :type: includes preprocessing - svpp-owned conformance (SVPP-EXPANSION lane)
sv-tests	tests/chapter-22/22.5.1--define-expansion_15.sv	fail	out_of_scope_with_cause	deferred:svpp_owned	sv-tests: :type: includes preprocessing - svpp-owned conformance (SVPP-EXPANSION lane)
sv-tests	tests/chapter-22/22.5.1--define-expansion_16.sv	fail	out_of_scope_with_cause	deferred:svpp_owned	sv-tests: :type: includes preprocessing - svpp-owned conformance (SVPP-EXPANSION lane)
sv-tests	tests/chapter-22/22.5.1--define-expansion_17.sv	fail	out_of_scope_with_cause	deferred:svpp_owned	sv-tests: :type: includes preprocessing - svpp-owned conformance (SVPP-EXPANSION lane)
sv-tests	tests/chapter-22/22.5.1--define-expansion_18.sv	fail	out_of_scope_with_cause	deferred:svpp_owned	sv-tests: :type: includes preprocessing - svpp-owned conformance (SVPP-EXPANSION lane)
sv-tests	tests/chapter-22/22.5.1--define-expansion_19.sv	fail	out_of_scope_with_cause	deferred:svpp_owned	sv-tests: :type: includes preprocessing - svpp-owned conformance (SVPP-EXPANSION lane)
sv-tests	tests/chapter-22/22.5.1--define-expansion_2.sv	fail	out_of_scope_with_cause	deferred:svpp_owned	sv-tests: :type: includes preprocessing - svpp-owned conformance (SVPP-EXPANSION lane)
sv-tests	tests/chapter-22/22.5.1--define-expansion_20.sv	fail	out_of_scope_with_cause	deferred:svpp_owned	sv-tests: :type: includes preprocessing - svpp-owned conformance (SVPP-EXPANSION lane)
sv-tests	tests/chapter-22/22.5.1--define-expansion_21.sv	fail	out_of_scope_with_cause	deferred:svpp_owned	sv-tests: :type: includes preprocessing - svpp-owned conformance (SVPP-EXPANSION lane)
sv-tests	tests/chapter-22/22.5.1--define-expansion_22.sv	pass	out_of_scope_with_cause	deferred:svpp_owned	sv-tests: :type: includes preprocessing - svpp-owned conformance (SVPP-EXPANSION lane)
sv-tests	tests/chapter-22/22.5.1--define-expansion_23.sv	pass	out_of_scope_with_cause	deferred:svpp_owned	sv-tests: :type: includes preprocessing - svpp-owned conformance (SVPP-EXPANSION lane)
sv-tests	tests/chapter-22/22.5.1--define-expansion_24.sv	fail	out_of_scope_with_cause	deferred:svpp_owned	sv-tests: :type: includes preprocessing - svpp-owned conformance (SVPP-EXPANSION lane)
sv-tests	tests/chapter-22/22.5.1--define-expansion_25.sv	fail	out_of_scope_with_cause	deferred:svpp_owned	sv-tests: :type: includes preprocessing - svpp-owned conformance (SVPP-EXPANSION lane)
sv-tests	tests/chapter-22/22.5.1--define-expansion_26.sv	fail	out_of_scope_with_cause	deferred:svpp_owned	sv-tests: :type: includes preprocessing - svpp-owned conformance (SVPP-EXPANSION lane)
sv-tests	tests/chapter-22/22.5.1--define-expansion_3.sv	fail	out_of_scope_with_cause	deferred:svpp_owned	sv-tests: :type: includes preprocessing - svpp-owned conformance (SVPP-EXPANSION lane)
sv-tests	tests/chapter-22/22.5.1--define-expansion_4.sv	fail	out_of_scope_with_cause	deferred:svpp_owned	sv-tests: :type: includes preprocessing - svpp-owned conformance (SVPP-EXPANSION lane)
sv-tests	tests/chapter-22/22.5.1--define-expansion_5.sv	fail	out_of_scope_with_cause	deferred:svpp_owned	sv-tests: :type: includes preprocessing - svpp-owned conformance (SVPP-EXPANSION lane)
sv-tests	tests/chapter-22/22.5.1--define-expansion_6.sv	fail	out_of_scope_with_cause	deferred:svpp_owned	sv-tests: :type: includes preprocessing - svpp-owned conformance (SVPP-EXPANSION lane)
sv-tests	tests/chapter-22/22.5.1--define-expansion_7.sv	pass	out_of_scope_with_cause	deferred:svpp_owned	sv-tests: :type: includes preprocessing - svpp-owned conformance (SVPP-EXPANSION lane)
sv-tests	tests/chapter-22/22.5.1--define-expansion_8.sv	pass	out_of_scope_with_cause	deferred:svpp_owned	sv-tests: :type: includes preprocessing - svpp-owned conformance (SVPP-EXPANSION lane)
sv-tests	tests/chapter-22/22.5.1--define-expansion_9.sv	fail	out_of_scope_with_cause	deferred:svpp_owned	sv-tests: :type: includes preprocessing - svpp-owned conformance (SVPP-EXPANSION lane)
sv-tests	tests/chapter-22/22.5.1--define.sv	pass	out_of_scope_with_cause	deferred:svpp_owned	sv-tests: :type: includes preprocessing - svpp-owned conformance (SVPP-EXPANSION lane)
sv-tests	tests/chapter-22/22.5.1--define_and_resetall.sv	fail	out_of_scope_with_cause	deferred:svpp_owned	sv-tests: :type: includes preprocessing - svpp-owned conformance (SVPP-EXPANSION lane)
sv-tests	tests/chapter-22/22.5.1--include-define-expansion.sv	pass	out_of_scope_with_cause	deferred:svpp_owned	sv-tests: :type: includes preprocessing - svpp-owned conformance (SVPP-EXPANSION lane)
sv-tests	tests/chapter-22/22.5.2--undef-basic.sv	pass	out_of_scope_with_cause	deferred:svpp_owned	sv-tests: :type: includes preprocessing - svpp-owned conformance (SVPP-EXPANSION lane)
sv-tests	tests/chapter-22/22.5.2--undef-nonexisting.sv	pass	out_of_scope_with_cause	deferred:svpp_owned	sv-tests: :type: includes preprocessing - svpp-owned conformance (SVPP-EXPANSION lane)
sv-tests	tests/chapter-22/22.5.3--undefineall-and-redefine.sv	pass	out_of_scope_with_cause	deferred:svpp_owned	sv-tests: :type: includes preprocessing - svpp-owned conformance (SVPP-EXPANSION lane)
sv-tests	tests/chapter-22/22.5.3--undefineall-basic.sv	pass	out_of_scope_with_cause	deferred:svpp_owned	sv-tests: :type: includes preprocessing - svpp-owned conformance (SVPP-EXPANSION lane)
sv-tests	tests/chapter-22/22.6--ifdef-behavioral.sv	fail	out_of_scope_with_cause	deferred:svpp_owned	sv-tests: :type: includes preprocessing - svpp-owned conformance (SVPP-EXPANSION lane)
sv-tests	tests/chapter-22/22.6--ifdef-chained-nested.sv	fail	out_of_scope_with_cause	deferred:svpp_owned	sv-tests: :type: includes preprocessing - svpp-owned conformance (SVPP-EXPANSION lane)
sv-tests	tests/chapter-22/22.6--ifdef-nested.sv	fail	out_of_scope_with_cause	deferred:svpp_owned	sv-tests: :type: includes preprocessing - svpp-owned conformance (SVPP-EXPANSION lane)
sv-tests	tests/chapter-22/22.7--timescale-basic-1.sv	pass	out_of_scope_with_cause	deferred:svpp_owned	sv-tests: :type: includes preprocessing - svpp-owned conformance (SVPP-EXPANSION lane)
sv-tests	tests/chapter-22/22.7--timescale-basic-2.sv	pass	out_of_scope_with_cause	deferred:svpp_owned	sv-tests: :type: includes preprocessing - svpp-owned conformance (SVPP-EXPANSION lane)
sv-tests	tests/chapter-22/22.7--timescale-basic-3.sv	pass	must_accept	match	sv-tests: :should_fail_because: at post-parse stage(s) (elaboration simulation) - syntax itself is valid
sv-tests	tests/chapter-22/22.7--timescale-basic-4.sv	pass	must_accept	match	sv-tests: :should_fail_because: at post-parse stage(s) (elaboration simulation) - syntax itself is valid
sv-tests	tests/chapter-22/22.7--timescale-module.sv	pass	out_of_scope_with_cause	deferred:svpp_owned	sv-tests: :type: includes preprocessing - svpp-owned conformance (SVPP-EXPANSION lane)
sv-tests	tests/chapter-22/22.7--timescale-reset.sv	pass	out_of_scope_with_cause	deferred:svpp_owned	sv-tests: :type: includes preprocessing - svpp-owned conformance (SVPP-EXPANSION lane)
sv-tests	tests/chapter-22/22.8--default_nettype-redefinition.sv	pass	out_of_scope_with_cause	deferred:svpp_owned	sv-tests: :type: includes preprocessing - svpp-owned conformance (SVPP-EXPANSION lane)
sv-tests	tests/chapter-22/22.8--default_nettype.sv	pass	out_of_scope_with_cause	deferred:svpp_owned	sv-tests: :type: includes preprocessing - svpp-owned conformance (SVPP-EXPANSION lane)
sv-tests	tests/chapter-22/22.9--unconnected_drive-basic-2.sv	pass	out_of_scope_with_cause	deferred:svpp_owned	sv-tests: :type: includes preprocessing - svpp-owned conformance (SVPP-EXPANSION lane)
sv-tests	tests/chapter-22/22.9--unconnected_drive-basic.sv	pass	out_of_scope_with_cause	deferred:svpp_owned	sv-tests: :type: includes preprocessing - svpp-owned conformance (SVPP-EXPANSION lane)
sv-tests	tests/chapter-22/22.9--unconnected_drive-invalid-1.sv	pass	must_accept	match	sv-tests: :should_fail_because: at post-parse stage(s) (elaboration simulation) - syntax itself is valid
sv-tests	tests/chapter-22/22.9--unconnected_drive-invalid-2.sv	pass	must_accept	match	sv-tests: :should_fail_because: at post-parse stage(s) (elaboration simulation) - syntax itself is valid
sv-tests	tests/chapter-22/22.9--unconnected_drive-invalid-3.sv	pass	must_accept	match	sv-tests: :should_fail_because: at post-parse stage(s) (elaboration simulation) - syntax itself is valid
sv-tests	tests/chapter-22/dummy_include.sv	pass	out_of_scope_with_cause	deferred:svpp_owned	sv-tests: :type: includes preprocessing - svpp-owned conformance (SVPP-EXPANSION lane)
sv-tests	tests/chapter-22/include_directory/defs.sv	pass	out_of_scope_with_cause	deferred:svpp_owned	sv-tests: :type: includes preprocessing - svpp-owned conformance (SVPP-EXPANSION lane)
sv-tests	tests/chapter-23/23.2--macromodule-definition.sv	pass	must_accept	match	sv-tests: positive test
sv-tests	tests/chapter-23/23.2--module-definition.sv	pass	must_accept	match	sv-tests: positive test
sv-tests	tests/chapter-23/23.2--module-label.sv	pass	must_accept	match	sv-tests: positive test
sv-tests	tests/chapter-24/24.3--program.sv	pass	must_accept	match	sv-tests: positive test
sv-tests	tests/chapter-25/25.3-interface.sv	pass	must_accept	match	sv-tests: positive test
sv-tests	tests/chapter-26/26.2--package-decl.sv	pass	must_accept	match	sv-tests: positive test
sv-tests	tests/chapter-26/26.3--package-ref.sv	pass	must_accept	match	sv-tests: positive test
sv-tests	tests/chapter-5/5.10-structure-arrays-illegal.sv	pass	must_accept	match	sv-tests: :should_fail_because: at post-parse stage(s) (elaboration simulation) - syntax itself is valid
sv-tests	tests/chapter-5/5.10-structure-arrays.sv	pass	must_accept	match	sv-tests: positive test
sv-tests	tests/chapter-5/5.10-structure-replication.sv	pass	must_accept	match	sv-tests: positive test
sv-tests	tests/chapter-5/5.10-structures.sv	pass	must_accept	match	sv-tests: positive test
sv-tests	tests/chapter-5/5.11-arrays-key-index.sv	pass	must_accept	match	sv-tests: positive test
sv-tests	tests/chapter-5/5.11-arrays-replication.sv	pass	must_accept	match	sv-tests: positive test
sv-tests	tests/chapter-5/5.11-arrays.sv	pass	must_accept	match	sv-tests: positive test
sv-tests	tests/chapter-5/5.12-attributes-case.sv	pass	must_accept	match	sv-tests: positive test
sv-tests	tests/chapter-5/5.12-attributes-conditional.sv	pass	must_accept	match	sv-tests: positive test
sv-tests	tests/chapter-5/5.12-attributes-module.sv	pass	must_accept	match	sv-tests: positive test
sv-tests	tests/chapter-5/5.12-attributes-operator.sv	pass	must_accept	match	sv-tests: positive test
sv-tests	tests/chapter-5/5.12-attributes-variable.sv	pass	must_accept	match	sv-tests: positive test
sv-tests	tests/chapter-5/5.13-builtin-methods-strings.sv	pass	must_accept	match	sv-tests: positive test
sv-tests	tests/chapter-5/5.4--coments.sv	pass	must_accept	match	sv-tests: positive test
sv-tests	tests/chapter-5/5.6--identifiers.sv	pass	must_accept	match	sv-tests: positive test
sv-tests	tests/chapter-5/5.6--wrong-identifiers.sv	fail	must_reject	match	pinned: LRM 5.6 lexical rule - identifier may not start with a digit or $ ('reg 0number;')
sv-tests	tests/chapter-5/5.6.1--escaped-identifiers.sv	pass	must_accept	match	sv-tests: positive test
sv-tests	tests/chapter-5/5.6.1--nonescaped-access.sv	pass	must_accept	match	sv-tests: positive test
sv-tests	tests/chapter-5/5.6.3--system-functions.sv	pass	must_accept	match	sv-tests: positive test
sv-tests	tests/chapter-5/5.6.4--compiler-directives-begin-keywords.sv	fail	must_accept	divergence:unexplained_rejects_valid	sv-tests: positive test
sv-tests	tests/chapter-5/5.6.4--compiler-directives-celldefine.sv	pass	must_accept	match	sv-tests: positive test
sv-tests	tests/chapter-5/5.6.4--compiler-directives-debug-line.sv	fail	must_accept	divergence:unexplained_rejects_valid	sv-tests: positive test
sv-tests	tests/chapter-5/5.6.4--compiler-directives-debug.sv	fail	must_accept	divergence:unexplained_rejects_valid	sv-tests: positive test
sv-tests	tests/chapter-5/5.6.4--compiler-directives-default-nettype.sv	pass	must_accept	match	sv-tests: positive test
sv-tests	tests/chapter-5/5.6.4--compiler-directives-define.sv	pass	must_accept	match	sv-tests: positive test
sv-tests	tests/chapter-5/5.6.4--compiler-directives-include.sv	pass	must_accept	match	sv-tests: positive test
sv-tests	tests/chapter-5/5.6.4--compiler-directives-pragma.sv	fail	must_accept	divergence:unexplained_rejects_valid	sv-tests: positive test
sv-tests	tests/chapter-5/5.6.4--compiler-directives-preprocessor-macro_0.sv	fail	out_of_scope_with_cause	deferred:svpp_owned	sv-tests: :type: includes preprocessing - svpp-owned conformance (SVPP-EXPANSION lane)
sv-tests	tests/chapter-5/5.6.4--compiler-directives-preprocessor-macro_1.sv	fail	must_accept	divergence:explained_svpp_macro_use	sv-tests: positive test
sv-tests	tests/chapter-5/5.6.4--compiler-directives-resetall.sv	pass	must_accept	match	sv-tests: positive test
sv-tests	tests/chapter-5/5.6.4--compiler-directives-timescale.sv	pass	must_accept	match	sv-tests: positive test
sv-tests	tests/chapter-5/5.6.4--compiler-directives-unconnected-drive.sv	pass	out_of_scope_with_cause	deferred:svpp_owned	sv-tests: :type: includes preprocessing - svpp-owned conformance (SVPP-EXPANSION lane)
sv-tests	tests/chapter-5/5.7.1--integers-left-padding-bit.sv	pass	must_accept	match	sv-tests: positive test
sv-tests	tests/chapter-5/5.7.1--integers-left-padding.sv	fail	must_accept	divergence:unexplained_rejects_valid	sv-tests: positive test
sv-tests	tests/chapter-5/5.7.1--integers-signed-illegal.sv	fail	must_reject	match	pinned: LRM 5.7.1 - "8'd-6" illegal negative literal syntax
sv-tests	tests/chapter-5/5.7.1--integers-signed.sv	fail	must_accept	divergence:unexplained_rejects_valid	sv-tests: positive test
sv-tests	tests/chapter-5/5.7.1--integers-sized.sv	pass	must_accept	match	sv-tests: positive test
sv-tests	tests/chapter-5/5.7.1--integers-token.sv	pass	must_accept	match	sv-tests: positive test
sv-tests	tests/chapter-5/5.7.1--integers-underscores.sv	fail	must_accept	divergence:unexplained_rejects_valid	sv-tests: positive test
sv-tests	tests/chapter-5/5.7.1--integers-unsized-illegal.sv	fail	must_reject	match	pinned: LRM 5.7.1 lexical rule - '4af' needs 'h
sv-tests	tests/chapter-5/5.7.1--integers-unsized.sv	fail	must_accept	divergence:unexplained_rejects_valid	sv-tests: positive test
sv-tests	tests/chapter-5/5.7.2-real-constants-illegal.sv	fail	must_reject	match	pinned: LRM 5.7.2 lexical rule - real literals need a digit on each side of the decimal point ('.12', '9.', '4.E3')
sv-tests	tests/chapter-5/5.7.2-real-constants.sv	pass	must_accept	match	sv-tests: positive test
sv-tests	tests/chapter-5/5.7.2-real-token.sv	pass	must_accept	match	sv-tests: positive test
sv-tests	tests/chapter-5/5.8-time-literals.sv	pass	must_accept	match	sv-tests: positive test
sv-tests	tests/chapter-5/5.9-string-assignment.sv	pass	must_accept	match	sv-tests: positive test
sv-tests	tests/chapter-5/5.9-string-basics.sv	pass	must_accept	match	sv-tests: positive test
sv-tests	tests/chapter-5/5.9-string-broken-line.sv	fail	must_accept	divergence:unexplained_rejects_valid	sv-tests: positive test
sv-tests	tests/chapter-5/5.9-string-word-assignment.sv	pass	must_accept	match	sv-tests: positive test
sv-tests	tests/chapter-5/5.9.1-string-special-chars.sv	pass	must_accept	match	sv-tests: positive test
sv-tests	tests/chapter-6/6.10--implicit_continuous_assignment.sv	pass	must_accept	match	sv-tests: positive test
sv-tests	tests/chapter-6/6.10--implicit_port.sv	pass	must_accept	match	sv-tests: positive test
sv-tests	tests/chapter-6/6.10--implicit_port_connection.sv	pass	must_accept	match	sv-tests: positive test
sv-tests	tests/chapter-6/6.12--real.sv	pass	must_accept	match	sv-tests: positive test
sv-tests	tests/chapter-6/6.12--real_bit_select.sv	pass	must_accept	match	sv-tests: :should_fail_because: at post-parse stage(s) (elaboration simulation) - syntax itself is valid
sv-tests	tests/chapter-6/6.12--real_bit_select_idx.sv	pass	must_accept	match	sv-tests: :should_fail_because: at post-parse stage(s) (elaboration simulation) - syntax itself is valid
sv-tests	tests/chapter-6/6.12--real_edge.sv	pass	must_accept	match	sv-tests: :should_fail_because: at post-parse stage(s) (elaboration simulation) - syntax itself is valid
sv-tests	tests/chapter-6/6.12--realtime.sv	pass	must_accept	match	sv-tests: positive test
sv-tests	tests/chapter-6/6.12--shortreal.sv	pass	must_accept	match	sv-tests: positive test
sv-tests	tests/chapter-6/6.13--void.sv	pass	must_accept	match	sv-tests: positive test
sv-tests	tests/chapter-6/6.14--chandle.sv	pass	must_accept	match	sv-tests: positive test
sv-tests	tests/chapter-6/6.16--string.sv	pass	must_accept	match	sv-tests: positive test
sv-tests	tests/chapter-6/6.16.1--string_len.sv	pass	must_accept	match	sv-tests: positive test
sv-tests	tests/chapter-6/6.16.10--string_atoreal.sv	pass	must_accept	match	sv-tests: positive test
sv-tests	tests/chapter-6/6.16.11--string_itoa.sv	pass	must_accept	match	sv-tests: positive test
sv-tests	tests/chapter-6/6.16.12--string_hextoa.sv	pass	must_accept	match	sv-tests: positive test
sv-tests	tests/chapter-6/6.16.13--string_octtoa.sv	pass	must_accept	match	sv-tests: positive test
sv-tests	tests/chapter-6/6.16.14--string_bintoa.sv	pass	must_accept	match	sv-tests: positive test
sv-tests	tests/chapter-6/6.16.15--string_realtoa.sv	pass	must_accept	match	sv-tests: positive test
sv-tests	tests/chapter-6/6.16.2--string_putc.sv	pass	must_accept	match	sv-tests: positive test
sv-tests	tests/chapter-6/6.16.3--string_getc.sv	pass	must_accept	match	sv-tests: positive test
sv-tests	tests/chapter-6/6.16.4--string_toupper.sv	pass	must_accept	match	sv-tests: positive test
sv-tests	tests/chapter-6/6.16.5--string_tolower.sv	pass	must_accept	match	sv-tests: positive test
sv-tests	tests/chapter-6/6.16.6--string_compare.sv	pass	must_accept	match	sv-tests: positive test
sv-tests	tests/chapter-6/6.16.7--string_icompare.sv	pass	must_accept	match	sv-tests: positive test
sv-tests	tests/chapter-6/6.16.8--string_substr.sv	pass	must_accept	match	sv-tests: positive test
sv-tests	tests/chapter-6/6.16.9--string_atobin.sv	pass	must_accept	match	sv-tests: positive test
sv-tests	tests/chapter-6/6.16.9--string_atohex.sv	pass	must_accept	match	sv-tests: positive test
sv-tests	tests/chapter-6/6.16.9--string_atoi.sv	pass	must_accept	match	sv-tests: positive test
sv-tests	tests/chapter-6/6.16.9--string_atooct.sv	pass	must_accept	match	sv-tests: positive test
sv-tests	tests/chapter-6/6.17--event.sv	pass	must_accept	match	sv-tests: positive test
sv-tests	tests/chapter-6/6.18--typedef.sv	pass	must_accept	match	sv-tests: positive test
sv-tests	tests/chapter-6/6.19--enum_anon.sv	pass	must_accept	match	sv-tests: positive test
sv-tests	tests/chapter-6/6.19--enum_value_inv.sv	pass	must_accept	match	sv-tests: :should_fail_because: at post-parse stage(s) (elaboration simulation) - syntax itself is valid
sv-tests	tests/chapter-6/6.19--enum_xx.sv	pass	must_accept	match	sv-tests: positive test
sv-tests	tests/chapter-6/6.19--enum_xx_inv.sv	pass	must_accept	match	sv-tests: :should_fail_because: at post-parse stage(s) (elaboration simulation) - syntax itself is valid
sv-tests	tests/chapter-6/6.19--enum_xx_inv_order.sv	pass	must_accept	match	sv-tests: :should_fail_because: at post-parse stage(s) (elaboration simulation) - syntax itself is valid
sv-tests	tests/chapter-6/6.19.1--enum_typedef.sv	pass	must_accept	match	sv-tests: positive test
sv-tests	tests/chapter-6/6.19.2--enum_sequence.sv	pass	must_accept	match	sv-tests: positive test
sv-tests	tests/chapter-6/6.19.2--enum_sequence_range.sv	pass	must_accept	match	sv-tests: positive test
sv-tests	tests/chapter-6/6.19.3--enum_type_checking.sv	pass	must_accept	match	sv-tests: positive test
sv-tests	tests/chapter-6/6.19.3--enum_type_checking_inv.sv	pass	must_accept	match	sv-tests: :should_fail_because: at post-parse stage(s) (elaboration simulation) - syntax itself is valid
sv-tests	tests/chapter-6/6.19.4--enum_numerical_expr.sv	pass	must_accept	match	sv-tests: positive test
sv-tests	tests/chapter-6/6.19.4--enum_numerical_expr_cast.sv	pass	must_accept	match	sv-tests: positive test
sv-tests	tests/chapter-6/6.19.4--enum_numerical_expr_no_cast.sv	pass	must_accept	match	sv-tests: :should_fail_because: at post-parse stage(s) (elaboration simulation) - syntax itself is valid
sv-tests	tests/chapter-6/6.19.5.1--enum_first.sv	pass	must_accept	match	sv-tests: positive test
sv-tests	tests/chapter-6/6.19.5.2--enum_last.sv	pass	must_accept	match	sv-tests: positive test
sv-tests	tests/chapter-6/6.19.5.3--enum_next.sv	pass	must_accept	match	sv-tests: positive test
sv-tests	tests/chapter-6/6.19.5.4--enum_prev.sv	pass	must_accept	match	sv-tests: positive test
sv-tests	tests/chapter-6/6.19.5.5--enum_num.sv	pass	must_accept	match	sv-tests: positive test
sv-tests	tests/chapter-6/6.19.5.6--enum_name.sv	pass	must_accept	match	sv-tests: positive test
sv-tests	tests/chapter-6/6.20.2--parameter.sv	pass	must_accept	match	sv-tests: positive test
sv-tests	tests/chapter-6/6.20.2--parameter_aggregate.sv	pass	must_accept	match	sv-tests: positive test
sv-tests	tests/chapter-6/6.20.2--parameter_dep.sv	pass	must_accept	match	sv-tests: positive test
sv-tests	tests/chapter-6/6.20.2--parameter_port_list.sv	pass	must_accept	match	sv-tests: positive test
sv-tests	tests/chapter-6/6.20.2--parameter_range.sv	pass	must_accept	match	sv-tests: positive test
sv-tests	tests/chapter-6/6.20.2--parameter_real.sv	pass	must_accept	match	sv-tests: positive test
sv-tests	tests/chapter-6/6.20.3--parameter_type.sv	pass	must_accept	match	sv-tests: positive test
sv-tests	tests/chapter-6/6.20.4--localparam.sv	pass	must_accept	match	sv-tests: positive test
sv-tests	tests/chapter-6/6.20.4--localparam_int.sv	pass	must_accept	match	sv-tests: positive test
sv-tests	tests/chapter-6/6.20.4--localparam_logic.sv	pass	must_accept	match	sv-tests: positive test
sv-tests	tests/chapter-6/6.20.4--localparam_string.sv	pass	must_accept	match	sv-tests: positive test
sv-tests	tests/chapter-6/6.20.4--localparam_unsigned_int.sv	pass	must_accept	match	sv-tests: positive test
sv-tests	tests/chapter-6/6.20.5--specparam.sv	pass	must_accept	match	sv-tests: positive test
sv-tests	tests/chapter-6/6.20.5--specparam_inv.sv	pass	must_accept	match	sv-tests: :should_fail_because: at post-parse stage(s) (elaboration simulation) - syntax itself is valid
sv-tests	tests/chapter-6/6.20.6--const.sv	pass	must_accept	match	sv-tests: positive test
sv-tests	tests/chapter-6/6.23--localparam_type_decl.sv	pass	must_accept	match	sv-tests: positive test
sv-tests	tests/chapter-6/6.23--type_op.sv	pass	must_accept	match	sv-tests: positive test
sv-tests	tests/chapter-6/6.23--type_op_compare.sv	fail	must_accept	divergence:unexplained_rejects_valid	sv-tests: positive test
sv-tests	tests/chapter-6/6.24.1--cast_op.sv	pass	must_accept	match	sv-tests: positive test
sv-tests	tests/chapter-6/6.24.2--cast_fn.sv	pass	must_accept	match	sv-tests: positive test
sv-tests	tests/chapter-6/6.24.2--cast_task.sv	pass	must_accept	match	sv-tests: positive test
sv-tests	tests/chapter-6/6.24.3--bitstream_cast.sv	pass	must_accept	match	sv-tests: positive test
sv-tests	tests/chapter-6/6.5--variable_assignment.sv	pass	must_accept	match	sv-tests: positive test
sv-tests	tests/chapter-6/6.5--variable_mixed_assignments.sv	pass	must_accept	match	sv-tests: :should_fail_because: at post-parse stage(s) (elaboration simulation) - syntax itself is valid
sv-tests	tests/chapter-6/6.5--variable_multiple_assignments.sv	pass	must_accept	match	sv-tests: :should_fail_because: at post-parse stage(s) (elaboration simulation) - syntax itself is valid
sv-tests	tests/chapter-6/6.5--variable_redeclare.sv	pass	must_accept	match	sv-tests: :should_fail_because: at post-parse stage(s) (elaboration simulation) - syntax itself is valid
sv-tests	tests/chapter-6/6.6.7--nettype.sv	pass	must_accept	match	sv-tests: positive test
sv-tests	tests/chapter-6/6.6.7--nettype_resolution_fn.sv	pass	must_accept	match	sv-tests: positive test
sv-tests	tests/chapter-6/6.6.8--interconnect.sv	pass	must_accept	match	sv-tests: positive test
sv-tests	tests/chapter-6/6.9.1--logic_vector.sv	pass	must_accept	match	sv-tests: positive test
sv-tests	tests/chapter-6/6.9.2--vector_scalared.sv	fail	must_accept	divergence:unexplained_rejects_valid	sv-tests: positive test
sv-tests	tests/chapter-6/6.9.2--vector_vectored.sv	fail	must_accept	divergence:unexplained_rejects_valid	sv-tests: positive test
sv-tests	tests/chapter-6/6.9.2--vector_vectored_inv.sv	fail	must_accept	divergence:unexplained_rejects_valid	pinned: bit-select on a vectored net is a semantic (elaboration) restriction; the syntax itself parses
sv-tests	tests/chapter-7/arrays/associative/alloc.sv	pass	must_accept	match	sv-tests: positive test
sv-tests	tests/chapter-7/arrays/associative/arguments.sv	pass	must_accept	match	sv-tests: positive test
sv-tests	tests/chapter-7/arrays/associative/assignment.sv	pass	must_accept	match	sv-tests: positive test
sv-tests	tests/chapter-7/arrays/associative/class.sv	pass	must_accept	match	sv-tests: positive test
sv-tests	tests/chapter-7/arrays/associative/integral.sv	pass	must_accept	match	sv-tests: positive test
sv-tests	tests/chapter-7/arrays/associative/literals.sv	pass	must_accept	match	sv-tests: positive test
sv-tests	tests/chapter-7/arrays/associative/locator-methods/find-first-index.sv	pass	must_accept	match	sv-tests: positive test
sv-tests	tests/chapter-7/arrays/associative/locator-methods/find-first.sv	pass	must_accept	match	sv-tests: positive test
sv-tests	tests/chapter-7/arrays/associative/locator-methods/find-index.sv	pass	must_accept	match	sv-tests: positive test
sv-tests	tests/chapter-7/arrays/associative/locator-methods/find-last-index.sv	pass	must_accept	match	sv-tests: positive test
sv-tests	tests/chapter-7/arrays/associative/locator-methods/find-last.sv	pass	must_accept	match	sv-tests: positive test
sv-tests	tests/chapter-7/arrays/associative/locator-methods/find.sv	pass	must_accept	match	sv-tests: positive test
sv-tests	tests/chapter-7/arrays/associative/locator-methods/max.sv	pass	must_accept	match	sv-tests: positive test
sv-tests	tests/chapter-7/arrays/associative/locator-methods/min.sv	pass	must_accept	match	sv-tests: positive test
sv-tests	tests/chapter-7/arrays/associative/locator-methods/unique-index.sv	pass	must_accept	match	sv-tests: positive test
sv-tests	tests/chapter-7/arrays/associative/locator-methods/unique.sv	pass	must_accept	match	sv-tests: positive test
sv-tests	tests/chapter-7/arrays/associative/methods/delete.sv	pass	must_accept	match	sv-tests: positive test
sv-tests	tests/chapter-7/arrays/associative/methods/exists.sv	pass	must_accept	match	sv-tests: positive test
sv-tests	tests/chapter-7/arrays/associative/methods/first.sv	pass	must_accept	match	sv-tests: positive test
sv-tests	tests/chapter-7/arrays/associative/methods/last.sv	pass	must_accept	match	sv-tests: positive test
sv-tests	tests/chapter-7/arrays/associative/methods/next.sv	pass	must_accept	match	sv-tests: positive test
sv-tests	tests/chapter-7/arrays/associative/methods/num.sv	pass	must_accept	match	sv-tests: positive test
sv-tests	tests/chapter-7/arrays/associative/methods/prev.sv	pass	must_accept	match	sv-tests: positive test
sv-tests	tests/chapter-7/arrays/associative/methods/size.sv	pass	must_accept	match	sv-tests: positive test
sv-tests	tests/chapter-7/arrays/associative/methods/traversal.sv	pass	must_accept	match	sv-tests: positive test
sv-tests	tests/chapter-7/arrays/associative/nonexistent.sv	pass	must_accept	match	sv-tests: positive test
sv-tests	tests/chapter-7/arrays/associative/other.sv	pass	must_accept	match	sv-tests: positive test
sv-tests	tests/chapter-7/arrays/associative/string.sv	pass	must_accept	match	sv-tests: positive test
sv-tests	tests/chapter-7/arrays/associative/wildcard.sv	pass	must_accept	match	sv-tests: positive test
sv-tests	tests/chapter-7/arrays/dynamic/basic.sv	pass	must_accept	match	sv-tests: positive test
sv-tests	tests/chapter-7/arrays/dynamic/op-delete.sv	pass	must_accept	match	sv-tests: positive test
sv-tests	tests/chapter-7/arrays/dynamic/op-new.sv	pass	must_accept	match	sv-tests: positive test
sv-tests	tests/chapter-7/arrays/dynamic/op-size.sv	pass	must_accept	match	sv-tests: positive test
sv-tests	tests/chapter-7/arrays/multidimensional/basic.sv	pass	must_accept	match	sv-tests: positive test
sv-tests	tests/chapter-7/arrays/multidimensional/copy.sv	pass	must_accept	match	sv-tests: positive test
sv-tests	tests/chapter-7/arrays/multidimensional/multi.sv	pass	must_accept	match	sv-tests: positive test
sv-tests	tests/chapter-7/arrays/multidimensional/subarrays.sv	pass	must_accept	match	sv-tests: positive test
sv-tests	tests/chapter-7/arrays/packed/basic.sv	pass	must_accept	match	sv-tests: positive test
sv-tests	tests/chapter-7/arrays/packed/equality.sv	pass	must_accept	match	sv-tests: positive test
sv-tests	tests/chapter-7/arrays/packed/onebit.sv	pass	must_accept	match	sv-tests: positive test
sv-tests	tests/chapter-7/arrays/packed/operations.sv	pass	must_accept	match	sv-tests: positive test
sv-tests	tests/chapter-7/arrays/packed/querying-functions/dimensions.sv	pass	must_accept	match	sv-tests: positive test
sv-tests	tests/chapter-7/arrays/packed/querying-functions/high.sv	pass	must_accept	match	sv-tests: positive test
sv-tests	tests/chapter-7/arrays/packed/querying-functions/increment.sv	pass	must_accept	match	sv-tests: positive test
sv-tests	tests/chapter-7/arrays/packed/querying-functions/left.sv	pass	must_accept	match	sv-tests: positive test
sv-tests	tests/chapter-7/arrays/packed/querying-functions/low.sv	pass	must_accept	match	sv-tests: positive test
sv-tests	tests/chapter-7/arrays/packed/querying-functions/right.sv	pass	must_accept	match	sv-tests: positive test
sv-tests	tests/chapter-7/arrays/packed/querying-functions/size.sv	pass	must_accept	match	sv-tests: positive test
sv-tests	tests/chapter-7/arrays/packed/querying-functions/unpacked-dimensions.sv	pass	must_accept	match	sv-tests: positive test
sv-tests	tests/chapter-7/arrays/packed/slice-equality.sv	pass	must_accept	match	sv-tests: positive test
sv-tests	tests/chapter-7/arrays/packed/slice.sv	pass	must_accept	match	sv-tests: positive test
sv-tests	tests/chapter-7/arrays/packed/treat-as-integer.sv	pass	must_accept	match	sv-tests: positive test
sv-tests	tests/chapter-7/arrays/packed/variable-slice-zero.sv	pass	must_accept	match	sv-tests: :should_fail_because: at post-parse stage(s) (elaboration simulation) - syntax itself is valid
sv-tests	tests/chapter-7/arrays/packed/variable-slice.sv	pass	must_accept	match	sv-tests: positive test
sv-tests	tests/chapter-7/arrays/unpacked/assignments.sv	pass	must_accept	match	sv-tests: positive test
sv-tests	tests/chapter-7/arrays/unpacked/basic.sv	pass	must_accept	match	sv-tests: positive test
sv-tests	tests/chapter-7/arrays/unpacked/equality.sv	pass	must_accept	match	sv-tests: positive test
sv-tests	tests/chapter-7/arrays/unpacked/index.sv	pass	must_accept	match	sv-tests: positive test
sv-tests	tests/chapter-7/arrays/unpacked/onebit.sv	pass	must_accept	match	sv-tests: positive test
sv-tests	tests/chapter-7/arrays/unpacked/operations.sv	pass	must_accept	match	sv-tests: positive test
sv-tests	tests/chapter-7/arrays/unpacked/ordering-methods/reverse.sv	pass	must_accept	match	sv-tests: positive test
sv-tests	tests/chapter-7/arrays/unpacked/ordering-methods/rsort.sv	pass	must_accept	match	sv-tests: positive test
sv-tests	tests/chapter-7/arrays/unpacked/ordering-methods/shuffle.sv	pass	must_accept	match	sv-tests: positive test
sv-tests	tests/chapter-7/arrays/unpacked/ordering-methods/sort.sv	pass	must_accept	match	sv-tests: positive test
sv-tests	tests/chapter-7/arrays/unpacked/reduction-methods/and.sv	pass	must_accept	match	sv-tests: positive test
sv-tests	tests/chapter-7/arrays/unpacked/reduction-methods/or.sv	pass	must_accept	match	sv-tests: positive test
sv-tests	tests/chapter-7/arrays/unpacked/reduction-methods/product.sv	pass	must_accept	match	sv-tests: positive test
sv-tests	tests/chapter-7/arrays/unpacked/reduction-methods/sum.sv	pass	must_accept	match	sv-tests: positive test
sv-tests	tests/chapter-7/arrays/unpacked/reduction-methods/xor.sv	pass	must_accept	match	sv-tests: positive test
sv-tests	tests/chapter-7/arrays/unpacked/slice-equality.sv	pass	must_accept	match	sv-tests: positive test
sv-tests	tests/chapter-7/arrays/unpacked/slice.sv	pass	must_accept	match	sv-tests: positive test
sv-tests	tests/chapter-7/arrays/unpacked/subroutines.sv	pass	must_accept	match	sv-tests: positive test
sv-tests	tests/chapter-7/arrays/unpacked/variable-slice.sv	pass	must_accept	match	sv-tests: positive test
sv-tests	tests/chapter-7/memories/basic.sv	pass	must_accept	match	sv-tests: positive test
sv-tests	tests/chapter-7/memories/read-write.sv	pass	must_accept	match	sv-tests: positive test
sv-tests	tests/chapter-7/queues/basic.sv	pass	must_accept	match	sv-tests: positive test
sv-tests	tests/chapter-7/queues/bounded.sv	pass	must_accept	match	sv-tests: positive test
sv-tests	tests/chapter-7/queues/delete.sv	pass	must_accept	match	sv-tests: positive test
sv-tests	tests/chapter-7/queues/delete_assign.sv	fail	must_accept	divergence:unexplained_rejects_valid	sv-tests: positive test
sv-tests	tests/chapter-7/queues/insert.sv	pass	must_accept	match	sv-tests: positive test
sv-tests	tests/chapter-7/queues/insert_assign.sv	fail	must_accept	divergence:unexplained_rejects_valid	sv-tests: positive test
sv-tests	tests/chapter-7/queues/max-size.sv	pass	must_accept	match	sv-tests: positive test
sv-tests	tests/chapter-7/queues/persistence.sv	pass	must_accept	match	sv-tests: positive test
sv-tests	tests/chapter-7/queues/pop_back.sv	pass	must_accept	match	sv-tests: positive test
sv-tests	tests/chapter-7/queues/pop_back_assing.sv	fail	must_accept	divergence:unexplained_rejects_valid	sv-tests: positive test
sv-tests	tests/chapter-7/queues/pop_front.sv	pass	must_accept	match	sv-tests: positive test
sv-tests	tests/chapter-7/queues/pop_front_assign.sv	fail	must_accept	divergence:unexplained_rejects_valid	sv-tests: positive test
sv-tests	tests/chapter-7/queues/push_back.sv	pass	must_accept	match	sv-tests: positive test
sv-tests	tests/chapter-7/queues/push_back_assign.sv	pass	must_accept	match	sv-tests: positive test
sv-tests	tests/chapter-7/queues/push_front.sv	pass	must_accept	match	sv-tests: positive test
sv-tests	tests/chapter-7/queues/push_front_assign.sv	pass	must_accept	match	sv-tests: positive test
sv-tests	tests/chapter-7/queues/size.sv	pass	must_accept	match	sv-tests: positive test
sv-tests	tests/chapter-7/queues/slice.sv	pass	must_accept	match	sv-tests: positive test
sv-tests	tests/chapter-7/structures/packed/basic.sv	pass	must_accept	match	sv-tests: positive test
sv-tests	tests/chapter-7/structures/packed/default-value.sv	pass	must_accept	match	sv-tests: :should_fail_because: at post-parse stage(s) (elaboration simulation) - syntax itself is valid
sv-tests	tests/chapter-7/structures/packed/signed.sv	pass	must_accept	match	sv-tests: positive test
sv-tests	tests/chapter-7/structures/packed/unsigned.sv	pass	must_accept	match	sv-tests: positive test
sv-tests	tests/chapter-7/structures/unpacked/basic.sv	pass	must_accept	match	sv-tests: positive test
sv-tests	tests/chapter-7/structures/unpacked/default-value.sv	pass	must_accept	match	sv-tests: positive test
sv-tests	tests/chapter-7/unions/packed/basic.sv	pass	must_accept	match	sv-tests: positive test
sv-tests	tests/chapter-7/unions/tagged/basic.sv	pass	must_accept	match	sv-tests: positive test
sv-tests	tests/chapter-7/unions/tagged/packed.sv	pass	must_accept	match	sv-tests: positive test
sv-tests	tests/chapter-7/unions/unpacked/basic.sv	pass	must_accept	match	sv-tests: positive test
sv-tests	tests/chapter-8/8.10--static_methods.sv	pass	must_accept	match	sv-tests: positive test
sv-tests	tests/chapter-8/8.11--this.sv	pass	must_accept	match	sv-tests: positive test
sv-tests	tests/chapter-8/8.12--assignment.sv	pass	must_accept	match	sv-tests: positive test
sv-tests	tests/chapter-8/8.12--shallow_copy.sv	pass	must_accept	match	sv-tests: positive test
sv-tests	tests/chapter-8/8.13--inheritance.sv	pass	must_accept	match	sv-tests: positive test
sv-tests	tests/chapter-8/8.14--override_member.sv	pass	must_accept	match	sv-tests: positive test
sv-tests	tests/chapter-8/8.15--super-default-new.sv	pass	must_accept	match	sv-tests: positive test
sv-tests	tests/chapter-8/8.15--super.sv	pass	must_accept	match	sv-tests: positive test
sv-tests	tests/chapter-8/8.16--cast_func.sv	pass	must_accept	match	sv-tests: positive test
sv-tests	tests/chapter-8/8.17--constructor_const_arg.sv	pass	must_accept	match	sv-tests: positive test
sv-tests	tests/chapter-8/8.18--var_local.sv	pass	must_accept	match	sv-tests: positive test
sv-tests	tests/chapter-8/8.18--var_protected.sv	pass	must_accept	match	sv-tests: positive test
sv-tests	tests/chapter-8/8.19--global_constant.sv	pass	must_accept	match	sv-tests: positive test
sv-tests	tests/chapter-8/8.19--instance_constant.sv	pass	must_accept	match	sv-tests: positive test
sv-tests	tests/chapter-8/8.20--virtual_method.sv	pass	must_accept	match	sv-tests: positive test
sv-tests	tests/chapter-8/8.21--abstract_class.sv	pass	must_accept	match	sv-tests: positive test
sv-tests	tests/chapter-8/8.21--abstract_class_inst.sv	pass	must_accept	match	sv-tests: :should_fail_because: at post-parse stage(s) (elaboration simulation) - syntax itself is valid
sv-tests	tests/chapter-8/8.22--dynamic_method_lookup.sv	pass	must_accept	match	sv-tests: positive test
sv-tests	tests/chapter-8/8.23--scope_resolution.sv	pass	must_accept	match	sv-tests: positive test
sv-tests	tests/chapter-8/8.24--out_of_block_methods.sv	pass	must_accept	match	sv-tests: positive test
sv-tests	tests/chapter-8/8.25--parametrized_class_extend.sv	pass	must_accept	match	sv-tests: positive test
sv-tests	tests/chapter-8/8.25.1--parametrized_class_invalid_scope_resolution.sv	pass	must_accept	match	sv-tests: :should_fail_because: at post-parse stage(s) (elaboration simulation) - syntax itself is valid
sv-tests	tests/chapter-8/8.25.1--parametrized_class_scope_resolution.sv	pass	must_accept	match	sv-tests: positive test
sv-tests	tests/chapter-8/8.26.2--implements.sv	pass	must_accept	match	sv-tests: positive test
sv-tests	tests/chapter-8/8.26.2--implements_extends.sv	pass	must_accept	match	sv-tests: positive test
sv-tests	tests/chapter-8/8.26.2--implements_multiple.sv	pass	must_accept	match	sv-tests: positive test
sv-tests	tests/chapter-8/8.26.3--type_access_extends.sv	pass	must_accept	match	sv-tests: positive test
sv-tests	tests/chapter-8/8.26.3--type_access_implements.sv	pass	must_accept	match	sv-tests: positive test
sv-tests	tests/chapter-8/8.26.3--type_access_implements_invalid.sv	pass	must_accept	match	sv-tests: :should_fail_because: at post-parse stage(s) (elaboration simulation) - syntax itself is valid
sv-tests	tests/chapter-8/8.26.4--illegal_forward_def_implements.sv	pass	must_accept	match	sv-tests: :should_fail_because: at post-parse stage(s) (elaboration simulation) - syntax itself is valid
sv-tests	tests/chapter-8/8.26.4--illegal_implements_parameter.sv	fail	must_accept	divergence:unexplained_rejects_valid	sv-tests: :should_fail_because: at post-parse stage(s) (elaboration simulation) - syntax itself is valid
sv-tests	tests/chapter-8/8.26.5--cast_between_interface_classes.sv	pass	must_accept	match	sv-tests: positive test
sv-tests	tests/chapter-8/8.26.5--implemented_class_handle.sv	pass	must_accept	match	sv-tests: positive test
sv-tests	tests/chapter-8/8.26.5--invalid_interface_instantiation.sv	pass	must_accept	match	sv-tests: :should_fail_because: at post-parse stage(s) (elaboration simulation) - syntax itself is valid
sv-tests	tests/chapter-8/8.26.6.1--name_conflict_resolved.sv	pass	must_accept	match	sv-tests: positive test
sv-tests	tests/chapter-8/8.26.6.1--name_conflict_unresolved.sv	pass	must_accept	match	sv-tests: :should_fail_because: at post-parse stage(s) (elaboration simulation) - syntax itself is valid
sv-tests	tests/chapter-8/8.26.6.2--parameter_type_conflict.sv	pass	must_accept	match	sv-tests: positive test
sv-tests	tests/chapter-8/8.26.6.2--parameter_type_conflict_unresolved.sv	pass	must_accept	match	sv-tests: :should_fail_because: at post-parse stage(s) (elaboration simulation) - syntax itself is valid
sv-tests	tests/chapter-8/8.26.6.3--diamond_relationship.sv	pass	must_accept	match	sv-tests: positive test
sv-tests	tests/chapter-8/8.26.6.3--diamond_relationship_parametrized.sv	pass	must_accept	match	sv-tests: :should_fail_because: at post-parse stage(s) (elaboration simulation) - syntax itself is valid
sv-tests	tests/chapter-8/8.26.7--partial_implementation.sv	pass	must_accept	match	sv-tests: positive test
sv-tests	tests/chapter-8/8.27--forward_declaration.sv	pass	must_accept	match	sv-tests: positive test
sv-tests	tests/chapter-8/8.4--instantiation.sv	pass	must_accept	match	sv-tests: positive test
sv-tests	tests/chapter-8/8.5--parameters.sv	pass	must_accept	match	sv-tests: positive test
sv-tests	tests/chapter-8/8.5--properties.sv	pass	must_accept	match	sv-tests: positive test
sv-tests	tests/chapter-8/8.5--properties_enum.sv	pass	must_accept	match	sv-tests: positive test
sv-tests	tests/chapter-8/8.6--methods.sv	pass	must_accept	match	sv-tests: positive test
sv-tests	tests/chapter-8/8.7--constructor.sv	pass	must_accept	match	sv-tests: positive test
sv-tests	tests/chapter-8/8.7--constructor_param.sv	pass	must_accept	match	sv-tests: positive test
sv-tests	tests/chapter-8/8.7--constructor_super.sv	pass	must_accept	match	sv-tests: positive test
sv-tests	tests/chapter-8/8.8--typed_constructor.sv	pass	must_accept	match	sv-tests: positive test
sv-tests	tests/chapter-8/8.8--typed_constructor_param.sv	pass	must_accept	match	sv-tests: positive test
sv-tests	tests/chapter-8/8.9--static_properties.sv	pass	must_accept	match	sv-tests: positive test
sv-tests	tests/chapter-9/9.2.1--initial.sv	pass	must_accept	match	sv-tests: positive test
sv-tests	tests/chapter-9/9.2.2.1--always.sv	pass	must_accept	match	sv-tests: positive test
sv-tests	tests/chapter-9/9.2.2.2--always_comb.sv	pass	must_accept	match	sv-tests: positive test
sv-tests	tests/chapter-9/9.2.2.3--always_latch.sv	pass	must_accept	match	sv-tests: positive test
sv-tests	tests/chapter-9/9.2.2.4--always_ff.sv	pass	must_accept	match	sv-tests: positive test
sv-tests	tests/chapter-9/9.2.3--final.sv	pass	must_accept	match	sv-tests: positive test
sv-tests	tests/chapter-9/9.3.1--sequential_block.sv	pass	must_accept	match	sv-tests: positive test
sv-tests	tests/chapter-9/9.3.2--parallel_block_join.sv	pass	must_accept	match	sv-tests: positive test
sv-tests	tests/chapter-9/9.3.2--parallel_block_join_any.sv	pass	must_accept	match	sv-tests: positive test
sv-tests	tests/chapter-9/9.3.2--parallel_block_join_none.sv	pass	must_accept	match	sv-tests: positive test
sv-tests	tests/chapter-9/9.3.3--block_start_finish.sv	pass	must_accept	match	sv-tests: positive test
sv-tests	tests/chapter-9/9.3.3--event.sv	pass	must_accept	match	sv-tests: positive test
sv-tests	tests/chapter-9/9.3.3--fork_return.sv	pass	must_accept	match	sv-tests: :should_fail_because: at post-parse stage(s) (elaboration simulation) - syntax itself is valid
sv-tests	tests/chapter-9/9.3.4--block_names_par.sv	pass	must_accept	match	sv-tests: positive test
sv-tests	tests/chapter-9/9.3.4--block_names_seq.sv	pass	must_accept	match	sv-tests: positive test
sv-tests	tests/chapter-9/9.3.5--statement_labels_par.sv	pass	must_accept	match	sv-tests: positive test
sv-tests	tests/chapter-9/9.3.5--statement_labels_seq.sv	pass	must_accept	match	sv-tests: positive test
sv-tests	tests/chapter-9/9.4.1--delay_control-sim.sv	pass	must_accept	match	sv-tests: positive test
sv-tests	tests/chapter-9/9.4.1--delay_control-two-blocks-sim.sv	pass	must_accept	match	sv-tests: positive test
sv-tests	tests/chapter-9/9.4.1--delay_control.sv	pass	must_accept	match	sv-tests: positive test
sv-tests	tests/chapter-9/9.4.2--event_control_edge.sv	pass	must_accept	match	sv-tests: positive test
sv-tests	tests/chapter-9/9.4.2--event_control_negedge.sv	pass	must_accept	match	sv-tests: positive test
sv-tests	tests/chapter-9/9.4.2--event_control_posedge.sv	pass	must_accept	match	sv-tests: positive test
sv-tests	tests/chapter-9/9.4.2--event_control_sim.sv	pass	must_accept	match	sv-tests: positive test
sv-tests	tests/chapter-9/9.4.2--event_control_sim_minimal.sv	pass	must_accept	match	sv-tests: positive test
sv-tests	tests/chapter-9/9.4.2.1--event_comma_op.sv	pass	must_accept	match	sv-tests: positive test
sv-tests	tests/chapter-9/9.4.2.1--event_or_op.sv	pass	must_accept	match	sv-tests: positive test
sv-tests	tests/chapter-9/9.4.2.2--event_implicit.sv	pass	must_accept	match	sv-tests: positive test
sv-tests	tests/chapter-9/9.4.2.3--event_conditional.sv	pass	must_accept	match	sv-tests: positive test
sv-tests	tests/chapter-9/9.4.2.4--event_sequence.sv	pass	must_accept	match	sv-tests: positive test
sv-tests	tests/chapter-9/9.4.3--event_sequence_controls.sv	pass	must_accept	match	sv-tests: positive test
sv-tests	tests/chapter-9/9.4.5--event_blocking_assignment_delay.sv	pass	must_accept	match	sv-tests: positive test
sv-tests	tests/chapter-9/9.4.5--event_nonblocking_assignment_delay.sv	pass	must_accept	match	sv-tests: positive test
sv-tests	tests/chapter-9/9.4.5--event_nonblocking_assignment_event.sv	pass	must_accept	match	sv-tests: positive test
sv-tests	tests/chapter-9/9.4.5--event_nonblocking_assignment_repeat.sv	pass	must_accept	match	sv-tests: positive test
sv-tests	tests/chapter-9/9.4.5--event_nonblocking_assignment_repeat_int.sv	pass	must_accept	match	sv-tests: positive test
sv-tests	tests/chapter-9/9.4.5--event_nonblocking_assignment_repeat_int_neg.sv	pass	must_accept	match	sv-tests: positive test
sv-tests	tests/chapter-9/9.4.5--event_nonblocking_assignment_repeat_neg.sv	pass	must_accept	match	sv-tests: positive test
sv-tests	tests/chapter-9/9.6.1--wait_fork.sv	pass	must_accept	match	sv-tests: positive test
sv-tests	tests/chapter-9/9.6.2--disable.sv	pass	must_accept	match	sv-tests: positive test
sv-tests	tests/chapter-9/9.6.2--disable_other.sv	pass	must_accept	match	sv-tests: positive test
sv-tests	tests/chapter-9/9.6.3--disable_fork.sv	pass	must_accept	match	sv-tests: positive test
sv-tests	tests/chapter-9/9.7--process_cls_await.sv	pass	must_accept	match	sv-tests: positive test
sv-tests	tests/chapter-9/9.7--process_cls_kill.sv	pass	must_accept	match	sv-tests: positive test
sv-tests	tests/chapter-9/9.7--process_cls_self.sv	pass	must_accept	match	sv-tests: positive test
sv-tests	tests/chapter-9/9.7--process_cls_suspend_resume.sv	pass	must_accept	match	sv-tests: positive test
sv-tests	tests/generic/class/class_test_0.sv	pass	must_accept	match	sv-tests: positive test
sv-tests	tests/generic/class/class_test_1.sv	pass	must_accept	match	sv-tests: positive test
sv-tests	tests/generic/class/class_test_11.sv	pass	must_accept	match	sv-tests: positive test
sv-tests	tests/generic/class/class_test_12.sv	pass	must_accept	match	sv-tests: positive test
sv-tests	tests/generic/class/class_test_13.sv	pass	must_accept	match	sv-tests: positive test
sv-tests	tests/generic/class/class_test_17.sv	pass	must_accept	match	sv-tests: positive test
sv-tests	tests/generic/class/class_test_18.sv	pass	must_accept	match	sv-tests: positive test
sv-tests	tests/generic/class/class_test_19.sv	pass	must_accept	match	sv-tests: positive test
sv-tests	tests/generic/class/class_test_21.sv	pass	must_accept	match	sv-tests: positive test
sv-tests	tests/generic/class/class_test_25.sv	pass	must_accept	match	sv-tests: positive test
sv-tests	tests/generic/class/class_test_26.sv	pass	must_accept	match	sv-tests: positive test
sv-tests	tests/generic/class/class_test_27.sv	pass	must_accept	match	sv-tests: positive test
sv-tests	tests/generic/class/class_test_28.sv	pass	must_accept	match	sv-tests: positive test
sv-tests	tests/generic/class/class_test_29.sv	pass	must_accept	match	sv-tests: positive test
sv-tests	tests/generic/class/class_test_30.sv	pass	must_accept	match	sv-tests: positive test
sv-tests	tests/generic/class/class_test_4.sv	pass	must_accept	match	sv-tests: positive test
sv-tests	tests/generic/class/class_test_48.sv	fail	must_accept	divergence:unexplained_rejects_valid	sv-tests: positive test
sv-tests	tests/generic/class/class_test_49.sv	pass	must_accept	match	sv-tests: positive test
sv-tests	tests/generic/class/class_test_51.sv	pass	must_accept	match	sv-tests: positive test
sv-tests	tests/generic/class/class_test_52.sv	pass	must_accept	match	sv-tests: positive test
sv-tests	tests/generic/class/class_test_53.sv	pass	must_accept	match	sv-tests: positive test
sv-tests	tests/generic/class/class_test_54.sv	pass	must_accept	match	sv-tests: positive test
sv-tests	tests/generic/class/class_test_55.sv	pass	must_accept	match	sv-tests: positive test
sv-tests	tests/generic/class/class_test_56.sv	pass	must_accept	match	sv-tests: positive test
sv-tests	tests/generic/class/class_test_57.sv	pass	must_accept	match	sv-tests: positive test
sv-tests	tests/generic/class/class_test_58.sv	pass	must_accept	match	sv-tests: positive test
sv-tests	tests/generic/class/class_test_59.sv	fail	must_accept	divergence:explained_svpp_conditional	sv-tests: positive test
sv-tests	tests/generic/class/class_test_6.sv	pass	must_accept	match	sv-tests: positive test
sv-tests	tests/generic/class/class_test_60.sv	fail	must_accept	divergence:explained_svpp_conditional	sv-tests: positive test
sv-tests	tests/generic/class/class_test_61.sv	fail	must_accept	divergence:explained_svpp_conditional	sv-tests: positive test
sv-tests	tests/generic/class/class_test_62.sv	fail	must_accept	divergence:explained_svpp_conditional	sv-tests: positive test
sv-tests	tests/generic/class/class_test_63.sv	fail	must_accept	divergence:explained_svpp_conditional	sv-tests: positive test
sv-tests	tests/generic/class/class_test_64.sv	fail	must_accept	divergence:explained_svpp_conditional	sv-tests: positive test
sv-tests	tests/generic/class/class_test_65.sv	fail	must_accept	divergence:explained_svpp_conditional	sv-tests: positive test
sv-tests	tests/generic/class/class_test_66.sv	fail	must_accept	divergence:explained_svpp_conditional	sv-tests: positive test
sv-tests	tests/generic/class/class_test_67.sv	fail	must_accept	divergence:explained_svpp_conditional	sv-tests: positive test
sv-tests	tests/generic/class/class_test_68.sv	fail	must_accept	divergence:explained_svpp_conditional	sv-tests: positive test
sv-tests	tests/generic/class/class_test_69.sv	fail	must_accept	divergence:explained_svpp_conditional	sv-tests: positive test
sv-tests	tests/generic/class/class_test_7.sv	pass	must_accept	match	sv-tests: positive test
sv-tests	tests/generic/class/class_test_8.sv	pass	must_accept	match	sv-tests: positive test
sv-tests	tests/generic/class/class_test_9.sv	pass	must_accept	match	sv-tests: positive test
sv-tests	tests/generic/desc/desc_test_0.sv	pass	out_of_scope_with_cause	deferred:svpp_owned	sv-tests: :type: includes preprocessing - svpp-owned conformance (SVPP-EXPANSION lane)
sv-tests	tests/generic/desc/desc_test_1.sv	pass	out_of_scope_with_cause	deferred:svpp_owned	sv-tests: :type: includes preprocessing - svpp-owned conformance (SVPP-EXPANSION lane)
sv-tests	tests/generic/desc/desc_test_10.sv	pass	out_of_scope_with_cause	deferred:svpp_owned	sv-tests: :type: includes preprocessing - svpp-owned conformance (SVPP-EXPANSION lane)
sv-tests	tests/generic/desc/desc_test_15.sv	pass	out_of_scope_with_cause	deferred:svpp_owned	sv-tests: :type: includes preprocessing - svpp-owned conformance (SVPP-EXPANSION lane)
sv-tests	tests/generic/desc/desc_test_16.sv	pass	out_of_scope_with_cause	deferred:svpp_owned	sv-tests: :type: includes preprocessing - svpp-owned conformance (SVPP-EXPANSION lane)
sv-tests	tests/generic/desc/desc_test_17.sv	pass	out_of_scope_with_cause	deferred:svpp_owned	sv-tests: :type: includes preprocessing - svpp-owned conformance (SVPP-EXPANSION lane)
sv-tests	tests/generic/desc/desc_test_18.sv	pass	out_of_scope_with_cause	deferred:svpp_owned	sv-tests: :type: includes preprocessing - svpp-owned conformance (SVPP-EXPANSION lane)
sv-tests	tests/generic/desc/desc_test_2.sv	pass	out_of_scope_with_cause	deferred:svpp_owned	sv-tests: :type: includes preprocessing - svpp-owned conformance (SVPP-EXPANSION lane)
sv-tests	tests/generic/desc/desc_test_3.sv	pass	out_of_scope_with_cause	deferred:svpp_owned	sv-tests: :type: includes preprocessing - svpp-owned conformance (SVPP-EXPANSION lane)
sv-tests	tests/generic/desc/desc_test_4.sv	pass	out_of_scope_with_cause	deferred:svpp_owned	sv-tests: :type: includes preprocessing - svpp-owned conformance (SVPP-EXPANSION lane)
sv-tests	tests/generic/desc/desc_test_5.sv	pass	out_of_scope_with_cause	deferred:svpp_owned	sv-tests: :type: includes preprocessing - svpp-owned conformance (SVPP-EXPANSION lane)
sv-tests	tests/generic/desc/desc_test_6.sv	pass	out_of_scope_with_cause	deferred:svpp_owned	sv-tests: :type: includes preprocessing - svpp-owned conformance (SVPP-EXPANSION lane)
sv-tests	tests/generic/desc/desc_test_7.sv	pass	out_of_scope_with_cause	deferred:svpp_owned	sv-tests: :type: includes preprocessing - svpp-owned conformance (SVPP-EXPANSION lane)
sv-tests	tests/generic/desc/desc_test_8.sv	pass	out_of_scope_with_cause	deferred:svpp_owned	sv-tests: :type: includes preprocessing - svpp-owned conformance (SVPP-EXPANSION lane)
sv-tests	tests/generic/desc/desc_test_9.sv	pass	out_of_scope_with_cause	deferred:svpp_owned	sv-tests: :type: includes preprocessing - svpp-owned conformance (SVPP-EXPANSION lane)
sv-tests	tests/generic/empty/empty_test_0.sv	pass	out_of_scope_with_cause	deferred:svpp_owned	sv-tests: :type: includes preprocessing - svpp-owned conformance (SVPP-EXPANSION lane)
sv-tests	tests/generic/empty/empty_test_1.sv	pass	out_of_scope_with_cause	deferred:svpp_owned	sv-tests: :type: includes preprocessing - svpp-owned conformance (SVPP-EXPANSION lane)
sv-tests	tests/generic/empty/empty_test_2.sv	pass	out_of_scope_with_cause	deferred:svpp_owned	sv-tests: :type: includes preprocessing - svpp-owned conformance (SVPP-EXPANSION lane)
sv-tests	tests/generic/empty/empty_test_3.sv	pass	out_of_scope_with_cause	deferred:svpp_owned	sv-tests: :type: includes preprocessing - svpp-owned conformance (SVPP-EXPANSION lane)
sv-tests	tests/generic/empty/empty_test_4.sv	pass	out_of_scope_with_cause	deferred:svpp_owned	sv-tests: :type: includes preprocessing - svpp-owned conformance (SVPP-EXPANSION lane)
sv-tests	tests/generic/empty/empty_test_5.sv	pass	out_of_scope_with_cause	deferred:svpp_owned	sv-tests: :type: includes preprocessing - svpp-owned conformance (SVPP-EXPANSION lane)
sv-tests	tests/generic/iface/iface_class_test_0.sv	pass	must_accept	match	sv-tests: positive test
sv-tests	tests/generic/iface/iface_class_test_1.sv	pass	must_accept	match	sv-tests: positive test
sv-tests	tests/generic/iface/iface_class_test_10.sv	pass	must_accept	match	sv-tests: positive test
sv-tests	tests/generic/iface/iface_class_test_2.sv	pass	must_accept	match	sv-tests: positive test
sv-tests	tests/generic/iface/iface_class_test_9.sv	pass	must_accept	match	sv-tests: positive test
sv-tests	tests/generic/member/class_member_test_0.sv	pass	must_accept	match	sv-tests: positive test
sv-tests	tests/generic/member/class_member_test_10.sv	pass	must_accept	match	sv-tests: positive test
sv-tests	tests/generic/member/class_member_test_11.sv	pass	must_accept	match	sv-tests: positive test
sv-tests	tests/generic/member/class_member_test_12.sv	pass	must_accept	match	sv-tests: positive test
sv-tests	tests/generic/member/class_member_test_14.sv	pass	must_accept	match	sv-tests: positive test
sv-tests	tests/generic/member/class_member_test_15.sv	pass	must_accept	match	sv-tests: positive test
sv-tests	tests/generic/member/class_member_test_18.sv	pass	must_accept	match	sv-tests: positive test
sv-tests	tests/generic/member/class_member_test_19.sv	pass	must_accept	match	sv-tests: positive test
sv-tests	tests/generic/member/class_member_test_2.sv	pass	must_accept	match	sv-tests: positive test
sv-tests	tests/generic/member/class_member_test_25.sv	pass	must_accept	match	sv-tests: positive test
sv-tests	tests/generic/member/class_member_test_26.sv	pass	must_accept	match	sv-tests: positive test
sv-tests	tests/generic/member/class_member_test_27.sv	pass	must_accept	match	sv-tests: positive test
sv-tests	tests/generic/member/class_member_test_3.sv	pass	must_accept	match	sv-tests: positive test
sv-tests	tests/generic/member/class_member_test_31.sv	pass	must_accept	match	sv-tests: positive test
sv-tests	tests/generic/member/class_member_test_32.sv	pass	must_accept	match	sv-tests: positive test
sv-tests	tests/generic/member/class_member_test_39.sv	pass	must_accept	match	sv-tests: positive test
sv-tests	tests/generic/member/class_member_test_4.sv	pass	must_accept	match	sv-tests: positive test
sv-tests	tests/generic/member/class_member_test_40.sv	pass	must_accept	match	sv-tests: positive test
sv-tests	tests/generic/member/class_member_test_41.sv	pass	must_accept	match	sv-tests: positive test
sv-tests	tests/generic/member/class_member_test_5.sv	pass	must_accept	match	sv-tests: :should_fail_because: at post-parse stage(s) (elaboration) - syntax itself is valid
sv-tests	tests/generic/member/class_member_test_6.sv	pass	must_accept	match	sv-tests: positive test
sv-tests	tests/generic/member/class_member_test_7.sv	pass	must_accept	match	sv-tests: positive test
sv-tests	tests/generic/member/class_member_test_8.sv	pass	must_accept	match	sv-tests: positive test
sv-tests	tests/generic/member/class_member_test_9.sv	pass	must_accept	match	sv-tests: positive test
sv-tests	tests/generic/number/number_test_0.sv	pass	must_accept	match	sv-tests: positive test
sv-tests	tests/generic/number/number_test_1.sv	pass	must_accept	match	sv-tests: positive test
sv-tests	tests/generic/number/number_test_10.sv	pass	must_accept	match	sv-tests: positive test
sv-tests	tests/generic/number/number_test_11.sv	fail	must_accept	divergence:unexplained_rejects_valid	sv-tests: positive test
sv-tests	tests/generic/number/number_test_12.sv	pass	must_accept	match	sv-tests: positive test
sv-tests	tests/generic/number/number_test_13.sv	pass	must_accept	match	sv-tests: positive test
sv-tests	tests/generic/number/number_test_14.sv	pass	must_accept	match	sv-tests: positive test
sv-tests	tests/generic/number/number_test_15.sv	pass	must_accept	match	sv-tests: positive test
sv-tests	tests/generic/number/number_test_16.sv	pass	must_accept	match	sv-tests: positive test
sv-tests	tests/generic/number/number_test_2.sv	pass	must_accept	match	sv-tests: positive test
sv-tests	tests/generic/number/number_test_24.sv	pass	must_accept	match	sv-tests: positive test
sv-tests	tests/generic/number/number_test_25.sv	fail	must_accept	divergence:unexplained_rejects_valid	sv-tests: positive test
sv-tests	tests/generic/number/number_test_26.sv	pass	must_accept	match	sv-tests: positive test
sv-tests	tests/generic/number/number_test_27.sv	pass	must_accept	match	sv-tests: positive test
sv-tests	tests/generic/number/number_test_28.sv	fail	must_accept	divergence:unexplained_rejects_valid	sv-tests: positive test
sv-tests	tests/generic/number/number_test_29.sv	pass	must_accept	match	sv-tests: positive test
sv-tests	tests/generic/number/number_test_3.sv	pass	must_accept	match	sv-tests: positive test
sv-tests	tests/generic/number/number_test_30.sv	pass	must_accept	match	sv-tests: positive test
sv-tests	tests/generic/number/number_test_31.sv	pass	must_accept	match	sv-tests: positive test
sv-tests	tests/generic/number/number_test_32.sv	pass	must_accept	match	sv-tests: positive test
sv-tests	tests/generic/number/number_test_33.sv	pass	must_accept	match	sv-tests: positive test
sv-tests	tests/generic/number/number_test_34.sv	pass	must_accept	match	sv-tests: positive test
sv-tests	tests/generic/number/number_test_35.sv	pass	must_accept	match	sv-tests: positive test
sv-tests	tests/generic/number/number_test_36.sv	pass	must_accept	match	sv-tests: positive test
sv-tests	tests/generic/number/number_test_4.sv	pass	must_accept	match	sv-tests: positive test
sv-tests	tests/generic/number/number_test_42.sv	pass	must_accept	match	sv-tests: positive test
sv-tests	tests/generic/number/number_test_43.sv	fail	must_accept	divergence:unexplained_rejects_valid	sv-tests: positive test
sv-tests	tests/generic/number/number_test_44.sv	pass	must_accept	match	sv-tests: positive test
sv-tests	tests/generic/number/number_test_45.sv	pass	must_accept	match	sv-tests: positive test
sv-tests	tests/generic/number/number_test_46.sv	pass	must_accept	match	sv-tests: positive test
sv-tests	tests/generic/number/number_test_47.sv	fail	must_accept	divergence:unexplained_rejects_valid	sv-tests: positive test
sv-tests	tests/generic/number/number_test_48.sv	pass	must_accept	match	sv-tests: positive test
sv-tests	tests/generic/number/number_test_49.sv	pass	must_accept	match	sv-tests: positive test
sv-tests	tests/generic/number/number_test_5.sv	fail	must_accept	divergence:unexplained_rejects_valid	sv-tests: positive test
sv-tests	tests/generic/number/number_test_50.sv	pass	must_accept	match	sv-tests: positive test
sv-tests	tests/generic/number/number_test_51.sv	pass	must_accept	match	sv-tests: positive test
sv-tests	tests/generic/number/number_test_52.sv	pass	must_accept	match	sv-tests: positive test
sv-tests	tests/generic/number/number_test_53.sv	pass	must_accept	match	sv-tests: positive test
sv-tests	tests/generic/number/number_test_59.sv	pass	must_accept	match	sv-tests: positive test
sv-tests	tests/generic/number/number_test_6.sv	pass	must_accept	match	sv-tests: positive test
sv-tests	tests/generic/number/number_test_60.sv	fail	must_accept	divergence:unexplained_rejects_valid	sv-tests: positive test
sv-tests	tests/generic/number/number_test_61.sv	pass	must_accept	match	sv-tests: positive test
sv-tests	tests/generic/number/number_test_62.sv	pass	must_accept	match	sv-tests: positive test
sv-tests	tests/generic/number/number_test_64.sv	pass	must_accept	match	sv-tests: positive test
sv-tests	tests/generic/number/number_test_65.sv	pass	must_accept	match	sv-tests: positive test
sv-tests	tests/generic/number/number_test_66.sv	fail	must_accept	divergence:unexplained_rejects_valid	sv-tests: positive test
sv-tests	tests/generic/number/number_test_67.sv	pass	must_accept	match	sv-tests: positive test
sv-tests	tests/generic/number/number_test_68.sv	pass	must_accept	match	sv-tests: positive test
sv-tests	tests/generic/number/number_test_69.sv	pass	must_accept	match	sv-tests: positive test
sv-tests	tests/generic/number/number_test_7.sv	pass	must_accept	match	sv-tests: positive test
sv-tests	tests/generic/number/number_test_70.sv	pass	must_accept	match	sv-tests: positive test
sv-tests	tests/generic/number/number_test_71.sv	pass	must_accept	match	sv-tests: positive test
sv-tests	tests/generic/number/number_test_72.sv	pass	must_accept	match	sv-tests: positive test
sv-tests	tests/generic/number/number_test_8.sv	fail	must_accept	divergence:unexplained_rejects_valid	sv-tests: positive test
sv-tests	tests/generic/number/number_test_9.sv	pass	must_accept	match	sv-tests: positive test
sv-tests	tests/generic/preproc/preproc_test_0.sv	pass	out_of_scope_with_cause	deferred:svpp_owned	sv-tests: :type: includes preprocessing - svpp-owned conformance (SVPP-EXPANSION lane)
sv-tests	tests/generic/preproc/preproc_test_2.sv	fail	out_of_scope_with_cause	deferred:svpp_owned	sv-tests: :type: includes preprocessing - svpp-owned conformance (SVPP-EXPANSION lane)
sv-tests	tests/generic/preproc/preproc_test_2.svh	pass	chained_only	deferred:chained_only	sv-tests: .svh include payload, not a standalone unit
sv-tests	tests/generic/preproc/preproc_test_4.sv	pass	out_of_scope_with_cause	deferred:svpp_owned	sv-tests: :type: includes preprocessing - svpp-owned conformance (SVPP-EXPANSION lane)
sv-tests	tests/generic/preproc/preproc_test_5.sv	pass	out_of_scope_with_cause	deferred:svpp_owned	sv-tests: :type: includes preprocessing - svpp-owned conformance (SVPP-EXPANSION lane)
sv-tests	tests/generic/preproc/preproc_test_6.sv	pass	out_of_scope_with_cause	deferred:svpp_owned	sv-tests: :type: includes preprocessing - svpp-owned conformance (SVPP-EXPANSION lane)
sv-tests	tests/generic/preproc/preproc_test_7.sv	fail	out_of_scope_with_cause	deferred:svpp_owned	sv-tests: :type: includes preprocessing - svpp-owned conformance (SVPP-EXPANSION lane)
sv-tests	tests/generic/preproc/preproc_test_8.sv	pass	out_of_scope_with_cause	deferred:svpp_owned	sv-tests: :type: includes preprocessing - svpp-owned conformance (SVPP-EXPANSION lane)
sv-tests	tests/generic/struct/struct_test_0.sv	pass	must_accept	match	sv-tests: positive test
sv-tests	tests/generic/typedef/typedef_test_0.sv	pass	must_accept	match	sv-tests: positive test
sv-tests	tests/generic/typedef/typedef_test_1.sv	pass	must_accept	match	sv-tests: positive test
sv-tests	tests/generic/typedef/typedef_test_10.sv	pass	must_accept	match	sv-tests: positive test
sv-tests	tests/generic/typedef/typedef_test_11.sv	pass	must_accept	match	sv-tests: positive test
sv-tests	tests/generic/typedef/typedef_test_12.sv	pass	must_accept	match	sv-tests: positive test
sv-tests	tests/generic/typedef/typedef_test_13.sv	pass	must_accept	match	sv-tests: positive test
sv-tests	tests/generic/typedef/typedef_test_14.sv	pass	must_accept	match	sv-tests: positive test
sv-tests	tests/generic/typedef/typedef_test_16.sv	pass	must_accept	match	sv-tests: positive test
sv-tests	tests/generic/typedef/typedef_test_18.sv	pass	must_accept	match	sv-tests: positive test
sv-tests	tests/generic/typedef/typedef_test_19.sv	pass	must_accept	match	sv-tests: positive test
sv-tests	tests/generic/typedef/typedef_test_2.sv	pass	must_accept	match	sv-tests: positive test
sv-tests	tests/generic/typedef/typedef_test_20.sv	pass	must_accept	match	sv-tests: positive test
sv-tests	tests/generic/typedef/typedef_test_21.sv	pass	must_accept	match	sv-tests: positive test
sv-tests	tests/generic/typedef/typedef_test_22.sv	pass	must_accept	match	sv-tests: positive test
sv-tests	tests/generic/typedef/typedef_test_23.sv	pass	must_accept	match	sv-tests: positive test
sv-tests	tests/generic/typedef/typedef_test_24.sv	pass	must_accept	match	sv-tests: positive test
sv-tests	tests/generic/typedef/typedef_test_25.sv	fail	must_accept	divergence:explained_svpp_conditional	sv-tests: positive test
sv-tests	tests/generic/typedef/typedef_test_25__bad.sv	fail	must_accept	divergence:explained_svpp_conditional	sv-tests: :should_fail_because: at post-parse stage(s) (elaboration simulation) - syntax itself is valid
sv-tests	tests/generic/typedef/typedef_test_26.sv	fail	must_accept	divergence:explained_svpp_conditional	sv-tests: positive test
sv-tests	tests/generic/typedef/typedef_test_27.sv	fail	must_accept	divergence:explained_svpp_conditional	sv-tests: positive test
sv-tests	tests/generic/typedef/typedef_test_28__bad.sv	pass	must_accept	match	sv-tests: :should_fail_because: at post-parse stage(s) (elaboration simulation) - syntax itself is valid
sv-tests	tests/generic/typedef/typedef_test_3.sv	pass	must_accept	match	sv-tests: positive test
sv-tests	tests/generic/typedef/typedef_test_4.sv	pass	must_accept	match	sv-tests: positive test
sv-tests	tests/generic/typedef/typedef_test_5.sv	pass	must_accept	match	sv-tests: positive test
sv-tests	tests/generic/typedef/typedef_test_6.sv	pass	must_accept	match	sv-tests: positive test
sv-tests	tests/generic/typedef/typedef_test_7.sv	pass	must_accept	match	sv-tests: positive test
sv-tests	tests/generic/typedef/typedef_test_8.sv	pass	must_accept	match	sv-tests: positive test
sv-tests	tests/generic/typedef/typedef_test_8__bad.sv	fail	must_accept	divergence:unexplained_rejects_valid	sv-tests: :should_fail_because: at post-parse stage(s) (elaboration simulation) - syntax itself is valid
sv-tests	tests/generic/typedef/typedef_test_9.sv	pass	must_accept	match	sv-tests: positive test
sv-tests	tests/generic/union/union_test_0.sv	pass	must_accept	match	sv-tests: positive test
sv-tests	tests/sanity.sv	fail	must_reject	match	pinned: header says explicitly 'syntax error, fails during parsing'
sv-tests	tests/testbenches/uvm_agent_active.sv	fail	must_accept	divergence:explained_svpp_include	sv-tests: positive test
sv-tests	tests/testbenches/uvm_agent_env.sv	fail	must_accept	divergence:explained_svpp_include	sv-tests: positive test
sv-tests	tests/testbenches/uvm_agent_passive.sv	fail	must_accept	divergence:explained_svpp_include	sv-tests: positive test
sv-tests	tests/testbenches/uvm_driver_sequencer_env.sv	fail	must_accept	divergence:explained_svpp_include	sv-tests: positive test
sv-tests	tests/testbenches/uvm_monitor_env.sv	fail	must_accept	divergence:explained_svpp_include	sv-tests: positive test
sv-tests	tests/testbenches/uvm_resource_db_read_by_name.sv	fail	must_accept	divergence:explained_svpp_include	sv-tests: positive test
sv-tests	tests/testbenches/uvm_scoreboard_env.sv	fail	must_accept	divergence:explained_svpp_include	sv-tests: positive test
sv-tests	tests/testbenches/uvm_scoreboard_monitor_agent_env.sv	fail	must_accept	divergence:explained_svpp_include	sv-tests: positive test
sv-tests	tests/testbenches/uvm_scoreboard_monitor_env.sv	fail	must_accept	divergence:explained_svpp_include	sv-tests: positive test
sv-tests	tests/testbenches/uvm_sequence.sv	fail	must_accept	divergence:explained_svpp_include	sv-tests: positive test
sv-tests	tests/testbenches/uvm_test_run_test.sv	fail	must_accept	divergence:explained_svpp_include	sv-tests: positive test
sv-tests	tests/uvm/uvm_files.sv	pass	must_accept	match	sv-tests: positive test
verible	verible/verilog/tools/kythe/testdata/array.sv	pass	must_accept	match	verible: kythe single-file indexing fixture
verible	verible/verilog/tools/kythe/testdata/case.sv	pass	must_accept	match	verible: kythe single-file indexing fixture
verible	verible/verilog/tools/kythe/testdata/class.sv	pass	must_accept	match	verible: kythe single-file indexing fixture
verible	verible/verilog/tools/kythe/testdata/class_constructor.sv	pass	must_accept	match	verible: kythe single-file indexing fixture
verible	verible/verilog/tools/kythe/testdata/class_extends.sv	pass	must_accept	match	verible: kythe single-file indexing fixture
verible	verible/verilog/tools/kythe/testdata/class_extends_with_package.sv	pass	must_accept	match	verible: kythe single-file indexing fixture
verible	verible/verilog/tools/kythe/testdata/class_member.sv	pass	must_accept	match	verible: kythe single-file indexing fixture
verible	verible/verilog/tools/kythe/testdata/class_parameter.sv	pass	must_accept	match	verible: kythe single-file indexing fixture
verible	verible/verilog/tools/kythe/testdata/conditional_generate.sv	pass	must_accept	match	verible: kythe single-file indexing fixture
verible	verible/verilog/tools/kythe/testdata/declarations.sv	pass	must_accept	match	verible: kythe single-file indexing fixture
verible	verible/verilog/tools/kythe/testdata/different_primitive_types.sv	pass	must_accept	match	verible: kythe single-file indexing fixture
verible	verible/verilog/tools/kythe/testdata/do_while_loop.sv	pass	must_accept	match	verible: kythe single-file indexing fixture
verible	verible/verilog/tools/kythe/testdata/enum.sv	pass	must_accept	match	verible: kythe single-file indexing fixture
verible	verible/verilog/tools/kythe/testdata/event_control.sv	fail	must_accept	divergence:unexplained_rejects_valid	verible: kythe single-file indexing fixture
verible	verible/verilog/tools/kythe/testdata/final.sv	pass	must_accept	match	verible: kythe single-file indexing fixture
verible	verible/verilog/tools/kythe/testdata/for_loop.sv	pass	must_accept	match	verible: kythe single-file indexing fixture
verible	verible/verilog/tools/kythe/testdata/for_loop_uint.sv	pass	must_accept	match	verible: kythe single-file indexing fixture
verible	verible/verilog/tools/kythe/testdata/foreach.sv	fail	must_accept	divergence:unexplained_rejects_valid	verible: kythe single-file indexing fixture
verible	verible/verilog/tools/kythe/testdata/forever.sv	pass	must_accept	match	verible: kythe single-file indexing fixture
verible	verible/verilog/tools/kythe/testdata/function_and_task.sv	pass	must_accept	match	verible: kythe single-file indexing fixture
verible	verible/verilog/tools/kythe/testdata/function_call_hierarchy.sv	pass	must_accept	match	verible: kythe single-file indexing fixture
verible	verible/verilog/tools/kythe/testdata/function_call_inside_loop.sv	pass	must_accept	match	verible: kythe single-file indexing fixture
verible	verible/verilog/tools/kythe/testdata/function_named_args.sv	pass	must_accept	match	verible: kythe single-file indexing fixture
verible	verible/verilog/tools/kythe/testdata/function_overrides.sv	pass	must_accept	match	verible: kythe single-file indexing fixture
verible	verible/verilog/tools/kythe/testdata/function_port_dimensions.sv	fail	must_accept	divergence:unexplained_rejects_valid	verible: kythe single-file indexing fixture
verible	verible/verilog/tools/kythe/testdata/function_scoping.sv	pass	must_accept	match	verible: kythe single-file indexing fixture
verible	verible/verilog/tools/kythe/testdata/function_user_defined_port.sv	pass	must_accept	match	verible: kythe single-file indexing fixture
verible	verible/verilog/tools/kythe/testdata/if_condition.sv	pass	must_accept	match	verible: kythe single-file indexing fixture
verible	verible/verilog/tools/kythe/testdata/include_file_test/A.svh	pass	chained_only	deferred:chained_only	verible: .svh include payload, not a standalone unit
verible	verible/verilog/tools/kythe/testdata/include_file_test/B.svh	pass	chained_only	deferred:chained_only	verible: .svh include payload, not a standalone unit
verible	verible/verilog/tools/kythe/testdata/include_file_test/C.sv	pass	chained_only	deferred:chained_only	verible: kythe multi-file/include fixture directory
verible	verible/verilog/tools/kythe/testdata/include_file_test/included-file-1.svh	pass	chained_only	deferred:chained_only	verible: .svh include payload, not a standalone unit
verible	verible/verilog/tools/kythe/testdata/include_file_test/included-file-2.svh	pass	chained_only	deferred:chained_only	verible: .svh include payload, not a standalone unit
verible	verible/verilog/tools/kythe/testdata/include_file_test/module.sv	fail	chained_only	deferred:chained_only	verible: kythe multi-file/include fixture directory
verible	verible/verilog/tools/kythe/testdata/include_file_test/module2.sv	fail	chained_only	deferred:chained_only	verible: kythe multi-file/include fixture directory
verible	verible/verilog/tools/kythe/testdata/include_file_test/package_with_include.sv	fail	chained_only	deferred:chained_only	verible: kythe multi-file/include fixture directory
verible	verible/verilog/tools/kythe/testdata/include_file_test/package_with_include_class.svh	pass	chained_only	deferred:chained_only	verible: .svh include payload, not a standalone unit
verible	verible/verilog/tools/kythe/testdata/include_with_dir_test/E.sv	pass	chained_only	deferred:chained_only	verible: kythe multi-file/include fixture directory
verible	verible/verilog/tools/kythe/testdata/include_with_dir_test/include_dir/D.svh	pass	chained_only	deferred:chained_only	verible: .svh include payload, not a standalone unit
verible	verible/verilog/tools/kythe/testdata/include_with_dir_test/module3.sv	fail	chained_only	deferred:chained_only	verible: kythe multi-file/include fixture directory
verible	verible/verilog/tools/kythe/testdata/include_with_dir_test/module4.sv	fail	chained_only	deferred:chained_only	verible: kythe multi-file/include fixture directory
verible	verible/verilog/tools/kythe/testdata/initial_block.sv	pass	must_accept	match	verible: kythe single-file indexing fixture
verible	verible/verilog/tools/kythe/testdata/interface.sv	pass	must_accept	match	verible: kythe single-file indexing fixture
verible	verible/verilog/tools/kythe/testdata/interface_with_module.sv	fail	must_accept	divergence:unexplained_rejects_valid	verible: kythe single-file indexing fixture
verible	verible/verilog/tools/kythe/testdata/interface_with_parameter.sv	pass	must_accept	match	verible: kythe single-file indexing fixture
verible	verible/verilog/tools/kythe/testdata/macro.sv	fail	must_accept	divergence:explained_svpp_macro_use	verible: kythe single-file indexing fixture
verible	verible/verilog/tools/kythe/testdata/macro_call_test.sv	fail	must_accept	divergence:explained_svpp_macro_use	verible: kythe single-file indexing fixture
verible	verible/verilog/tools/kythe/testdata/macro_with_function.sv	fail	must_accept	divergence:explained_svpp_macro_use	verible: kythe single-file indexing fixture
verible	verible/verilog/tools/kythe/testdata/module.sv	pass	must_accept	match	verible: kythe single-file indexing fixture
verible	verible/verilog/tools/kythe/testdata/module_actual_and_implicit_port.sv	pass	must_accept	match	verible: kythe single-file indexing fixture
verible	verible/verilog/tools/kythe/testdata/module_extra_test.sv	pass	must_accept	match	verible: kythe single-file indexing fixture
verible	verible/verilog/tools/kythe/testdata/module_instance_in_conditional_generate.sv	pass	must_accept	match	verible: kythe single-file indexing fixture
verible	verible/verilog/tools/kythe/testdata/module_parameter.sv	pass	must_accept	match	verible: kythe single-file indexing fixture
verible	verible/verilog/tools/kythe/testdata/module_port_type_forwarding.sv	fail	must_accept	divergence:unexplained_rejects_valid	verible: kythe single-file indexing fixture
verible	verible/verilog/tools/kythe/testdata/module_with_same_prefix.sv	pass	must_accept	match	verible: kythe single-file indexing fixture
verible	verible/verilog/tools/kythe/testdata/multi_file_test/multi-file-1.sv	pass	chained_only	deferred:chained_only	verible: kythe multi-file/include fixture directory
verible	verible/verilog/tools/kythe/testdata/multi_file_test/multi-file-2.sv	pass	chained_only	deferred:chained_only	verible: kythe multi-file/include fixture directory
verible	verible/verilog/tools/kythe/testdata/multi_file_test/multi-file-3.sv	pass	chained_only	deferred:chained_only	verible: kythe multi-file/include fixture directory
verible	verible/verilog/tools/kythe/testdata/multi_file_test/multi-file-4.sv	pass	chained_only	deferred:chained_only	verible: kythe multi-file/include fixture directory
verible	verible/verilog/tools/kythe/testdata/nested_member_access.sv	fail	must_accept	divergence:unexplained_rejects_valid	verible: kythe single-file indexing fixture
verible	verible/verilog/tools/kythe/testdata/package.sv	pass	must_accept	match	verible: kythe single-file indexing fixture
verible	verible/verilog/tools/kythe/testdata/package_with_primitive.sv	pass	must_accept	match	verible: kythe single-file indexing fixture
verible	verible/verilog/tools/kythe/testdata/primitive_type_with_dimensions.sv	fail	must_accept	divergence:unexplained_rejects_valid	verible: kythe single-file indexing fixture
verible	verible/verilog/tools/kythe/testdata/primitive_types.sv	pass	must_accept	match	verible: kythe single-file indexing fixture
verible	verible/verilog/tools/kythe/testdata/program.sv	fail	must_accept	divergence:unexplained_rejects_valid	verible: kythe single-file indexing fixture
verible	verible/verilog/tools/kythe/testdata/propagate_data_type_module_port.sv	pass	must_accept	match	verible: kythe single-file indexing fixture
verible	verible/verilog/tools/kythe/testdata/pure_virtual_function.sv	pass	must_accept	match	verible: kythe single-file indexing fixture
verible	verible/verilog/tools/kythe/testdata/pure_virtual_task.sv	pass	must_accept	match	verible: kythe single-file indexing fixture
verible	verible/verilog/tools/kythe/testdata/qualified_variable_type.sv	pass	must_accept	match	verible: kythe single-file indexing fixture
verible	verible/verilog/tools/kythe/testdata/repeat.sv	pass	must_accept	match	verible: kythe single-file indexing fixture
verible	verible/verilog/tools/kythe/testdata/reversed_definition.sv	fail	must_accept	divergence:unexplained_rejects_valid	verible: kythe single-file indexing fixture
verible	verible/verilog/tools/kythe/testdata/struct.sv	pass	must_accept	match	verible: kythe single-file indexing fixture
verible	verible/verilog/tools/kythe/testdata/struct_declaration_function_argument.sv	pass	must_accept	match	verible: kythe single-file indexing fixture
verible	verible/verilog/tools/kythe/testdata/struct_inside_union.sv	pass	must_accept	match	verible: kythe single-file indexing fixture
verible	verible/verilog/tools/kythe/testdata/task_scoping.sv	pass	must_accept	match	verible: kythe single-file indexing fixture
verible	verible/verilog/tools/kythe/testdata/type_declaration.sv	pass	must_accept	match	verible: kythe single-file indexing fixture
verible	verible/verilog/tools/kythe/testdata/union.sv	pass	must_accept	match	verible: kythe single-file indexing fixture
verible	verible/verilog/tools/kythe/testdata/union_inside_struct.sv	pass	must_accept	match	verible: kythe single-file indexing fixture
verible	verible/verilog/tools/kythe/testdata/while_loop.sv	pass	must_accept	match	verible: kythe single-file indexing fixture
verible	verible/verilog/tools/lint/testdata/always_comb_blocking.sv	pass	must_accept	match	verible: lint-rule fixture (style findings, valid syntax)
verible	verible/verilog/tools/lint/testdata/always_comb_module.sv	pass	must_accept	match	verible: lint-rule fixture (style findings, valid syntax)
verible	verible/verilog/tools/lint/testdata/always_ff_non_blocking.sv	pass	must_accept	match	verible: lint-rule fixture (style findings, valid syntax)
verible	verible/verilog/tools/lint/testdata/bad-id-lex.sv	fail	must_reject	match	pinned: in-file comment 'lexer should reject invalid identifier' (module 654foo)
verible	verible/verilog/tools/lint/testdata/banned_declared_name_patterns.sv	pass	must_accept	match	verible: lint-rule fixture (style findings, valid syntax)
verible	verible/verilog/tools/lint/testdata/case_missing_default.sv	pass	must_accept	match	verible: lint-rule fixture (style findings, valid syntax)
verible	verible/verilog/tools/lint/testdata/constraint_name_style.sv	pass	must_accept	match	verible: lint-rule fixture (style findings, valid syntax)
verible	verible/verilog/tools/lint/testdata/defparam_usage.sv	pass	must_accept	match	verible: lint-rule fixture (style findings, valid syntax)
verible	verible/verilog/tools/lint/testdata/dff_name_style.sv	pass	must_accept	match	verible: lint-rule fixture (style findings, valid syntax)
verible	verible/verilog/tools/lint/testdata/disable_statement.sv	pass	must_accept	match	verible: lint-rule fixture (style findings, valid syntax)
verible	verible/verilog/tools/lint/testdata/endif_comment.sv	fail	must_accept	divergence:explained_svpp_conditional	verible: lint-rule fixture (style findings, valid syntax)
verible	verible/verilog/tools/lint/testdata/enum_name_style.sv	pass	must_accept	match	verible: lint-rule fixture (style findings, valid syntax)
verible	verible/verilog/tools/lint/testdata/explicit_begin.sv	pass	must_accept	match	verible: lint-rule fixture (style findings, valid syntax)
verible	verible/verilog/tools/lint/testdata/explicit_function_lifetime.sv	pass	must_accept	match	verible: lint-rule fixture (style findings, valid syntax)
verible	verible/verilog/tools/lint/testdata/explicit_function_parameter_type.sv	pass	must_accept	match	verible: lint-rule fixture (style findings, valid syntax)
verible	verible/verilog/tools/lint/testdata/explicit_parameter_storage_type.sv	pass	must_accept	match	verible: lint-rule fixture (style findings, valid syntax)
verible	verible/verilog/tools/lint/testdata/explicit_task_lifetime.sv	pass	must_accept	match	verible: lint-rule fixture (style findings, valid syntax)
verible	verible/verilog/tools/lint/testdata/explicit_task_parameter_type.sv	pass	must_accept	match	verible: lint-rule fixture (style findings, valid syntax)
verible	verible/verilog/tools/lint/testdata/forbid_consecutive_null_statements.sv	pass	must_accept	match	verible: lint-rule fixture (style findings, valid syntax)
verible	verible/verilog/tools/lint/testdata/forbid_line_continuations.sv	fail	must_accept	divergence:unexplained_rejects_valid	verible: lint-rule fixture (style findings, valid syntax)
verible	verible/verilog/tools/lint/testdata/forbid_negative_array_dim.sv	pass	must_accept	match	verible: lint-rule fixture (style findings, valid syntax)
verible	verible/verilog/tools/lint/testdata/generate-label-module-body.sv	fail	out_of_scope_with_cause	deferred:svpp_owned	verible: '// verilog_syntax:' excerpt-mode fixture - a fragment parsed under a tool-specific mode, never a standalone unit
verible	verible/verilog/tools/lint/testdata/generate_begin_module.sv	fail	must_accept	divergence:unexplained_rejects_valid	verible: lint-rule fixture (style findings, valid syntax)
verible	verible/verilog/tools/lint/testdata/generate_label_module.sv	fail	must_accept	divergence:unexplained_rejects_valid	verible: lint-rule fixture (style findings, valid syntax)
verible	verible/verilog/tools/lint/testdata/generate_label_prefix.sv	pass	must_accept	match	verible: lint-rule fixture (style findings, valid syntax)
verible	verible/verilog/tools/lint/testdata/instance-ports-module-body.sv	fail	out_of_scope_with_cause	deferred:svpp_owned	verible: '// verilog_syntax:' excerpt-mode fixture - a fragment parsed under a tool-specific mode, never a standalone unit
verible	verible/verilog/tools/lint/testdata/instance_parameters.sv	fail	must_accept	divergence:unexplained_rejects_valid	verible: lint-rule fixture (style findings, valid syntax)
verible	verible/verilog/tools/lint/testdata/instance_ports.sv	pass	must_accept	match	verible: lint-rule fixture (style findings, valid syntax)
verible	verible/verilog/tools/lint/testdata/interface_type_name_style.sv	pass	must_accept	match	verible: lint-rule fixture (style findings, valid syntax)
verible	verible/verilog/tools/lint/testdata/legacy_generate_region.sv	fail	out_of_scope_with_cause	deferred:svpp_owned	verible: '// verilog_syntax:' excerpt-mode fixture - a fragment parsed under a tool-specific mode, never a standalone unit
verible	verible/verilog/tools/lint/testdata/legacy_genvar_declaration.sv	fail	out_of_scope_with_cause	deferred:svpp_owned	verible: '// verilog_syntax:' excerpt-mode fixture - a fragment parsed under a tool-specific mode, never a standalone unit
verible	verible/verilog/tools/lint/testdata/line-length-in-module-body.sv	fail	out_of_scope_with_cause	deferred:svpp_owned	verible: '// verilog_syntax:' excerpt-mode fixture - a fragment parsed under a tool-specific mode, never a standalone unit
verible	verible/verilog/tools/lint/testdata/localparam_name_style.sv	pass	must_accept	match	verible: lint-rule fixture (style findings, valid syntax)
verible	verible/verilog/tools/lint/testdata/localparam_name_style_all_caps.sv	pass	must_accept	match	verible: lint-rule fixture (style findings, valid syntax)
verible	verible/verilog/tools/lint/testdata/localparam_name_style_camel_case.sv	pass	must_accept	match	verible: lint-rule fixture (style findings, valid syntax)
verible	verible/verilog/tools/lint/testdata/localparam_type_name_style.sv	pass	must_accept	match	verible: lint-rule fixture (style findings, valid syntax)
verible	verible/verilog/tools/lint/testdata/long_line.sv	pass	must_accept	match	verible: lint-rule fixture (style findings, valid syntax)
verible	verible/verilog/tools/lint/testdata/macro_name_style.sv	pass	must_accept	match	verible: lint-rule fixture (style findings, valid syntax)
verible	verible/verilog/tools/lint/testdata/macro_string_concatenation.sv	pass	must_accept	match	verible: lint-rule fixture (style findings, valid syntax)
verible	verible/verilog/tools/lint/testdata/mismatched_labels.sv	pass	must_accept	match	verible: lint-rule fixture (style findings, valid syntax)
verible	verible/verilog/tools/lint/testdata/module_begin_block.sv	fail	must_reject	match	pinned: in-file comment marks the bare begin block 'LRM-invalid syntax'
verible	verible/verilog/tools/lint/testdata/module_filename.sv	pass	must_accept	match	verible: lint-rule fixture (style findings, valid syntax)
verible	verible/verilog/tools/lint/testdata/numeric_format_string_style.sv	pass	must_accept	match	verible: lint-rule fixture (style findings, valid syntax)
verible	verible/verilog/tools/lint/testdata/object_creation_name.sv	pass	must_accept	match	verible: lint-rule fixture (style findings, valid syntax)
verible	verible/verilog/tools/lint/testdata/one_module_per_file.sv	pass	must_accept	match	verible: lint-rule fixture (style findings, valid syntax)
verible	verible/verilog/tools/lint/testdata/package_filename_pkg.sv	pass	must_accept	match	verible: lint-rule fixture (style findings, valid syntax)
verible	verible/verilog/tools/lint/testdata/packed_dimensions.sv	pass	must_accept	match	verible: lint-rule fixture (style findings, valid syntax)
verible	verible/verilog/tools/lint/testdata/parameter_name_style.sv	pass	must_accept	match	verible: lint-rule fixture (style findings, valid syntax)
verible	verible/verilog/tools/lint/testdata/parameter_type_name_style.sv	pass	must_accept	match	verible: lint-rule fixture (style findings, valid syntax)
verible	verible/verilog/tools/lint/testdata/plusarg_assignment.sv	pass	must_accept	match	verible: lint-rule fixture (style findings, valid syntax)
verible	verible/verilog/tools/lint/testdata/port_name_suffix.sv	pass	must_accept	match	verible: lint-rule fixture (style findings, valid syntax)
verible	verible/verilog/tools/lint/testdata/positive_meaning_parameter_name.sv	pass	must_accept	match	verible: lint-rule fixture (style findings, valid syntax)
verible	verible/verilog/tools/lint/testdata/posix_eof.sv	pass	must_accept	match	verible: lint-rule fixture (style findings, valid syntax)
verible	verible/verilog/tools/lint/testdata/proper_localparam_declaration.sv	pass	must_accept	match	verible: lint-rule fixture (style findings, valid syntax)
verible	verible/verilog/tools/lint/testdata/proper_parameter_declaration.sv	pass	must_accept	match	verible: lint-rule fixture (style findings, valid syntax)
verible	verible/verilog/tools/lint/testdata/psprintf.sv	pass	must_accept	match	verible: lint-rule fixture (style findings, valid syntax)
verible	verible/verilog/tools/lint/testdata/shadow_parameter.sv	pass	must_accept	match	verible: lint-rule fixture (style findings, valid syntax)
verible	verible/verilog/tools/lint/testdata/signal_name_style.sv	pass	must_accept	match	verible: lint-rule fixture (style findings, valid syntax)
verible	verible/verilog/tools/lint/testdata/struct_name_style.sv	pass	must_accept	match	verible: lint-rule fixture (style findings, valid syntax)
verible	verible/verilog/tools/lint/testdata/suggest_parentheses_example.sv	pass	must_accept	match	verible: lint-rule fixture (style findings, valid syntax)
verible	verible/verilog/tools/lint/testdata/suspicious_semicolon.sv	pass	must_accept	match	verible: lint-rule fixture (style findings, valid syntax)
verible	verible/verilog/tools/lint/testdata/tabs.sv	pass	must_accept	match	verible: lint-rule fixture (style findings, valid syntax)
verible	verible/verilog/tools/lint/testdata/trailing_spaces.sv	pass	must_accept	match	verible: lint-rule fixture (style findings, valid syntax)
verible	verible/verilog/tools/lint/testdata/truncated_numeric_literal.sv	pass	must_accept	match	verible: lint-rule fixture (style findings, valid syntax)
verible	verible/verilog/tools/lint/testdata/typedef_enums.sv	pass	must_accept	match	verible: lint-rule fixture (style findings, valid syntax)
verible	verible/verilog/tools/lint/testdata/typedef_structs.sv	pass	must_accept	match	verible: lint-rule fixture (style findings, valid syntax)
verible	verible/verilog/tools/lint/testdata/typedef_unions.sv	pass	must_accept	match	verible: lint-rule fixture (style findings, valid syntax)
verible	verible/verilog/tools/lint/testdata/undersized_binary_literal.sv	pass	must_accept	match	verible: lint-rule fixture (style findings, valid syntax)
verible	verible/verilog/tools/lint/testdata/union_name_style.sv	pass	must_accept	match	verible: lint-rule fixture (style findings, valid syntax)
verible	verible/verilog/tools/lint/testdata/unpacked_dimensions.sv	pass	must_accept	match	verible: lint-rule fixture (style findings, valid syntax)
verible	verible/verilog/tools/lint/testdata/uvm_macro_semicolon.sv	fail	must_accept	divergence:explained_svpp_macro_use	verible: lint-rule fixture (style findings, valid syntax)
verible	verible/verilog/tools/lint/testdata/uvm_warning.sv	fail	must_accept	divergence:explained_svpp_macro_use	verible: lint-rule fixture (style findings, valid syntax)
verible	verible/verilog/tools/lint/testdata/void-cast.sv	pass	must_accept	match	verible: lint-rule fixture (style findings, valid syntax)
verilator	test_regress/t/t_EXAMPLE.v	fail	must_accept	divergence:explained_svpp_macro_use	verilator: driver t_EXAMPLE.py expects success
verilator	test_regress/t/t_a1_first_cc.v	pass	must_accept	match	verilator: driver t_a1_first_cc.py expects success
verilator	test_regress/t/t_alias_cyclic_bad.v	fail	must_accept	divergence:explained_svpp_conditional	verilator: driver t_alias_cyclic_bad.py fails=True but golden .out is a post-parse tool error (lint/elab/unsupported) - syntax valid
verilator	test_regress/t/t_alias_force.v	pass	must_accept	match	verilator: driver t_alias_force.py expects success
verilator	test_regress/t/t_alias_hier_ref_bad.v	pass	must_accept	match	verilator: driver t_alias_hier_ref_bad.py fails=True but golden .out is a post-parse tool error (lint/elab/unsupported) - syntax valid
verilator	test_regress/t/t_alias_ports_unsup.v	pass	must_accept	match	verilator: driver t_alias_ports_unsup.py fails=True but golden .out is a post-parse tool error (lint/elab/unsupported) - syntax valid
verilator	test_regress/t/t_alias_simple.v	pass	must_accept	match	verilator: driver t_alias_simple.py expects success
verilator	test_regress/t/t_alias_sub_select.v	pass	must_accept	match	verilator: driver t_alias_sub_select.py expects success
verilator	test_regress/t/t_alias_transitive.v	fail	must_accept	divergence:explained_svpp_conditional	verilator: driver t_alias_transitive.py expects success
verilator	test_regress/t/t_alias_tristate_unsup.v	pass	must_accept	match	verilator: driver t_alias_tristate_unsup.py fails=True but golden .out is a post-parse tool error (lint/elab/unsupported) - syntax valid
verilator	test_regress/t/t_alias_unsup.v	fail	must_accept	divergence:explained_svpp_macro_use	verilator: driver t_alias_unsup.py fails=True but golden .out is a post-parse tool error (lint/elab/unsupported) - syntax valid
verilator	test_regress/t/t_alias_var_bad.v	pass	must_accept	match	verilator: driver t_alias_var_bad.py fails=True but golden .out is a post-parse tool error (lint/elab/unsupported) - syntax valid
verilator	test_regress/t/t_alias_width_bad.v	pass	must_accept	match	verilator: driver t_alias_width_bad.py fails=True but golden .out is a post-parse tool error (lint/elab/unsupported) - syntax valid
verilator	test_regress/t/t_altera_lpm.v	fail	must_accept	divergence:explained_svpp_macro_use	verilator: driver t_altera_lpm_abs.py expects success
verilator	test_regress/t/t_always_chg_first.v	pass	must_accept	match	verilator: driver t_always_chg_first.py expects success
verilator	test_regress/t/t_always_combdly.v	pass	must_accept	match	verilator: driver t_always_combdly.py expects success
verilator	test_regress/t/t_always_dly.v	pass	must_accept	match	verilator: driver t_always_dly.py expects success
verilator	test_regress/t/t_always_ff_never.v	pass	must_accept	match	verilator: driver t_always_ff_never.py expects success
verilator	test_regress/t/t_always_nosplit.v	pass	must_accept	match	verilator: driver t_always_nosplit.py expects success
verilator	test_regress/t/t_always_reorder.v	pass	must_accept	match	verilator: driver t_always_reorder.py expects success
verilator	test_regress/t/t_always_reorder_inlined_func.v	fail	must_accept	divergence:explained_svpp_macro_use	verilator: driver t_always_reorder_inlined_func.py expects success
verilator	test_regress/t/t_always_sen_compare.v	pass	must_accept	match	verilator: driver t_always_sen_compare.py expects success
verilator	test_regress/t/t_always_split.v	pass	must_accept	match	verilator: driver t_always_split.py expects success
verilator	test_regress/t/t_always_split_cond.v	fail	must_accept	divergence:explained_svpp_conditional	verilator: driver t_always_split_cond.py expects success
verilator	test_regress/t/t_always_split_rst.v	fail	must_accept	divergence:explained_svpp_macro_use	verilator: driver t_always_split_rst.py expects success
verilator	test_regress/t/t_always_splitord.v	pass	must_accept	match	verilator: driver t_always_splitord.py expects success
verilator	test_regress/t/t_array_backw_index_bad.v	pass	must_accept	match	verilator: driver t_array_backw_index_bad.py fails=True but golden .out is a post-parse tool error (lint/elab/unsupported) - syntax valid
verilator	test_regress/t/t_array_compare.v	fail	must_accept	divergence:explained_svpp_conditional	verilator: driver t_array_compare.py expects success
verilator	test_regress/t/t_array_event.v	fail	must_accept	divergence:unexplained_rejects_valid	verilator: driver t_array_event.py expects success
verilator	test_regress/t/t_array_in_struct.v	pass	must_accept	match	verilator: driver t_array_in_struct.py expects success
verilator	test_regress/t/t_array_index_increment.v	pass	must_accept	match	verilator: driver t_array_index_increment.py expects success
verilator	test_regress/t/t_array_index_side.v	fail	must_accept	divergence:explained_svpp_macro_use	verilator: driver t_array_index_side.py expects success
verilator	test_regress/t/t_array_list_bad.v	pass	must_accept	match	verilator: driver t_array_list_bad.py fails=True but golden .out is a post-parse tool error (lint/elab/unsupported) - syntax valid
verilator	test_regress/t/t_array_mda.v	fail	must_accept	divergence:explained_svpp_macro_use	verilator: driver t_array_mda.py expects success
verilator	test_regress/t/t_array_method.v	fail	must_accept	divergence:explained_svpp_macro_use	verilator: driver t_array_method.py expects success
verilator	test_regress/t/t_array_method_bad.v	pass	must_accept	match	verilator: driver t_array_method_bad.py fails=True but golden .out is a post-parse tool error (lint/elab/unsupported) - syntax valid
verilator	test_regress/t/t_array_non_blocking_loop.v	pass	must_accept	match	verilator: driver t_array_non_blocking_loop.py expects success
verilator	test_regress/t/t_array_packed_endian.v	fail	must_accept	divergence:explained_svpp_macro_use	verilator: driver t_array_packed_endian.py expects success
verilator	test_regress/t/t_array_packed_sign.v	pass	must_accept	match	verilator: driver t_array_packed_sign.py expects success
verilator	test_regress/t/t_array_packed_sysfunct.v	fail	must_accept	divergence:explained_svpp_macro_use	verilator: driver t_array_packed_sysfunct.py expects success
verilator	test_regress/t/t_array_packed_write_read.v	pass	must_accept	match	verilator: driver t_array_packed_write_read.py expects success
verilator	test_regress/t/t_array_pattern_2d.v	pass	must_accept	match	verilator: driver t_array_pattern_2d.py expects success
verilator	test_regress/t/t_array_pattern_bad.v	pass	must_accept	match	verilator: driver t_array_pattern_bad.py fails=True but golden .out is a post-parse tool error (lint/elab/unsupported) - syntax valid
verilator	test_regress/t/t_array_pattern_bad2.v	pass	must_accept	match	verilator: driver t_array_pattern_bad2.py fails=True but golden .out is a post-parse tool error (lint/elab/unsupported) - syntax valid
verilator	test_regress/t/t_array_pattern_bad3.v	pass	must_accept	match	verilator: driver t_array_pattern_bad3.py fails=True but golden .out is a post-parse tool error (lint/elab/unsupported) - syntax valid
verilator	test_regress/t/t_array_pattern_concat.v	fail	must_accept	divergence:explained_svpp_macro_use	verilator: driver t_array_pattern_concat.py expects success
verilator	test_regress/t/t_array_pattern_default_recursive.v	pass	must_accept	match	verilator: driver t_array_pattern_default_recursive.py expects success
verilator	test_regress/t/t_array_pattern_enum.v	pass	must_accept	match	verilator: driver t_array_pattern_enum.py expects success
verilator	test_regress/t/t_array_pattern_packed.v	pass	must_accept	match	verilator: driver t_array_pattern_packed.py expects success
verilator	test_regress/t/t_array_pattern_scalar_bad.v	pass	must_accept	match	verilator: driver t_array_pattern_scalar_bad.py fails=True but golden .out is a post-parse tool error (lint/elab/unsupported) - syntax valid
verilator	test_regress/t/t_array_pattern_side_effect.v	fail	must_accept	divergence:explained_svpp_macro_use	verilator: driver t_array_pattern_side_effect.py expects success
verilator	test_regress/t/t_array_pattern_unpacked.v	pass	must_accept	match	verilator: driver t_array_pattern_unpacked.py expects success
verilator	test_regress/t/t_array_query.v	fail	must_accept	divergence:explained_svpp_conditional	verilator: driver t_array_query.py expects success
verilator	test_regress/t/t_array_query_with.v	pass	must_accept	match	verilator: driver t_array_query_with.py expects success
verilator	test_regress/t/t_array_rev.v	fail	must_accept	divergence:explained_svpp_conditional	verilator: driver t_array_rev.py expects success
verilator	test_regress/t/t_array_sel_short.v	pass	must_accept	match	verilator: driver t_array_sel_short.py expects success
verilator	test_regress/t/t_array_sel_wide.v	pass	must_accept	match	verilator: driver t_array_sel_wide.py expects success
verilator	test_regress/t/t_array_type_methods.v	fail	must_accept	divergence:explained_svpp_macro_use	verilator: driver t_array_type_methods.py expects success
verilator	test_regress/t/t_array_unpacked_public.v	pass	must_accept	match	verilator: driver t_array_unpacked_public.py expects success
verilator	test_regress/t/t_assert_always_unsup.v	fail	must_reject	match	verilator: driver t_assert_always_unsup.py fails=True and golden .out reports a syntax error
verilator	test_regress/t/t_assert_assert.v	fail	must_accept	divergence:explained_svpp_macro_use	verilator: driver t_assert_assert.py expects success
verilator	test_regress/t/t_assert_bang_in_seq.v	fail	must_accept	divergence:explained_svpp_macro_use	verilator: driver t_assert_bang_in_seq.py expects success
verilator	test_regress/t/t_assert_basic.v	fail	must_accept	divergence:explained_svpp_conditional	verilator: driver t_assert_basic.py expects success
verilator	test_regress/t/t_assert_casez.v	pass	must_accept	match	verilator: driver t_assert_casez.py expects success
verilator	test_regress/t/t_assert_clock_event_unsup.v	fail	must_accept	divergence:unexplained_rejects_valid	verilator: driver t_assert_clock_event_unsup.py fails=True but golden .out is a post-parse tool error (lint/elab/unsupported) - syntax valid
verilator	test_regress/t/t_assert_comp.v	pass	must_accept	match	verilator: driver t_assert_comp.py expects success
verilator	test_regress/t/t_assert_comp_bad.v	pass	must_accept	match	verilator: driver t_assert_comp_bad.py fails=True but golden .out is a post-parse tool error (lint/elab/unsupported) - syntax valid
verilator	test_regress/t/t_assert_consec_rep.v	fail	must_accept	divergence:explained_svpp_macro_use	verilator: driver t_assert_consec_rep.py expects success
verilator	test_regress/t/t_assert_consec_rep_bad.v	fail	must_accept	divergence:unexplained_rejects_valid	verilator: driver t_assert_consec_rep_bad.py fails=True but golden .out is a post-parse tool error (lint/elab/unsupported) - syntax valid
verilator	test_regress/t/t_assert_consec_rep_large.v	fail	must_accept	divergence:explained_svpp_macro_use	verilator: driver t_assert_consec_rep_large.py expects success
verilator	test_regress/t/t_assert_consec_rep_unroll_limit_bad.v	fail	must_accept	divergence:unexplained_rejects_valid	verilator: driver t_assert_consec_rep_unroll_limit_bad.py fails=True but golden .out is a post-parse tool error (lint/elab/unsupported) - syntax valid
verilator	test_regress/t/t_assert_consec_rep_unsup.v	fail	must_accept	divergence:unexplained_rejects_valid	verilator: driver t_assert_consec_rep_unsup.py fails=True but golden .out is a post-parse tool error (lint/elab/unsupported) - syntax valid
verilator	test_regress/t/t_assert_cover.v	fail	must_accept	divergence:explained_svpp_macro_use	verilator: driver t_assert_cover.py expects success
verilator	test_regress/t/t_assert_ctl_arg.v	fail	must_accept	divergence:explained_svpp_macro_use	verilator: driver t_assert_ctl_arg.py expects success
verilator	test_regress/t/t_assert_ctl_arg_unsup.v	pass	must_accept	match	verilator: driver t_assert_ctl_arg_unsup.py fails=True but golden .out is a post-parse tool error (lint/elab/unsupported) - syntax valid
verilator	test_regress/t/t_assert_ctl_concurrent.v	pass	must_accept	match	verilator: driver t_assert_ctl_concurrent.py expects success
verilator	test_regress/t/t_assert_ctl_immediate.v	pass	must_accept	match	verilator: driver t_assert_ctl_immediate.py expects success
verilator	test_regress/t/t_assert_ctl_type_bad.v	pass	must_accept	match	verilator: driver t_assert_ctl_type_bad.py fails=True but golden .out is a post-parse tool error (lint/elab/unsupported) - syntax valid
verilator	test_regress/t/t_assert_ctl_unsup.v	pass	must_accept	match	verilator: driver t_assert_ctl_unsup.py fails=True but golden .out is a post-parse tool error (lint/elab/unsupported) - syntax valid
verilator	test_regress/t/t_assert_disable_bad.v	fail	must_accept	divergence:unexplained_rejects_valid	verilator: driver t_assert_disable_bad.py fails=True but golden .out is a post-parse tool error (lint/elab/unsupported) - syntax valid
verilator	test_regress/t/t_assert_disable_count.v	fail	must_accept	divergence:explained_svpp_macro_use	verilator: driver t_assert_disable_count.py expects success
verilator	test_regress/t/t_assert_disable_iff.v	fail	must_accept	divergence:explained_svpp_conditional	verilator: driver t_assert_disable_iff.py expects success
verilator	test_regress/t/t_assert_dup_bad.v	pass	must_accept	match	verilator: driver t_assert_dup_bad.py fails=True but golden .out is a post-parse tool error (lint/elab/unsupported) - syntax valid
verilator	test_regress/t/t_assert_elab.v	fail	must_accept	divergence:explained_svpp_conditional	verilator: driver t_assert_elab.py expects success
verilator	test_regress/t/t_assert_elab_p.v	pass	must_accept	match	verilator: driver t_assert_elab_p.py expects success
verilator	test_regress/t/t_assert_future.v	fail	must_accept	divergence:explained_svpp_macro_use	verilator: driver t_assert_future.py expects success
verilator	test_regress/t/t_assert_future_bad.v	pass	must_accept	match	verilator: driver t_assert_future_bad.py fails=True but golden .out is a post-parse tool error (lint/elab/unsupported) - syntax valid
verilator	test_regress/t/t_assert_future_unsup.v	pass	must_accept	match	verilator: driver t_assert_future_unsup.py fails=True but golden .out is a post-parse tool error (lint/elab/unsupported) - syntax valid
verilator	test_regress/t/t_assert_goto_rep.v	fail	must_accept	divergence:explained_svpp_macro_use	verilator: driver t_assert_goto_rep.py expects success
verilator	test_regress/t/t_assert_iff.v	fail	must_accept	divergence:explained_svpp_conditional	verilator: driver t_assert_iff.py expects success
verilator	test_regress/t/t_assert_iff_clk.v	pass	must_accept	match	verilator: driver t_assert_iff_clk.py expects success
verilator	test_regress/t/t_assert_imm_nz_bad.v	fail	must_accept	divergence:unexplained_rejects_valid	verilator: driver t_assert_imm_nz_bad.py fails=True but golden .out is a post-parse tool error (lint/elab/unsupported) - syntax valid
verilator	test_regress/t/t_assert_implication.v	fail	must_accept	divergence:explained_svpp_conditional	verilator: driver t_assert_implication.py expects success
verilator	test_regress/t/t_assert_implication_coverage.v	fail	must_accept	divergence:explained_svpp_conditional	verilator: driver t_assert_implication_coverage.py expects success
verilator	test_regress/t/t_assert_inside_cond.v	fail	must_accept	divergence:explained_svpp_macro_use	verilator: driver t_assert_inside_cond.py expects success
verilator	test_regress/t/t_assert_nonconsec_rep.v	fail	must_accept	divergence:explained_svpp_macro_use	verilator: driver t_assert_nonconsec_rep.py expects success
verilator	test_regress/t/t_assert_on.v	pass	must_accept	match	verilator: driver t_assert_disabled.py expects success
verilator	test_regress/t/t_assert_opt_check.v	fail	must_accept	divergence:explained_svpp_macro_use	verilator: driver t_assert_opt_check.py expects success
verilator	test_regress/t/t_assert_past.v	fail	must_accept	divergence:unexplained_rejects_valid	verilator: driver t_assert_past.py expects success
verilator	test_regress/t/t_assert_pre.v	fail	must_accept	divergence:explained_svpp_macro_use	verilator: driver t_assert_pre.py expects success
verilator	test_regress/t/t_assert_preponed_nba.v	fail	must_accept	divergence:unexplained_rejects_valid	verilator: driver t_assert_preponed_nba.py expects success
verilator	test_regress/t/t_assert_procedural.v	fail	must_accept	divergence:explained_svpp_macro_use	verilator: driver t_assert_procedural.py expects success
verilator	test_regress/t/t_assert_procedural_clk_bad.v	pass	must_accept	match	verilator: driver t_assert_procedural_clk_bad.py fails=True but golden .out is a post-parse tool error (lint/elab/unsupported) - syntax valid
verilator	test_regress/t/t_assert_procedural_gated.v	fail	must_accept	divergence:explained_svpp_macro_use	verilator: driver t_assert_procedural_gated.py expects success
verilator	test_regress/t/t_assert_property_stop_bad.v	fail	must_accept	divergence:unexplained_rejects_valid	verilator: driver t_assert_property_stop_bad.py fails=True but golden .out is a post-parse tool error (lint/elab/unsupported) - syntax valid
verilator	test_regress/t/t_assert_property_unsized.v	pass	must_accept	match	verilator: driver t_assert_property_unsized.py expects success
verilator	test_regress/t/t_assert_question.v	pass	must_accept	match	verilator: driver t_assert_question.py expects success
verilator	test_regress/t/t_assert_rep_bad_count.v	fail	must_accept	divergence:unexplained_rejects_valid	verilator: driver t_assert_rep_bad_count.py fails=True but golden .out is a post-parse tool error (lint/elab/unsupported) - syntax valid
verilator	test_regress/t/t_assert_rep_range_bad.v	fail	must_accept	divergence:unexplained_rejects_valid	verilator: driver t_assert_rep_range_bad.py fails=True but golden .out is a post-parse tool error (lint/elab/unsupported) - syntax valid
verilator	test_regress/t/t_assert_rep_range_unsup.v	fail	must_accept	divergence:unexplained_rejects_valid	verilator: driver t_assert_rep_range_unsup.py fails=True but golden .out is a post-parse tool error (lint/elab/unsupported) - syntax valid
verilator	test_regress/t/t_assert_rep_range_zero_min_unsup.v	fail	must_accept	divergence:unexplained_rejects_valid	verilator: driver t_assert_rep_range_zero_min_unsup.py fails=True but golden .out is a post-parse tool error (lint/elab/unsupported) - syntax valid
verilator	test_regress/t/t_assert_sampled.v	fail	must_accept	divergence:explained_svpp_macro_use	verilator: driver t_assert_sampled.py expects success
verilator	test_regress/t/t_assert_synth.v	fail	must_accept	divergence:explained_svpp_conditional	verilator: driver t_assert_synth.py expects success
verilator	test_regress/t/t_assert_unique_case_bad.v	fail	must_accept	divergence:explained_svpp_conditional	verilator: driver t_assert_unique_case_bad.py fails=True but golden .out is a post-parse tool error (lint/elab/unsupported) - syntax valid
verilator	test_regress/t/t_assign_automatic_bad.v	fail	must_accept	divergence:unexplained_rejects_valid	verilator: driver t_assign_automatic_bad.py fails=True but golden .out is a post-parse tool error (lint/elab/unsupported) - syntax valid
verilator	test_regress/t/t_assign_cont_automatic_bad.v	pass	must_accept	match	verilator: driver t_assign_cont_automatic_bad.py fails=True but golden .out is a post-parse tool error (lint/elab/unsupported) - syntax valid
verilator	test_regress/t/t_assign_deassign_concat.v	fail	must_accept	divergence:explained_svpp_macro_use	verilator: driver t_assign_deassign_concat.py expects success
verilator	test_regress/t/t_assign_dff.v	fail	must_accept	divergence:explained_svpp_macro_use	verilator: driver t_assign_dff.py expects success
verilator	test_regress/t/t_assign_expr.v	fail	must_accept	divergence:explained_svpp_macro_use	verilator: driver t_assign_expr.py expects success
verilator	test_regress/t/t_assign_func.v	fail	must_accept	divergence:explained_svpp_macro_use	verilator: driver t_assign_func.py expects success
verilator	test_regress/t/t_assign_inline.v	fail	must_accept	divergence:explained_svpp_conditional	verilator: driver t_assign_inline.py expects success
verilator	test_regress/t/t_assign_pattern_cmp.v	pass	must_accept	match	verilator: driver t_assign_pattern_cmp.py expects success
verilator	test_regress/t/t_assign_slice_overflow.v	pass	must_accept	match	verilator: driver t_assign_slice_overflow.py expects success
verilator	test_regress/t/t_assigndly_deep_ref.v	pass	must_accept	match	verilator: driver t_assigndly_deep_ref.py expects success
verilator	test_regress/t/t_assigndly_deep_ref_array.v	pass	must_accept	match	verilator: driver t_assigndly_deep_ref_array.py expects success
verilator	test_regress/t/t_assigndly_dynamic.v	fail	must_accept	divergence:explained_svpp_macro_use	verilator: driver t_assigndly_dynamic.py expects success
verilator	test_regress/t/t_assigndly_dynamic_notiming_bad.v	pass	must_accept	match	verilator: driver t_assigndly_dynamic_notiming_bad.py fails=True but golden .out is a post-parse tool error (lint/elab/unsupported) - syntax valid
verilator	test_regress/t/t_assigndly_task.v	pass	must_accept	match	verilator: driver t_assigndly_task.py expects success
verilator	test_regress/t/t_assignment_compatibility_bad.v	pass	must_accept	match	verilator: driver t_assignment_compatibility_bad.py fails=True but golden .out is a post-parse tool error (lint/elab/unsupported) - syntax valid
verilator	test_regress/t/t_assignment_pin_bad.v	pass	must_accept	match	verilator: driver t_assignment_pin_bad.py fails=True but golden .out is a post-parse tool error (lint/elab/unsupported) - syntax valid
verilator	test_regress/t/t_assoc.v	fail	must_accept	divergence:explained_svpp_macro_use	verilator: driver t_assoc.py expects success
verilator	test_regress/t/t_assoc2.v	fail	must_accept	divergence:explained_svpp_macro_use	verilator: driver t_assoc2.py expects success
verilator	test_regress/t/t_assoc_compare.v	fail	must_accept	divergence:explained_svpp_macro_use	verilator: driver t_assoc_compare.py expects success
verilator	test_regress/t/t_assoc_default_func.v	pass	must_accept	match	verilator: driver t_assoc_default_func.py expects success
verilator	test_regress/t/t_assoc_enum.v	fail	must_accept	divergence:explained_svpp_macro_use	verilator: driver t_assoc_enum.py expects success
verilator	test_regress/t/t_assoc_method.v	fail	must_accept	divergence:explained_svpp_macro_use	verilator: driver t_assoc_method.py expects success
verilator	test_regress/t/t_assoc_method_bad.v	pass	must_accept	match	verilator: driver t_assoc_method_bad.py fails=True but golden .out is a post-parse tool error (lint/elab/unsupported) - syntax valid
verilator	test_regress/t/t_assoc_nokey_bad.v	pass	must_accept	match	verilator: driver t_assoc_nokey_bad.py fails=True but golden .out is a post-parse tool error (lint/elab/unsupported) - syntax valid
verilator	test_regress/t/t_assoc_ref_type.v	pass	must_accept	match	verilator: driver t_assoc_ref_type.py expects success
verilator	test_regress/t/t_assoc_unsup.v	pass	must_accept	match	verilator: driver t_assoc_unsup.py fails=True but golden .out is a post-parse tool error (lint/elab/unsupported) - syntax valid
verilator	test_regress/t/t_assoc_wildcard.v	fail	must_accept	divergence:explained_svpp_macro_use	verilator: driver t_assoc_wildcard.py expects success
verilator	test_regress/t/t_assoc_wildcard_bad.v	pass	must_accept	match	verilator: driver t_assoc_wildcard_bad.py fails=True but golden .out is a post-parse tool error (lint/elab/unsupported) - syntax valid
verilator	test_regress/t/t_assoc_wildcard_method.v	fail	must_accept	divergence:explained_svpp_macro_use	verilator: driver t_assoc_wildcard_method.py expects success
verilator	test_regress/t/t_attr.v	pass	must_accept	match	verilator: driver t_attr.py expects success
verilator	test_regress/t/t_attr_parenstar.v	pass	must_accept	match	verilator: driver t_attr_parenstar.py expects success
verilator	test_regress/t/t_benchmark_mux4k.v	fail	must_accept	divergence:explained_svpp_macro_use	verilator: driver t_benchmark_mux4k.py expects success
verilator	test_regress/t/t_bind.v	pass	must_accept	match	verilator: driver t_bind.py expects success
verilator	test_regress/t/t_bind2.v	fail	must_accept	divergence:explained_svpp_macro_use	verilator: driver t_bind2.py expects success
verilator	test_regress/t/t_bind_nfound.v	pass	must_accept	match	verilator: driver t_bind_nfound.py expects success
verilator	test_regress/t/t_bitsel_2d_slice.v	pass	must_accept	match	verilator: driver t_bitsel_2d_slice.py expects success
verilator	test_regress/t/t_bitsel_concat.v	fail	must_accept	divergence:explained_svpp_macro_use	verilator: driver t_bitsel_concat.py expects success
verilator	test_regress/t/t_bitsel_const_bad.v	pass	must_accept	match	verilator: driver t_bitsel_const_bad.py fails=True but golden .out is a post-parse tool error (lint/elab/unsupported) - syntax valid
verilator	test_regress/t/t_bitsel_enum.v	pass	must_accept	match	verilator: driver t_bitsel_enum.py expects success
verilator	test_regress/t/t_bitsel_lvalue.v	pass	must_accept	match	verilator: driver t_bitsel_lvalue.py expects success
verilator	test_regress/t/t_bitsel_over32.v	pass	must_accept	match	verilator: driver t_bitsel_over32.py expects success
verilator	test_regress/t/t_bitsel_slice.v	fail	must_accept	divergence:explained_svpp_macro_use	verilator: driver t_bitsel_slice.py expects success
verilator	test_regress/t/t_bitsel_struct.v	pass	must_accept	match	verilator: driver t_bitsel_struct.py expects success
verilator	test_regress/t/t_bitsel_struct2.v	fail	must_accept	divergence:explained_svpp_macro_use	verilator: driver t_bitsel_struct2.py expects success
verilator	test_regress/t/t_bitsel_struct3.v	fail	must_accept	divergence:explained_svpp_macro_use	verilator: driver t_bitsel_struct3.py expects success
verilator	test_regress/t/t_bitsel_wire_array_bad.v	pass	must_accept	match	verilator: driver t_bitsel_wire_array_bad.py fails=True but golden .out is a post-parse tool error (lint/elab/unsupported) - syntax valid
verilator	test_regress/t/t_blocking.v	pass	must_accept	match	verilator: driver t_blocking.py expects success
verilator	test_regress/t/t_c_this.v	pass	must_accept	match	verilator: driver t_c_this.py expects success
verilator	test_regress/t/t_c_width_bad.v	pass	must_accept	match	verilator: driver t_c_width_bad.py fails=True but golden .out is a post-parse tool error (lint/elab/unsupported) - syntax valid
verilator	test_regress/t/t_case_66bits.v	pass	must_accept	match	verilator: driver t_case_66bits.py expects success
verilator	test_regress/t/t_case_auto1.v	pass	must_accept	match	verilator: driver t_case_auto1.py expects success
verilator	test_regress/t/t_case_call_count.v	pass	must_accept	match	verilator: driver t_case_call_count.py expects success
verilator	test_regress/t/t_case_deep.v	fail	must_accept	divergence:explained_svpp_macro_use	verilator: driver t_case_deep.py expects success
verilator	test_regress/t/t_case_default_bad.v	pass	must_accept	match	verilator: driver t_case_default_bad.py fails=True but golden .out is a post-parse tool error (lint/elab/unsupported) - syntax valid
verilator	test_regress/t/t_case_dupitems.v	fail	must_accept	divergence:explained_svpp_macro_use	verilator: driver t_case_dupitems.py expects success
verilator	test_regress/t/t_case_enum_complete.v	pass	must_accept	match	verilator: driver t_case_enum_complete.py expects success
verilator	test_regress/t/t_case_enum_complete_wildcard.v	pass	must_accept	match	verilator: driver t_case_enum_complete_wildcard.py expects success
verilator	test_regress/t/t_case_enum_emptyish.v	pass	must_accept	match	verilator: driver t_case_enum_emptyish.py expects success
verilator	test_regress/t/t_case_enum_incomplete_bad.v	pass	must_accept	match	verilator: driver t_case_enum_incomplete_bad.py fails=True but golden .out is a post-parse tool error (lint/elab/unsupported) - syntax valid
verilator	test_regress/t/t_case_enum_incomplete_wildcard_bad.v	pass	must_accept	match	verilator: driver t_case_enum_incomplete_wildcard_bad.py fails=True but golden .out is a post-parse tool error (lint/elab/unsupported) - syntax valid
verilator	test_regress/t/t_case_genx_bad.v	pass	must_accept	match	verilator: driver t_case_genx_bad.py fails=True but golden .out is a post-parse tool error (lint/elab/unsupported) - syntax valid
verilator	test_regress/t/t_case_group.v	pass	must_accept	match	verilator: driver t_case_group.py expects success
verilator	test_regress/t/t_case_huge.v	pass	must_accept	match	verilator: driver t_case_huge.py expects success
verilator	test_regress/t/t_case_huge_sub.v	pass	chained_only	deferred:chained_only	verilator: no same-stem driver and never a top_filename - include/companion fragment
verilator	test_regress/t/t_case_huge_sub2.v	fail	chained_only	deferred:chained_only	verilator: no same-stem driver and never a top_filename - include/companion fragment
verilator	test_regress/t/t_case_huge_sub3.v	pass	chained_only	deferred:chained_only	verilator: no same-stem driver and never a top_filename - include/companion fragment
verilator	test_regress/t/t_case_huge_sub4.v	pass	chained_only	deferred:chained_only	verilator: no same-stem driver and never a top_filename - include/companion fragment
verilator	test_regress/t/t_case_incrdecr.v	pass	must_accept	match	verilator: driver t_case_incrdecr.py expects success
verilator	test_regress/t/t_case_inside.v	fail	must_accept	divergence:explained_svpp_macro_use	verilator: driver t_case_inside.py expects success
verilator	test_regress/t/t_case_inside_bad.v	fail	must_accept	divergence:unexplained_rejects_valid	verilator: driver t_case_inside_bad.py fails=True but golden .out is a post-parse tool error (lint/elab/unsupported) - syntax valid
verilator	test_regress/t/t_case_inside_call_count.v	pass	must_accept	match	verilator: driver t_case_inside_call_count.py expects success
verilator	test_regress/t/t_case_inside_with_x.v	fail	must_accept	divergence:explained_svpp_macro_use	verilator: driver t_case_inside_with_x.py expects success
verilator	test_regress/t/t_case_itemwidth.v	fail	must_accept	divergence:explained_svpp_macro_use	verilator: driver t_case_itemwidth.py expects success
verilator	test_regress/t/t_case_nest.v	fail	must_accept	divergence:explained_svpp_conditional	verilator: driver t_case_nest.py expects success
verilator	test_regress/t/t_case_onehot.v	fail	must_accept	divergence:explained_svpp_macro_use	verilator: driver t_case_onehot.py expects success
verilator	test_regress/t/t_case_orig.v	pass	must_accept	match	verilator: driver t_case_orig.py expects success
verilator	test_regress/t/t_case_overlap_bad.v	pass	must_accept	match	verilator: driver t_case_overlap_bad.py fails=True but golden .out is a post-parse tool error (lint/elab/unsupported) - syntax valid
verilator	test_regress/t/t_case_priority_overlap.v	fail	must_accept	divergence:explained_svpp_macro_use	verilator: driver t_case_priority_overlap.py expects success
verilator	test_regress/t/t_case_reducer.v	fail	must_accept	divergence:explained_svpp_macro_use	verilator: driver t_case_reducer.py expects success
verilator	test_regress/t/t_case_string.v	pass	must_accept	match	verilator: driver t_case_string.py expects success
verilator	test_regress/t/t_case_string2.v	pass	must_accept	match	verilator: driver t_case_string2.py expects success
verilator	test_regress/t/t_case_unique_many.v	pass	must_accept	match	verilator: driver t_case_unique_many.py expects success
verilator	test_regress/t/t_case_unique_overlap.v	fail	must_accept	divergence:explained_svpp_conditional	verilator: driver t_case_unique_overlap.py expects success
verilator	test_regress/t/t_case_wild.v	pass	must_accept	match	verilator: driver t_case_wild.py expects success
verilator	test_regress/t/t_case_write1.v	fail	must_accept	divergence:explained_svpp_macro_use	verilator: driver t_case_write1.py expects success
verilator	test_regress/t/t_case_write1_tasks.v	pass	chained_only	deferred:chained_only	verilator: no same-stem driver and never a top_filename - include/companion fragment
verilator	test_regress/t/t_case_write2.v	fail	must_accept	divergence:explained_svpp_macro_use	verilator: driver t_case_write2.py expects success
verilator	test_regress/t/t_case_write2_tasks.v	fail	chained_only	deferred:chained_only	verilator: no same-stem driver and never a top_filename - include/companion fragment
verilator	test_regress/t/t_case_x.v	pass	must_accept	match	verilator: driver t_case_x.py expects success
verilator	test_regress/t/t_case_x_bad.v	pass	must_accept	match	verilator: driver t_case_x_bad.py fails=True but golden .out is a post-parse tool error (lint/elab/unsupported) - syntax valid
verilator	test_regress/t/t_case_zx_bad.v	pass	must_accept	match	verilator: driver t_case_zx_bad.py fails=True but golden .out is a post-parse tool error (lint/elab/unsupported) - syntax valid
verilator	test_regress/t/t_cast.v	fail	must_accept	divergence:unexplained_rejects_valid	verilator: driver t_cast.py expects success
verilator	test_regress/t/t_cast_class.v	pass	must_accept	match	verilator: driver t_cast_class.py expects success
verilator	test_regress/t/t_cast_class_incompat_bad.v	pass	must_accept	match	verilator: driver t_cast_class_incompat_bad.py fails=True but golden .out is a post-parse tool error (lint/elab/unsupported) - syntax valid
verilator	test_regress/t/t_cast_param_logic.v	pass	must_accept	match	verilator: driver t_cast_param_logic.py expects success
verilator	test_regress/t/t_cast_param_type.v	pass	must_accept	match	verilator: driver t_cast_param_type.py expects success
verilator	test_regress/t/t_cast_signed.v	pass	must_accept	match	verilator: driver t_cast_signed.py expects success
verilator	test_regress/t/t_cast_size_bad.v	pass	must_accept	match	verilator: driver t_cast_size_bad.py fails=True but golden .out is a post-parse tool error (lint/elab/unsupported) - syntax valid
verilator	test_regress/t/t_cast_stream.v	fail	must_accept	divergence:explained_svpp_macro_use	verilator: driver t_cast_stream.py expects success
verilator	test_regress/t/t_cast_string.v	pass	must_accept	match	verilator: driver t_cast_string.py expects success
verilator	test_regress/t/t_cast_types.v	fail	must_accept	divergence:explained_svpp_macro_use	verilator: driver t_cast_types.py expects success
verilator	test_regress/t/t_castdyn.v	pass	must_accept	match	verilator: driver t_castdyn.py expects success
verilator	test_regress/t/t_castdyn_castconst_bad.v	pass	must_accept	match	verilator: driver t_castdyn_castconst_bad.py fails=True but golden .out is a post-parse tool error (lint/elab/unsupported) - syntax valid
verilator	test_regress/t/t_castdyn_enum.v	fail	must_accept	divergence:explained_svpp_conditional	verilator: driver t_castdyn_enum.py expects success
verilator	test_regress/t/t_castdyn_run_bad.v	pass	must_accept	match	verilator: driver t_castdyn_run_bad.py fails=True but golden .out is a post-parse tool error (lint/elab/unsupported) - syntax valid
verilator	test_regress/t/t_castdyn_unsup_bad.v	pass	must_accept	match	verilator: driver t_castdyn_unsup_bad.py fails=True but golden .out is a post-parse tool error (lint/elab/unsupported) - syntax valid
verilator	test_regress/t/t_checker.v	fail	must_accept	divergence:explained_svpp_conditional	verilator: driver t_checker.py expects success
verilator	test_regress/t/t_checker_top.v	pass	must_accept	match	verilator: driver t_checker_top.py expects success
verilator	test_regress/t/t_checker_unsup.v	fail	must_accept	divergence:explained_svpp_conditional	verilator: driver t_checker_unsup.py fails=True but golden .out is a post-parse tool error (lint/elab/unsupported) - syntax valid
verilator	test_regress/t/t_class1.v	pass	must_accept	match	verilator: driver t_class1.py expects success
verilator	test_regress/t/t_class2.v	pass	must_accept	match	verilator: driver t_class2.py expects success
verilator	test_regress/t/t_class_assign_bad.v	pass	must_accept	match	verilator: driver t_class_assign_bad.py fails=True but golden .out is a post-parse tool error (lint/elab/unsupported) - syntax valid
verilator	test_regress/t/t_class_assign_cond.v	pass	must_accept	match	verilator: driver t_class_assign_cond.py expects success
verilator	test_regress/t/t_class_assign_cond_bad.v	pass	must_accept	match	verilator: driver t_class_assign_cond_bad.py fails=True but golden .out is a post-parse tool error (lint/elab/unsupported) - syntax valid
verilator	test_regress/t/t_class_builtin_bad.v	pass	must_accept	match	verilator: driver t_class_builtin_bad.py fails=True but golden .out is a post-parse tool error (lint/elab/unsupported) - syntax valid
verilator	test_regress/t/t_class_capitalization.v	pass	must_accept	match	verilator: driver t_class_capitalization.py expects success
verilator	test_regress/t/t_class_class.v	pass	must_accept	match	verilator: driver t_class_class.py expects success
verilator	test_regress/t/t_class_class_extends.v	pass	must_accept	match	verilator: driver t_class_class_extends.py expects success
verilator	test_regress/t/t_class_compare.v	fail	must_accept	divergence:explained_svpp_macro_use	verilator: driver t_class_compare.py expects success
verilator	test_regress/t/t_class_const.v	pass	must_accept	match	verilator: driver t_class_const.py expects success
verilator	test_regress/t/t_class_copy.v	pass	must_accept	match	verilator: driver t_class_copy.py expects success
verilator	test_regress/t/t_class_copy2.v	fail	must_accept	divergence:explained_svpp_macro_use	verilator: driver t_class_copy2.py expects success
verilator	test_regress/t/t_class_copy_bad.v	pass	must_accept	match	verilator: driver t_class_copy_bad.py fails=True but golden .out is a post-parse tool error (lint/elab/unsupported) - syntax valid
verilator	test_regress/t/t_class_dead_varscope_uaf.v	pass	must_accept	match	verilator: driver t_class_dead_varscope_uaf.py expects success
verilator	test_regress/t/t_class_default_type_param.v	pass	must_accept	match	verilator: driver t_class_default_type_param.py expects success
verilator	test_regress/t/t_class_defaultparam_import.v	pass	must_accept	match	verilator: driver t_class_defaultparam_import.py expects success
verilator	test_regress/t/t_class_defaultparams.v	fail	must_accept	divergence:explained_svpp_macro_use	verilator: driver t_class_defaultparams.py expects success
verilator	test_regress/t/t_class_diamond.v	pass	must_accept	match	verilator: driver t_class_diamond.py expects success
verilator	test_regress/t/t_class_dict.v	fail	must_accept	divergence:explained_svpp_macro_use	verilator: driver t_class_dict.py expects success
verilator	test_regress/t/t_class_dyn_cast_empty_if.v	pass	must_accept	match	verilator: driver t_class_dyn_cast_empty_if.py expects success
verilator	test_regress/t/t_class_enum.v	fail	must_accept	divergence:explained_svpp_macro_use	verilator: driver t_class_enum.py expects success
verilator	test_regress/t/t_class_eq.v	pass	must_accept	match	verilator: driver t_class_eq.py expects success
verilator	test_regress/t/t_class_extends.v	pass	must_accept	match	verilator: driver t_class_extends.py expects success
verilator	test_regress/t/t_class_extends1.v	pass	must_accept	match	verilator: driver t_class_extends1.py expects success
verilator	test_regress/t/t_class_extends2.v	pass	must_accept	match	verilator: driver t_class_extends2.py expects success
verilator	test_regress/t/t_class_extends_alias.v	pass	must_accept	match	verilator: driver t_class_extends_alias.py expects success
verilator	test_regress/t/t_class_extends_aliased_real_bad.v	pass	must_accept	match	verilator: driver t_class_extends_aliased_real_bad.py fails=True but golden .out is a post-parse tool error (lint/elab/unsupported) - syntax valid
verilator	test_regress/t/t_class_extends_arg.v	fail	must_accept	divergence:explained_svpp_macro_use	verilator: driver t_class_extends_arg.py expects success
verilator	test_regress/t/t_class_extends_arg_super_bad.v	pass	must_accept	match	verilator: driver t_class_extends_arg_super_bad.py fails=True but golden .out is a post-parse tool error (lint/elab/unsupported) - syntax valid
verilator	test_regress/t/t_class_extends_bad.v	fail	must_accept	divergence:unexplained_rejects_valid	verilator: driver t_class_extends_bad.py fails=True but golden .out is a post-parse tool error (lint/elab/unsupported) - syntax valid
verilator	test_regress/t/t_class_extends_colon.v	pass	must_accept	match	verilator: driver t_class_extends_colon.py expects success
verilator	test_regress/t/t_class_extends_default.v	fail	must_accept	divergence:unexplained_rejects_valid	verilator: driver t_class_extends_default.py fails=True but golden .out is a post-parse tool error (lint/elab/unsupported) - syntax valid
verilator	test_regress/t/t_class_extends_dot.v	pass	must_accept	match	verilator: driver t_class_extends_dot.py expects success
verilator	test_regress/t/t_class_extends_int_param_bad.v	pass	must_accept	match	verilator: driver t_class_extends_int_param_bad.py fails=True but golden .out is a post-parse tool error (lint/elab/unsupported) - syntax valid
verilator	test_regress/t/t_class_extends_nf_bad.v	fail	must_accept	divergence:unexplained_rejects_valid	verilator: driver t_class_extends_nf_bad.py fails=True but golden .out is a post-parse tool error (lint/elab/unsupported) - syntax valid
verilator	test_regress/t/t_class_extends_param.v	pass	must_accept	match	verilator: driver t_class_extends_param.py expects success
verilator	test_regress/t/t_class_extends_param_unused.v	pass	must_accept	match	verilator: driver t_class_extends_param_unused.py expects success
verilator	test_regress/t/t_class_extends_pkg_bad.v	fail	must_accept	divergence:unexplained_rejects_valid	verilator: driver t_class_extends_pkg_bad.py fails=True but golden .out is a post-parse tool error (lint/elab/unsupported) - syntax valid
verilator	test_regress/t/t_class_extends_rec_bad.v	pass	must_accept	match	verilator: driver t_class_extends_rec_bad.py fails=True but golden .out is a post-parse tool error (lint/elab/unsupported) - syntax valid
verilator	test_regress/t/t_class_extends_this.v	pass	must_accept	match	verilator: driver t_class_extends_this.py expects success
verilator	test_regress/t/t_class_extends_this3.v	pass	must_accept	match	verilator: driver t_class_extends_this3.py expects success
verilator	test_regress/t/t_class_extends_vsyment.v	pass	must_accept	match	verilator: driver t_class_extends_vsyment.py expects success
verilator	test_regress/t/t_class_extern.v	fail	must_accept	divergence:unexplained_rejects_valid	verilator: driver t_class_extern.py expects success
verilator	test_regress/t/t_class_extern2.v	fail	must_accept	divergence:explained_svpp_conditional	verilator: driver t_class_extern2.py expects success
verilator	test_regress/t/t_class_extern_args_bad.v	pass	must_accept	match	verilator: driver t_class_extern_args_bad.py fails=True but golden .out is a post-parse tool error (lint/elab/unsupported) - syntax valid
verilator	test_regress/t/t_class_extern_bad.v	pass	must_accept	match	verilator: driver t_class_extern_bad.py fails=True but golden .out is a post-parse tool error (lint/elab/unsupported) - syntax valid
verilator	test_regress/t/t_class_extern_mis2_bad.v	pass	must_accept	match	verilator: driver t_class_extern_mis2_bad.py fails=True but golden .out is a post-parse tool error (lint/elab/unsupported) - syntax valid
verilator	test_regress/t/t_class_extern_typeref.v	pass	must_accept	match	verilator: driver t_class_extern_typeref.py expects success
verilator	test_regress/t/t_class_field_name.v	pass	must_accept	match	verilator: driver t_class_field_name.py expects success
verilator	test_regress/t/t_class_format.v	pass	must_accept	match	verilator: driver t_class_format.py expects success
verilator	test_regress/t/t_class_forward.v	pass	must_accept	match	verilator: driver t_class_forward.py expects success
verilator	test_regress/t/t_class_func_arg_unused.v	pass	must_accept	match	verilator: driver t_class_func_arg_unused.py expects success
verilator	test_regress/t/t_class_func_dot.v	pass	must_accept	match	verilator: driver t_class_func_dot.py expects success
verilator	test_regress/t/t_class_func_nvoid_bad.v	pass	must_accept	match	verilator: driver t_class_func_nvoid_bad.py fails=True but golden .out is a post-parse tool error (lint/elab/unsupported) - syntax valid
verilator	test_regress/t/t_class_func_static_bad.v	pass	must_accept	match	verilator: driver t_class_func_static_bad.py fails=True but golden .out is a post-parse tool error (lint/elab/unsupported) - syntax valid
verilator	test_regress/t/t_class_fwd_cc.v	pass	must_accept	match	verilator: driver t_class_fwd_cc.py expects success
verilator	test_regress/t/t_class_hier_construction.v	fail	must_accept	divergence:explained_svpp_macro_use	verilator: driver t_class_hier_construction.py expects success
verilator	test_regress/t/t_class_if_assign.v	pass	must_accept	match	verilator: driver t_class_if_assign.py expects success
verilator	test_regress/t/t_class_imp2.v	pass	must_accept	match	verilator: driver t_class_imp2.py expects success
verilator	test_regress/t/t_class_inc.v	pass	must_accept	match	verilator: driver t_class_inc.py expects success
verilator	test_regress/t/t_class_init_order.v	fail	must_accept	divergence:explained_svpp_macro_use	verilator: driver t_class_init_order.py expects success
verilator	test_regress/t/t_class_link_delay.v	pass	must_accept	match	verilator: driver t_class_link_delay.py expects success
verilator	test_regress/t/t_class_link_delay2.v	pass	must_accept	match	verilator: driver t_class_link_delay2.py expects success
verilator	test_regress/t/t_class_local.v	pass	must_accept	match	verilator: driver t_class_local.py expects success
verilator	test_regress/t/t_class_local_bad.v	pass	must_accept	match	verilator: driver t_class_local_bad.py fails=True but golden .out is a post-parse tool error (lint/elab/unsupported) - syntax valid
verilator	test_regress/t/t_class_local_nested_bad.v	pass	must_accept	match	verilator: driver t_class_local_nested_bad.py fails=True but golden .out is a post-parse tool error (lint/elab/unsupported) - syntax valid
verilator	test_regress/t/t_class_local_typedef_bad.v	pass	must_accept	match	verilator: driver t_class_local_typedef_bad.py fails=True but golden .out is a post-parse tool error (lint/elab/unsupported) - syntax valid
verilator	test_regress/t/t_class_localparam_dotref.v	fail	must_accept	divergence:explained_svpp_macro_use	verilator: driver t_class_localparam_dotref.py expects success
verilator	test_regress/t/t_class_localparam_dotref_bad.v	pass	must_accept	match	verilator: driver t_class_localparam_dotref_bad.py fails=True but golden .out is a post-parse tool error (lint/elab/unsupported) - syntax valid
verilator	test_regress/t/t_class_localparam_dotref_funcref_arg_bad.v	pass	must_accept	match	verilator: driver t_class_localparam_dotref_funcref_arg_bad.py fails=True but golden .out is a post-parse tool error (lint/elab/unsupported) - syntax valid
verilator	test_regress/t/t_class_lparam_chain.v	fail	must_accept	divergence:explained_svpp_macro_use	verilator: driver t_class_lparam_chain.py expects success
verilator	test_regress/t/t_class_member_bad.v	pass	must_accept	match	verilator: driver t_class_member_bad.py fails=True but golden .out is a post-parse tool error (lint/elab/unsupported) - syntax valid
verilator	test_regress/t/t_class_member_bad2.v	pass	must_accept	match	verilator: driver t_class_member_bad2.py fails=True but golden .out is a post-parse tool error (lint/elab/unsupported) - syntax valid
verilator	test_regress/t/t_class_member_sens.v	pass	must_accept	match	verilator: driver t_class_member_sens.py expects success
verilator	test_regress/t/t_class_member_var_virt_bad.v	fail	must_reject	match	verilator: driver t_class_member_var_virt_bad.py fails=True and golden .out reports a syntax error
verilator	test_regress/t/t_class_membersel_int.v	pass	must_accept	match	verilator: driver t_class_membersel_int.py expects success
verilator	test_regress/t/t_class_method.v	pass	must_accept	match	verilator: driver t_class_method.py expects success
verilator	test_regress/t/t_class_method_bad.v	pass	must_accept	match	verilator: driver t_class_method_bad.py fails=True but golden .out is a post-parse tool error (lint/elab/unsupported) - syntax valid
verilator	test_regress/t/t_class_method_str_literal.v	pass	must_accept	match	verilator: driver t_class_method_str_literal.py expects success
verilator	test_regress/t/t_class_method_struct.v	pass	must_accept	match	verilator: driver t_class_method_struct.py expects success
verilator	test_regress/t/t_class_mispure_bad.v	pass	must_accept	match	verilator: driver t_class_mispure_bad.py fails=True but golden .out is a post-parse tool error (lint/elab/unsupported) - syntax valid
verilator	test_regress/t/t_class_misstatic_bad.v	pass	must_accept	match	verilator: driver t_class_misstatic_bad.py fails=True but golden .out is a post-parse tool error (lint/elab/unsupported) - syntax valid
verilator	test_regress/t/t_class_mod_bad.v	pass	must_accept	match	verilator: driver t_class_mod_bad.py fails=True but golden .out is a post-parse tool error (lint/elab/unsupported) - syntax valid
verilator	test_regress/t/t_class_modscope.v	fail	must_accept	divergence:explained_svpp_macro_use	verilator: driver t_class_modscope.py expects success
verilator	test_regress/t/t_class_module.v	pass	must_accept	match	verilator: driver t_class_module.py expects success
verilator	test_regress/t/t_class_name.v	fail	must_accept	divergence:explained_svpp_macro_use	verilator: driver t_class_name.py expects success
verilator	test_regress/t/t_class_nested.v	pass	must_accept	match	verilator: driver t_class_nested.py expects success
verilator	test_regress/t/t_class_nested_link.v	pass	must_accept	match	verilator: driver t_class_nested_link.py expects success
verilator	test_regress/t/t_class_new.v	pass	must_accept	match	verilator: driver t_class_new.py expects success
verilator	test_regress/t/t_class_new_bad.v	pass	must_accept	match	verilator: driver t_class_new_bad.py fails=True but golden .out is a post-parse tool error (lint/elab/unsupported) - syntax valid
verilator	test_regress/t/t_class_new_base_call.v	pass	must_accept	match	verilator: driver t_class_new_base_call.py expects success
verilator	test_regress/t/t_class_new_copy_null_bad.v	pass	must_accept	match	verilator: driver t_class_new_copy_null_bad.py fails=True but golden .out is a post-parse tool error (lint/elab/unsupported) - syntax valid
verilator	test_regress/t/t_class_new_copy_polymorphism.v	fail	must_accept	divergence:explained_svpp_macro_use	verilator: driver t_class_new_copy_polymorphism.py expects success
verilator	test_regress/t/t_class_new_default.v	fail	must_accept	divergence:unexplained_rejects_valid	verilator: driver t_class_new_default.py fails=True but golden .out is a post-parse tool error (lint/elab/unsupported) - syntax valid
verilator	test_regress/t/t_class_new_noparen.v	pass	must_accept	match	verilator: driver t_class_new_noparen.py expects success
verilator	test_regress/t/t_class_new_ref_bad.v	pass	must_accept	match	verilator: driver t_class_new_ref_bad.py fails=True but golden .out is a post-parse tool error (lint/elab/unsupported) - syntax valid
verilator	test_regress/t/t_class_new_return.v	pass	must_accept	match	verilator: driver t_class_new_return.py expects success
verilator	test_regress/t/t_class_new_scoped.v	fail	must_accept	divergence:explained_svpp_macro_use	verilator: driver t_class_new_scoped.py expects success
verilator	test_regress/t/t_class_new_scoped_bad.v	pass	must_accept	match	verilator: driver t_class_new_scoped_bad.py fails=True but golden .out is a post-parse tool error (lint/elab/unsupported) - syntax valid
verilator	test_regress/t/t_class_new_supernfirst_bad.v	pass	must_accept	match	verilator: driver t_class_new_supernfirst_bad.py fails=True but golden .out is a post-parse tool error (lint/elab/unsupported) - syntax valid
verilator	test_regress/t/t_class_new_this.v	pass	must_accept	match	verilator: driver t_class_new_this.py expects success
verilator	test_regress/t/t_class_new_typed.v	pass	must_accept	match	verilator: driver t_class_new_typed.py expects success
verilator	test_regress/t/t_class_null_bad.v	pass	must_accept	match	verilator: driver t_class_null_bad.py fails=True but golden .out is a post-parse tool error (lint/elab/unsupported) - syntax valid
verilator	test_regress/t/t_class_null_struct.v	pass	must_accept	match	verilator: driver t_class_null_struct.py expects success
verilator	test_regress/t/t_class_override.v	fail	must_accept	divergence:unexplained_rejects_valid	verilator: driver t_class_override.py expects success
verilator	test_regress/t/t_class_override_bad.v	fail	must_accept	divergence:unexplained_rejects_valid	verilator: driver t_class_override_bad.py fails=True but golden .out is a post-parse tool error (lint/elab/unsupported) - syntax valid
verilator	test_regress/t/t_class_package.v	pass	must_accept	match	verilator: driver t_class_package.py expects success
verilator	test_regress/t/t_class_packed.v	pass	must_accept	match	verilator: driver t_class_packed.py expects success
verilator	test_regress/t/t_class_param.v	fail	must_accept	divergence:explained_svpp_macro_use	verilator: driver t_class_param.py expects success
verilator	test_regress/t/t_class_param_bad1.v	pass	must_accept	match	verilator: driver t_class_param_bad1.py fails=True but golden .out is a post-parse tool error (lint/elab/unsupported) - syntax valid
verilator	test_regress/t/t_class_param_bad2.v	pass	must_accept	match	verilator: driver t_class_param_bad2.py fails=True but golden .out is a post-parse tool error (lint/elab/unsupported) - syntax valid
verilator	test_regress/t/t_class_param_bad_paren.v	pass	must_accept	match	verilator: driver t_class_param_bad_paren.py fails=True but golden .out is a post-parse tool error (lint/elab/unsupported) - syntax valid
verilator	test_regress/t/t_class_param_circ_bad.v	pass	must_accept	match	verilator: driver t_class_param_circ_bad.py fails=True but golden .out is a post-parse tool error (lint/elab/unsupported) - syntax valid
verilator	test_regress/t/t_class_param_comma_bad.v	fail	must_reject	match	verilator: driver t_class_param_comma_bad.py fails=True and golden .out reports a syntax error
verilator	test_regress/t/t_class_param_comparator.v	pass	must_accept	match	verilator: driver t_class_param_comparator.py expects success
verilator	test_regress/t/t_class_param_enum.v	pass	must_accept	match	verilator: driver t_class_param_enum.py expects success
verilator	test_regress/t/t_class_param_enum_bad.v	pass	must_accept	match	verilator: driver t_class_param_enum_bad.py fails=True but golden .out is a post-parse tool error (lint/elab/unsupported) - syntax valid
verilator	test_regress/t/t_class_param_extends.v	pass	must_accept	match	verilator: driver t_class_param_extends.py expects success
verilator	test_regress/t/t_class_param_extends2.v	pass	must_accept	match	verilator: driver t_class_param_extends2.py expects success
verilator	test_regress/t/t_class_param_extends3.v	pass	must_accept	match	verilator: driver t_class_param_extends3.py expects success
verilator	test_regress/t/t_class_param_extends_static_func.v	pass	must_accept	match	verilator: driver t_class_param_extends_static_func.py expects success
verilator	test_regress/t/t_class_param_extends_static_member_function_access.v	pass	must_accept	match	verilator: driver t_class_param_extends_static_member_function_access.py expects success
verilator	test_regress/t/t_class_param_extra_bad.v	pass	must_accept	match	verilator: driver t_class_param_extra_bad.py fails=True but golden .out is a post-parse tool error (lint/elab/unsupported) - syntax valid
verilator	test_regress/t/t_class_param_func_return.v	pass	must_accept	match	verilator: driver t_class_param_func_return.py expects success
verilator	test_regress/t/t_class_param_lvalue.v	pass	must_accept	match	verilator: driver t_class_param_lvalue.py expects success
verilator	test_regress/t/t_class_param_mailbox.v	pass	must_accept	match	verilator: driver t_class_param_mailbox.py expects success
verilator	test_regress/t/t_class_param_mod.v	fail	must_accept	divergence:explained_svpp_macro_use	verilator: driver t_class_param_mod.py expects success
verilator	test_regress/t/t_class_param_module_typedef.v	fail	must_accept	divergence:explained_svpp_macro_use	verilator: driver t_class_param_module_typedef.py expects success
verilator	test_regress/t/t_class_param_nconst_bad.v	pass	must_accept	match	verilator: driver t_class_param_nconst_bad.py fails=True but golden .out is a post-parse tool error (lint/elab/unsupported) - syntax valid
verilator	test_regress/t/t_class_param_nested_bad.v	pass	must_accept	match	verilator: driver t_class_param_nested_bad.py fails=True but golden .out is a post-parse tool error (lint/elab/unsupported) - syntax valid
verilator	test_regress/t/t_class_param_nested_typedef.v	fail	must_accept	divergence:explained_svpp_macro_use	verilator: driver t_class_param_nested_typedef.py expects success
verilator	test_regress/t/t_class_param_noinit.v	pass	must_accept	match	verilator: driver t_class_param_noinit.py expects success
verilator	test_regress/t/t_class_param_noinit_bad.v	pass	must_accept	match	verilator: driver t_class_param_noinit_bad.py fails=True but golden .out is a post-parse tool error (lint/elab/unsupported) - syntax valid
verilator	test_regress/t/t_class_param_override_local_bad.v	pass	must_accept	match	verilator: driver t_class_param_override_local_bad.py fails=True but golden .out is a post-parse tool error (lint/elab/unsupported) - syntax valid
verilator	test_regress/t/t_class_param_pkg.v	fail	must_accept	divergence:explained_svpp_macro_use	verilator: driver t_class_param_pkg.py expects success
verilator	test_regress/t/t_class_param_rewrite.v	pass	must_accept	match	verilator: driver t_class_param_rewrite.py expects success
verilator	test_regress/t/t_class_param_static.v	pass	must_accept	match	verilator: driver t_class_param_static.py expects success
verilator	test_regress/t/t_class_param_subtype.v	fail	must_accept	divergence:explained_svpp_conditional	verilator: driver t_class_param_subtype_bad_paren.py fails=True but golden .out is a post-parse tool error (lint/elab/unsupported) - syntax valid
verilator	test_regress/t/t_class_param_subtype2.v	pass	must_accept	match	verilator: driver t_class_param_subtype2.py expects success
verilator	test_regress/t/t_class_param_super.v	pass	must_accept	match	verilator: driver t_class_param_super.py expects success
verilator	test_regress/t/t_class_param_type.v	pass	must_accept	match	verilator: driver t_class_param_type.py expects success
verilator	test_regress/t/t_class_param_typedef.v	pass	must_accept	match	verilator: driver t_class_param_typedef.py expects success
verilator	test_regress/t/t_class_param_typedef2.v	pass	must_accept	match	verilator: driver t_class_param_typedef2.py expects success
verilator	test_regress/t/t_class_param_typedef3.v	pass	must_accept	match	verilator: driver t_class_param_typedef3.py expects success
verilator	test_regress/t/t_class_param_typedef4.v	pass	must_accept	match	verilator: driver t_class_param_typedef4.py expects success
verilator	test_regress/t/t_class_param_typedef5.v	pass	must_accept	match	verilator: driver t_class_param_typedef5.py expects success
verilator	test_regress/t/t_class_param_typedef6.v	fail	must_accept	divergence:explained_svpp_macro_use	verilator: driver t_class_param_typedef6.py expects success
verilator	test_regress/t/t_class_param_typedef8.v	pass	must_accept	match	verilator: driver t_class_param_typedef8.py expects success
verilator	test_regress/t/t_class_param_typedef_extends.v	pass	must_accept	match	verilator: driver t_class_param_typedef_extends.py expects success
verilator	test_regress/t/t_class_param_unused_default.v	pass	must_accept	match	verilator: driver t_class_param_unused_default.py expects success
verilator	test_regress/t/t_class_param_upcast.v	pass	must_accept	match	verilator: driver t_class_param_upcast.py expects success
verilator	test_regress/t/t_class_param_virtual_bad.v	pass	must_accept	match	verilator: driver t_class_param_virtual_bad.py fails=True but golden .out is a post-parse tool error (lint/elab/unsupported) - syntax valid
verilator	test_regress/t/t_class_ref_as_arg_cast.v	pass	must_accept	match	verilator: driver t_class_ref_as_arg_cast.py expects success
verilator	test_regress/t/t_class_ref_bad.v	pass	must_accept	match	verilator: driver t_class_ref_bad.py fails=True but golden .out is a post-parse tool error (lint/elab/unsupported) - syntax valid
verilator	test_regress/t/t_class_ref_ref.v	pass	must_accept	match	verilator: driver t_class_ref_ref.py expects success
verilator	test_regress/t/t_class_reference_name_colision.v	pass	must_accept	match	verilator: driver t_class_reference_name_colision.py expects success
verilator	test_regress/t/t_class_scope_import_bad.v	pass	must_accept	match	verilator: driver t_class_scope_import_bad.py fails=True but golden .out is a post-parse tool error (lint/elab/unsupported) - syntax valid
verilator	test_regress/t/t_class_short_circuit.v	pass	must_accept	match	verilator: driver t_class_short_circuit.py expects success
verilator	test_regress/t/t_class_split.v	pass	must_accept	match	verilator: driver t_class_split.py expects success
verilator	test_regress/t/t_class_static.v	fail	must_accept	divergence:explained_svpp_macro_use	verilator: driver t_class_static.py expects success
verilator	test_regress/t/t_class_static_after_cg.v	pass	must_accept	match	verilator: driver t_class_static_after_cg.py expects success
verilator	test_regress/t/t_class_static_default_arg.v	pass	must_accept	match	verilator: driver t_class_static_default_arg.py expects success
verilator	test_regress/t/t_class_static_member.v	fail	must_accept	divergence:explained_svpp_macro_use	verilator: driver t_class_static_member.py expects success
verilator	test_regress/t/t_class_static_member_bad.v	pass	must_accept	match	verilator: driver t_class_static_member_bad.py fails=True but golden .out is a post-parse tool error (lint/elab/unsupported) - syntax valid
verilator	test_regress/t/t_class_static_member_pkg.v	fail	must_accept	divergence:explained_svpp_macro_use	verilator: driver t_class_static_member_pkg.py expects success
verilator	test_regress/t/t_class_static_member_sel.v	fail	must_accept	divergence:unexplained_rejects_valid	verilator: driver t_class_static_member_sel.py expects success
verilator	test_regress/t/t_class_static_method.v	pass	must_accept	match	verilator: driver t_class_static_method.py expects success
verilator	test_regress/t/t_class_static_order.v	pass	must_accept	match	verilator: driver t_class_static_order.py expects success
verilator	test_regress/t/t_class_super_bad.v	pass	must_accept	match	verilator: driver t_class_super_bad.py fails=True but golden .out is a post-parse tool error (lint/elab/unsupported) - syntax valid
verilator	test_regress/t/t_class_super_bad2.v	pass	must_accept	match	verilator: driver t_class_super_bad2.py fails=True but golden .out is a post-parse tool error (lint/elab/unsupported) - syntax valid
verilator	test_regress/t/t_class_super_bad3.v	pass	must_reject	divergence:unexplained_accepts_invalid	verilator: driver t_class_super_bad3.py fails=True and golden .out reports a syntax error
verilator	test_regress/t/t_class_super_new.v	fail	must_accept	divergence:explained_svpp_macro_use	verilator: driver t_class_super_new.py expects success
verilator	test_regress/t/t_class_super_new2.v	pass	must_accept	match	verilator: driver t_class_super_new2.py expects success
verilator	test_regress/t/t_class_super_new3.v	pass	must_accept	match	verilator: driver t_class_super_new3.py expects success
verilator	test_regress/t/t_class_super_new_bad_nfirst.v	pass	must_accept	match	verilator: driver t_class_super_new_bad_nfirst.py fails=True but golden .out is a post-parse tool error (lint/elab/unsupported) - syntax valid
verilator	test_regress/t/t_class_super_new_noextend_bad.v	pass	must_accept	match	verilator: driver t_class_super_new_noextend_bad.py fails=True but golden .out is a post-parse tool error (lint/elab/unsupported) - syntax valid
verilator	test_regress/t/t_class_this_constructor.v	pass	must_accept	match	verilator: driver t_class_this_constructor.py expects success
verilator	test_regress/t/t_class_this_super.v	fail	must_accept	divergence:explained_svpp_macro_use	verilator: driver t_class_this_super.py expects success
verilator	test_regress/t/t_class_to_basic_assignment_bad.v	pass	must_accept	match	verilator: driver t_class_to_basic_assignment_bad.py fails=True but golden .out is a post-parse tool error (lint/elab/unsupported) - syntax valid
verilator	test_regress/t/t_class_trigger_null.v	pass	must_accept	match	verilator: driver t_class_trigger_null.py expects success
verilator	test_regress/t/t_class_type_param_upcast.v	pass	must_accept	match	verilator: driver t_class_type_param_upcast.py expects success
verilator	test_regress/t/t_class_type_param_upcast_all.v	pass	must_accept	match	verilator: driver t_class_type_param_upcast_all.py expects success
verilator	test_regress/t/t_class_type_param_upcast_chain.v	pass	must_accept	match	verilator: driver t_class_type_param_upcast_chain.py expects success
verilator	test_regress/t/t_class_typedef.v	pass	must_accept	match	verilator: driver t_class_typedef.py expects success
verilator	test_regress/t/t_class_unsup_bad.v	fail	must_reject	match	verilator: driver t_class_unsup_bad.py fails=True and golden .out reports a syntax error
verilator	test_regress/t/t_class_uses_this.v	fail	must_accept	divergence:explained_svpp_conditional	verilator: driver t_class_uses_this.py expects success
verilator	test_regress/t/t_class_uses_this_bad.v	pass	must_accept	match	verilator: driver t_class_uses_this_bad.py fails=True but golden .out is a post-parse tool error (lint/elab/unsupported) - syntax valid
verilator	test_regress/t/t_class_virtual.v	pass	must_accept	match	verilator: driver t_class_virtual.py expects success
verilator	test_regress/t/t_class_virtual_bad.v	pass	must_accept	match	verilator: driver t_class_virtual_bad.py fails=True but golden .out is a post-parse tool error (lint/elab/unsupported) - syntax valid
verilator	test_regress/t/t_class_virtual_chain_ctor.v	pass	must_accept	match	verilator: driver t_class_virtual_chain_ctor.py expects success
verilator	test_regress/t/t_class_virtual_extends_pure.v	pass	must_accept	match	verilator: driver t_class_virtual_extends_pure.py expects success
verilator	test_regress/t/t_class_virtual_pure.v	pass	must_accept	match	verilator: driver t_class_virtual_pure.py expects success
verilator	test_regress/t/t_class_virtual_pure_bad.v	pass	must_accept	match	verilator: driver t_class_virtual_pure_bad.py fails=True but golden .out is a post-parse tool error (lint/elab/unsupported) - syntax valid
verilator	test_regress/t/t_class_vparam.v	pass	must_accept	match	verilator: driver t_class_vparam.py expects success
verilator	test_regress/t/t_class_wide.v	fail	must_accept	divergence:explained_svpp_macro_use	verilator: driver t_class_wide.py expects success
verilator	test_regress/t/t_clk_2in.v	fail	must_accept	divergence:explained_svpp_macro_use	verilator: driver t_clk_2in.py expects success
verilator	test_regress/t/t_clk_concat.v	fail	must_accept	divergence:explained_svpp_conditional	verilator: driver t_clk_concat.py expects success
verilator	test_regress/t/t_clk_concat2.v	fail	must_accept	divergence:explained_svpp_conditional	verilator: driver t_clk_concat2.py expects success
verilator	test_regress/t/t_clk_concat3.v	fail	must_accept	divergence:explained_svpp_conditional	verilator: driver t_clk_concat3.py expects success
verilator	test_regress/t/t_clk_concat4.v	fail	must_accept	divergence:explained_svpp_conditional	verilator: driver t_clk_concat4.py expects success
verilator	test_regress/t/t_clk_concat5.v	fail	must_accept	divergence:unexplained_rejects_valid	verilator: driver t_clk_concat5.py expects success
verilator	test_regress/t/t_clk_concat6.v	fail	must_accept	divergence:unexplained_rejects_valid	verilator: driver t_clk_concat6.py expects success
verilator	test_regress/t/t_clk_condflop.v	pass	must_accept	match	verilator: driver t_clk_condflop.py expects success
verilator	test_regress/t/t_clk_dpulse.v	pass	must_accept	match	verilator: driver t_clk_dpulse.py expects success
verilator	test_regress/t/t_clk_dsp.v	pass	must_accept	match	verilator: driver t_clk_dsp.py expects success
verilator	test_regress/t/t_clk_first.v	fail	must_accept	divergence:explained_svpp_conditional	verilator: driver t_clk_first.py expects success
verilator	test_regress/t/t_clk_first_deprecated.v	pass	must_accept	match	verilator: driver t_clk_first_deprecated.py expects success
verilator	test_regress/t/t_clk_gate_ext.v	pass	must_accept	match	verilator: driver t_clk_gate_ext.py expects success
verilator	test_regress/t/t_clk_gated_1.v	pass	must_accept	match	verilator: driver t_clk_gated_1.py expects success
verilator	test_regress/t/t_clk_gater.v	fail	must_accept	divergence:explained_svpp_macro_use	verilator: driver t_clk_gater.py expects success
verilator	test_regress/t/t_clk_gen.v	fail	must_accept	divergence:explained_svpp_conditional	verilator: driver t_clk_gen.py expects success
verilator	test_regress/t/t_clk_inp_init.v	pass	must_accept	match	verilator: driver t_clk_inp_init.py expects success
verilator	test_regress/t/t_clk_latch.v	fail	must_accept	divergence:explained_svpp_macro_use	verilator: driver t_clk_latch.py expects success
verilator	test_regress/t/t_clk_latchgate.v	fail	must_accept	divergence:explained_svpp_conditional	verilator: driver t_clk_latchgate.py expects success
verilator	test_regress/t/t_clk_powerdn.v	fail	must_accept	divergence:explained_svpp_conditional	verilator: driver t_clk_powerdn.py expects success
verilator	test_regress/t/t_clk_scope_bad.v	pass	must_accept	match	verilator: driver t_clk_scope_bad.py expects success
verilator	test_regress/t/t_clk_vecgen1.v	fail	must_accept	divergence:explained_svpp_macro_use	verilator: driver t_clk_vecgen1.py expects success
verilator	test_regress/t/t_clocked_release_combo.v	pass	must_accept	match	verilator: driver t_clocked_release_combo.py expects success
verilator	test_regress/t/t_clocker.v	pass	must_accept	match	verilator: driver t_clocker.py expects success
verilator	test_regress/t/t_clocking_bad1.v	pass	must_accept	match	verilator: driver t_clocking_bad1.py fails=True but golden .out is a post-parse tool error (lint/elab/unsupported) - syntax valid
verilator	test_regress/t/t_clocking_bad2.v	pass	must_accept	match	verilator: driver t_clocking_bad2.py fails=True but golden .out is a post-parse tool error (lint/elab/unsupported) - syntax valid
verilator	test_regress/t/t_clocking_bad3.v	pass	must_accept	match	verilator: driver t_clocking_bad3.py fails=True but golden .out is a post-parse tool error (lint/elab/unsupported) - syntax valid
verilator	test_regress/t/t_clocking_bad4.v	pass	must_accept	match	verilator: driver t_clocking_bad4.py fails=True but golden .out is a post-parse tool error (lint/elab/unsupported) - syntax valid
verilator	test_regress/t/t_clocking_bad5.v	pass	must_accept	match	verilator: driver t_clocking_bad5.py fails=True but golden .out is a post-parse tool error (lint/elab/unsupported) - syntax valid
verilator	test_regress/t/t_clocking_concat.v	pass	must_accept	match	verilator: driver t_clocking_concat.py expects success
verilator	test_regress/t/t_clocking_empty_block.v	pass	must_accept	match	verilator: driver t_clocking_empty_block.py expects success
verilator	test_regress/t/t_clocking_event_sense.v	pass	must_accept	match	verilator: driver t_clocking_event_sense.py expects success
verilator	test_regress/t/t_clocking_iff_class.v	pass	must_accept	match	verilator: driver t_clocking_iff_class.py expects success
verilator	test_regress/t/t_clocking_inout.v	pass	must_accept	match	verilator: driver t_clocking_inout.py expects success
verilator	test_regress/t/t_clocking_input_0_delay.v	pass	must_accept	match	verilator: driver t_clocking_input_0_delay.py expects success
verilator	test_regress/t/t_clocking_input_default.v	pass	must_accept	match	verilator: driver t_clocking_input_default.py expects success
verilator	test_regress/t/t_clocking_notiming.v	pass	must_accept	match	verilator: driver t_clocking_notiming.py fails=True but golden .out is a post-parse tool error (lint/elab/unsupported) - syntax valid
verilator	test_regress/t/t_clocking_out_on_change.v	pass	must_accept	match	verilator: driver t_clocking_out_on_change.py expects success
verilator	test_regress/t/t_clocking_react.v	pass	must_accept	match	verilator: driver t_clocking_react.py expects success
verilator	test_regress/t/t_clocking_sampled_unpacked.v	pass	must_accept	match	verilator: driver t_clocking_sampled_unpacked.py expects success
verilator	test_regress/t/t_clocking_sched.v	fail	must_accept	divergence:explained_svpp_conditional	verilator: driver t_clocking_sched.py expects success
verilator	test_regress/t/t_clocking_timing.v	fail	must_accept	divergence:explained_svpp_macro_use	verilator: driver t_clocking_timing1.py expects success
verilator	test_regress/t/t_clocking_unsup1.v	pass	must_accept	match	verilator: driver t_clocking_unsup1.py fails=True but golden .out is a post-parse tool error (lint/elab/unsupported) - syntax valid
verilator	test_regress/t/t_clocking_unsup2.v	pass	must_accept	match	verilator: driver t_clocking_unsup2.py expects success
verilator	test_regress/t/t_clocking_virtual.v	pass	must_accept	match	verilator: driver t_clocking_virtual.py expects success
verilator	test_regress/t/t_clocking_xref.v	pass	must_accept	match	verilator: driver t_clocking_xref.py expects success
verilator	test_regress/t/t_clocking_zero_delay.v	fail	must_accept	divergence:explained_svpp_macro_use	verilator: driver t_clocking_zero_delay.py expects success
verilator	test_regress/t/t_clocking_zero_delay_bad.v	pass	must_accept	match	verilator: driver t_clocking_zero_delay_bad.py fails=True but golden .out is a post-parse tool error (lint/elab/unsupported) - syntax valid
verilator	test_regress/t/t_comb_do_not_convert_to.v	fail	must_accept	divergence:unexplained_rejects_valid	verilator: driver t_comb_do_not_convert_to.py expects success
verilator	test_regress/t/t_comb_input_0.v	pass	must_accept	match	verilator: driver t_comb_input_0.py expects success
verilator	test_regress/t/t_comb_input_1.v	pass	must_accept	match	verilator: driver t_comb_input_1.py expects success
verilator	test_regress/t/t_comb_input_2.v	fail	must_accept	divergence:explained_svpp_macro_use	verilator: driver t_comb_input_2.py expects success
verilator	test_regress/t/t_comb_loop_through_unpacked_array.v	pass	must_accept	match	verilator: driver t_comb_loop_through_unpacked_array.py expects success
verilator	test_regress/t/t_compiler_include.v	pass	must_accept	match	verilator: driver t_compiler_include.py expects success
verilator	test_regress/t/t_compiler_include_dpi.v	pass	must_accept	match	verilator: driver t_compiler_include_dpi.py expects success
verilator	test_regress/t/t_concat_casts.v	pass	must_accept	match	verilator: driver t_concat_casts.py expects success
verilator	test_regress/t/t_concat_impure.v	pass	must_accept	match	verilator: driver t_concat_impure.py expects success
verilator	test_regress/t/t_concat_init_array_functions.v	pass	must_accept	match	verilator: driver t_concat_init_array_functions.py expects success
verilator	test_regress/t/t_concat_large.v	pass	must_accept	match	verilator: driver t_concat_large.py expects success
verilator	test_regress/t/t_concat_large_bad.v	pass	must_accept	match	verilator: driver t_concat_large_bad.py fails=True but golden .out is a post-parse tool error (lint/elab/unsupported) - syntax valid
verilator	test_regress/t/t_concat_link_bad.v	pass	must_reject	divergence:unexplained_accepts_invalid	verilator: driver t_concat_link_bad.py fails=True and golden .out reports a syntax error
verilator	test_regress/t/t_concat_opt.v	pass	must_accept	match	verilator: driver t_concat_opt.py expects success
verilator	test_regress/t/t_concat_or.v	pass	must_accept	match	verilator: driver t_concat_or.py expects success
verilator	test_regress/t/t_concat_sel.v	fail	must_accept	divergence:explained_svpp_macro_use	verilator: driver t_concat_sel.py expects success
verilator	test_regress/t/t_concat_string.v	pass	must_accept	match	verilator: driver t_concat_string.py expects success
verilator	test_regress/t/t_concat_unpack.v	pass	must_accept	match	verilator: driver t_concat_unpack.py expects success
verilator	test_regress/t/t_config_default.v	pass	must_accept	match	verilator: driver t_config_default.py expects success
verilator	test_regress/t/t_config_hier.v	pass	must_accept	match	verilator: driver t_config_hier.py fails=True but golden .out is a post-parse tool error (lint/elab/unsupported) - syntax valid
verilator	test_regress/t/t_config_include_bad.v	fail	must_reject	match	verilator: driver t_config_include_bad.py fails=True and golden .out reports a syntax error
verilator	test_regress/t/t_config_inst.v	pass	must_accept	match	verilator: driver t_config_inst.py expects success
verilator	test_regress/t/t_config_inst_missing.v	pass	must_accept	match	verilator: driver t_config_inst_missing.py fails=True but golden .out is a post-parse tool error (lint/elab/unsupported) - syntax valid
verilator	test_regress/t/t_config_liblist.v	pass	must_accept	match	verilator: driver t_config_liblist.py expects success
verilator	test_regress/t/t_config_libmap.v	pass	must_accept	match	verilator: driver t_config_libmap.py expects success
verilator	test_regress/t/t_config_libmap/m1.v	pass	chained_only	deferred:chained_only	verilator: multi-file test payload outside flat test_regress/t/
verilator	test_regress/t/t_config_libmap/m2.sv	pass	chained_only	deferred:chained_only	verilator: multi-file test payload outside flat test_regress/t/
verilator	test_regress/t/t_config_libmap/m5.v	pass	chained_only	deferred:chained_only	verilator: multi-file test payload outside flat test_regress/t/
verilator	test_regress/t/t_config_libmap/sub/other.sv	pass	chained_only	deferred:chained_only	verilator: multi-file test payload outside flat test_regress/t/
verilator	test_regress/t/t_config_libmap/x4.v	pass	chained_only	deferred:chained_only	verilator: multi-file test payload outside flat test_regress/t/
verilator	test_regress/t/t_config_libmap_inc.v	pass	must_accept	match	verilator: driver t_config_libmap_inc.py fails=True but golden .out is a post-parse tool error (lint/elab/unsupported) - syntax valid
verilator	test_regress/t/t_config_multitop.v	pass	must_accept	match	verilator: driver t_config_multitop.py expects success
verilator	test_regress/t/t_config_param.v	fail	must_accept	divergence:unexplained_rejects_valid	verilator: driver t_config_param.py fails=True but golden .out is a post-parse tool error (lint/elab/unsupported) - syntax valid
verilator	test_regress/t/t_config_rules.v	fail	must_accept	divergence:unexplained_rejects_valid	verilator: driver t_config_rules.py expects success
verilator	test_regress/t/t_config_rules_sub.v	fail	chained_only	deferred:chained_only	verilator: no same-stem driver and never a top_filename - include/companion fragment
verilator	test_regress/t/t_config_top.v	pass	must_accept	match	verilator: driver t_config_top.py expects success
verilator	test_regress/t/t_config_top2.v	pass	must_accept	match	verilator: driver t_config_top2.py expects success
verilator	test_regress/t/t_config_work.v	pass	must_accept	match	verilator: driver t_config_work.py expects success
verilator	test_regress/t/t_config_work__liba.v	pass	chained_only	deferred:chained_only	verilator: no same-stem driver and never a top_filename - include/companion fragment
verilator	test_regress/t/t_config_work__libb.v	pass	chained_only	deferred:chained_only	verilator: no same-stem driver and never a top_filename - include/companion fragment
verilator	test_regress/t/t_const.v	pass	must_accept	match	verilator: driver t_const.py expects success
verilator	test_regress/t/t_const_bad.v	pass	must_accept	match	verilator: driver t_const_bad.py fails=True but golden .out is a post-parse tool error (lint/elab/unsupported) - syntax valid
verilator	test_regress/t/t_const_bitoptree_bug3096.v	pass	must_accept	match	verilator: driver t_const_bitoptree_bug3096.py expects success
verilator	test_regress/t/t_const_dec_mixed_bad.v	pass	must_accept	match	verilator: driver t_const_dec_mixed_bad.py fails=True but golden .out is a post-parse tool error (lint/elab/unsupported) - syntax valid
verilator	test_regress/t/t_const_handle.v	fail	must_accept	divergence:explained_svpp_macro_use	verilator: driver t_const_handle.py expects success
verilator	test_regress/t/t_const_handle_bad.v	pass	must_accept	match	verilator: driver t_const_handle_bad.py fails=True but golden .out is a post-parse tool error (lint/elab/unsupported) - syntax valid
verilator	test_regress/t/t_const_hi.v	pass	must_accept	match	verilator: driver t_const_hi.py expects success
verilator	test_regress/t/t_const_number_bad.v	fail	must_reject	match	verilator: driver t_const_number_bad.py fails=True and golden .out reports a syntax error
verilator	test_regress/t/t_const_number_unsized.v	fail	must_accept	divergence:explained_svpp_macro_use	verilator: driver t_const_number_unsized.py expects success
verilator	test_regress/t/t_const_number_v_bad.v	pass	must_accept	match	verilator: driver t_const_number_v_bad.py fails=True but golden .out is a post-parse tool error (lint/elab/unsupported) - syntax valid
verilator	test_regress/t/t_const_op_red_scope.v	fail	must_accept	divergence:explained_svpp_macro_use	verilator: driver t_const_op_red_scope.py expects success
verilator	test_regress/t/t_const_overflow_bad.v	pass	must_accept	match	verilator: driver t_const_overflow_bad.py fails=True but golden .out is a post-parse tool error (lint/elab/unsupported) - syntax valid
verilator	test_regress/t/t_const_sel_sel_extend.v	pass	must_accept	match	verilator: driver t_const_sel_sel_extend.py expects success
verilator	test_regress/t/t_const_slicesel.v	pass	must_accept	match	verilator: driver t_const_slicesel.py expects success
verilator	test_regress/t/t_const_slicesel_bad.v	pass	must_accept	match	verilator: driver t_const_slicesel_bad.py fails=True but golden .out is a post-parse tool error (lint/elab/unsupported) - syntax valid
verilator	test_regress/t/t_const_string_func.v	pass	must_accept	match	verilator: driver t_const_string_func.py expects success
verilator	test_regress/t/t_constraint.v	pass	must_accept	match	verilator: driver t_constraint.py expects success
verilator	test_regress/t/t_constraint_array_index.v	fail	must_accept	divergence:explained_svpp_macro_use	verilator: driver t_constraint_array_index.py expects success
verilator	test_regress/t/t_constraint_array_index_simple.v	fail	must_accept	divergence:explained_svpp_macro_use	verilator: driver t_constraint_array_index_simple.py expects success
verilator	test_regress/t/t_constraint_array_limit.v	fail	must_accept	divergence:explained_svpp_macro_use	verilator: driver t_constraint_array_limit.py fails=True but golden .out is a post-parse tool error (lint/elab/unsupported) - syntax valid
verilator	test_regress/t/t_constraint_array_reduction_inherit.v	fail	must_accept	divergence:explained_svpp_macro_use	verilator: driver t_constraint_array_reduction_inherit.py expects success
verilator	test_regress/t/t_constraint_array_sum_with.v	fail	must_accept	divergence:explained_svpp_macro_use	verilator: driver t_constraint_array_sum_with.py expects success
verilator	test_regress/t/t_constraint_assoc_arr_bad.v	pass	must_accept	match	verilator: driver t_constraint_assoc_arr_bad.py fails=True but golden .out is a post-parse tool error (lint/elab/unsupported) - syntax valid
verilator	test_regress/t/t_constraint_assoc_arr_basic.v	pass	must_accept	match	verilator: driver t_constraint_assoc_arr_basic.py expects success
verilator	test_regress/t/t_constraint_assoc_arr_others.v	pass	must_accept	match	verilator: driver t_constraint_assoc_arr_others.py expects success
verilator	test_regress/t/t_constraint_assoc_arr_wide.v	pass	must_accept	match	verilator: driver t_constraint_assoc_arr_wide.py expects success
verilator	test_regress/t/t_constraint_before_randc_bad.v	pass	must_accept	match	verilator: driver t_constraint_before_randc_bad.py fails=True but golden .out is a post-parse tool error (lint/elab/unsupported) - syntax valid
verilator	test_regress/t/t_constraint_cls_arr_member.v	fail	must_accept	divergence:explained_svpp_macro_use	verilator: driver t_constraint_cls_arr_member.py expects success
verilator	test_regress/t/t_constraint_cond.v	fail	must_accept	divergence:explained_svpp_macro_use	verilator: driver t_constraint_cond.py expects success
verilator	test_regress/t/t_constraint_countbits_unsup.v	pass	must_accept	match	verilator: driver t_constraint_countbits_unsup.py fails=True but golden .out is a post-parse tool error (lint/elab/unsupported) - syntax valid
verilator	test_regress/t/t_constraint_countones.v	fail	must_accept	divergence:explained_svpp_macro_use	verilator: driver t_constraint_countones.py expects success
verilator	test_regress/t/t_constraint_disable_soft_bad.v	fail	must_reject	match	verilator: driver t_constraint_disable_soft_bad.py fails=True and golden .out reports a syntax error
verilator	test_regress/t/t_constraint_dist.v	fail	must_accept	divergence:explained_svpp_macro_use	verilator: driver t_constraint_dist.py expects success
verilator	test_regress/t/t_constraint_dist_randc_bad.v	fail	must_accept	divergence:unexplained_rejects_valid	verilator: driver t_constraint_dist_randc_bad.py fails=True but golden .out is a post-parse tool error (lint/elab/unsupported) - syntax valid
verilator	test_regress/t/t_constraint_dist_weight.v	fail	must_accept	divergence:explained_svpp_macro_use	verilator: driver t_constraint_dist_weight.py expects success
verilator	test_regress/t/t_constraint_dyn_array_reduction.v	fail	must_accept	divergence:explained_svpp_macro_use	verilator: driver t_constraint_dyn_array_reduction.py expects success
verilator	test_regress/t/t_constraint_dyn_queue_basic.v	fail	must_accept	divergence:explained_svpp_macro_use	verilator: driver t_constraint_dyn_queue_basic.py expects success
verilator	test_regress/t/t_constraint_dyn_size_inline.v	fail	must_accept	divergence:explained_svpp_macro_use	verilator: driver t_constraint_dyn_size_inline.py expects success
verilator	test_regress/t/t_constraint_extern.v	pass	must_accept	match	verilator: driver t_constraint_extern.py expects success
verilator	test_regress/t/t_constraint_extern_bad.v	pass	must_accept	match	verilator: driver t_constraint_extern_bad.py fails=True but golden .out is a post-parse tool error (lint/elab/unsupported) - syntax valid
verilator	test_regress/t/t_constraint_foreach.v	fail	must_accept	divergence:explained_svpp_macro_use	verilator: driver t_constraint_foreach.py expects success
verilator	test_regress/t/t_constraint_foreach_classref.v	pass	must_accept	match	verilator: driver t_constraint_foreach_classref.py expects success
verilator	test_regress/t/t_constraint_func_call.v	fail	must_accept	divergence:explained_svpp_macro_use	verilator: driver t_constraint_func_call.py expects success
verilator	test_regress/t/t_constraint_func_call_root_varref.v	fail	must_accept	divergence:explained_svpp_macro_use	verilator: driver t_constraint_func_call_root_varref.py expects success
verilator	test_regress/t/t_constraint_func_call_unsup.v	pass	must_accept	match	verilator: driver t_constraint_func_call_unsup.py fails=True but golden .out is a post-parse tool error (lint/elab/unsupported) - syntax valid
verilator	test_regress/t/t_constraint_global_arr_unsup.v	pass	must_accept	match	verilator: driver t_constraint_global_arr_unsup.py fails=True but golden .out is a post-parse tool error (lint/elab/unsupported) - syntax valid
verilator	test_regress/t/t_constraint_global_cls_arr.v	pass	must_accept	match	verilator: driver t_constraint_global_cls_arr.py expects success
verilator	test_regress/t/t_constraint_global_cls_arr_2d_unsup.v	pass	must_accept	match	verilator: driver t_constraint_global_cls_arr_2d_unsup.py fails=True but golden .out is a post-parse tool error (lint/elab/unsupported) - syntax valid
verilator	test_regress/t/t_constraint_global_nested.v	pass	must_accept	match	verilator: driver t_constraint_global_nested.py expects success
verilator	test_regress/t/t_constraint_global_nested_member.v	pass	must_accept	match	verilator: driver t_constraint_global_nested_member.py expects success
verilator	test_regress/t/t_constraint_global_nested_randmode.v	pass	must_accept	match	verilator: driver t_constraint_global_nested_randmode.py expects success
verilator	test_regress/t/t_constraint_global_randMode.v	pass	must_accept	match	verilator: driver t_constraint_global_randMode.py expects success
verilator	test_regress/t/t_constraint_global_randmode_subobj.v	pass	must_accept	match	verilator: driver t_constraint_global_randmode_subobj.py expects success
verilator	test_regress/t/t_constraint_global_random.v	pass	must_accept	match	verilator: driver t_constraint_global_random.py expects success
verilator	test_regress/t/t_constraint_global_random_simple.v	pass	must_accept	match	verilator: driver t_constraint_global_random_simple.py expects success
verilator	test_regress/t/t_constraint_implication_else_bad.v	fail	must_reject	match	verilator: driver t_constraint_implication_else_bad.py fails=True and golden .out reports a syntax error
verilator	test_regress/t/t_constraint_implication_set.v	fail	must_accept	divergence:explained_svpp_macro_use	verilator: driver t_constraint_implication_set.py expects success
verilator	test_regress/t/t_constraint_inheritance.v	fail	must_accept	divergence:explained_svpp_macro_use	verilator: driver t_constraint_inheritance.py expects success
verilator	test_regress/t/t_constraint_inheritance_with.v	fail	must_accept	divergence:explained_svpp_macro_use	verilator: driver t_constraint_inheritance_with.py expects success
verilator	test_regress/t/t_constraint_inside_typedef_array.v	fail	must_accept	divergence:explained_svpp_macro_use	verilator: driver t_constraint_inside_typedef_array.py expects success
verilator	test_regress/t/t_constraint_json_only.v	fail	must_accept	divergence:unexplained_rejects_valid	verilator: driver t_constraint_json_only.py expects success
verilator	test_regress/t/t_constraint_method_bad.v	pass	must_accept	match	verilator: driver t_constraint_method_bad.py fails=True but golden .out is a post-parse tool error (lint/elab/unsupported) - syntax valid
verilator	test_regress/t/t_constraint_mode.v	pass	must_accept	match	verilator: driver t_constraint_mode.py expects success
verilator	test_regress/t/t_constraint_mode_bad.v	pass	must_accept	match	verilator: driver t_constraint_mode_bad.py fails=True but golden .out is a post-parse tool error (lint/elab/unsupported) - syntax valid
verilator	test_regress/t/t_constraint_mode_ctor.v	pass	must_accept	match	verilator: driver t_constraint_mode_ctor.py expects success
verilator	test_regress/t/t_constraint_mode_static.v	pass	must_accept	match	verilator: driver t_constraint_mode_static.py expects success
verilator	test_regress/t/t_constraint_nested_class.v	pass	must_accept	match	verilator: driver t_constraint_nested_class.py expects success
verilator	test_regress/t/t_constraint_non_base2_pow_unsup.v	pass	must_accept	match	verilator: driver t_constraint_non_base2_pow_unsup.py fails=True but golden .out is a post-parse tool error (lint/elab/unsupported) - syntax valid
verilator	test_regress/t/t_constraint_non_const_exp_pow_unsup.v	pass	must_accept	match	verilator: driver t_constraint_non_const_exp_pow_unsup.py fails=True but golden .out is a post-parse tool error (lint/elab/unsupported) - syntax valid
verilator	test_regress/t/t_constraint_operators.v	fail	must_accept	divergence:unexplained_rejects_valid	verilator: driver t_constraint_operators.py expects success
verilator	test_regress/t/t_constraint_pure.v	pass	must_accept	match	verilator: driver t_constraint_pure.py expects success
verilator	test_regress/t/t_constraint_pure_missing_bad.v	pass	must_accept	match	verilator: driver t_constraint_pure_missing_bad.py fails=True but golden .out is a post-parse tool error (lint/elab/unsupported) - syntax valid
verilator	test_regress/t/t_constraint_pure_nonabs_bad.v	pass	must_accept	match	verilator: driver t_constraint_pure_nonabs_bad.py fails=True but golden .out is a post-parse tool error (lint/elab/unsupported) - syntax valid
verilator	test_regress/t/t_constraint_rand_array_index.v	fail	must_accept	divergence:explained_svpp_macro_use	verilator: driver t_constraint_rand_array_index.py expects success
verilator	test_regress/t/t_constraint_redops.v	fail	must_accept	divergence:explained_svpp_macro_use	verilator: driver t_constraint_redops.py expects success
verilator	test_regress/t/t_constraint_shift_width.v	pass	must_accept	match	verilator: driver t_constraint_shift_width.py expects success
verilator	test_regress/t/t_constraint_soft_randc_bad.v	pass	must_accept	match	verilator: driver t_constraint_soft_randc_bad.py fails=True but golden .out is a post-parse tool error (lint/elab/unsupported) - syntax valid
verilator	test_regress/t/t_constraint_solve_before.v	fail	must_accept	divergence:explained_svpp_macro_use	verilator: driver t_constraint_solve_before.py expects success
verilator	test_regress/t/t_constraint_solver_log.v	pass	must_accept	match	verilator: driver t_constraint_solver_log.py expects success
verilator	test_regress/t/t_constraint_state.v	fail	must_accept	divergence:explained_svpp_macro_use	verilator: driver t_constraint_state.py expects success
verilator	test_regress/t/t_constraint_struct.v	pass	must_accept	match	verilator: driver t_constraint_struct.py expects success
verilator	test_regress/t/t_constraint_struct_complex.v	pass	must_accept	match	verilator: driver t_constraint_struct_complex.py expects success
verilator	test_regress/t/t_constraint_sysfunc.v	pass	must_accept	match	verilator: driver t_constraint_sysfunc.py expects success
verilator	test_regress/t/t_constraint_unpacked_array.v	fail	must_accept	divergence:explained_svpp_macro_use	verilator: driver t_constraint_unpacked_array.py expects success
verilator	test_regress/t/t_constraint_unq_arr_derived.v	pass	must_accept	match	verilator: driver t_constraint_unq_arr_derived.py expects success
verilator	test_regress/t/t_constraint_unq_arr_derived_inline_unsup.v	pass	must_accept	match	verilator: driver t_constraint_unq_arr_derived_inline_unsup.py fails=True but golden .out is a post-parse tool error (lint/elab/unsupported) - syntax valid
verilator	test_regress/t/t_constraint_unsat.v	fail	must_accept	divergence:unexplained_rejects_valid	verilator: driver t_constraint_unsat.py expects success
verilator	test_regress/t/t_constraint_unsup.v	pass	must_accept	match	verilator: driver t_constraint_unsup.py fails=True but golden .out is a post-parse tool error (lint/elab/unsupported) - syntax valid
verilator	test_regress/t/t_constraint_unsup_unq_arr.v	pass	must_accept	match	verilator: driver t_constraint_unsup_unq_arr.py fails=True but golden .out is a post-parse tool error (lint/elab/unsupported) - syntax valid
verilator	test_regress/t/t_coroutine_lambda.v	pass	must_accept	match	verilator: driver t_coroutine_lambda.py expects success
verilator	test_regress/t/t_cover_assert.v	pass	must_accept	match	verilator: driver t_cover_assert.py expects success
verilator	test_regress/t/t_cover_const_compare.v	pass	must_accept	match	verilator: driver t_cover_const_compare.py expects success
verilator	test_regress/t/t_cover_expr.v	fail	must_accept	divergence:unexplained_rejects_valid	verilator: driver t_cover_expr.py expects success
verilator	test_regress/t/t_cover_expr_array_class.v	pass	must_accept	match	verilator: driver t_cover_expr_array_class.py expects success
verilator	test_regress/t/t_cover_expr_associative_array_class.v	pass	must_accept	match	verilator: driver t_cover_expr_associative_array_class.py expects success
verilator	test_regress/t/t_cover_expr_dyn_array_class.v	pass	must_accept	match	verilator: driver t_cover_expr_dyn_array_class.py expects success
verilator	test_regress/t/t_cover_expr_queue_class.v	pass	must_accept	match	verilator: driver t_cover_expr_queue_class.py expects success
verilator	test_regress/t/t_cover_fsm_basic.v	pass	must_accept	match	verilator: driver t_cover_fsm_basic.py expects success
verilator	test_regress/t/t_cover_fsm_beginif.v	pass	must_accept	match	verilator: driver t_cover_fsm_beginif.py expects success
verilator	test_regress/t/t_cover_fsm_case_next_ok_multi.v	pass	must_accept	match	verilator: driver t_cover_fsm_case_next_ok_multi.py expects success
verilator	test_regress/t/t_cover_fsm_combo_same_warn_bad.v	pass	must_accept	match	verilator: driver t_cover_fsm_combo_same_warn_bad.py fails=True but golden .out is a post-parse tool error (lint/elab/unsupported) - syntax valid
verilator	test_regress/t/t_cover_fsm_concat_unsup.v	pass	must_accept	match	verilator: driver t_cover_fsm_concat_unsup.py fails=True but golden .out is a post-parse tool error (lint/elab/unsupported) - syntax valid
verilator	test_regress/t/t_cover_fsm_flag_off.v	pass	must_accept	match	verilator: driver t_cover_fsm_flag_off.py expects success
verilator	test_regress/t/t_cover_fsm_if_unknown_enum_multi_bad.v	pass	must_accept	match	verilator: driver t_cover_fsm_if_unknown_enum_multi_bad.py fails=True but golden .out is a post-parse tool error (lint/elab/unsupported) - syntax valid
verilator	test_regress/t/t_cover_fsm_negative_extract.v	pass	must_accept	match	verilator: driver t_cover_fsm_negative_extract.py expects success
verilator	test_regress/t/t_cover_fsm_nextstate_overwrite_warn.v	pass	must_accept	match	verilator: driver t_cover_fsm_nextstate_overwrite_warn.py fails=True but golden .out is a post-parse tool error (lint/elab/unsupported) - syntax valid
verilator	test_regress/t/t_cover_fsm_nonenum_literal.v	pass	must_accept	match	verilator: driver t_cover_fsm_nonenum_literal.py expects success
verilator	test_regress/t/t_cover_fsm_nonenum_unsupported_bad.v	pass	must_accept	match	verilator: driver t_cover_fsm_nonenum_unsupported_bad.py fails=True but golden .out is a post-parse tool error (lint/elab/unsupported) - syntax valid
verilator	test_regress/t/t_cover_fsm_noreset.v	pass	must_accept	match	verilator: driver t_cover_fsm_noreset.py expects success
verilator	test_regress/t/t_cover_fsm_plain_always_ignore_multi.v	pass	must_accept	match	verilator: driver t_cover_fsm_plain_always_ignore_multi.py expects success
verilator	test_regress/t/t_cover_fsm_plain_always_warn_multi_bad.v	pass	must_accept	match	verilator: driver t_cover_fsm_plain_always_warn_multi_bad.py fails=True but golden .out is a post-parse tool error (lint/elab/unsupported) - syntax valid
verilator	test_regress/t/t_cover_fsm_plain_always_zerohit_multi.v	pass	must_accept	match	verilator: driver t_cover_fsm_plain_always_zerohit_multi.py expects success
verilator	test_regress/t/t_cover_fsm_policy_accept_multi.v	pass	must_accept	match	verilator: driver t_cover_fsm_policy_accept_multi.py expects success
verilator	test_regress/t/t_cover_fsm_reset.v	pass	must_accept	match	verilator: driver t_cover_fsm_reset.py expects success
verilator	test_regress/t/t_cover_fsm_reset_multi.v	pass	must_accept	match	verilator: driver t_cover_fsm_reset_multi.py fails=True but golden .out is a post-parse tool error (lint/elab/unsupported) - syntax valid
verilator	test_regress/t/t_cover_fsm_sel.v	pass	must_accept	match	verilator: driver t_cover_fsm_sel.py expects success
verilator	test_regress/t/t_cover_fsm_sel_assign.v	fail	must_accept	divergence:unexplained_rejects_valid	verilator: driver t_cover_fsm_sel_assign.py expects success
verilator	test_regress/t/t_cover_fsm_sel_togglevar_unsup.v	pass	must_accept	match	verilator: driver t_cover_fsm_sel_togglevar_unsup.py fails=True but golden .out is a post-parse tool error (lint/elab/unsupported) - syntax valid
verilator	test_regress/t/t_cover_fsm_transition_shapes_multi.v	pass	must_accept	match	verilator: driver t_cover_fsm_transition_shapes_multi.py expects success
verilator	test_regress/t/t_cover_fsm_two_proc_multi.v	pass	must_accept	match	verilator: driver t_cover_fsm_two_proc_multi.py expects success
verilator	test_regress/t/t_cover_fsm_wide_sparse.v	pass	must_accept	match	verilator: driver t_cover_fsm_wide_sparse.py expects success
verilator	test_regress/t/t_cover_hier.v	fail	must_accept	divergence:explained_svpp_conditional	verilator: driver t_cover_hier_inline.py expects success
verilator	test_regress/t/t_cover_lib.v	pass	must_accept	match	verilator: driver t_cover_lib.py expects success
verilator	test_regress/t/t_cover_line.v	fail	must_accept	divergence:explained_svpp_conditional	verilator: driver t_cover_line_cc.py expects success
verilator	test_regress/t/t_cover_line_wide_ternary.v	pass	must_accept	match	verilator: driver t_cover_line_wide_ternary.py expects success
verilator	test_regress/t/t_cover_main.v	pass	must_accept	match	verilator: driver t_cover_main.py expects success
verilator	test_regress/t/t_cover_per_instance.v	fail	must_accept	divergence:explained_svpp_conditional	verilator: driver t_cover_per_instance_inline.py expects success
verilator	test_regress/t/t_cover_per_instance_user.v	pass	must_accept	match	verilator: driver t_cover_per_instance_user.py expects success
verilator	test_regress/t/t_cover_property.v	fail	must_accept	divergence:explained_svpp_macro_use	verilator: driver t_cover_property.py expects success
verilator	test_regress/t/t_cover_sequence.v	fail	must_accept	divergence:explained_svpp_macro_use	verilator: driver t_cover_sequence.py expects success
verilator	test_regress/t/t_cover_sequence_unsup.v	fail	must_accept	divergence:unexplained_rejects_valid	verilator: driver t_cover_sequence_unsup.py fails=True but golden .out is a post-parse tool error (lint/elab/unsupported) - syntax valid
verilator	test_regress/t/t_cover_sva_notflat.v	pass	must_accept	match	verilator: driver t_cover_sva_notflat.py expects success
verilator	test_regress/t/t_cover_sys_line_expr.v	pass	must_accept	match	verilator: driver t_cover_sys_line_expr.py expects success
verilator	test_regress/t/t_cover_sys_unsup.v	fail	must_accept	divergence:explained_svpp_macro_use	verilator: driver t_cover_sys_unsup.py fails=True but golden .out is a post-parse tool error (lint/elab/unsupported) - syntax valid
verilator	test_regress/t/t_cover_toggle.v	pass	must_accept	match	verilator: driver t_cover_toggle.py expects success
verilator	test_regress/t/t_cover_toggle_min.v	pass	must_accept	match	verilator: driver t_cover_toggle_min.py expects success
verilator	test_regress/t/t_cover_trace_always.v	fail	must_accept	divergence:explained_svpp_macro_use	verilator: driver t_cover_trace_always.py expects success
verilator	test_regress/t/t_cover_unused_bad.v	pass	must_accept	match	verilator: driver t_cover_unused_bad.py fails=True but golden .out is a post-parse tool error (lint/elab/unsupported) - syntax valid
verilator	test_regress/t/t_covergroup_args.v	pass	must_accept	match	verilator: driver t_covergroup_args.py expects success
verilator	test_regress/t/t_covergroup_array_bins.v	fail	must_accept	divergence:explained_svpp_macro_use	verilator: driver t_covergroup_array_bins.py expects success
verilator	test_regress/t/t_covergroup_auto_bin_max.v	fail	must_accept	divergence:explained_svpp_macro_use	verilator: driver t_covergroup_auto_bin_max.py expects success
verilator	test_regress/t/t_covergroup_auto_bin_max_bad.v	pass	must_accept	match	verilator: driver t_covergroup_auto_bin_max_bad.py fails=True but golden .out is a post-parse tool error (lint/elab/unsupported) - syntax valid
verilator	test_regress/t/t_covergroup_auto_bins.v	fail	must_accept	divergence:explained_svpp_macro_use	verilator: driver t_covergroup_auto_bins.py expects success
verilator	test_regress/t/t_covergroup_autobins_bad.v	fail	must_accept	divergence:unexplained_rejects_valid	verilator: driver t_covergroup_autobins_bad.py fails=True but golden .out is a post-parse tool error (lint/elab/unsupported) - syntax valid
verilator	test_regress/t/t_covergroup_bin_counts.v	fail	must_accept	divergence:explained_svpp_macro_use	verilator: driver t_covergroup_bin_counts.py expects success
verilator	test_regress/t/t_covergroup_clocked_sample.v	pass	must_accept	match	verilator: driver t_covergroup_clocked_sample.py expects success
verilator	test_regress/t/t_covergroup_coverpoint_method_unsup.v	pass	must_accept	match	verilator: driver t_covergroup_coverpoint_method_unsup.py fails=True but golden .out is a post-parse tool error (lint/elab/unsupported) - syntax valid
verilator	test_regress/t/t_covergroup_cross.v	fail	must_accept	divergence:explained_svpp_macro_use	verilator: driver t_covergroup_cross.py expects success
verilator	test_regress/t/t_covergroup_cross_opt_unsup.v	fail	must_accept	divergence:unexplained_rejects_valid	verilator: driver t_covergroup_cross_opt_unsup.py fails=True but golden .out is a post-parse tool error (lint/elab/unsupported) - syntax valid
verilator	test_regress/t/t_covergroup_default_bins.v	fail	must_accept	divergence:explained_svpp_macro_use	verilator: driver t_covergroup_default_bins.py expects success
verilator	test_regress/t/t_covergroup_embedded_unsup.v	pass	must_accept	match	verilator: driver t_covergroup_embedded_unsup.py fails=True but golden .out is a post-parse tool error (lint/elab/unsupported) - syntax valid
verilator	test_regress/t/t_covergroup_empty.v	pass	must_accept	match	verilator: driver t_covergroup_empty.py expects success
verilator	test_regress/t/t_covergroup_func_override_bad.v	fail	must_reject	match	verilator: driver t_covergroup_func_override_bad.py fails=True and golden .out reports a syntax error
verilator	test_regress/t/t_covergroup_iff.v	fail	must_accept	divergence:explained_svpp_macro_use	verilator: driver t_covergroup_iff.py expects success
verilator	test_regress/t/t_covergroup_ignore_bins.v	fail	must_accept	divergence:explained_svpp_macro_use	verilator: driver t_covergroup_ignore_bins.py expects success
verilator	test_regress/t/t_covergroup_illegal_bins.v	fail	must_accept	divergence:explained_svpp_macro_use	verilator: driver t_covergroup_illegal_bins.py expects success
verilator	test_regress/t/t_covergroup_in_class_duplicate_bad.v	pass	must_accept	match	verilator: driver t_covergroup_in_class_duplicate_bad.py fails=True but golden .out is a post-parse tool error (lint/elab/unsupported) - syntax valid
verilator	test_regress/t/t_covergroup_in_class_namespace.v	pass	must_accept	match	verilator: driver t_covergroup_in_class_namespace.py expects success
verilator	test_regress/t/t_covergroup_member_event_unsup.v	pass	must_accept	match	verilator: driver t_covergroup_member_event_unsup.py fails=True but golden .out is a post-parse tool error (lint/elab/unsupported) - syntax valid
verilator	test_regress/t/t_covergroup_negative_ranges.v	fail	must_accept	divergence:explained_svpp_macro_use	verilator: driver t_covergroup_negative_ranges.py expects success
verilator	test_regress/t/t_covergroup_new_override_bad.v	fail	must_reject	match	verilator: driver t_covergroup_new_override_bad.py fails=True and golden .out reports a syntax error
verilator	test_regress/t/t_covergroup_option.v	fail	must_accept	divergence:explained_svpp_macro_use	verilator: driver t_covergroup_option.py expects success
verilator	test_regress/t/t_covergroup_option_bad.v	pass	must_accept	match	verilator: driver t_covergroup_option_bad.py fails=True but golden .out is a post-parse tool error (lint/elab/unsupported) - syntax valid
verilator	test_regress/t/t_covergroup_option_unsup.v	pass	must_accept	match	verilator: driver t_covergroup_option_unsup.py fails=True but golden .out is a post-parse tool error (lint/elab/unsupported) - syntax valid
verilator	test_regress/t/t_covergroup_param_bins.v	fail	must_accept	divergence:explained_svpp_macro_use	verilator: driver t_covergroup_param_bins.py expects success
verilator	test_regress/t/t_covergroup_static_coverage.v	fail	must_accept	divergence:explained_svpp_macro_use	verilator: driver t_covergroup_static_coverage.py expects success
verilator	test_regress/t/t_covergroup_trans.v	fail	must_accept	divergence:explained_svpp_macro_use	verilator: driver t_covergroup_trans.py expects success
verilator	test_regress/t/t_covergroup_trans_errors_bad.v	pass	must_accept	match	verilator: driver t_covergroup_trans_errors_bad.py fails=True but golden .out is a post-parse tool error (lint/elab/unsupported) - syntax valid
verilator	test_regress/t/t_covergroup_trans_restart.v	fail	must_accept	divergence:explained_svpp_macro_use	verilator: driver t_covergroup_trans_restart.py expects success
verilator	test_regress/t/t_covergroup_undef_field_bad.v	fail	must_reject	match	verilator: driver t_covergroup_undef_field_bad.py fails=True and golden .out reports a syntax error
verilator	test_regress/t/t_covergroup_unsup.v	fail	must_accept	divergence:explained_svpp_conditional	verilator: driver t_covergroup_unsup.py fails=True but golden .out is a post-parse tool error (lint/elab/unsupported) - syntax valid
verilator	test_regress/t/t_covergroup_wildcard_bins.v	fail	must_accept	divergence:explained_svpp_macro_use	verilator: driver t_covergroup_wildcard_bins.py expects success
verilator	test_regress/t/t_covergroup_with_function_foo_bad.v	fail	must_accept	divergence:unexplained_rejects_valid	verilator: driver t_covergroup_with_function_foo_bad.py fails=True but golden .out is a post-parse tool error (lint/elab/unsupported) - syntax valid
verilator	test_regress/t/t_covergroup_with_sample_args_too_few_bad.v	pass	must_accept	match	verilator: driver t_covergroup_with_sample_args_too_few_bad.py fails=True but golden .out is a post-parse tool error (lint/elab/unsupported) - syntax valid
verilator	test_regress/t/t_covergroup_with_sample_args_too_many_bad.v	pass	must_accept	match	verilator: driver t_covergroup_with_sample_args_too_many_bad.py fails=True but golden .out is a post-parse tool error (lint/elab/unsupported) - syntax valid
verilator	test_regress/t/t_cpure.v	pass	must_accept	match	verilator: driver t_cpure.py expects success
verilator	test_regress/t/t_cuse_forward.v	pass	must_accept	match	verilator: driver t_cuse_forward.py expects success
verilator	test_regress/t/t_debug_emitv.v	fail	must_accept	divergence:unexplained_rejects_valid	verilator: driver t_debug_emitv.py fails=True but golden .out is a post-parse tool error (lint/elab/unsupported) - syntax valid
verilator	test_regress/t/t_debug_gate.v	pass	must_accept	match	verilator: driver t_debug_gate.py expects success
verilator	test_regress/t/t_debug_graph_test.v	pass	must_accept	match	verilator: driver t_debug_graph_test.py expects success
verilator	test_regress/t/t_debug_inputs.v	pass	must_accept	match	verilator: driver t_debug_inputs.py expects success
verilator	test_regress/t/t_debug_inputs_a.v	pass	chained_only	deferred:chained_only	verilator: no same-stem driver and never a top_filename - include/companion fragment
verilator	test_regress/t/t_debug_inputs_b.v	pass	chained_only	deferred:chained_only	verilator: no same-stem driver and never a top_filename - include/companion fragment
verilator	test_regress/t/t_debug_trace.v	pass	must_accept	match	verilator: driver t_debug_trace.py expects success
verilator	test_regress/t/t_default_disable_iff_gen_multi_bad.v	fail	must_accept	divergence:unexplained_rejects_valid	verilator: driver t_default_disable_iff_gen_multi_bad.py fails=True but golden .out is a post-parse tool error (lint/elab/unsupported) - syntax valid
verilator	test_regress/t/t_default_disable_iff_scope.v	fail	must_accept	divergence:explained_svpp_macro_use	verilator: driver t_default_disable_iff_scope.py expects success
verilator	test_regress/t/t_define_override.v	fail	must_accept	divergence:explained_svpp_macro_use	verilator: driver t_define_override.py fails=True but golden .out is a post-parse tool error (lint/elab/unsupported) - syntax valid
verilator	test_regress/t/t_defparam_hier.v	fail	must_accept	divergence:explained_svpp_macro_use	verilator: driver t_defparam_hier.py expects success
verilator	test_regress/t/t_delay.v	fail	must_accept	divergence:unexplained_rejects_valid	verilator: driver t_delay.py expects success
verilator	test_regress/t/t_delay_1step.v	pass	must_accept	match	verilator: driver t_delay_1step.py expects success
verilator	test_regress/t/t_delay_compare.v	pass	must_accept	match	verilator: driver t_delay_compare.py expects success
verilator	test_regress/t/t_delay_incr.v	pass	must_accept	match	verilator: driver t_delay_incr.py expects success
verilator	test_regress/t/t_delay_var.v	pass	must_accept	match	verilator: driver t_delay_var.py expects success
verilator	test_regress/t/t_depth_flop.v	pass	must_accept	match	verilator: driver t_depth_flop.py expects success
verilator	test_regress/t/t_detectarray_1.v	fail	must_accept	divergence:explained_svpp_conditional	verilator: driver t_detectarray_1.py expects success
verilator	test_regress/t/t_detectarray_2.v	fail	must_accept	divergence:explained_svpp_conditional	verilator: driver t_detectarray_2.py expects success
verilator	test_regress/t/t_detectarray_3.v	pass	must_accept	match	verilator: driver t_detectarray_3.py expects success
verilator	test_regress/t/t_dfg_3676.v	pass	must_accept	match	verilator: driver t_dfg_3676.py expects success
verilator	test_regress/t/t_dfg_3679.v	pass	must_accept	match	verilator: driver t_dfg_3679.py expects success
verilator	test_regress/t/t_dfg_3726.v	pass	must_accept	match	verilator: driver t_dfg_3726.py expects success
verilator	test_regress/t/t_dfg_3817.v	pass	must_accept	match	verilator: driver t_dfg_3817.py expects success
verilator	test_regress/t/t_dfg_3872.v	pass	must_accept	match	verilator: driver t_dfg_3872.py expects success
verilator	test_regress/t/t_dfg_4943.v	pass	must_accept	match	verilator: driver t_dfg_4943.py expects success
verilator	test_regress/t/t_dfg_astrefs.v	pass	must_accept	match	verilator: driver t_dfg_astrefs.py expects success
verilator	test_regress/t/t_dfg_bin_to_one_hot.v	fail	must_accept	divergence:explained_svpp_macro_use	verilator: driver t_dfg_bin_to_one_hot.py expects success
verilator	test_regress/t/t_dfg_break_cycles.v	fail	must_accept	divergence:explained_svpp_include	verilator: driver t_dfg_break_cycles.py expects success
verilator	test_regress/t/t_dfg_circular.v	pass	must_accept	match	verilator: driver t_dfg_circular.py expects success
verilator	test_regress/t/t_dfg_circular_merged_scc.v	pass	must_accept	match	verilator: driver t_dfg_circular_merged_scc.py expects success
verilator	test_regress/t/t_dfg_dump_patterns.v	pass	must_accept	match	verilator: driver t_dfg_dump_patterns.py expects success
verilator	test_regress/t/t_dfg_inline_const_clock.v	pass	must_accept	match	verilator: driver t_dfg_inline_const_clock.py expects success
verilator	test_regress/t/t_dfg_inline_forced.v	pass	must_accept	match	verilator: driver t_dfg_inline_forced.py expects success
verilator	test_regress/t/t_dfg_multidriver_dfg_bad.v	pass	must_accept	match	verilator: driver t_dfg_multidriver_dfg_bad.py fails=True but golden .out is a post-parse tool error (lint/elab/unsupported) - syntax valid
verilator	test_regress/t/t_dfg_multidriver_non_dfg.v	pass	must_accept	match	verilator: driver t_dfg_multidriver_non_dfg.py expects success
verilator	test_regress/t/t_dfg_oob_sel_rvalue.v	pass	must_accept	match	verilator: driver t_dfg_oob_sel_rvalue.py expects success
verilator	test_regress/t/t_dfg_peephole.v	fail	must_accept	divergence:explained_svpp_include	verilator: driver t_dfg_peephole.py expects success
verilator	test_regress/t/t_dfg_push_sel.v	fail	must_accept	divergence:explained_svpp_macro_use	verilator: driver t_dfg_push_sel.py expects success
verilator	test_regress/t/t_dfg_regularize_circular.v	pass	must_accept	match	verilator: driver t_dfg_regularize_circular.py expects success
verilator	test_regress/t/t_dfg_regularize_clk.v	fail	must_accept	divergence:explained_svpp_macro_use	verilator: driver t_dfg_regularize_clk.py expects success
verilator	test_regress/t/t_dfg_regularize_driver_of_sc_var.v	pass	must_accept	match	verilator: driver t_dfg_regularize_driver_of_sc_var.py expects success
verilator	test_regress/t/t_dfg_result_var_ext_write.v	fail	must_accept	divergence:explained_svpp_macro_use	verilator: driver t_dfg_result_var_ext_write.py expects success
verilator	test_regress/t/t_dfg_synthesis.v	fail	must_accept	divergence:explained_svpp_include	verilator: driver t_dfg_synthesis.py expects success
verilator	test_regress/t/t_dfg_true_cycle_bad.v	pass	must_accept	match	verilator: driver t_dfg_true_cycle_bad.py fails=True but golden .out is a post-parse tool error (lint/elab/unsupported) - syntax valid
verilator	test_regress/t/t_disable.v	pass	must_accept	match	verilator: driver t_disable.py expects success
verilator	test_regress/t/t_disable_bad.v	pass	must_accept	match	verilator: driver t_disable_bad.py fails=True but golden .out is a post-parse tool error (lint/elab/unsupported) - syntax valid
verilator	test_regress/t/t_disable_empty.v	pass	must_accept	match	verilator: driver t_disable_empty.py expects success
verilator	test_regress/t/t_disable_empty_outside.v	pass	must_accept	match	verilator: driver t_disable_empty_outside.py expects success
verilator	test_regress/t/t_disable_fork1.v	fail	must_accept	divergence:explained_svpp_macro_use	verilator: driver t_disable_fork1.py expects success
verilator	test_regress/t/t_disable_fork2.v	pass	must_accept	match	verilator: driver t_disable_fork2.py expects success
verilator	test_regress/t/t_disable_fork3.v	pass	must_accept	match	verilator: driver t_disable_fork3.py expects success
verilator	test_regress/t/t_disable_fork_nested.v	fail	must_accept	divergence:explained_svpp_macro_use	verilator: driver t_disable_fork_nested.py expects success
verilator	test_regress/t/t_disable_fork_notiming.v	pass	must_accept	match	verilator: driver t_disable_fork_notiming.py fails=True but golden .out is a post-parse tool error (lint/elab/unsupported) - syntax valid
verilator	test_regress/t/t_disable_func_bad.v	pass	must_accept	match	verilator: driver t_disable_func_bad.py fails=True but golden .out is a post-parse tool error (lint/elab/unsupported) - syntax valid
verilator	test_regress/t/t_disable_genfor2.v	pass	must_accept	match	verilator: driver t_disable_genfor2.py expects success
verilator	test_regress/t/t_disable_genfor_unsup.v	pass	must_accept	match	verilator: driver t_disable_genfor_unsup.py fails=True but golden .out is a post-parse tool error (lint/elab/unsupported) - syntax valid
verilator	test_regress/t/t_disable_iff_multi_bad.v	pass	must_accept	match	verilator: driver t_disable_iff_multi_bad.py fails=True but golden .out is a post-parse tool error (lint/elab/unsupported) - syntax valid
verilator	test_regress/t/t_disable_inside.v	fail	must_accept	divergence:explained_svpp_macro_use	verilator: driver t_disable_inside.py expects success
verilator	test_regress/t/t_disable_outside.v	pass	must_accept	match	verilator: driver t_disable_outside.py expects success
verilator	test_regress/t/t_disable_outside2.v	pass	must_accept	match	verilator: driver t_disable_outside2.py expects success
verilator	test_regress/t/t_disable_outside3.v	pass	must_accept	match	verilator: driver t_disable_outside3.py expects success
verilator	test_regress/t/t_disable_outside4.v	pass	must_accept	match	verilator: driver t_disable_outside4.py expects success
verilator	test_regress/t/t_disable_task_by_name.v	pass	must_accept	match	verilator: driver t_disable_task_by_name.py expects success
verilator	test_regress/t/t_disable_task_join.v	pass	must_accept	match	verilator: driver t_disable_task_join.py expects success
verilator	test_regress/t/t_disable_task_scope_bad.v	pass	must_accept	match	verilator: driver t_disable_task_scope_bad.py fails=True but golden .out is a post-parse tool error (lint/elab/unsupported) - syntax valid
verilator	test_regress/t/t_disable_task_simple.v	pass	must_accept	match	verilator: driver t_disable_task_simple.py expects success
verilator	test_regress/t/t_disable_task_target_bad.v	pass	must_accept	match	verilator: driver t_disable_task_target_bad.py fails=True but golden .out is a post-parse tool error (lint/elab/unsupported) - syntax valid
verilator	test_regress/t/t_disable_within_task_unsup.v	pass	must_accept	match	verilator: driver t_disable_within_task_unsup.py fails=True but golden .out is a post-parse tool error (lint/elab/unsupported) - syntax valid
verilator	test_regress/t/t_display.v	fail	must_accept	divergence:explained_svpp_conditional	verilator: driver t_display.py expects success
verilator	test_regress/t/t_display_bad.v	pass	must_accept	match	verilator: driver t_display_bad.py fails=True but golden .out is a post-parse tool error (lint/elab/unsupported) - syntax valid
verilator	test_regress/t/t_display_brace.v	pass	must_accept	match	verilator: driver t_display_brace.py expects success
verilator	test_regress/t/t_display_class.v	pass	must_accept	match	verilator: driver t_display_class.py expects success
verilator	test_regress/t/t_display_concat.v	pass	must_accept	match	verilator: driver t_display_concat.py expects success
verilator	test_regress/t/t_display_concat2.v	pass	must_accept	match	verilator: driver t_display_concat2.py expects success
verilator	test_regress/t/t_display_cwide_bad.v	pass	must_accept	match	verilator: driver t_display_cwide_bad.py fails=True but golden .out is a post-parse tool error (lint/elab/unsupported) - syntax valid
verilator	test_regress/t/t_display_enum_format.v	fail	must_accept	divergence:explained_svpp_macro_use	verilator: driver t_display_enum_format.py expects success
verilator	test_regress/t/t_display_esc_bad.v	pass	must_accept	match	verilator: driver t_display_esc_bad.py fails=True but golden .out is a post-parse tool error (lint/elab/unsupported) - syntax valid
verilator	test_regress/t/t_display_exprformat_args_bad.v	pass	must_accept	match	verilator: driver t_display_exprformat_args_bad.py expects success
verilator	test_regress/t/t_display_format_wide_decimal.v	pass	must_accept	match	verilator: driver t_display_format_wide_decimal.py expects success
verilator	test_regress/t/t_display_impure.v	pass	must_accept	match	verilator: driver t_display_impure.py expects success
verilator	test_regress/t/t_display_io.v	pass	must_accept	match	verilator: driver t_display_io.py expects success
verilator	test_regress/t/t_display_l.v	pass	must_accept	match	verilator: driver t_display_l.py expects success
verilator	test_regress/t/t_display_mcd.v	pass	must_accept	match	verilator: driver t_display_mcd.py expects success
verilator	test_regress/t/t_display_merge.v	fail	must_accept	divergence:explained_svpp_conditional	verilator: driver t_display_merge.py expects success
verilator	test_regress/t/t_display_p_elab.v	fail	must_accept	divergence:explained_svpp_macro_use	verilator: driver t_display_p_elab.py expects success
verilator	test_regress/t/t_display_qqq.v	fail	must_accept	divergence:unexplained_rejects_valid	verilator: driver t_display_qqq.py expects success
verilator	test_regress/t/t_display_real.v	pass	must_accept	match	verilator: driver t_display_real.py expects success
verilator	test_regress/t/t_display_realtime.v	pass	must_accept	match	verilator: driver t_display_realtime.py expects success
verilator	test_regress/t/t_display_recurse.v	pass	must_accept	match	verilator: driver t_display_recurse.py expects success
verilator	test_regress/t/t_display_signed.v	pass	must_accept	match	verilator: driver t_display_signed.py expects success
verilator	test_regress/t/t_display_string.v	pass	must_accept	match	verilator: driver t_display_string.py expects success
verilator	test_regress/t/t_display_time.v	pass	must_accept	match	verilator: driver t_display_time.py expects success
verilator	test_regress/t/t_display_type_bad.v	pass	must_accept	match	verilator: driver t_display_type_bad.py fails=True but golden .out is a post-parse tool error (lint/elab/unsupported) - syntax valid
verilator	test_regress/t/t_display_wide.v	pass	must_accept	match	verilator: driver t_display_wide.py expects success
verilator	test_regress/t/t_do_while.v	pass	must_accept	match	verilator: driver t_do_while.py expects success
verilator	test_regress/t/t_do_while_continue_bad.v	pass	must_accept	match	verilator: driver t_do_while_continue_bad.py fails=True but golden .out is a post-parse tool error (lint/elab/unsupported) - syntax valid
verilator	test_regress/t/t_do_while_jumps.v	pass	must_accept	match	verilator: driver t_do_while_jumps.py expects success
verilator	test_regress/t/t_dos.v	pass	must_accept	match	verilator: driver t_dos.py expects success
verilator	test_regress/t/t_dpi_2exp_bad.v	pass	must_accept	match	verilator: driver t_dpi_2exp_bad.py fails=True but golden .out is a post-parse tool error (lint/elab/unsupported) - syntax valid
verilator	test_regress/t/t_dpi_2exparg_bad.v	pass	must_accept	match	verilator: driver t_dpi_2exparg_bad.py fails=True but golden .out is a post-parse tool error (lint/elab/unsupported) - syntax valid
verilator	test_regress/t/t_dpi_accessors.v	fail	must_accept	divergence:explained_svpp_include	verilator: driver t_dpi_accessors.py expects success
verilator	test_regress/t/t_dpi_arg_inout_type.v	fail	must_accept	divergence:explained_svpp_macro_use	verilator: driver t_dpi_arg_inout_type.py expects success
verilator	test_regress/t/t_dpi_arg_inout_unpack.v	fail	must_accept	divergence:explained_svpp_macro_use	verilator: driver t_dpi_arg_inout_unpack.py expects success
verilator	test_regress/t/t_dpi_arg_input_type.v	fail	must_accept	divergence:explained_svpp_macro_use	verilator: driver t_dpi_arg_input_type.py expects success
verilator	test_regress/t/t_dpi_arg_input_unpack.v	fail	must_accept	divergence:explained_svpp_macro_use	verilator: driver t_dpi_arg_input_unpack.py expects success
verilator	test_regress/t/t_dpi_arg_output_type.v	fail	must_accept	divergence:explained_svpp_macro_use	verilator: driver t_dpi_arg_output_type.py expects success
verilator	test_regress/t/t_dpi_arg_output_unpack.v	fail	must_accept	divergence:explained_svpp_macro_use	verilator: driver t_dpi_arg_output_unpack.py expects success
verilator	test_regress/t/t_dpi_argtype_bad.v	pass	must_accept	match	verilator: driver t_dpi_argtype_bad.py fails=True but golden .out is a post-parse tool error (lint/elab/unsupported) - syntax valid
verilator	test_regress/t/t_dpi_binary.v	pass	must_accept	match	verilator: driver t_dpi_binary.py expects success
verilator	test_regress/t/t_dpi_class_param.v	fail	must_accept	divergence:explained_svpp_macro_use	verilator: driver t_dpi_class_param.py expects success
verilator	test_regress/t/t_dpi_context.v	fail	must_accept	divergence:explained_svpp_conditional	verilator: driver t_dpi_context.py expects success
verilator	test_regress/t/t_dpi_display.v	fail	must_accept	divergence:explained_svpp_macro_use	verilator: driver t_dpi_display.py expects success
verilator	test_regress/t/t_dpi_display_bad.v	fail	must_accept	divergence:explained_svpp_macro_use	verilator: driver t_dpi_display_bad.py fails=True but golden .out is a post-parse tool error (lint/elab/unsupported) - syntax valid
verilator	test_regress/t/t_dpi_dup_bad.v	pass	must_accept	match	verilator: driver t_dpi_dup_bad.py fails=True but golden .out is a post-parse tool error (lint/elab/unsupported) - syntax valid
verilator	test_regress/t/t_dpi_export.v	fail	must_accept	divergence:explained_svpp_conditional	verilator: driver t_dpi_export.py expects success
verilator	test_regress/t/t_dpi_export_bad.v	pass	must_accept	match	verilator: driver t_dpi_export_bad.py fails=True but golden .out is a post-parse tool error (lint/elab/unsupported) - syntax valid
verilator	test_regress/t/t_dpi_export_context2_bad.v	pass	must_accept	match	verilator: driver t_dpi_export_context2_bad.py fails=True but golden .out is a post-parse tool error (lint/elab/unsupported) - syntax valid
verilator	test_regress/t/t_dpi_export_context_bad.v	pass	must_accept	match	verilator: driver t_dpi_export_context_bad.py fails=True but golden .out is a post-parse tool error (lint/elab/unsupported) - syntax valid
verilator	test_regress/t/t_dpi_export_scope_bad.v	pass	must_accept	match	verilator: driver t_dpi_export_scope_bad.py fails=True but golden .out is a post-parse tool error (lint/elab/unsupported) - syntax valid
verilator	test_regress/t/t_dpi_export_scope_flat.v	pass	must_accept	match	verilator: driver t_dpi_export_scope_flat.py expects success
verilator	test_regress/t/t_dpi_export_unpack.v	pass	must_accept	match	verilator: driver t_dpi_export_unpack.py expects success
verilator	test_regress/t/t_dpi_if_cond.v	pass	must_accept	match	verilator: driver t_dpi_if_cond.py expects success
verilator	test_regress/t/t_dpi_imp_gen.v	pass	must_accept	match	verilator: driver t_dpi_imp_gen.py expects success
verilator	test_regress/t/t_dpi_import.v	fail	must_accept	divergence:explained_svpp_conditional	verilator: driver t_dpi_import.py expects success
verilator	test_regress/t/t_dpi_import_mix_bad.v	pass	must_accept	match	verilator: driver t_dpi_import_mix_bad.py fails=True but golden .out is a post-parse tool error (lint/elab/unsupported) - syntax valid
verilator	test_regress/t/t_dpi_inline_new.v	pass	must_accept	match	verilator: driver t_dpi_inline_new.py expects success
verilator	test_regress/t/t_dpi_instr_count_large.v	pass	must_accept	match	verilator: driver t_dpi_instr_count_large.py expects success
verilator	test_regress/t/t_dpi_lib.v	pass	must_accept	match	verilator: driver t_dpi_lib.py expects success
verilator	test_regress/t/t_dpi_name_bad.v	pass	must_accept	match	verilator: driver t_dpi_name_bad.py fails=True but golden .out is a post-parse tool error (lint/elab/unsupported) - syntax valid
verilator	test_regress/t/t_dpi_open.v	fail	must_accept	divergence:explained_svpp_macro_use	verilator: driver t_dpi_open.py expects success
verilator	test_regress/t/t_dpi_open_elem.v	fail	must_accept	divergence:explained_svpp_macro_use	verilator: driver t_dpi_open_elem.py expects success
verilator	test_regress/t/t_dpi_open_oob_bad.v	pass	must_accept	match	verilator: driver t_dpi_open_oob_bad.py expects success
verilator	test_regress/t/t_dpi_open_query.v	fail	must_accept	divergence:explained_svpp_macro_use	verilator: driver t_dpi_open_query.py expects success
verilator	test_regress/t/t_dpi_open_vecval.v	fail	must_accept	divergence:explained_svpp_macro_use	verilator: driver t_dpi_open_vecval.py expects success
verilator	test_regress/t/t_dpi_openfirst.v	fail	must_accept	divergence:explained_svpp_macro_use	verilator: driver t_dpi_openfirst.py expects success
verilator	test_regress/t/t_dpi_qw.v	pass	must_accept	match	verilator: driver t_dpi_qw.py expects success
verilator	test_regress/t/t_dpi_result_type.v	fail	must_accept	divergence:explained_svpp_macro_use	verilator: driver t_dpi_result_type.py expects success
verilator	test_regress/t/t_dpi_result_type_bad.v	pass	must_accept	match	verilator: driver t_dpi_result_type_bad.py fails=True but golden .out is a post-parse tool error (lint/elab/unsupported) - syntax valid
verilator	test_regress/t/t_dpi_shortcircuit.v	fail	must_accept	divergence:explained_svpp_conditional	verilator: driver t_dpi_shortcircuit.py expects success
verilator	test_regress/t/t_dpi_shortcircuit2.v	fail	must_accept	divergence:explained_svpp_conditional	verilator: driver t_dpi_shortcircuit2.py expects success
verilator	test_regress/t/t_dpi_string.v	fail	must_accept	divergence:unexplained_rejects_valid	verilator: driver t_dpi_string.py expects success
verilator	test_regress/t/t_dpi_sys.v	fail	must_accept	divergence:explained_svpp_macro_use	verilator: driver t_dpi_sys.py expects success
verilator	test_regress/t/t_dpi_threads.v	fail	must_accept	divergence:explained_svpp_macro_use	verilator: driver t_dpi_threads.py expects success
verilator	test_regress/t/t_dpi_type_bad.v	fail	must_accept	divergence:unexplained_rejects_valid	verilator: driver t_dpi_type_bad.py fails=True but golden .out is a post-parse tool error (lint/elab/unsupported) - syntax valid
verilator	test_regress/t/t_dpi_unpack_bad.v	pass	must_accept	match	verilator: driver t_dpi_unpack_bad.py fails=True but golden .out is a post-parse tool error (lint/elab/unsupported) - syntax valid
verilator	test_regress/t/t_dpi_vams.v	pass	must_accept	match	verilator: driver t_dpi_vams.py expects success
verilator	test_regress/t/t_dpi_var.v	fail	must_accept	divergence:explained_svpp_macro_use	verilator: driver t_dpi_var.py expects success
verilator	test_regress/t/t_dump.v	fail	must_accept	divergence:explained_svpp_macro_use	verilator: driver t_dump_json.py expects success
verilator	test_regress/t/t_dynarray.v	fail	must_accept	divergence:explained_svpp_macro_use	verilator: driver t_dynarray.py expects success
verilator	test_regress/t/t_dynarray_bad.v	pass	must_accept	match	verilator: driver t_dynarray_bad.py fails=True but golden .out is a post-parse tool error (lint/elab/unsupported) - syntax valid
verilator	test_regress/t/t_dynarray_bits.v	pass	must_accept	match	verilator: driver t_dynarray_bits.py fails=True but golden .out is a post-parse tool error (lint/elab/unsupported) - syntax valid
verilator	test_regress/t/t_dynarray_cast_write.v	pass	must_accept	match	verilator: driver t_dynarray_cast_write.py expects success
verilator	test_regress/t/t_dynarray_concat.v	fail	must_accept	divergence:explained_svpp_macro_use	verilator: driver t_dynarray_concat.py expects success
verilator	test_regress/t/t_dynarray_init.v	fail	must_accept	divergence:explained_svpp_macro_use	verilator: driver t_dynarray_init.py expects success
verilator	test_regress/t/t_dynarray_method.v	fail	must_accept	divergence:explained_svpp_macro_use	verilator: driver t_dynarray_method.py expects success
verilator	test_regress/t/t_dynarray_method_bad.v	fail	must_accept	divergence:explained_svpp_macro_use	verilator: driver t_dynarray_method_bad.py fails=True but golden .out is a post-parse tool error (lint/elab/unsupported) - syntax valid
verilator	test_regress/t/t_dynarray_multid.v	fail	must_accept	divergence:explained_svpp_macro_use	verilator: driver t_dynarray_multid.py expects success
verilator	test_regress/t/t_dynarray_param.v	fail	must_accept	divergence:explained_svpp_macro_use	verilator: driver t_dynarray_param.py expects success
verilator	test_regress/t/t_dynarray_unpacked.v	fail	must_accept	divergence:explained_svpp_macro_use	verilator: driver t_dynarray_unpacked.py expects success
verilator	test_regress/t/t_embed1.v	fail	must_accept	divergence:explained_svpp_conditional	verilator: driver t_embed1.py expects success
verilator	test_regress/t/t_embed1_child.v	pass	chained_only	deferred:chained_only	verilator: no same-stem driver and never a top_filename - include/companion fragment
verilator	test_regress/t/t_embed1_wrap.v	fail	chained_only	deferred:chained_only	verilator: no same-stem driver and never a top_filename - include/companion fragment
verilator	test_regress/t/t_emit_accessors.v	pass	must_accept	match	verilator: driver t_emit_accessors.py expects success
verilator	test_regress/t/t_emit_constw.v	fail	must_accept	divergence:explained_svpp_macro_use	verilator: driver t_emit_constw.py expects success
verilator	test_regress/t/t_enum.v	fail	must_accept	divergence:unexplained_rejects_valid	verilator: driver t_enum.py expects success
verilator	test_regress/t/t_enum_bad_cell.v	pass	must_accept	match	verilator: driver t_enum_bad_cell.py fails=True but golden .out is a post-parse tool error (lint/elab/unsupported) - syntax valid
verilator	test_regress/t/t_enum_bad_circdecl.v	pass	must_accept	match	verilator: driver t_enum_bad_circdecl.py fails=True but golden .out is a post-parse tool error (lint/elab/unsupported) - syntax valid
verilator	test_regress/t/t_enum_bad_dup.v	pass	must_accept	match	verilator: driver t_enum_bad_dup.py fails=True but golden .out is a post-parse tool error (lint/elab/unsupported) - syntax valid
verilator	test_regress/t/t_enum_bad_hide.v	pass	must_accept	match	verilator: driver t_enum_bad_hide.py fails=True but golden .out is a post-parse tool error (lint/elab/unsupported) - syntax valid
verilator	test_regress/t/t_enum_bad_value.v	fail	must_accept	divergence:unexplained_rejects_valid	verilator: driver t_enum_bad_value.py fails=True but golden .out is a post-parse tool error (lint/elab/unsupported) - syntax valid
verilator	test_regress/t/t_enum_bad_wrap.v	fail	must_accept	divergence:unexplained_rejects_valid	verilator: driver t_enum_bad_wrap.py fails=True but golden .out is a post-parse tool error (lint/elab/unsupported) - syntax valid
verilator	test_regress/t/t_enum_base.v	pass	must_accept	match	verilator: driver t_enum_base.py expects success
verilator	test_regress/t/t_enum_base_bad.v	fail	must_accept	divergence:unexplained_rejects_valid	verilator: driver t_enum_base_bad.py fails=True but golden .out is a post-parse tool error (lint/elab/unsupported) - syntax valid
verilator	test_regress/t/t_enum_const_methods.v	fail	must_accept	divergence:unexplained_rejects_valid	verilator: driver t_enum_const_methods.py expects success
verilator	test_regress/t/t_enum_enumvalue_struct_bad.v	pass	must_accept	match	verilator: driver t_enum_enumvalue_struct_bad.py fails=True but golden .out is a post-parse tool error (lint/elab/unsupported) - syntax valid
verilator	test_regress/t/t_enum_func.v	pass	must_accept	match	verilator: driver t_enum_func.py expects success
verilator	test_regress/t/t_enum_huge_methods.v	fail	must_accept	divergence:explained_svpp_macro_use	verilator: driver t_enum_huge_methods.py expects success
verilator	test_regress/t/t_enum_huge_methods_bad.v	pass	must_accept	match	verilator: driver t_enum_huge_methods_bad.py fails=True but golden .out is a post-parse tool error (lint/elab/unsupported) - syntax valid
verilator	test_regress/t/t_enum_int.v	pass	must_accept	match	verilator: driver t_enum_int.py expects success
verilator	test_regress/t/t_enum_large_methods.v	fail	must_accept	divergence:explained_svpp_macro_use	verilator: driver t_enum_large_methods.py expects success
verilator	test_regress/t/t_enum_name2.v	pass	must_accept	match	verilator: driver t_enum_name2.py expects success
verilator	test_regress/t/t_enum_name3.v	pass	must_accept	match	verilator: driver t_enum_name3.py expects success
verilator	test_regress/t/t_enum_name_sformatf.v	pass	must_accept	match	verilator: driver t_enum_name_sformatf.py expects success
verilator	test_regress/t/t_enum_overlap_bad.v	pass	must_accept	match	verilator: driver t_enum_overlap_bad.py fails=True but golden .out is a post-parse tool error (lint/elab/unsupported) - syntax valid
verilator	test_regress/t/t_enum_param_class.v	pass	must_accept	match	verilator: driver t_enum_param_class.py expects success
verilator	test_regress/t/t_enum_param_class2.v	fail	must_accept	divergence:explained_svpp_macro_use	verilator: driver t_enum_param_class2.py expects success
verilator	test_regress/t/t_enum_public.v	pass	must_accept	match	verilator: driver t_enum_public.py expects success
verilator	test_regress/t/t_enum_recurse_bad.v	pass	must_accept	match	verilator: driver t_enum_recurse_bad.py fails=True but golden .out is a post-parse tool error (lint/elab/unsupported) - syntax valid
verilator	test_regress/t/t_enum_recurse_bad2.v	pass	must_accept	match	verilator: driver t_enum_recurse_bad2.py fails=True but golden .out is a post-parse tool error (lint/elab/unsupported) - syntax valid
verilator	test_regress/t/t_enum_signed_wrap.v	pass	must_accept	match	verilator: driver t_enum_signed_wrap.py expects success
verilator	test_regress/t/t_enum_size.v	pass	must_accept	match	verilator: driver t_enum_size.py expects success
verilator	test_regress/t/t_enum_type_bad.v	pass	must_accept	match	verilator: driver t_enum_type_bad.py fails=True but golden .out is a post-parse tool error (lint/elab/unsupported) - syntax valid
verilator	test_regress/t/t_enum_type_methods.v	fail	must_accept	divergence:explained_svpp_macro_use	verilator: driver t_enum_type_methods.py expects success
verilator	test_regress/t/t_enum_type_methods_bad.v	fail	must_accept	divergence:unexplained_rejects_valid	verilator: driver t_enum_type_methods_bad.py fails=True but golden .out is a post-parse tool error (lint/elab/unsupported) - syntax valid
verilator	test_regress/t/t_enum_type_nomethod_bad.v	fail	must_accept	divergence:unexplained_rejects_valid	verilator: driver t_enum_type_nomethod_bad.py fails=True but golden .out is a post-parse tool error (lint/elab/unsupported) - syntax valid
verilator	test_regress/t/t_enum_type_pins.v	fail	must_accept	divergence:explained_svpp_conditional	verilator: driver t_enum_type_pins.py expects success
verilator	test_regress/t/t_enum_value_assign.v	pass	must_accept	match	verilator: driver t_enum_value_assign.py expects success
verilator	test_regress/t/t_enum_x_bad.v	pass	must_accept	match	verilator: driver t_enum_x_bad.py fails=True but golden .out is a post-parse tool error (lint/elab/unsupported) - syntax valid
verilator	test_regress/t/t_enumeration.v	pass	must_accept	match	verilator: driver t_enumeration.py expects success
verilator	test_regress/t/t_eq_wild.v	pass	must_accept	match	verilator: driver t_eq_wild.py expects success
verilator	test_regress/t/t_eq_wild_unsup.v	pass	must_accept	match	verilator: driver t_eq_wild_unsup.py fails=True but golden .out is a post-parse tool error (lint/elab/unsupported) - syntax valid
verilator	test_regress/t/t_event.v	fail	must_accept	divergence:explained_svpp_macro_use	verilator: driver t_event.py expects success
verilator	test_regress/t/t_event_array_fire.v	fail	must_accept	divergence:explained_svpp_macro_use	verilator: driver t_event_array_fire.py expects success
verilator	test_regress/t/t_event_class_fire.v	pass	must_accept	match	verilator: driver t_event_class_fire.py fails=True but golden .out is a post-parse tool error (lint/elab/unsupported) - syntax valid
verilator	test_regress/t/t_event_control.v	pass	must_accept	match	verilator: driver t_event_control.py fails=True but golden .out is a post-parse tool error (lint/elab/unsupported) - syntax valid
verilator	test_regress/t/t_event_control_assign.v	pass	must_accept	match	verilator: driver t_event_control_assign.py expects success
verilator	test_regress/t/t_event_control_double_excessive.v	pass	must_accept	match	verilator: driver t_event_control_double_excessive.py expects success
verilator	test_regress/t/t_event_control_double_lost.v	pass	must_accept	match	verilator: driver t_event_control_double_lost.py expects success
verilator	test_regress/t/t_event_control_expr.v	fail	must_accept	divergence:explained_svpp_macro_use	verilator: driver t_event_control_expr.py expects success
verilator	test_regress/t/t_event_control_expr_unsup.v	pass	must_accept	match	verilator: driver t_event_control_expr_unsup.py fails=True but golden .out is a post-parse tool error (lint/elab/unsupported) - syntax valid
verilator	test_regress/t/t_event_control_pass.v	fail	must_accept	divergence:unexplained_rejects_valid	verilator: driver t_event_control_pass.py expects success
verilator	test_regress/t/t_event_control_prev_name_collision.v	pass	must_accept	match	verilator: driver t_event_control_prev_name_collision.py expects success
verilator	test_regress/t/t_event_control_scope_var.v	pass	must_accept	match	verilator: driver t_event_control_scope_var.py expects success
verilator	test_regress/t/t_event_control_star.v	pass	must_accept	match	verilator: driver t_event_control_star.py fails=True but golden .out is a post-parse tool error (lint/elab/unsupported) - syntax valid
verilator	test_regress/t/t_event_control_star_never.v	pass	must_accept	match	verilator: driver t_event_control_star_never.py expects success
verilator	test_regress/t/t_event_copy.v	fail	must_accept	divergence:explained_svpp_macro_use	verilator: driver t_event_copy.py fails=True but golden .out is a post-parse tool error (lint/elab/unsupported) - syntax valid
verilator	test_regress/t/t_event_dynamic_wait.v	pass	must_accept	match	verilator: driver t_event_dynamic_wait.py expects success
verilator	test_regress/t/t_event_method_bad.v	pass	must_accept	match	verilator: driver t_event_method_bad.py fails=True but golden .out is a post-parse tool error (lint/elab/unsupported) - syntax valid
verilator	test_regress/t/t_exit.v	pass	must_accept	match	verilator: driver t_exit.py expects success
verilator	test_regress/t/t_expect.v	pass	must_accept	match	verilator: driver t_expect.py fails=True but golden .out is a post-parse tool error (lint/elab/unsupported) - syntax valid
verilator	test_regress/t/t_export_packed_struct.v	fail	must_accept	divergence:unexplained_rejects_valid	verilator: driver t_export_packed_struct.py expects success
verilator	test_regress/t/t_export_packed_struct2.v	fail	must_accept	divergence:unexplained_rejects_valid	verilator: driver t_export_packed_struct2.py expects success
verilator	test_regress/t/t_expr_incr_unsup.v	pass	must_accept	match	verilator: driver t_expr_incr_unsup.py fails=True but golden .out is a post-parse tool error (lint/elab/unsupported) - syntax valid
verilator	test_regress/t/t_expr_shortcircuit.v	pass	must_accept	match	verilator: driver t_expr_shortcircuit.py expects success
verilator	test_regress/t/t_exprstmt_on_lhs_of_nba.v	pass	must_accept	match	verilator: driver t_exprstmt_on_lhs_of_nba.py expects success
verilator	test_regress/t/t_extend.v	fail	must_accept	divergence:explained_svpp_macro_use	verilator: driver t_extend.py expects success
verilator	test_regress/t/t_extend_c_class.v	fail	must_accept	divergence:explained_svpp_macro_use	verilator: driver t_extend_c_class.py expects success
verilator	test_regress/t/t_extend_class.v	fail	must_accept	divergence:explained_svpp_macro_use	verilator: driver t_extend_class.py expects success
verilator	test_regress/t/t_extract_static_const.v	pass	must_accept	match	verilator: driver t_extract_static_const.py expects success
verilator	test_regress/t/t_extract_static_const_multimodule.v	pass	must_accept	match	verilator: driver t_extract_static_const_multimodule.py expects success
verilator	test_regress/t/t_fallback_bad.v	pass	must_accept	match	verilator: driver t_fallback_bad.py fails=True but golden .out is a post-parse tool error (lint/elab/unsupported) - syntax valid
verilator	test_regress/t/t_final.v	pass	must_accept	match	verilator: driver t_final.py expects success
verilator	test_regress/t/t_final_assert.v	pass	must_accept	match	verilator: driver t_final_assert.py fails=True but golden .out is a post-parse tool error (lint/elab/unsupported) - syntax valid
verilator	test_regress/t/t_finish_stops_nonfinal.v	pass	must_accept	match	verilator: driver t_finish_stops_nonfinal.py expects success
verilator	test_regress/t/t_flag_bboxsys.v	pass	must_accept	match	verilator: driver t_flag_bboxsys.py expects success
verilator	test_regress/t/t_flag_build_dep_bin.v	pass	must_accept	match	verilator: driver t_flag_build_dep_bin.py expects success
verilator	test_regress/t/t_flag_comp_limit_parens.v	pass	must_accept	match	verilator: driver t_flag_comp_limit_parens.py expects success
verilator	test_regress/t/t_flag_compiler.v	fail	must_accept	divergence:explained_svpp_conditional	verilator: driver t_flag_compiler_clang.py expects success
verilator	test_regress/t/t_flag_context_bad.v	pass	must_accept	match	verilator: driver t_flag_context_bad.py fails=True but golden .out is a post-parse tool error (lint/elab/unsupported) - syntax valid
verilator	test_regress/t/t_flag_csplit.v	fail	must_accept	divergence:explained_svpp_macro_use	verilator: driver t_flag_csplit.py expects success
verilator	test_regress/t/t_flag_csplit_eval.v	pass	must_accept	match	verilator: driver t_flag_csplit_eval.py expects success
verilator	test_regress/t/t_flag_csplit_pch.v	pass	must_accept	match	verilator: driver t_flag_csplit_pch.py expects success
verilator	test_regress/t/t_flag_debug_noleak.v	pass	must_accept	match	verilator: driver t_flag_debug_noleak.py expects success
verilator	test_regress/t/t_flag_debugi9.v	pass	must_accept	match	verilator: driver t_flag_debugi9.py expects success
verilator	test_regress/t/t_flag_decoration.v	pass	must_accept	match	verilator: driver t_flag_decoration.py expects success
verilator	test_regress/t/t_flag_define.v	fail	must_accept	divergence:explained_svpp_macro_use	verilator: driver t_flag_define.py expects success
verilator	test_regress/t/t_flag_deprecated_bad.v	pass	must_accept	match	verilator: driver t_flag_deprecated_bad.py fails=True but golden .out is a post-parse tool error (lint/elab/unsupported) - syntax valid
verilator	test_regress/t/t_flag_errorlimit_bad.v	pass	must_accept	match	verilator: driver t_flag_errorlimit_bad.py fails=True but golden .out is a post-parse tool error (lint/elab/unsupported) - syntax valid
verilator	test_regress/t/t_flag_expand_limit.v	pass	must_accept	match	verilator: driver t_flag_expand_limit.py expects success
verilator	test_regress/t/t_flag_f.v	fail	must_accept	divergence:explained_svpp_include	verilator: driver t_flag_f.py expects success
verilator	test_regress/t/t_flag_f__3.v	pass	chained_only	deferred:chained_only	verilator: no same-stem driver and never a top_filename - include/companion fragment
verilator	test_regress/t/t_flag_f_bad_cmt.v	fail	must_accept	divergence:explained_svpp_include	verilator: driver t_flag_f_bad_cmt.py fails=True but golden .out is a post-parse tool error (lint/elab/unsupported) - syntax valid
verilator	test_regress/t/t_flag_fi.v	pass	must_accept	match	verilator: driver t_flag_fi.py expects success
verilator	test_regress/t/t_flag_future.v	pass	must_accept	match	verilator: driver t_flag_future.py expects success
verilator	test_regress/t/t_flag_getenv.v	pass	must_accept	match	verilator: driver t_flag_getenv.py expects success
verilator	test_regress/t/t_flag_i_empty.v	pass	must_accept	match	verilator: driver t_flag_i_empty.py expects success
verilator	test_regress/t/t_flag_incdir.v	pass	must_accept	match	verilator: driver t_flag_incdir.py expects success
verilator	test_regress/t/t_flag_j_hier.v	pass	must_accept	match	verilator: driver t_flag_j_hier.py expects success
verilator	test_regress/t/t_flag_language.v	fail	must_accept	divergence:unexplained_rejects_valid	verilator: driver t_flag_language.py expects success
verilator	test_regress/t/t_flag_ldflags.v	pass	must_accept	match	verilator: driver t_flag_ldflags.py expects success
verilator	test_regress/t/t_flag_lib.v	pass	must_accept	match	verilator: driver t_flag_lib.py expects success
verilator	test_regress/t/t_flag_lib_dpi.v	pass	must_accept	match	verilator: driver t_flag_lib_dpi.py expects success
verilator	test_regress/t/t_flag_libinc.v	pass	chained_only	deferred:chained_only	verilator: no same-stem driver and never a top_filename - include/companion fragment
verilator	test_regress/t/t_flag_main.v	pass	must_accept	match	verilator: driver t_flag_main.py expects success
verilator	test_regress/t/t_flag_main_top_name.v	fail	must_accept	divergence:explained_svpp_conditional	verilator: driver t_flag_main_top_name.py expects success
verilator	test_regress/t/t_flag_make_cmake.v	pass	must_accept	match	verilator: driver t_flag_make_cmake.py expects success
verilator	test_regress/t/t_flag_make_cmake_sc.v	pass	must_accept	match	verilator: driver t_flag_make_cmake_sc.py expects success
verilator	test_regress/t/t_flag_mmd.v	pass	must_accept	match	verilator: driver t_flag_mmd.py expects success
verilator	test_regress/t/t_flag_names.v	fail	must_accept	divergence:explained_svpp_conditional	verilator: driver t_flag_names.py expects success
verilator	test_regress/t/t_flag_no_unlimited_stack.v	pass	must_accept	match	verilator: driver t_flag_no_unlimited_stack.py expects success
verilator	test_regress/t/t_flag_nomod_bad.v	pass	must_accept	match	verilator: driver t_flag_nomod_bad.py fails=True but golden .out is a post-parse tool error (lint/elab/unsupported) - syntax valid
verilator	test_regress/t/t_flag_noop_bad.v	pass	must_accept	match	verilator: driver t_flag_noop_bad.py fails=True but golden .out is a post-parse tool error (lint/elab/unsupported) - syntax valid
verilator	test_regress/t/t_flag_output_groups.v	fail	must_accept	divergence:explained_svpp_macro_use	verilator: driver t_flag_output_groups.py expects success
verilator	test_regress/t/t_flag_parameter.v	fail	must_accept	divergence:explained_svpp_macro_use	verilator: driver t_flag_parameter.py expects success
verilator	test_regress/t/t_flag_parameter_hier.v	fail	must_accept	divergence:explained_svpp_macro_use	verilator: driver t_flag_parameter_hier.py expects success
verilator	test_regress/t/t_flag_parameter_pkg.v	pass	must_accept	match	verilator: driver t_flag_parameter_pkg.py expects success
verilator	test_regress/t/t_flag_prefix.v	pass	must_accept	match	verilator: driver t_flag_prefix.py expects success
verilator	test_regress/t/t_flag_quiet_build.v	pass	must_accept	match	verilator: driver t_flag_quiet_build.py expects success
verilator	test_regress/t/t_flag_quiet_stats.v	pass	must_accept	match	verilator: driver t_flag_quiet_stats.py expects success
verilator	test_regress/t/t_flag_relinc.v	pass	must_accept	match	verilator: driver t_flag_relinc.py expects success
verilator	test_regress/t/t_flag_relinc_dir/chip/t_flag_relinc_sub.v	fail	chained_only	deferred:chained_only	verilator: multi-file test payload outside flat test_regress/t/
verilator	test_regress/t/t_flag_runtime_timeout_bad.v	pass	must_accept	match	verilator: driver t_flag_runtime_timeout_bad.py fails=True but golden .out is a post-parse tool error (lint/elab/unsupported) - syntax valid
verilator	test_regress/t/t_flag_sched_zero_delay_none_bad.v	pass	must_accept	match	verilator: driver t_flag_sched_zero_delay_none_bad.py fails=True but golden .out is a post-parse tool error (lint/elab/unsupported) - syntax valid
verilator	test_regress/t/t_flag_sched_zero_delay_off_bad.v	pass	must_accept	match	verilator: driver t_flag_sched_zero_delay_off_bad.py fails=True but golden .out is a post-parse tool error (lint/elab/unsupported) - syntax valid
verilator	test_regress/t/t_flag_sched_zero_delay_off_run.v	pass	must_accept	match	verilator: driver t_flag_sched_zero_delay_off_run.py expects success
verilator	test_regress/t/t_flag_sched_zero_delay_on.v	pass	must_accept	match	verilator: driver t_flag_sched_zero_delay_on.py expects success
verilator	test_regress/t/t_flag_skipidentical.v	pass	must_accept	match	verilator: driver t_flag_skipidentical.py expects success
verilator	test_regress/t/t_flag_stats.v	pass	must_accept	match	verilator: driver t_flag_stats.py expects success
verilator	test_regress/t/t_flag_structs_packed.v	pass	must_accept	match	verilator: driver t_flag_structs_packed.py expects success
verilator	test_regress/t/t_flag_timescale.v	pass	must_accept	match	verilator: driver t_flag_timescale.py expects success
verilator	test_regress/t/t_flag_timescale_override.v	pass	must_accept	match	verilator: driver t_flag_timescale_override.py expects success
verilator	test_regress/t/t_flag_topmodule.v	pass	must_accept	match	verilator: driver t_flag_topmodule.py expects success
verilator	test_regress/t/t_flag_topmodule_bad3.v	pass	must_accept	match	verilator: driver t_flag_topmodule_bad3.py fails=True but golden .out is a post-parse tool error (lint/elab/unsupported) - syntax valid
verilator	test_regress/t/t_flag_topmodule_inline.v	pass	must_accept	match	verilator: driver t_flag_topmodule_inline.py expects success
verilator	test_regress/t/t_flag_unroll_limit_const.v	pass	must_accept	match	verilator: driver t_flag_unroll_limit_const.py fails=True but golden .out is a post-parse tool error (lint/elab/unsupported) - syntax valid
verilator	test_regress/t/t_flag_unroll_limit_gen.v	pass	must_accept	match	verilator: driver t_flag_unroll_limit_gen.py fails=True but golden .out is a post-parse tool error (lint/elab/unsupported) - syntax valid
verilator	test_regress/t/t_flag_unroll_limit_stmt.v	pass	must_accept	match	verilator: driver t_flag_unroll_limit_stmt.py fails=True but golden .out is a post-parse tool error (lint/elab/unsupported) - syntax valid
verilator	test_regress/t/t_flag_werror.v	pass	must_accept	match	verilator: driver t_flag_build_jobs_bad.py fails=True but golden .out is a post-parse tool error (lint/elab/unsupported) - syntax valid
verilator	test_regress/t/t_flag_wfatal.v	pass	must_accept	match	verilator: driver t_flag_wfatal.py expects success
verilator	test_regress/t/t_flag_woff.v	pass	must_accept	match	verilator: driver t_flag_woff.py expects success
verilator	test_regress/t/t_flag_wpedantic_bad.v	pass	must_reject	divergence:unexplained_accepts_invalid	verilator: driver t_flag_wpedantic_bad.py fails=True and golden .out reports a syntax error
verilator	test_regress/t/t_flag_xinitial_0.v	fail	must_accept	divergence:explained_svpp_conditional	verilator: driver t_flag_xinitial_0.py expects success
verilator	test_regress/t/t_flag_xinitial_unique.v	pass	must_accept	match	verilator: driver t_flag_xinitial_unique.py expects success
verilator	test_regress/t/t_for_assign.v	fail	must_accept	divergence:explained_svpp_macro_use	verilator: driver t_for_assign.py expects success
verilator	test_regress/t/t_for_break.v	fail	must_accept	divergence:explained_svpp_macro_use	verilator: driver t_for_break.py expects success
verilator	test_regress/t/t_for_comma.v	fail	must_accept	divergence:explained_svpp_macro_use	verilator: driver t_for_comma.py expects success
verilator	test_regress/t/t_for_count.v	pass	must_accept	match	verilator: driver t_for_count.py expects success
verilator	test_regress/t/t_for_disable_dot.v	pass	must_accept	match	verilator: driver t_for_disable_dot.py expects success
verilator	test_regress/t/t_for_funcbound.v	pass	must_accept	match	verilator: driver t_for_funcbound.py expects success
verilator	test_regress/t/t_for_init_bug.v	pass	must_accept	match	verilator: driver t_for_init_bug.py expects success
verilator	test_regress/t/t_for_local.v	pass	must_accept	match	verilator: driver t_for_local.py expects success
verilator	test_regress/t/t_for_loop.v	pass	must_accept	match	verilator: driver t_for_loop.py expects success
verilator	test_regress/t/t_force.v	fail	must_accept	divergence:explained_svpp_macro_use	verilator: driver t_force.py expects success
verilator	test_regress/t/t_force_assign.v	fail	must_accept	divergence:explained_svpp_macro_use	verilator: driver t_force_assign.py expects success
verilator	test_regress/t/t_force_assign_comb.v	pass	must_accept	match	verilator: driver t_force_assign_comb.py expects success
verilator	test_regress/t/t_force_bad_rw.v	pass	must_accept	match	verilator: driver t_force_bad_rw.py fails=True but golden .out is a post-parse tool error (lint/elab/unsupported) - syntax valid
verilator	test_regress/t/t_force_chained.v	fail	must_accept	divergence:explained_svpp_macro_use	verilator: driver t_force_chained.py expects success
verilator	test_regress/t/t_force_complex_sel_unsup.v	fail	must_accept	divergence:explained_svpp_macro_use	verilator: driver t_force_complex_sel_unsup.py fails=True but golden .out is a post-parse tool error (lint/elab/unsupported) - syntax valid
verilator	test_regress/t/t_force_cond.v	fail	must_accept	divergence:explained_svpp_macro_use	verilator: driver t_force_cond.py expects success
verilator	test_regress/t/t_force_forceable_readwrite_unsup.v	pass	must_accept	match	verilator: driver t_force_forceable_readwrite_unsup.py fails=True but golden .out is a post-parse tool error (lint/elab/unsupported) - syntax valid
verilator	test_regress/t/t_force_forceable_rhs_ref.v	fail	must_accept	divergence:explained_svpp_macro_use	verilator: driver t_force_forceable_rhs_ref.py expects success
verilator	test_regress/t/t_force_func.v	fail	must_accept	divergence:explained_svpp_macro_use	verilator: driver t_force_func.py expects success
verilator	test_regress/t/t_force_immediate_release.v	fail	must_accept	divergence:explained_svpp_macro_use	verilator: driver t_force_immediate_release.py expects success
verilator	test_regress/t/t_force_initial.v	fail	must_accept	divergence:explained_svpp_macro_use	verilator: driver t_force_initial.py expects success
verilator	test_regress/t/t_force_input_assign_bad.v	pass	must_accept	match	verilator: driver t_force_input_assign_bad.py fails=True but golden .out is a post-parse tool error (lint/elab/unsupported) - syntax valid
verilator	test_regress/t/t_force_mid.v	pass	must_accept	match	verilator: driver t_force_mid.py expects success
verilator	test_regress/t/t_force_multi.v	fail	must_accept	divergence:explained_svpp_macro_use	verilator: driver t_force_multi.py expects success
verilator	test_regress/t/t_force_nested_struct.v	fail	must_accept	divergence:explained_svpp_macro_use	verilator: driver t_force_nested_struct.py expects success
verilator	test_regress/t/t_force_nested_struct2.v	fail	must_accept	divergence:explained_svpp_macro_use	verilator: driver t_force_nested_struct2.py expects success
verilator	test_regress/t/t_force_port_inline.v	fail	must_accept	divergence:explained_svpp_macro_use	verilator: driver t_force_port_inline.py expects success
verilator	test_regress/t/t_force_readwrite.v	pass	must_accept	match	verilator: driver t_force_readwrite.py expects success
verilator	test_regress/t/t_force_readwrite_unsup.v	pass	must_accept	match	verilator: driver t_force_readwrite_unsup.py fails=True but golden .out is a post-parse tool error (lint/elab/unsupported) - syntax valid
verilator	test_regress/t/t_force_release.v	fail	must_accept	divergence:explained_svpp_macro_use	verilator: driver t_force_release.py expects success
verilator	test_regress/t/t_force_release_net.v	fail	must_accept	divergence:explained_svpp_macro_use	verilator: driver t_force_release_net.py expects success
verilator	test_regress/t/t_force_release_var.v	fail	must_accept	divergence:explained_svpp_macro_use	verilator: driver t_force_release_var.py expects success
verilator	test_regress/t/t_force_rhs_ref.v	fail	must_accept	divergence:explained_svpp_macro_use	verilator: driver t_force_rhs_ref.py expects success
verilator	test_regress/t/t_force_rhs_ref_multi_lhs.v	fail	must_accept	divergence:explained_svpp_macro_use	verilator: driver t_force_rhs_ref_multi_lhs.py expects success
verilator	test_regress/t/t_force_rhs_ref_multiple.v	fail	must_accept	divergence:explained_svpp_macro_use	verilator: driver t_force_rhs_ref_multiple.py expects success
verilator	test_regress/t/t_force_select_bad.v	pass	must_accept	match	verilator: driver t_force_select_bad.py fails=True but golden .out is a post-parse tool error (lint/elab/unsupported) - syntax valid
verilator	test_regress/t/t_force_struct_partial.v	fail	must_accept	divergence:explained_svpp_macro_use	verilator: driver t_force_struct_partial.py expects success
verilator	test_regress/t/t_force_struct_trace.v	pass	must_accept	match	verilator: driver t_force_struct_trace.py expects success
verilator	test_regress/t/t_force_subnet.v	fail	must_accept	divergence:explained_svpp_macro_use	verilator: driver t_force_subnet.py expects success
verilator	test_regress/t/t_force_subvar.v	fail	must_accept	divergence:explained_svpp_macro_use	verilator: driver t_force_subvar.py expects success
verilator	test_regress/t/t_force_tri.v	fail	must_accept	divergence:explained_svpp_macro_use	verilator: driver t_force_tri.py fails=True but golden .out is a post-parse tool error (lint/elab/unsupported) - syntax valid
verilator	test_regress/t/t_force_unpacked.v	fail	must_accept	divergence:explained_svpp_macro_use	verilator: driver t_force_unpacked.py expects success
verilator	test_regress/t/t_force_unpacked_bitsel.v	fail	must_accept	divergence:explained_svpp_macro_use	verilator: driver t_force_unpacked_bitsel.py expects success
verilator	test_regress/t/t_force_unpacked_struct.v	fail	must_accept	divergence:explained_svpp_macro_use	verilator: driver t_force_unpacked_struct.py expects success
verilator	test_regress/t/t_force_wide_sel.v	fail	must_accept	divergence:explained_svpp_macro_use	verilator: driver t_force_wide_sel.py expects success
verilator	test_regress/t/t_forceable_assigncont.v	pass	must_accept	match	verilator: driver t_forceable_assigncont.py expects success
verilator	test_regress/t/t_forceable_net.v	fail	must_accept	divergence:explained_svpp_macro_use	verilator: driver t_forceable_net_cmt.py expects success
verilator	test_regress/t/t_forceable_public_flat.v	pass	must_accept	match	verilator: driver t_forceable_public_flat.py expects success
verilator	test_regress/t/t_forceable_string_bad.v	pass	must_accept	match	verilator: driver t_forceable_string_bad.py fails=True but golden .out is a post-parse tool error (lint/elab/unsupported) - syntax valid
verilator	test_regress/t/t_forceable_unpacked.v	fail	must_accept	divergence:explained_svpp_macro_use	verilator: driver t_forceable_unpacked_cmt.py expects success
verilator	test_regress/t/t_forceable_unpacked_bad.v	pass	must_accept	match	verilator: driver t_forceable_unpacked_bad.py fails=True but golden .out is a post-parse tool error (lint/elab/unsupported) - syntax valid
verilator	test_regress/t/t_forceable_var.v	fail	must_accept	divergence:explained_svpp_macro_use	verilator: driver t_forceable_var_cmt.py expects success
verilator	test_regress/t/t_foreach.v	fail	must_accept	divergence:explained_svpp_macro_use	verilator: driver t_foreach.py expects success
verilator	test_regress/t/t_foreach_array.v	fail	must_accept	divergence:unexplained_rejects_valid	verilator: driver t_foreach_array.py expects success
verilator	test_regress/t/t_foreach_bad.v	fail	must_accept	divergence:unexplained_rejects_valid	verilator: driver t_foreach_bad.py fails=True but golden .out is a post-parse tool error (lint/elab/unsupported) - syntax valid
verilator	test_regress/t/t_foreach_blkname.v	pass	must_accept	match	verilator: driver t_foreach_blkname.py expects success
verilator	test_regress/t/t_foreach_class.v	fail	must_accept	divergence:explained_svpp_macro_use	verilator: driver t_foreach_class.py expects success
verilator	test_regress/t/t_foreach_const.v	fail	must_accept	divergence:explained_svpp_macro_use	verilator: driver t_foreach_const.py expects success
verilator	test_regress/t/t_foreach_delete.v	fail	must_accept	divergence:explained_svpp_macro_use	verilator: driver t_foreach_delete.py expects success
verilator	test_regress/t/t_foreach_iface.v	pass	must_accept	match	verilator: driver t_foreach_iface.py expects success
verilator	test_regress/t/t_foreach_nested.v	fail	must_accept	divergence:unexplained_rejects_valid	verilator: driver t_foreach_nested.py expects success
verilator	test_regress/t/t_foreach_nindex_bad.v	fail	must_accept	divergence:unexplained_rejects_valid	verilator: driver t_foreach_nindex_bad.py fails=True but golden .out is a post-parse tool error (lint/elab/unsupported) - syntax valid
verilator	test_regress/t/t_foreach_noivar.v	fail	must_accept	divergence:explained_svpp_macro_use	verilator: driver t_foreach_noivar.py expects success
verilator	test_regress/t/t_foreach_sideeff_uvm.v	fail	must_accept	divergence:explained_svpp_macro_use	verilator: driver t_foreach_sideeff_uvm.py expects success
verilator	test_regress/t/t_foreach_type_bad.v	fail	must_accept	divergence:unexplained_rejects_valid	verilator: driver t_foreach_type_bad.py fails=True but golden .out is a post-parse tool error (lint/elab/unsupported) - syntax valid
verilator	test_regress/t/t_fork.v	pass	must_accept	match	verilator: driver t_fork.py fails=True but golden .out is a post-parse tool error (lint/elab/unsupported) - syntax valid
verilator	test_regress/t/t_fork_bbox.v	pass	must_accept	match	verilator: driver t_fork_bbox.py expects success
verilator	test_regress/t/t_fork_block_item_declaration.v	pass	must_accept	match	verilator: driver t_fork_block_item_declaration.py expects success
verilator	test_regress/t/t_fork_cfunc_finish.v	pass	must_accept	match	verilator: driver t_fork_cfunc_finish.py expects success
verilator	test_regress/t/t_fork_delay.v	pass	must_accept	match	verilator: driver t_fork_delay.py expects success
verilator	test_regress/t/t_fork_delay_finish.v	pass	must_accept	match	verilator: driver t_fork_delay_finish.py expects success
verilator	test_regress/t/t_fork_dynscope.v	pass	must_accept	match	verilator: driver t_fork_dynscope.py expects success
verilator	test_regress/t/t_fork_dynscope_interface.v	pass	must_accept	match	verilator: driver t_fork_dynscope_interface.py expects success
verilator	test_regress/t/t_fork_dynscope_out.v	pass	must_accept	match	verilator: driver t_fork_dynscope_out.py expects success
verilator	test_regress/t/t_fork_finish.v	pass	must_accept	match	verilator: driver t_fork_finish.py expects success
verilator	test_regress/t/t_fork_func2_bad.v	pass	must_accept	match	verilator: driver t_fork_func2_bad.py fails=True but golden .out is a post-parse tool error (lint/elab/unsupported) - syntax valid
verilator	test_regress/t/t_fork_func_bad.v	pass	must_accept	match	verilator: driver t_fork_func_bad.py fails=True but golden .out is a post-parse tool error (lint/elab/unsupported) - syntax valid
verilator	test_regress/t/t_fork_initial.v	pass	must_accept	match	verilator: driver t_fork_initial.py expects success
verilator	test_regress/t/t_fork_join_none_any_nested.v	pass	must_accept	match	verilator: driver t_fork_join_none_any_nested.py expects success
verilator	test_regress/t/t_fork_join_none_capture.v	pass	must_accept	match	verilator: driver t_fork_join_none_capture.py expects success
verilator	test_regress/t/t_fork_join_none_class_cap.v	pass	must_accept	match	verilator: driver t_fork_join_none_class_cap.py expects success
verilator	test_regress/t/t_fork_join_none_inactive.v	pass	must_accept	match	verilator: driver t_fork_join_none_inactive.py expects success
verilator	test_regress/t/t_fork_join_none_nested_triggered.v	pass	must_accept	match	verilator: driver t_fork_join_none_nested_triggered.py expects success
verilator	test_regress/t/t_fork_join_none_stmt.v	fail	must_accept	divergence:explained_svpp_macro_use	verilator: driver t_fork_join_none_stmt.py expects success
verilator	test_regress/t/t_fork_join_none_virtual.v	pass	must_accept	match	verilator: driver t_fork_join_none_virtual.py expects success
verilator	test_regress/t/t_fork_join_none_wait_ev.v	fail	must_accept	divergence:explained_svpp_macro_use	verilator: driver t_fork_join_none_wait_ev.py expects success
verilator	test_regress/t/t_fork_join_none_waiters.v	pass	must_accept	match	verilator: driver t_fork_join_none_waiters.py expects success
verilator	test_regress/t/t_fork_jumpblock.v	pass	must_accept	match	verilator: driver t_fork_jumpblock.py expects success
verilator	test_regress/t/t_fork_label.v	pass	must_accept	match	verilator: driver t_fork_label.py expects success
verilator	test_regress/t/t_fork_none_var.v	pass	must_accept	match	verilator: driver t_fork_none_var.py expects success
verilator	test_regress/t/t_fork_output_arg.v	pass	must_accept	match	verilator: driver t_fork_output_arg.py expects success
verilator	test_regress/t/t_fork_port.v	pass	must_accept	match	verilator: driver t_fork_port.py expects success
verilator	test_regress/t/t_fork_repeat.v	pass	must_accept	match	verilator: driver t_fork_repeat.py expects success
verilator	test_regress/t/t_fork_repeat_reset.v	pass	must_accept	match	verilator: driver t_fork_repeat_reset.py expects success
verilator	test_regress/t/t_fork_write_after_timing.v	fail	must_accept	divergence:explained_svpp_macro_use	verilator: driver t_fork_write_after_timing.py expects success
verilator	test_regress/t/t_fork_write_after_timing_bad.v	pass	must_accept	match	verilator: driver t_fork_write_after_timing_bad.py fails=True but golden .out is a post-parse tool error (lint/elab/unsupported) - syntax valid
verilator	test_regress/t/t_fourstate_assign.v	pass	must_accept	match	verilator: driver t_fourstate_assign.py expects success
verilator	test_regress/t/t_fourstate_assign_bad.v	pass	must_accept	match	verilator: driver t_fourstate_assign_bad.py fails=True but golden .out is a post-parse tool error (lint/elab/unsupported) - syntax valid
verilator	test_regress/t/t_fourstate_fourstate_unsup.v	pass	must_accept	match	verilator: driver t_fourstate_fourstate_unsup.py fails=True but golden .out is a post-parse tool error (lint/elab/unsupported) - syntax valid
verilator	test_regress/t/t_fourstate_no_fourstate.v	pass	must_accept	match	verilator: driver t_fourstate_no_fourstate.py expects success
verilator	test_regress/t/t_fsm_duplicate.v	pass	must_accept	match	verilator: driver t_fsm_duplicate.py expects success
verilator	test_regress/t/t_fsm_metacmt_dump.v	pass	must_accept	match	verilator: driver t_fsm_metacmt_dump.py expects success
verilator	test_regress/t/t_fsm_register_wrapper.v	pass	must_accept	match	verilator: driver t_fsm_register_wrapper.py expects success
verilator	test_regress/t/t_fsm_register_wrapper_noinline.v	pass	must_accept	match	verilator: driver t_fsm_register_wrapper_noinline.py expects success
verilator	test_regress/t/t_fsm_register_wrapper_vlt_bad.v	pass	must_accept	match	verilator: driver t_fsm_register_wrapper_vlt_bad.py fails=True but golden .out is a post-parse tool error (lint/elab/unsupported) - syntax valid
verilator	test_regress/t/t_fsm_register_wrapper_warn_bad.v	pass	must_accept	match	verilator: driver t_fsm_register_wrapper_warn_bad.py fails=True but golden .out is a post-parse tool error (lint/elab/unsupported) - syntax valid
verilator	test_regress/t/t_fsmmulti_combo_multi_warn_bad.v	pass	must_accept	match	verilator: driver t_fsmmulti_combo_multi_warn_bad.py fails=True but golden .out is a post-parse tool error (lint/elab/unsupported) - syntax valid
verilator	test_regress/t/t_fsmmulti_same_bad.v	pass	must_accept	match	verilator: driver t_fsmmulti_same_bad.py fails=True but golden .out is a post-parse tool error (lint/elab/unsupported) - syntax valid
verilator	test_regress/t/t_fsmmulti_warn_bad.v	pass	must_accept	match	verilator: driver t_fsmmulti_warn_bad.py fails=True but golden .out is a post-parse tool error (lint/elab/unsupported) - syntax valid
verilator	test_regress/t/t_fsmmulti_warn_off.v	pass	must_accept	match	verilator: driver t_fsmmulti_warn_off.py expects success
verilator	test_regress/t/t_func.v	pass	must_accept	match	verilator: driver t_func.py expects success
verilator	test_regress/t/t_func_arg_complex.v	fail	must_accept	divergence:explained_svpp_macro_use	verilator: driver t_func_arg_complex.py expects success
verilator	test_regress/t/t_func_automatic_clear.v	fail	must_accept	divergence:explained_svpp_macro_use	verilator: driver t_func_automatic_clear.py expects success
verilator	test_regress/t/t_func_bad.v	pass	must_accept	match	verilator: driver t_func_bad.py fails=True but golden .out is a post-parse tool error (lint/elab/unsupported) - syntax valid
verilator	test_regress/t/t_func_bad_width.v	pass	must_accept	match	verilator: driver t_func_bad_width.py fails=True but golden .out is a post-parse tool error (lint/elab/unsupported) - syntax valid
verilator	test_regress/t/t_func_begin2.v	pass	must_accept	match	verilator: driver t_func_begin2.py expects success
verilator	test_regress/t/t_func_call_order.v	fail	must_accept	divergence:explained_svpp_macro_use	verilator: driver t_func_call_order.py expects success
verilator	test_regress/t/t_func_call_super_arg.v	pass	must_accept	match	verilator: driver t_func_call_super_arg.py expects success
verilator	test_regress/t/t_func_check.v	pass	must_accept	match	verilator: driver t_func_check.py expects success
verilator	test_regress/t/t_func_complex.v	fail	must_accept	divergence:explained_svpp_conditional	verilator: driver t_func_complex.py expects success
verilator	test_regress/t/t_func_cond.v	pass	must_accept	match	verilator: driver t_func_cond.py expects success
verilator	test_regress/t/t_func_const.v	fail	must_accept	divergence:explained_svpp_conditional	verilator: driver t_func_const.py expects success
verilator	test_regress/t/t_func_const2_bad.v	pass	must_accept	match	verilator: driver t_func_const2_bad.py fails=True but golden .out is a post-parse tool error (lint/elab/unsupported) - syntax valid
verilator	test_regress/t/t_func_const3_bad.v	pass	must_accept	match	verilator: driver t_func_const3_bad.py fails=True but golden .out is a post-parse tool error (lint/elab/unsupported) - syntax valid
verilator	test_regress/t/t_func_const_bad.v	pass	must_accept	match	verilator: driver t_func_const_bad.py fails=True but golden .out is a post-parse tool error (lint/elab/unsupported) - syntax valid
verilator	test_regress/t/t_func_const_packed_array_bad.v	pass	must_accept	match	verilator: driver t_func_const_packed_array_bad.py fails=True but golden .out is a post-parse tool error (lint/elab/unsupported) - syntax valid
verilator	test_regress/t/t_func_const_packed_struct_bad.v	pass	must_accept	match	verilator: driver t_func_const_packed_struct_bad.py fails=True but golden .out is a post-parse tool error (lint/elab/unsupported) - syntax valid
verilator	test_regress/t/t_func_const_packed_struct_bad2.v	pass	must_accept	match	verilator: driver t_func_const_packed_struct_bad2.py fails=True but golden .out is a post-parse tool error (lint/elab/unsupported) - syntax valid
verilator	test_regress/t/t_func_const_struct_bad.v	pass	must_accept	match	verilator: driver t_func_const_struct_bad.py fails=True but golden .out is a post-parse tool error (lint/elab/unsupported) - syntax valid
verilator	test_regress/t/t_func_crc.v	pass	must_accept	match	verilator: driver t_func_crc.py expects success
verilator	test_regress/t/t_func_default_warn.v	pass	must_accept	match	verilator: driver t_func_default_warn.py expects success
verilator	test_regress/t/t_func_defaults.v	pass	must_accept	match	verilator: driver t_func_defaults.py expects success
verilator	test_regress/t/t_func_dotted.v	fail	must_accept	divergence:explained_svpp_macro_use	verilator: driver t_func_dotted_inl0.py expects success
verilator	test_regress/t/t_func_endian.v	fail	must_accept	divergence:explained_svpp_conditional	verilator: driver t_func_endian.py expects success
verilator	test_regress/t/t_func_first.v	pass	must_accept	match	verilator: driver t_func_first.py expects success
verilator	test_regress/t/t_func_flip.v	fail	must_accept	divergence:explained_svpp_macro_use	verilator: driver t_func_flip.py expects success
verilator	test_regress/t/t_func_gen.v	pass	must_accept	match	verilator: driver t_func_gen.py expects success
verilator	test_regress/t/t_func_graphcirc.v	fail	must_accept	divergence:explained_svpp_conditional	verilator: driver t_func_graphcirc.py expects success
verilator	test_regress/t/t_func_grey.v	pass	must_accept	match	verilator: driver t_func_grey.py expects success
verilator	test_regress/t/t_func_impure_bad.v	pass	must_accept	match	verilator: driver t_func_impure_bad.py fails=True but golden .out is a post-parse tool error (lint/elab/unsupported) - syntax valid
verilator	test_regress/t/t_func_inconly.v	pass	must_accept	match	verilator: driver t_func_inconly.py expects success
verilator	test_regress/t/t_func_inout_bit_sel.v	fail	must_accept	divergence:explained_svpp_macro_use	verilator: driver t_func_inout_bit_sel.py expects success
verilator	test_regress/t/t_func_io_order.v	fail	must_accept	divergence:explained_svpp_conditional	verilator: driver t_func_io_order.py expects success
verilator	test_regress/t/t_func_lib.v	pass	must_accept	match	verilator: driver t_func_lib.py expects success
verilator	test_regress/t/t_func_lib_sub.v	fail	must_accept	divergence:explained_svpp_macro_use	verilator: driver t_func_lib_sub.py expects success
verilator	test_regress/t/t_func_link.v	fail	must_accept	divergence:explained_svpp_conditional	verilator: driver t_func_link.py expects success
verilator	test_regress/t/t_func_many_return.v	pass	must_accept	match	verilator: driver t_func_many_return.py expects success
verilator	test_regress/t/t_func_mlog2.v	pass	must_accept	match	verilator: driver t_func_mlog2.py expects success
verilator	test_regress/t/t_func_modify_input.v	pass	must_accept	match	verilator: driver t_func_modify_input.py expects success
verilator	test_regress/t/t_func_named.v	fail	must_accept	divergence:explained_svpp_macro_use	verilator: driver t_func_named.py expects success
verilator	test_regress/t/t_func_nansi_dup_bad.v	pass	must_accept	match	verilator: driver t_func_nansi_dup_bad.py fails=True but golden .out is a post-parse tool error (lint/elab/unsupported) - syntax valid
verilator	test_regress/t/t_func_nansi_mism_bad.v	pass	must_accept	match	verilator: driver t_func_nansi_mism_bad.py fails=True but golden .out is a post-parse tool error (lint/elab/unsupported) - syntax valid
verilator	test_regress/t/t_func_no_lifetime_bad.v	pass	must_accept	match	verilator: driver t_func_no_lifetime_bad.py fails=True but golden .out is a post-parse tool error (lint/elab/unsupported) - syntax valid
verilator	test_regress/t/t_func_no_paren.v	pass	must_accept	match	verilator: driver t_func_no_paren.py expects success
verilator	test_regress/t/t_func_no_parentheses_bad.v	pass	must_accept	match	verilator: driver t_func_no_parentheses_bad.py fails=True but golden .out is a post-parse tool error (lint/elab/unsupported) - syntax valid
verilator	test_regress/t/t_func_noinl.v	fail	must_accept	divergence:explained_svpp_macro_use	verilator: driver t_func_noinl.py expects success
verilator	test_regress/t/t_func_numones.v	pass	must_accept	match	verilator: driver t_func_numones.py expects success
verilator	test_regress/t/t_func_outfirst.v	fail	must_accept	divergence:explained_svpp_macro_use	verilator: driver t_func_outfirst.py expects success
verilator	test_regress/t/t_func_outp.v	pass	must_accept	match	verilator: driver t_func_outp.py expects success
verilator	test_regress/t/t_func_paramed.v	pass	must_accept	match	verilator: driver t_func_paramed.py expects success
verilator	test_regress/t/t_func_plog.v	fail	must_accept	divergence:explained_svpp_macro_use	verilator: driver t_func_plog.py expects success
verilator	test_regress/t/t_func_public.v	fail	must_accept	divergence:explained_svpp_conditional	verilator: driver t_func_public.py expects success
verilator	test_regress/t/t_func_purification.v	pass	must_accept	match	verilator: driver t_func_purification.py expects success
verilator	test_regress/t/t_func_rand.v	fail	must_accept	divergence:explained_svpp_macro_use	verilator: driver t_func_rand.py expects success
verilator	test_regress/t/t_func_range.v	fail	must_accept	divergence:explained_svpp_macro_use	verilator: driver t_func_range.py expects success
verilator	test_regress/t/t_func_real_abs.v	pass	must_accept	match	verilator: driver t_func_real_abs.py expects success
verilator	test_regress/t/t_func_real_exprstmt.v	pass	must_accept	match	verilator: driver t_func_real_exprstmt.py expects success
verilator	test_regress/t/t_func_real_param.v	pass	must_accept	match	verilator: driver t_func_real_param.py expects success
verilator	test_regress/t/t_func_recurse.v	pass	must_accept	match	verilator: driver t_func_recurse.py expects success
verilator	test_regress/t/t_func_recurse2.v	pass	must_accept	match	verilator: driver t_func_recurse2.py expects success
verilator	test_regress/t/t_func_recurse_depth.v	pass	must_accept	match	verilator: driver t_func_recurse_depth.py expects success
verilator	test_regress/t/t_func_recurse_param.v	fail	must_accept	divergence:explained_svpp_macro_use	verilator: driver t_func_recurse_param.py expects success
verilator	test_regress/t/t_func_recurse_param_bad.v	pass	must_accept	match	verilator: driver t_func_recurse_param_bad.py fails=True but golden .out is a post-parse tool error (lint/elab/unsupported) - syntax valid
verilator	test_regress/t/t_func_redef.v	pass	must_accept	match	verilator: driver t_func_redef.py expects success
verilator	test_regress/t/t_func_ref.v	fail	must_accept	divergence:explained_svpp_macro_use	verilator: driver t_func_ref.py expects success
verilator	test_regress/t/t_func_ref_arg.v	fail	must_accept	divergence:explained_svpp_macro_use	verilator: driver t_func_ref_arg.py expects success
verilator	test_regress/t/t_func_ref_arg_default.v	fail	must_accept	divergence:explained_svpp_conditional	verilator: driver t_func_ref_arg_default.py expects success
verilator	test_regress/t/t_func_ref_bad.v	pass	must_accept	match	verilator: driver t_func_ref_bad.py fails=True but golden .out is a post-parse tool error (lint/elab/unsupported) - syntax valid
verilator	test_regress/t/t_func_ref_noparen.v	pass	must_accept	match	verilator: driver t_func_ref_noparen.py expects success
verilator	test_regress/t/t_func_refio_bad.v	pass	must_accept	match	verilator: driver t_func_refio_bad.py fails=True but golden .out is a post-parse tool error (lint/elab/unsupported) - syntax valid
verilator	test_regress/t/t_func_regfirst.v	pass	must_accept	match	verilator: driver t_func_regfirst.py expects success
verilator	test_regress/t/t_func_return.v	fail	must_accept	divergence:explained_svpp_macro_use	verilator: driver t_func_return.py expects success
verilator	test_regress/t/t_func_return_bad.v	pass	must_accept	match	verilator: driver t_func_return_bad.py fails=True but golden .out is a post-parse tool error (lint/elab/unsupported) - syntax valid
verilator	test_regress/t/t_func_return_init.v	fail	must_accept	divergence:explained_svpp_macro_use	verilator: driver t_func_return_init.py expects success
verilator	test_regress/t/t_func_sel.v	fail	must_accept	divergence:explained_svpp_macro_use	verilator: driver t_func_sel.py expects success
verilator	test_regress/t/t_func_sum.v	fail	must_accept	divergence:explained_svpp_macro_use	verilator: driver t_func_sum.py expects success
verilator	test_regress/t/t_func_task_bad.v	pass	must_accept	match	verilator: driver t_func_task_bad.py fails=True but golden .out is a post-parse tool error (lint/elab/unsupported) - syntax valid
verilator	test_regress/t/t_func_task_bad2.v	pass	must_accept	match	verilator: driver t_func_task_bad2.py fails=True but golden .out is a post-parse tool error (lint/elab/unsupported) - syntax valid
verilator	test_regress/t/t_func_tie_bad.v	pass	must_accept	match	verilator: driver t_func_tie_bad.py fails=True but golden .out is a post-parse tool error (lint/elab/unsupported) - syntax valid
verilator	test_regress/t/t_func_twocall.v	pass	must_accept	match	verilator: driver t_func_twocall.py expects success
verilator	test_regress/t/t_func_types.v	pass	must_accept	match	verilator: driver t_func_types.py expects success
verilator	test_regress/t/t_func_under.v	pass	must_accept	match	verilator: driver t_func_under.py expects success
verilator	test_regress/t/t_func_under2.v	pass	must_accept	match	verilator: driver t_func_under2.py expects success
verilator	test_regress/t/t_func_uninit.v	pass	must_accept	match	verilator: driver t_func_uninit.py expects success
verilator	test_regress/t/t_func_unit.v	pass	must_accept	match	verilator: driver t_func_unit.py expects success
verilator	test_regress/t/t_func_unit_recursive.v	pass	must_accept	match	verilator: driver t_func_unit_recursive.py expects success
verilator	test_regress/t/t_func_v.v	fail	must_accept	divergence:explained_svpp_conditional	verilator: driver t_func_v.py expects success
verilator	test_regress/t/t_func_virt_new.v	pass	must_accept	match	verilator: driver t_func_virt_new.py expects success
verilator	test_regress/t/t_func_virt_new_bad.v	pass	must_accept	match	verilator: driver t_func_virt_new_bad.py fails=True but golden .out is a post-parse tool error (lint/elab/unsupported) - syntax valid
verilator	test_regress/t/t_func_void.v	pass	must_accept	match	verilator: driver t_func_void.py expects success
verilator	test_regress/t/t_func_void_bad.v	pass	must_accept	match	verilator: driver t_func_void_bad.py fails=True but golden .out is a post-parse tool error (lint/elab/unsupported) - syntax valid
verilator	test_regress/t/t_func_while.v	pass	must_accept	match	verilator: driver t_func_while.py expects success
verilator	test_regress/t/t_func_while2.v	fail	must_accept	divergence:explained_svpp_macro_use	verilator: driver t_func_while2.py expects success
verilator	test_regress/t/t_func_wide.v	pass	must_accept	match	verilator: driver t_func_wide.py expects success
verilator	test_regress/t/t_func_wide_out.v	fail	must_accept	divergence:explained_svpp_macro_use	verilator: driver t_func_wide_out.py expects success
verilator	test_regress/t/t_function_generate.v	pass	must_accept	match	verilator: driver t_function_generate.py expects success
verilator	test_regress/t/t_fuzz_always_bad.v	pass	must_accept	match	verilator: driver t_fuzz_always_bad.py fails=True but golden .out is a post-parse tool error (lint/elab/unsupported) - syntax valid
verilator	test_regress/t/t_fuzz_eof_bad.v	fail	must_reject	match	verilator: driver t_fuzz_eof_bad.py fails=True and golden .out reports a syntax error
verilator	test_regress/t/t_fuzz_eqne_bad.v	pass	must_accept	match	verilator: driver t_fuzz_eqne_bad.py fails=True but golden .out is a post-parse tool error (lint/elab/unsupported) - syntax valid
verilator	test_regress/t/t_fuzz_genintf_bad.v	fail	must_accept	divergence:unexplained_rejects_valid	verilator: driver t_fuzz_genintf_bad.py fails=True but golden .out is a post-parse tool error (lint/elab/unsupported) - syntax valid
verilator	test_regress/t/t_fuzz_negwidth_bad.v	fail	must_reject	match	verilator: driver t_fuzz_negwidth_bad.py fails=True and golden .out reports a syntax error
verilator	test_regress/t/t_fuzz_nor_bad.v	fail	must_reject	match	verilator: driver t_fuzz_nor_bad.py fails=True and golden .out reports a syntax error
verilator	test_regress/t/t_fuzz_triand_bad.v	pass	must_accept	match	verilator: driver t_fuzz_triand_bad.py fails=True but golden .out is a post-parse tool error (lint/elab/unsupported) - syntax valid
verilator	test_regress/t/t_gantt.v	fail	must_accept	divergence:explained_svpp_macro_use	verilator: driver t_gantt.py expects success
verilator	test_regress/t/t_gate_array.v	fail	must_accept	divergence:explained_svpp_macro_use	verilator: driver t_gate_array.py expects success
verilator	test_regress/t/t_gate_array_multidim_bad.v	pass	must_accept	match	verilator: driver t_gate_array_multidim_bad.py fails=True but golden .out is a post-parse tool error (lint/elab/unsupported) - syntax valid
verilator	test_regress/t/t_gate_basic.v	fail	must_accept	divergence:explained_svpp_conditional	verilator: driver t_gate_basic.py expects success
verilator	test_regress/t/t_gate_delref.v	pass	must_accept	match	verilator: driver t_gate_delref.py expects success
verilator	test_regress/t/t_gate_elim.v	fail	must_accept	divergence:explained_svpp_conditional	verilator: driver t_gate_elim.py expects success
verilator	test_regress/t/t_gate_elim_cycle.v	pass	must_accept	match	verilator: driver t_gate_elim_cycle.py expects success
verilator	test_regress/t/t_gate_fdup.v	fail	must_accept	divergence:unexplained_rejects_valid	verilator: driver t_gate_fdup.py expects success
verilator	test_regress/t/t_gate_implicit.v	fail	must_accept	divergence:explained_svpp_macro_use	verilator: driver t_gate_implicit.py expects success
verilator	test_regress/t/t_gate_inline_wide_exclude_multiple.v	pass	must_accept	match	verilator: driver t_gate_inline_wide_exclude_multiple.py expects success
verilator	test_regress/t/t_gate_inline_wide_noexclude_arraysel.v	pass	must_accept	match	verilator: driver t_gate_inline_wide_noexclude_arraysel.py expects success
verilator	test_regress/t/t_gate_inline_wide_noexclude_const.v	pass	must_accept	match	verilator: driver t_gate_inline_wide_noexclude_const.py expects success
verilator	test_regress/t/t_gate_inline_wide_noexclude_sel.v	pass	must_accept	match	verilator: driver t_gate_inline_wide_noexclude_sel.py expects success
verilator	test_regress/t/t_gate_inline_wide_noexclude_varref.v	pass	must_accept	match	verilator: driver t_gate_inline_wide_noexclude_varref.py expects success
verilator	test_regress/t/t_gate_loop.v	pass	must_accept	match	verilator: driver t_gate_loop.py expects success
verilator	test_regress/t/t_gate_lvalue_const.v	pass	must_accept	match	verilator: driver t_gate_lvalue_const.py expects success
verilator	test_regress/t/t_gate_opt.v	pass	must_accept	match	verilator: driver t_gate_opt.py expects success
verilator	test_regress/t/t_gate_ormux.v	fail	must_accept	divergence:explained_svpp_macro_use	verilator: driver t_gate_ormux.py expects success
verilator	test_regress/t/t_gate_primitives_implicit_net.v	fail	must_accept	divergence:explained_svpp_macro_use	verilator: driver t_gate_primitives_implicit_net.py expects success
verilator	test_regress/t/t_gate_strength.v	fail	must_accept	divergence:unexplained_rejects_valid	verilator: driver t_gate_strength.py expects success
verilator	test_regress/t/t_gate_unsup.v	pass	must_accept	match	verilator: driver t_gate_unsup.py expects success
verilator	test_regress/t/t_gate_width_bad.v	pass	must_accept	match	verilator: driver t_gate_width_bad.py fails=True but golden .out is a post-parse tool error (lint/elab/unsupported) - syntax valid
verilator	test_regress/t/t_gen_alw.v	fail	must_accept	divergence:explained_svpp_macro_use	verilator: driver t_gen_alw.py expects success
verilator	test_regress/t/t_gen_assign.v	fail	must_accept	divergence:explained_svpp_conditional	verilator: driver t_gen_assign.py expects success
verilator	test_regress/t/t_gen_class.v	fail	must_accept	divergence:explained_svpp_macro_use	verilator: driver t_gen_class.py expects success
verilator	test_regress/t/t_gen_cond_bitrange.v	fail	must_accept	divergence:explained_svpp_macro_use	verilator: driver t_gen_cond_bitrange.py expects success
verilator	test_regress/t/t_gen_cond_bitrange_bad.v	fail	must_accept	divergence:explained_svpp_macro_use	verilator: driver t_gen_cond_bitrange_bad.py fails=True but golden .out is a post-parse tool error (lint/elab/unsupported) - syntax valid
verilator	test_regress/t/t_gen_cond_const.v	fail	must_accept	divergence:explained_svpp_macro_use	verilator: driver t_gen_cond_const.py expects success
verilator	test_regress/t/t_gen_defparam.v	pass	must_accept	match	verilator: driver t_gen_defparam.py expects success
verilator	test_regress/t/t_gen_defparam_bad.v	pass	must_accept	match	verilator: driver t_gen_defparam_bad.py fails=True but golden .out is a post-parse tool error (lint/elab/unsupported) - syntax valid
verilator	test_regress/t/t_gen_defparam_multi.v	pass	must_accept	match	verilator: driver t_gen_defparam_multi.py fails=True but golden .out is a post-parse tool error (lint/elab/unsupported) - syntax valid
verilator	test_regress/t/t_gen_defparam_nfound_bad.v	pass	must_accept	match	verilator: driver t_gen_defparam_nfound_bad.py fails=True but golden .out is a post-parse tool error (lint/elab/unsupported) - syntax valid
verilator	test_regress/t/t_gen_div0.v	pass	must_accept	match	verilator: driver t_gen_div0.py expects success
verilator	test_regress/t/t_gen_duplicated_blocks_bad.v	fail	must_accept	divergence:unexplained_rejects_valid	verilator: driver t_gen_duplicated_blocks_bad.py fails=True but golden .out is a post-parse tool error (lint/elab/unsupported) - syntax valid
verilator	test_regress/t/t_gen_for.v	fail	must_accept	divergence:explained_svpp_conditional	verilator: driver t_gen_for.py expects success
verilator	test_regress/t/t_gen_for0.v	pass	must_accept	match	verilator: driver t_gen_for0.py expects success
verilator	test_regress/t/t_gen_for1.v	pass	must_accept	match	verilator: driver t_gen_for1.py expects success
verilator	test_regress/t/t_gen_for_interface.v	pass	must_accept	match	verilator: driver t_gen_for_interface.py expects success
verilator	test_regress/t/t_gen_for_overlap.v	fail	must_accept	divergence:explained_svpp_conditional	verilator: driver t_gen_for_overlap.py expects success
verilator	test_regress/t/t_gen_for_shuffle.v	fail	must_accept	divergence:explained_svpp_macro_use	verilator: driver t_gen_for_shuffle.py expects success
verilator	test_regress/t/t_gen_forif.v	fail	must_accept	divergence:explained_svpp_conditional	verilator: driver t_gen_forif.py expects success
verilator	test_regress/t/t_gen_genblk.v	fail	must_accept	divergence:explained_svpp_macro_use	verilator: driver t_gen_genblk.py expects success
verilator	test_regress/t/t_gen_if.v	fail	must_accept	divergence:unexplained_rejects_valid	verilator: driver t_gen_if.py expects success
verilator	test_regress/t/t_gen_ifelse.v	pass	must_accept	match	verilator: driver t_gen_ifelse.py expects success
verilator	test_regress/t/t_gen_inc.v	fail	must_accept	divergence:explained_svpp_conditional	verilator: driver t_gen_inc.py expects success
verilator	test_regress/t/t_gen_index.v	fail	must_accept	divergence:explained_svpp_macro_use	verilator: driver t_gen_index.py expects success
verilator	test_regress/t/t_gen_intdot.v	fail	must_accept	divergence:explained_svpp_conditional	verilator: driver t_gen_intdot.py expects success
verilator	test_regress/t/t_gen_intdot2.v	fail	must_accept	divergence:explained_svpp_macro_use	verilator: driver t_gen_intdot2.py expects success
verilator	test_regress/t/t_gen_local.v	fail	must_accept	divergence:unexplained_rejects_valid	verilator: driver t_gen_local.py expects success
verilator	test_regress/t/t_gen_lsb.v	fail	must_accept	divergence:explained_svpp_macro_use	verilator: driver t_gen_lsb.py expects success
verilator	test_regress/t/t_gen_mislevel.v	pass	must_accept	match	verilator: driver t_gen_mislevel.py expects success
verilator	test_regress/t/t_gen_missing.v	fail	must_accept	divergence:explained_svpp_macro_use	verilator: driver t_gen_missing.py expects success
verilator	test_regress/t/t_gen_missing_bad2.v	pass	must_accept	match	verilator: driver t_gen_missing_bad2.py fails=True but golden .out is a post-parse tool error (lint/elab/unsupported) - syntax valid
verilator	test_regress/t/t_gen_nonconst_bad.v	pass	must_accept	match	verilator: driver t_gen_nonconst_bad.py fails=True but golden .out is a post-parse tool error (lint/elab/unsupported) - syntax valid
verilator	test_regress/t/t_gen_self_return.v	fail	must_accept	divergence:unexplained_rejects_valid	verilator: driver t_gen_self_return.py expects success
verilator	test_regress/t/t_gen_upscope.v	pass	must_accept	match	verilator: driver t_gen_upscope.py expects success
verilator	test_regress/t/t_gen_var_bad.v	pass	must_accept	match	verilator: driver t_gen_var_bad.py fails=True but golden .out is a post-parse tool error (lint/elab/unsupported) - syntax valid
verilator	test_regress/t/t_generate_fatal_bad.v	pass	must_accept	match	verilator: driver t_generate_fatal_bad.py fails=True but golden .out is a post-parse tool error (lint/elab/unsupported) - syntax valid
verilator	test_regress/t/t_genfor_hier.v	pass	must_accept	match	verilator: driver t_genfor_hier.py expects success
verilator	test_regress/t/t_genfor_init_o0.v	pass	must_accept	match	verilator: driver t_genfor_init_o0.py expects success
verilator	test_regress/t/t_genfor_signed.v	pass	must_accept	match	verilator: driver t_genfor_signed.py expects success
verilator	test_regress/t/t_genvar_for_bad.v	pass	must_accept	match	verilator: driver t_genvar_for_bad.py fails=True but golden .out is a post-parse tool error (lint/elab/unsupported) - syntax valid
verilator	test_regress/t/t_genvar_misuse_bad.v	pass	must_accept	match	verilator: driver t_genvar_misuse_bad.py fails=True but golden .out is a post-parse tool error (lint/elab/unsupported) - syntax valid
verilator	test_regress/t/t_hier_block.v	fail	must_accept	divergence:explained_svpp_macro_use	verilator: driver t_hier_block.py expects success
verilator	test_regress/t/t_hier_block0_bad.v	fail	must_accept	divergence:explained_svpp_macro_use	verilator: driver t_hier_block0_bad.py fails=True but golden .out is a post-parse tool error (lint/elab/unsupported) - syntax valid
verilator	test_regress/t/t_hier_block1_bad.v	fail	must_accept	divergence:explained_svpp_macro_use	verilator: driver t_hier_block1_bad.py fails=True but golden .out is a post-parse tool error (lint/elab/unsupported) - syntax valid
verilator	test_regress/t/t_hier_block_chained.v	fail	must_accept	divergence:explained_svpp_macro_use	verilator: driver t_hier_block_chained.py expects success
verilator	test_regress/t/t_hier_block_import.v	fail	must_accept	divergence:explained_svpp_macro_use	verilator: driver t_hier_block_import.py expects success
verilator	test_regress/t/t_hier_block_import/t_hier_block_import_subA.v	pass	chained_only	deferred:chained_only	verilator: multi-file test payload outside flat test_regress/t/
verilator	test_regress/t/t_hier_block_import/t_hier_block_import_subB.v	fail	chained_only	deferred:chained_only	verilator: multi-file test payload outside flat test_regress/t/
verilator	test_regress/t/t_hier_block_import/t_hier_block_import_subsub.v	fail	chained_only	deferred:chained_only	verilator: multi-file test payload outside flat test_regress/t/
verilator	test_regress/t/t_hier_block_int.v	pass	must_accept	match	verilator: driver t_hier_block_int.py expects success
verilator	test_regress/t/t_hier_block_libmod.v	fail	must_accept	divergence:explained_svpp_macro_use	verilator: driver t_hier_block_libmod.py expects success
verilator	test_regress/t/t_hier_block_perf.v	fail	must_accept	divergence:explained_svpp_macro_use	verilator: driver t_hier_block_perf.py expects success
verilator	test_regress/t/t_hier_block_signed_logic.v	pass	must_accept	match	verilator: driver t_hier_block_signed_logic.py expects success
verilator	test_regress/t/t_hier_block_struct.v	fail	must_accept	divergence:explained_svpp_macro_use	verilator: driver t_hier_block_struct.py expects success
verilator	test_regress/t/t_hier_block_threads_bad.v	pass	must_accept	match	verilator: driver t_hier_block_threads_bad.py fails=True but golden .out is a post-parse tool error (lint/elab/unsupported) - syntax valid
verilator	test_regress/t/t_hier_block_type_param.v	pass	must_accept	match	verilator: driver t_hier_block_type_param.py expects success
verilator	test_regress/t/t_hier_block_type_param_multiple.v	pass	must_accept	match	verilator: driver t_hier_block_type_param_multiple.py expects success
verilator	test_regress/t/t_hier_block_type_param_multiple_instances.v	pass	must_accept	match	verilator: driver t_hier_block_type_param_multiple_instances.py expects success
verilator	test_regress/t/t_hier_block_type_param_nested.v	pass	must_accept	match	verilator: driver t_hier_block_type_param_nested.py expects success
verilator	test_regress/t/t_hier_block_type_param_typedef.v	pass	chained_only	deferred:chained_only	verilator: no same-stem driver and never a top_filename - include/companion fragment
verilator	test_regress/t/t_hier_bynum.v	pass	must_accept	match	verilator: driver t_hier_bynum.py expects success
verilator	test_regress/t/t_hier_parm_under.v	pass	must_accept	match	verilator: driver t_hier_parm_under.py expects success
verilator	test_regress/t/t_hier_task.v	pass	must_accept	match	verilator: driver t_hier_task.py expects success
verilator	test_regress/t/t_hierarchy_identifier.v	pass	must_accept	match	verilator: driver t_hierarchy_identifier.py expects success
verilator	test_regress/t/t_hierarchy_identifier_bad.v	pass	must_accept	match	verilator: driver t_hierarchy_identifier_bad.py fails=True but golden .out is a post-parse tool error (lint/elab/unsupported) - syntax valid
verilator	test_regress/t/t_hierarchy_unnamed.v	pass	must_accept	match	verilator: driver t_hierarchy_unnamed.py expects success
verilator	test_regress/t/t_if_deep.v	fail	must_accept	divergence:explained_svpp_macro_use	verilator: driver t_if_deep.py expects success
verilator	test_regress/t/t_if_same_bad.v	pass	must_accept	match	verilator: driver t_if_same_bad.py expects success
verilator	test_regress/t/t_if_swap.v	pass	must_accept	match	verilator: driver t_if_swap.py expects success
verilator	test_regress/t/t_iface_array_multidim.v	pass	must_accept	match	verilator: driver t_iface_array_multidim.py expects success
verilator	test_regress/t/t_iface_array_multidim_3d.v	pass	must_accept	match	verilator: driver t_iface_array_multidim_3d.py expects success
verilator	test_regress/t/t_iface_array_multidim_3d_port.v	pass	must_accept	match	verilator: driver t_iface_array_multidim_3d_port.py expects success
verilator	test_regress/t/t_iface_array_multidim_hier.v	pass	must_accept	match	verilator: driver t_iface_array_multidim_hier.py expects success
verilator	test_regress/t/t_iface_array_multidim_modport.v	pass	must_accept	match	verilator: driver t_iface_array_multidim_modport.py expects success
verilator	test_regress/t/t_iface_array_multidim_multi_inst.v	fail	must_accept	divergence:explained_svpp_macro_use	verilator: driver t_iface_array_multidim_multi_inst.py expects success
verilator	test_regress/t/t_iface_array_multidim_nested.v	pass	must_accept	match	verilator: driver t_iface_array_multidim_nested.py expects success
verilator	test_regress/t/t_iface_array_multidim_nested_port.v	pass	must_accept	match	verilator: driver t_iface_array_multidim_nested_port.py expects success
verilator	test_regress/t/t_iface_array_multidim_port.v	pass	must_accept	match	verilator: driver t_iface_array_multidim_port.py expects success
verilator	test_regress/t/t_iface_array_multidim_port_write.v	fail	must_accept	divergence:explained_svpp_macro_use	verilator: driver t_iface_array_multidim_port_write.py expects success
verilator	test_regress/t/t_iface_array_multidim_ranges.v	fail	must_accept	divergence:explained_svpp_macro_use	verilator: driver t_iface_array_multidim_ranges.py expects success
verilator	test_regress/t/t_iface_array_multidim_xref.v	pass	must_accept	match	verilator: driver t_iface_array_multidim_xref.py expects success
verilator	test_regress/t/t_iface_chained_consumer_struct.v	pass	must_accept	match	verilator: driver t_iface_chained_consumer_struct.py expects success
verilator	test_regress/t/t_iface_name_collision.v	pass	must_accept	match	verilator: driver t_iface_name_collision.py expects success
verilator	test_regress/t/t_iface_nested_width2.v	fail	must_accept	divergence:explained_svpp_macro_use	verilator: driver t_iface_nested_width2.py expects success
verilator	test_regress/t/t_iface_nested_width3.v	pass	must_accept	match	verilator: driver t_iface_nested_width3.py expects success
verilator	test_regress/t/t_iface_param_class_type.v	fail	must_accept	divergence:explained_svpp_macro_use	verilator: driver t_iface_param_class_type.py expects success
verilator	test_regress/t/t_iface_param_class_typedef.v	fail	must_accept	divergence:explained_svpp_macro_use	verilator: driver t_iface_param_class_typedef.py expects success
verilator	test_regress/t/t_iface_param_type_derived_range.v	pass	must_accept	match	verilator: driver t_iface_param_type_derived_range.py expects success
verilator	test_regress/t/t_iface_self_ref_typedef.v	fail	must_accept	divergence:unexplained_rejects_valid	verilator: driver t_iface_self_ref_typedef.py expects success
verilator	test_regress/t/t_iface_typedef_struct_member.v	fail	must_accept	divergence:explained_svpp_macro_use	verilator: driver t_iface_typedef_struct_member.py expects success
verilator	test_regress/t/t_iface_typedef_wrong_clone.v	fail	must_accept	divergence:explained_svpp_macro_use	verilator: driver t_iface_typedef_wrong_clone.py expects success
verilator	test_regress/t/t_iff.v	fail	must_accept	divergence:explained_svpp_macro_use	verilator: driver t_iff.py expects success
verilator	test_regress/t/t_implements.v	pass	must_accept	match	verilator: driver t_implements.py expects success
verilator	test_regress/t/t_implements_collision.v	pass	must_accept	match	verilator: driver t_implements_collision.py expects success
verilator	test_regress/t/t_implements_collision_bad.v	pass	must_accept	match	verilator: driver t_implements_collision_bad.py fails=True but golden .out is a post-parse tool error (lint/elab/unsupported) - syntax valid
verilator	test_regress/t/t_implements_contents_bad.v	fail	must_accept	divergence:unexplained_rejects_valid	verilator: driver t_implements_contents_bad.py fails=True but golden .out is a post-parse tool error (lint/elab/unsupported) - syntax valid
verilator	test_regress/t/t_implements_missing_bad.v	pass	must_accept	match	verilator: driver t_implements_missing_bad.py fails=True but golden .out is a post-parse tool error (lint/elab/unsupported) - syntax valid
verilator	test_regress/t/t_implements_nested.v	pass	must_accept	match	verilator: driver t_implements_nested.py expects success
verilator	test_regress/t/t_implements_nested_bad.v	fail	must_accept	divergence:unexplained_rejects_valid	verilator: driver t_implements_nested_bad.py fails=True but golden .out is a post-parse tool error (lint/elab/unsupported) - syntax valid
verilator	test_regress/t/t_implements_new_bad.v	pass	must_accept	match	verilator: driver t_implements_new_bad.py fails=True but golden .out is a post-parse tool error (lint/elab/unsupported) - syntax valid
verilator	test_regress/t/t_implements_noinherit_bad.v	pass	must_accept	match	verilator: driver t_implements_noinherit_bad.py fails=True but golden .out is a post-parse tool error (lint/elab/unsupported) - syntax valid
verilator	test_regress/t/t_implements_noninterface_bad.v	fail	must_accept	divergence:unexplained_rejects_valid	verilator: driver t_implements_noninterface_bad.py fails=True but golden .out is a post-parse tool error (lint/elab/unsupported) - syntax valid
verilator	test_regress/t/t_implements_not_nested.v	pass	must_accept	match	verilator: driver t_implements_not_nested.py expects success
verilator	test_regress/t/t_implements_notfound_bad.v	fail	must_accept	divergence:unexplained_rejects_valid	verilator: driver t_implements_notfound_bad.py fails=True but golden .out is a post-parse tool error (lint/elab/unsupported) - syntax valid
verilator	test_regress/t/t_implements_typed.v	pass	must_accept	match	verilator: driver t_implements_typed.py expects success
verilator	test_regress/t/t_impure_cond_empty_if.v	pass	must_accept	match	verilator: driver t_impure_cond_empty_if.py expects success
verilator	test_regress/t/t_inc_relink.v	pass	must_accept	match	verilator: driver t_inc_relink.py expects success
verilator	test_regress/t/t_incorrect_multi_driven.v	pass	must_accept	match	verilator: driver t_incorrect_multi_driven.py expects success
verilator	test_regress/t/t_incr_void.v	pass	must_accept	match	verilator: driver t_incr_void.py expects success
verilator	test_regress/t/t_increment_bad.v	pass	must_accept	match	verilator: driver t_increment_bad.py fails=True but golden .out is a post-parse tool error (lint/elab/unsupported) - syntax valid
verilator	test_regress/t/t_infinite_recursion.v	pass	must_accept	match	verilator: driver t_infinite_recursion.py expects success
verilator	test_regress/t/t_init_array_bad.v	pass	must_accept	match	verilator: driver t_init_array_bad.py fails=True but golden .out is a post-parse tool error (lint/elab/unsupported) - syntax valid
verilator	test_regress/t/t_init_concat.v	pass	must_accept	match	verilator: driver t_init_concat.py expects success
verilator	test_regress/t/t_initarray_nonarray.v	pass	must_accept	match	verilator: driver t_initarray_nonarray.py expects success
verilator	test_regress/t/t_initial.v	fail	must_accept	divergence:explained_svpp_include	verilator: driver t_initial.py expects success
verilator	test_regress/t/t_initial_assign_sformatf.v	pass	must_accept	match	verilator: driver t_initial_assign_sformatf.py expects success
verilator	test_regress/t/t_initial_delay_assign.v	fail	must_accept	divergence:explained_svpp_macro_use	verilator: driver t_initial_delay_assign.py expects success
verilator	test_regress/t/t_initial_dlyass.v	pass	must_accept	match	verilator: driver t_initial_dlyass.py expects success
verilator	test_regress/t/t_initial_edge.v	fail	must_accept	divergence:explained_svpp_conditional	verilator: driver t_initial_edge.py expects success
verilator	test_regress/t/t_initialstatic_circ.v	pass	must_accept	match	verilator: driver t_initialstatic_circ.py expects success
verilator	test_regress/t/t_inline_varxref_inlineddots.v	pass	must_accept	match	verilator: driver t_inline_varxref_inlineddots.py expects success
verilator	test_regress/t/t_inside.v	fail	must_accept	divergence:explained_svpp_macro_use	verilator: driver t_inside.py expects success
verilator	test_regress/t/t_inside2.v	pass	must_accept	match	verilator: driver t_inside2.py expects success
verilator	test_regress/t/t_inside3.v	pass	must_accept	match	verilator: driver t_inside3.py expects success
verilator	test_regress/t/t_inside_assoc_unsup.v	pass	must_accept	match	verilator: driver t_inside_assoc_unsup.py fails=True but golden .out is a post-parse tool error (lint/elab/unsupported) - syntax valid
verilator	test_regress/t/t_inside_dyn.v	pass	must_accept	match	verilator: driver t_inside_dyn.py expects success
verilator	test_regress/t/t_inside_extend.v	pass	must_accept	match	verilator: driver t_inside_extend.py expects success
verilator	test_regress/t/t_inside_impure_unsized.v	pass	must_accept	match	verilator: driver t_inside_impure_unsized.py expects success
verilator	test_regress/t/t_inside_nonint.v	pass	must_accept	match	verilator: driver t_inside_nonint.py expects success
verilator	test_regress/t/t_inside_queue_elem.v	fail	must_accept	divergence:explained_svpp_macro_use	verilator: driver t_inside_queue_elem.py expects success
verilator	test_regress/t/t_inside_tolerance_unsup.v	fail	must_accept	divergence:explained_svpp_macro_use	verilator: driver t_inside_tolerance_unsup.py fails=True but golden .out is a post-parse tool error (lint/elab/unsupported) - syntax valid
verilator	test_regress/t/t_inside_unbounded.v	fail	must_accept	divergence:explained_svpp_conditional	verilator: driver t_inside_unbounded.py expects success
verilator	test_regress/t/t_inside_unbounded_both.v	pass	must_accept	match	verilator: driver t_inside_unbounded_both.py expects success
verilator	test_regress/t/t_inside_unpacked.v	pass	must_accept	match	verilator: driver t_inside_unpacked.py expects success
verilator	test_regress/t/t_inside_unpacked_param.v	fail	must_accept	divergence:unexplained_rejects_valid	verilator: driver t_inside_unpacked_param.py fails=True but golden .out is a post-parse tool error (lint/elab/unsupported) - syntax valid
verilator	test_regress/t/t_inside_wild.v	fail	must_accept	divergence:explained_svpp_macro_use	verilator: driver t_inside_wild.py expects success
verilator	test_regress/t/t_inst_2star_bad.v	fail	must_accept	divergence:unexplained_rejects_valid	verilator: driver t_inst_2star_bad.py fails=True but golden .out is a post-parse tool error (lint/elab/unsupported) - syntax valid
verilator	test_regress/t/t_inst_array.v	fail	must_accept	divergence:explained_svpp_macro_use	verilator: driver t_inst_array_inl0.py expects success
verilator	test_regress/t/t_inst_array_bad.v	pass	must_accept	match	verilator: driver t_inst_array_bad.py fails=True but golden .out is a post-parse tool error (lint/elab/unsupported) - syntax valid
verilator	test_regress/t/t_inst_array_connect.v	fail	must_accept	divergence:explained_svpp_conditional	verilator: driver t_inst_array_connect.py expects success
verilator	test_regress/t/t_inst_array_partial.v	fail	must_accept	divergence:explained_svpp_macro_use	verilator: driver t_inst_array_partial.py expects success
verilator	test_regress/t/t_inst_array_slice.v	fail	must_accept	divergence:explained_svpp_macro_use	verilator: driver t_inst_array_slice.py expects success
verilator	test_regress/t/t_inst_array_struct.v	pass	must_accept	match	verilator: driver t_inst_array_struct.py expects success
verilator	test_regress/t/t_inst_ccall.v	fail	must_accept	divergence:explained_svpp_conditional	verilator: driver t_inst_ccall.py expects success
verilator	test_regress/t/t_inst_comma.v	fail	must_accept	divergence:explained_svpp_macro_use	verilator: driver t_inst_comma_inl0.py expects success
verilator	test_regress/t/t_inst_darray.v	pass	must_accept	match	verilator: driver t_inst_darray.py expects success
verilator	test_regress/t/t_inst_dearray_slice.v	pass	must_accept	match	verilator: driver t_inst_dearray_slice.py expects success
verilator	test_regress/t/t_inst_dff.v	fail	must_accept	divergence:explained_svpp_macro_use	verilator: driver t_inst_dff.py expects success
verilator	test_regress/t/t_inst_dtree.v	fail	must_accept	divergence:explained_svpp_conditional	verilator: driver t_inst_dtree_inla.py expects success
verilator	test_regress/t/t_inst_first.v	pass	must_accept	match	verilator: driver t_inst_first.py expects success
verilator	test_regress/t/t_inst_first_a.v	pass	chained_only	deferred:chained_only	verilator: no same-stem driver and never a top_filename - include/companion fragment
verilator	test_regress/t/t_inst_first_b.v	pass	chained_only	deferred:chained_only	verilator: no same-stem driver and never a top_filename - include/companion fragment
verilator	test_regress/t/t_inst_implicit.v	pass	must_accept	match	verilator: driver t_inst_implicit.py expects success
verilator	test_regress/t/t_inst_long_bad.v	pass	must_accept	match	verilator: driver t_inst_long_bad.py fails=True but golden .out is a post-parse tool error (lint/elab/unsupported) - syntax valid
verilator	test_regress/t/t_inst_misarray2_bad.v	pass	must_accept	match	verilator: driver t_inst_misarray2_bad.py fails=True but golden .out is a post-parse tool error (lint/elab/unsupported) - syntax valid
verilator	test_regress/t/t_inst_misarray_bad.v	pass	must_accept	match	verilator: driver t_inst_misarray_bad.py fails=True but golden .out is a post-parse tool error (lint/elab/unsupported) - syntax valid
verilator	test_regress/t/t_inst_mism.v	pass	must_accept	match	verilator: driver t_inst_mism.py expects success
verilator	test_regress/t/t_inst_missing.v	pass	must_accept	match	verilator: driver t_inst_missing.py expects success
verilator	test_regress/t/t_inst_missing_bad.v	pass	must_accept	match	verilator: driver t_inst_missing_bad.py fails=True but golden .out is a post-parse tool error (lint/elab/unsupported) - syntax valid
verilator	test_regress/t/t_inst_missing_dot_bad.v	pass	must_accept	match	verilator: driver t_inst_missing_dot_bad.py fails=True but golden .out is a post-parse tool error (lint/elab/unsupported) - syntax valid
verilator	test_regress/t/t_inst_mnpipe.v	pass	must_accept	match	verilator: driver t_inst_mnpipe.py expects success
verilator	test_regress/t/t_inst_name_long.v	pass	must_accept	match	verilator: driver t_inst_name_long.py expects success
verilator	test_regress/t/t_inst_nansi.v	pass	must_accept	match	verilator: driver t_inst_nansi.py expects success
verilator	test_regress/t/t_inst_nansi_dup_bad.v	pass	must_accept	match	verilator: driver t_inst_nansi_dup_bad.py fails=True but golden .out is a post-parse tool error (lint/elab/unsupported) - syntax valid
verilator	test_regress/t/t_inst_nansi_mism_bad.v	pass	must_accept	match	verilator: driver t_inst_nansi_mism_bad.py fails=True but golden .out is a post-parse tool error (lint/elab/unsupported) - syntax valid
verilator	test_regress/t/t_inst_nansi_param.v	pass	must_accept	match	verilator: driver t_inst_nansi_param.py expects success
verilator	test_regress/t/t_inst_noname_bad.v	fail	must_accept	divergence:unexplained_rejects_valid	verilator: driver t_inst_noname_bad.py fails=True but golden .out is a post-parse tool error (lint/elab/unsupported) - syntax valid
verilator	test_regress/t/t_inst_notunsized.v	fail	must_accept	divergence:explained_svpp_macro_use	verilator: driver t_inst_notunsized.py expects success
verilator	test_regress/t/t_inst_overwide.v	pass	must_accept	match	verilator: driver t_inst_overwide.py expects success
verilator	test_regress/t/t_inst_param_comma_bad.v	fail	must_reject	match	verilator: driver t_inst_param_comma_bad.py fails=True and golden .out reports a syntax error
verilator	test_regress/t/t_inst_param_override_bad.v	pass	must_accept	match	verilator: driver t_inst_param_override_bad.py fails=True but golden .out is a post-parse tool error (lint/elab/unsupported) - syntax valid
verilator	test_regress/t/t_inst_paren_bad.v	fail	must_accept	divergence:unexplained_rejects_valid	verilator: driver t_inst_paren_bad.py fails=True but golden .out is a post-parse tool error (lint/elab/unsupported) - syntax valid
verilator	test_regress/t/t_inst_pin_place_bad.v	pass	must_accept	match	verilator: driver t_inst_pin_place_bad.py fails=True but golden .out is a post-parse tool error (lint/elab/unsupported) - syntax valid
verilator	test_regress/t/t_inst_pin_realnreal.v	pass	must_accept	match	verilator: driver t_inst_pin_realnreal.py fails=True but golden .out is a post-parse tool error (lint/elab/unsupported) - syntax valid
verilator	test_regress/t/t_inst_port_array.v	pass	must_accept	match	verilator: driver t_inst_port_array.py expects success
verilator	test_regress/t/t_inst_port_complex_unsup.v	fail	must_accept	divergence:unexplained_rejects_valid	verilator: driver t_inst_port_complex_unsup.py fails=True but golden .out is a post-parse tool error (lint/elab/unsupported) - syntax valid
verilator	test_regress/t/t_inst_port_reverse.v	fail	must_accept	divergence:explained_svpp_macro_use	verilator: driver t_inst_port_reverse.py expects success
verilator	test_regress/t/t_inst_prepost.v	pass	must_accept	match	verilator: driver t_inst_prepost.py expects success
verilator	test_regress/t/t_inst_public.v	pass	must_accept	match	verilator: driver t_inst_public.py expects success
verilator	test_regress/t/t_inst_recurse2_bad.v	pass	must_accept	match	verilator: driver t_inst_recurse2_bad.py fails=True but golden .out is a post-parse tool error (lint/elab/unsupported) - syntax valid
verilator	test_regress/t/t_inst_recurse_bad.v	pass	must_accept	match	verilator: driver t_inst_recurse_bad.py fails=True but golden .out is a post-parse tool error (lint/elab/unsupported) - syntax valid
verilator	test_regress/t/t_inst_signed.v	fail	must_accept	divergence:explained_svpp_conditional	verilator: driver t_inst_signed.py expects success
verilator	test_regress/t/t_inst_signed1.v	pass	must_accept	match	verilator: driver t_inst_signed1.py expects success
verilator	test_regress/t/t_inst_slice.v	fail	must_accept	divergence:explained_svpp_macro_use	verilator: driver t_inst_slice.py expects success
verilator	test_regress/t/t_inst_slice_part_select.v	pass	must_accept	match	verilator: driver t_inst_slice_part_select.py expects success
verilator	test_regress/t/t_inst_sv.v	fail	must_accept	divergence:unexplained_rejects_valid	verilator: driver t_inst_sv.py expects success
verilator	test_regress/t/t_inst_tree.v	pass	must_accept	match	verilator: driver t_inst_tree_inl0_pub0.py expects success
verilator	test_regress/t/t_inst_v2k.v	fail	must_accept	divergence:explained_svpp_conditional	verilator: driver t_inst_v2k.py expects success
verilator	test_regress/t/t_inst_wideconst.v	pass	must_accept	match	verilator: driver t_inst_wideconst.py expects success
verilator	test_regress/t/t_interconnect.v	pass	must_accept	match	verilator: driver t_interconnect.py fails=True but golden .out is a post-parse tool error (lint/elab/unsupported) - syntax valid
verilator	test_regress/t/t_interconnect_bad.v	pass	must_accept	match	verilator: driver t_interconnect_bad.py fails=True but golden .out is a post-parse tool error (lint/elab/unsupported) - syntax valid
verilator	test_regress/t/t_interface.v	pass	must_accept	match	verilator: driver t_interface.py expects success
verilator	test_regress/t/t_interface1.v	pass	must_accept	match	verilator: driver t_interface1.py expects success
verilator	test_regress/t/t_interface1_modport.v	fail	must_accept	divergence:explained_svpp_conditional	verilator: driver t_interface1_modport.py expects success
verilator	test_regress/t/t_interface2.v	fail	must_accept	divergence:explained_svpp_conditional	verilator: driver t_interface2.py expects success
verilator	test_regress/t/t_interface_and_struct_pattern.v	fail	must_accept	divergence:unexplained_rejects_valid	verilator: driver t_interface_and_struct_pattern.py expects success
verilator	test_regress/t/t_interface_ar2a.v	pass	must_accept	match	verilator: driver t_interface_ar2a.py expects success
verilator	test_regress/t/t_interface_ar2b.v	pass	must_accept	match	verilator: driver t_interface_ar2b.py expects success
verilator	test_regress/t/t_interface_ar3.v	pass	must_accept	match	verilator: driver t_interface_ar3.py fails=True but golden .out is a post-parse tool error (lint/elab/unsupported) - syntax valid
verilator	test_regress/t/t_interface_array.v	pass	must_accept	match	verilator: driver t_interface_array.py expects success
verilator	test_regress/t/t_interface_array2.v	pass	must_accept	match	verilator: driver t_interface_array2.py expects success
verilator	test_regress/t/t_interface_array3.v	pass	must_accept	match	verilator: driver t_interface_array3.py expects success
verilator	test_regress/t/t_interface_array4.v	pass	must_accept	match	verilator: driver t_interface_array4.py expects success
verilator	test_regress/t/t_interface_array_bad.v	pass	must_accept	match	verilator: driver t_interface_array_bad.py fails=True but golden .out is a post-parse tool error (lint/elab/unsupported) - syntax valid
verilator	test_regress/t/t_interface_array_class_new.v	fail	must_accept	divergence:explained_svpp_macro_use	verilator: driver t_interface_array_class_new.py expects success
verilator	test_regress/t/t_interface_array_loop.v	pass	must_accept	match	verilator: driver t_interface_array_loop.py fails=True but golden .out is a post-parse tool error (lint/elab/unsupported) - syntax valid
verilator	test_regress/t/t_interface_array_loop_bad.v	pass	must_accept	match	verilator: driver t_interface_array_loop_bad.py fails=True but golden .out is a post-parse tool error (lint/elab/unsupported) - syntax valid
verilator	test_regress/t/t_interface_array_modport.v	pass	must_accept	match	verilator: driver t_interface_array_modport.py expects success
verilator	test_regress/t/t_interface_array_nocolon.v	pass	must_accept	match	verilator: driver t_interface_array_nocolon.py expects success
verilator	test_regress/t/t_interface_array_nocolon_bad.v	pass	must_accept	match	verilator: driver t_interface_array_nocolon_bad.py fails=True but golden .out is a post-parse tool error (lint/elab/unsupported) - syntax valid
verilator	test_regress/t/t_interface_array_parameter_access.v	fail	must_accept	divergence:unexplained_rejects_valid	verilator: driver t_interface_array_parameter_access.py expects success
verilator	test_regress/t/t_interface_array_parameter_aggregate.v	fail	must_accept	divergence:unexplained_rejects_valid	verilator: driver t_interface_array_parameter_aggregate.py expects success
verilator	test_regress/t/t_interface_arraymux.v	pass	must_accept	match	verilator: driver t_interface_arraymux.py expects success
verilator	test_regress/t/t_interface_asvar_bad.v	pass	must_accept	match	verilator: driver t_interface_asvar_bad.py fails=True but golden .out is a post-parse tool error (lint/elab/unsupported) - syntax valid
verilator	test_regress/t/t_interface_bind_public.v	pass	must_accept	match	verilator: driver t_interface_bind_public.py expects success
verilator	test_regress/t/t_interface_colon_bad.v	pass	must_accept	match	verilator: driver t_interface_colon_bad.py fails=True but golden .out is a post-parse tool error (lint/elab/unsupported) - syntax valid
verilator	test_regress/t/t_interface_dearray.v	pass	must_accept	match	verilator: driver t_interface_dearray.py expects success
verilator	test_regress/t/t_interface_dearray_bad.v	pass	must_accept	match	verilator: driver t_interface_dearray_bad.py fails=True but golden .out is a post-parse tool error (lint/elab/unsupported) - syntax valid
verilator	test_regress/t/t_interface_derived_type.v	fail	must_accept	divergence:explained_svpp_conditional	verilator: driver t_interface_derived_type.py expects success
verilator	test_regress/t/t_interface_down.v	fail	must_accept	divergence:explained_svpp_conditional	verilator: driver t_interface_down.py expects success
verilator	test_regress/t/t_interface_dups.v	fail	must_accept	divergence:explained_svpp_macro_use	verilator: driver t_interface_dups.py expects success
verilator	test_regress/t/t_interface_find.v	pass	must_accept	match	verilator: driver t_interface_find.py expects success
verilator	test_regress/t/t_interface_find_ifc.v	pass	chained_only	deferred:chained_only	verilator: no same-stem driver and never a top_filename - include/companion fragment
verilator	test_regress/t/t_interface_func_impure_bad.v	pass	must_accept	match	verilator: driver t_interface_func_impure_bad.py fails=True but golden .out is a post-parse tool error (lint/elab/unsupported) - syntax valid
verilator	test_regress/t/t_interface_func_no_paren.v	pass	must_accept	match	verilator: driver t_interface_func_no_paren.py expects success
verilator	test_regress/t/t_interface_gen.v	pass	must_accept	match	verilator: driver t_interface_gen.py expects success
verilator	test_regress/t/t_interface_gen10.v	fail	must_accept	divergence:unexplained_rejects_valid	verilator: driver t_interface_gen10.py expects success
verilator	test_regress/t/t_interface_gen11.v	fail	must_accept	divergence:unexplained_rejects_valid	verilator: driver t_interface_gen11.py expects success
verilator	test_regress/t/t_interface_gen12.v	pass	must_accept	match	verilator: driver t_interface_gen12.py expects success
verilator	test_regress/t/t_interface_gen13.v	fail	must_accept	divergence:unexplained_rejects_valid	verilator: driver t_interface_gen13.py expects success
verilator	test_regress/t/t_interface_gen14.v	fail	must_accept	divergence:explained_svpp_macro_use	verilator: driver t_interface_gen14.py expects success
verilator	test_regress/t/t_interface_gen2.v	fail	must_accept	divergence:explained_svpp_conditional	verilator: driver t_interface_gen2.py expects success
verilator	test_regress/t/t_interface_gen3.v	fail	must_accept	divergence:explained_svpp_conditional	verilator: driver t_interface_gen3.py expects success
verilator	test_regress/t/t_interface_gen4.v	pass	must_accept	match	verilator: driver t_interface_gen4.py expects success
verilator	test_regress/t/t_interface_gen5.v	fail	must_accept	divergence:unexplained_rejects_valid	verilator: driver t_interface_gen5.py expects success
verilator	test_regress/t/t_interface_gen6.v	fail	must_accept	divergence:unexplained_rejects_valid	verilator: driver t_interface_gen6.py expects success
verilator	test_regress/t/t_interface_gen7.v	fail	must_accept	divergence:unexplained_rejects_valid	verilator: driver t_interface_gen7.py expects success
verilator	test_regress/t/t_interface_gen8.v	pass	must_accept	match	verilator: driver t_interface_gen8.py expects success
verilator	test_regress/t/t_interface_gen9.v	pass	must_accept	match	verilator: driver t_interface_gen9.py expects success
verilator	test_regress/t/t_interface_generic.v	pass	must_accept	match	verilator: driver t_interface_generic.py expects success
verilator	test_regress/t/t_interface_generic2.v	pass	must_accept	match	verilator: driver t_interface_generic2.py expects success
verilator	test_regress/t/t_interface_generic_array.v	pass	must_accept	match	verilator: driver t_interface_generic_array.py expects success
verilator	test_regress/t/t_interface_generic_array2.v	pass	must_accept	match	verilator: driver t_interface_generic_array2.py expects success
verilator	test_regress/t/t_interface_generic_bad.v	pass	must_accept	match	verilator: driver t_interface_generic_bad.py fails=True but golden .out is a post-parse tool error (lint/elab/unsupported) - syntax valid
verilator	test_regress/t/t_interface_generic_bad2.v	pass	must_accept	match	verilator: driver t_interface_generic_bad2.py fails=True but golden .out is a post-parse tool error (lint/elab/unsupported) - syntax valid
verilator	test_regress/t/t_interface_generic_bad3.v	pass	must_accept	match	verilator: driver t_interface_generic_bad3.py fails=True but golden .out is a post-parse tool error (lint/elab/unsupported) - syntax valid
verilator	test_regress/t/t_interface_generic_bad4.v	pass	must_accept	match	verilator: driver t_interface_generic_bad4.py fails=True but golden .out is a post-parse tool error (lint/elab/unsupported) - syntax valid
verilator	test_regress/t/t_interface_generic_function.v	pass	must_accept	match	verilator: driver t_interface_generic_function.py expects success
verilator	test_regress/t/t_interface_generic_function_bad.v	pass	must_accept	match	verilator: driver t_interface_generic_function_bad.py fails=True but golden .out is a post-parse tool error (lint/elab/unsupported) - syntax valid
verilator	test_regress/t/t_interface_generic_iface_forward.v	fail	must_accept	divergence:explained_svpp_macro_use	verilator: driver t_interface_generic_iface_forward.py expects success
verilator	test_regress/t/t_interface_generic_iface_param.v	pass	must_accept	match	verilator: driver t_interface_generic_iface_param.py expects success
verilator	test_regress/t/t_interface_generic_mod_param.v	pass	must_accept	match	verilator: driver t_interface_generic_mod_param.py expects success
verilator	test_regress/t/t_interface_generic_modport.v	pass	must_accept	match	verilator: driver t_interface_generic_modport.py expects success
verilator	test_regress/t/t_interface_generic_modport2.v	pass	must_accept	match	verilator: driver t_interface_generic_modport2.py expects success
verilator	test_regress/t/t_interface_generic_modport_bad.v	pass	must_accept	match	verilator: driver t_interface_generic_modport_bad.py fails=True but golden .out is a post-parse tool error (lint/elab/unsupported) - syntax valid
verilator	test_regress/t/t_interface_generic_modport_bad2.v	pass	must_accept	match	verilator: driver t_interface_generic_modport_bad2.py fails=True but golden .out is a post-parse tool error (lint/elab/unsupported) - syntax valid
verilator	test_regress/t/t_interface_generic_modport_bad3.v	pass	must_accept	match	verilator: driver t_interface_generic_modport_bad3.py fails=True but golden .out is a post-parse tool error (lint/elab/unsupported) - syntax valid
verilator	test_regress/t/t_interface_generic_modport_function.v	pass	must_accept	match	verilator: driver t_interface_generic_modport_function.py expects success
verilator	test_regress/t/t_interface_generic_modport_function2.v	pass	must_accept	match	verilator: driver t_interface_generic_modport_function2.py expects success
verilator	test_regress/t/t_interface_generic_modport_function_bad.v	pass	must_accept	match	verilator: driver t_interface_generic_modport_function_bad.py fails=True but golden .out is a post-parse tool error (lint/elab/unsupported) - syntax valid
verilator	test_regress/t/t_interface_generic_modport_param.v	pass	must_accept	match	verilator: driver t_interface_generic_modport_param.py expects success
verilator	test_regress/t/t_interface_generic_modport_task.v	pass	must_accept	match	verilator: driver t_interface_generic_modport_task.py expects success
verilator	test_regress/t/t_interface_generic_modport_task2.v	pass	must_accept	match	verilator: driver t_interface_generic_modport_task2.py expects success
verilator	test_regress/t/t_interface_generic_modport_task_bad.v	pass	must_accept	match	verilator: driver t_interface_generic_modport_task_bad.py fails=True but golden .out is a post-parse tool error (lint/elab/unsupported) - syntax valid
verilator	test_regress/t/t_interface_generic_normal.v	pass	must_accept	match	verilator: driver t_interface_generic_normal.py expects success
verilator	test_regress/t/t_interface_generic_positional.v	pass	must_accept	match	verilator: driver t_interface_generic_positional.py expects success
verilator	test_regress/t/t_interface_generic_submod_param.v	pass	must_accept	match	verilator: driver t_interface_generic_submod_param.py expects success
verilator	test_regress/t/t_interface_generic_task.v	pass	must_accept	match	verilator: driver t_interface_generic_task.py expects success
verilator	test_regress/t/t_interface_generic_task2.v	pass	must_accept	match	verilator: driver t_interface_generic_task2.py expects success
verilator	test_regress/t/t_interface_generic_task_bad.v	pass	must_accept	match	verilator: driver t_interface_generic_task_bad.py fails=True but golden .out is a post-parse tool error (lint/elab/unsupported) - syntax valid
verilator	test_regress/t/t_interface_hidden.v	pass	must_accept	match	verilator: driver t_interface_hidden.py expects success
verilator	test_regress/t/t_interface_hierparam_bits.v	fail	must_accept	divergence:explained_svpp_macro_use	verilator: driver t_interface_hierparam_bits.py expects success
verilator	test_regress/t/t_interface_import_param.v	fail	must_accept	divergence:unexplained_rejects_valid	verilator: driver t_interface_import_param.py expects success
verilator	test_regress/t/t_interface_initial.v	pass	must_accept	match	verilator: driver t_interface_initial.py expects success
verilator	test_regress/t/t_interface_input_port_assign.v	fail	must_accept	divergence:explained_svpp_macro_use	verilator: driver t_interface_input_port_assign.py expects success
verilator	test_regress/t/t_interface_input_port_assign_bad.v	pass	must_accept	match	verilator: driver t_interface_input_port_assign_bad.py fails=True but golden .out is a post-parse tool error (lint/elab/unsupported) - syntax valid
verilator	test_regress/t/t_interface_localparam.v	pass	must_accept	match	verilator: driver t_interface_localparam.py expects success
verilator	test_regress/t/t_interface_mismodport_bad.v	pass	must_accept	match	verilator: driver t_interface_mismodport_bad.py fails=True but golden .out is a post-parse tool error (lint/elab/unsupported) - syntax valid
verilator	test_regress/t/t_interface_missing_bad.v	pass	must_accept	match	verilator: driver t_interface_missing_bad.py fails=True but golden .out is a post-parse tool error (lint/elab/unsupported) - syntax valid
verilator	test_regress/t/t_interface_modport.v	fail	must_accept	divergence:explained_svpp_conditional	verilator: driver t_interface_modport.py expects success
verilator	test_regress/t/t_interface_modport_bad.v	pass	must_accept	match	verilator: driver t_interface_modport_bad.py fails=True but golden .out is a post-parse tool error (lint/elab/unsupported) - syntax valid
verilator	test_regress/t/t_interface_modport_dir_bad.v	fail	must_accept	divergence:unexplained_rejects_valid	verilator: driver t_interface_modport_dir_bad.py fails=True but golden .out is a post-parse tool error (lint/elab/unsupported) - syntax valid
verilator	test_regress/t/t_interface_modport_export.v	fail	must_accept	divergence:unexplained_rejects_valid	verilator: driver t_interface_modport_export.py fails=True but golden .out is a post-parse tool error (lint/elab/unsupported) - syntax valid
verilator	test_regress/t/t_interface_modport_expr.v	fail	must_accept	divergence:explained_svpp_macro_use	verilator: driver t_interface_modport_expr.py expects success
verilator	test_regress/t/t_interface_modport_expr_array.v	fail	must_accept	divergence:explained_svpp_macro_use	verilator: driver t_interface_modport_expr_array.py fails=True but golden .out is a post-parse tool error (lint/elab/unsupported) - syntax valid
verilator	test_regress/t/t_interface_modport_expr_bad.v	pass	must_accept	match	verilator: driver t_interface_modport_expr_bad.py fails=True but golden .out is a post-parse tool error (lint/elab/unsupported) - syntax valid
verilator	test_regress/t/t_interface_modport_expr_hier.v	fail	must_accept	divergence:explained_svpp_macro_use	verilator: driver t_interface_modport_expr_hier.py expects success
verilator	test_regress/t/t_interface_modport_expr_nested.v	fail	must_accept	divergence:explained_svpp_macro_use	verilator: driver t_interface_modport_expr_nested.py expects success
verilator	test_regress/t/t_interface_modport_expr_partsel.v	fail	must_accept	divergence:explained_svpp_macro_use	verilator: driver t_interface_modport_expr_partsel.py fails=True but golden .out is a post-parse tool error (lint/elab/unsupported) - syntax valid
verilator	test_regress/t/t_interface_modport_hier.v	pass	must_accept	match	verilator: driver t_interface_modport_hier.py expects success
verilator	test_regress/t/t_interface_modport_import.v	pass	must_accept	match	verilator: driver t_interface_modport_import.py expects success
verilator	test_regress/t/t_interface_modport_import_export_list.v	pass	must_accept	match	verilator: driver t_interface_modport_import_export_list.py expects success
verilator	test_regress/t/t_interface_modport_param.v	fail	must_accept	divergence:explained_svpp_macro_use	verilator: driver t_interface_modport_param.py expects success
verilator	test_regress/t/t_interface_modportlist.v	fail	must_accept	divergence:unexplained_rejects_valid	verilator: driver t_interface_modportlist.py expects success
verilator	test_regress/t/t_interface_mp_func.v	pass	must_accept	match	verilator: driver t_interface_mp_func.py expects success
verilator	test_regress/t/t_interface_nansi.v	pass	must_accept	match	verilator: driver t_interface_nansi.py expects success
verilator	test_regress/t/t_interface_ndup_member.v	pass	must_accept	match	verilator: driver t_interface_ndup_member.py expects success
verilator	test_regress/t/t_interface_nest.v	pass	must_accept	match	verilator: driver t_interface_nest.py expects success
verilator	test_regress/t/t_interface_nested_port.v	pass	must_accept	match	verilator: driver t_interface_nested_port.py expects success
verilator	test_regress/t/t_interface_nested_port_array.v	fail	must_accept	divergence:unexplained_rejects_valid	verilator: driver t_interface_nested_port_array.py fails=True but golden .out is a post-parse tool error (lint/elab/unsupported) - syntax valid
verilator	test_regress/t/t_interface_nested_port_type.v	pass	must_accept	match	verilator: driver t_interface_nested_port_type.py expects success
verilator	test_regress/t/t_interface_nested_struct_param.v	pass	must_accept	match	verilator: driver t_interface_nested_struct_param.py expects success
verilator	test_regress/t/t_interface_notpublic.v	fail	must_accept	divergence:unexplained_rejects_valid	verilator: driver t_interface_notpublic.py expects success
verilator	test_regress/t/t_interface_param1.v	pass	must_accept	match	verilator: driver t_interface_param1.py expects success
verilator	test_regress/t/t_interface_param2.v	fail	must_accept	divergence:unexplained_rejects_valid	verilator: driver t_interface_param2.py expects success
verilator	test_regress/t/t_interface_param_another_bad.v	pass	must_accept	match	verilator: driver t_interface_param_another_bad.py fails=True but golden .out is a post-parse tool error (lint/elab/unsupported) - syntax valid
verilator	test_regress/t/t_interface_param_class_bits.v	pass	must_accept	match	verilator: driver t_interface_param_class_bits.py expects success
verilator	test_regress/t/t_interface_param_dependency.v	fail	must_accept	divergence:explained_svpp_macro_use	verilator: driver t_interface_param_dependency.py expects success
verilator	test_regress/t/t_interface_param_genblk.v	pass	must_accept	match	verilator: driver t_interface_param_genblk.py expects success
verilator	test_regress/t/t_interface_param_local_access.v	pass	must_accept	match	verilator: driver t_interface_param_local_access.py expects success
verilator	test_regress/t/t_interface_parameter_access.v	pass	must_accept	match	verilator: driver t_interface_parameter_access.py expects success
verilator	test_regress/t/t_interface_paren_missing_bad.v	fail	must_accept	divergence:unexplained_rejects_valid	verilator: driver t_interface_paren_missing_bad.py fails=True but golden .out is a post-parse tool error (lint/elab/unsupported) - syntax valid
verilator	test_regress/t/t_interface_parent_scope.v	pass	must_accept	match	verilator: driver t_interface_parent_scope.py expects success
verilator	test_regress/t/t_interface_size_bad.v	pass	must_accept	match	verilator: driver t_interface_size_bad.py fails=True but golden .out is a post-parse tool error (lint/elab/unsupported) - syntax valid
verilator	test_regress/t/t_interface_star.v	pass	must_accept	match	verilator: driver t_interface_star.py expects success
verilator	test_regress/t/t_interface_top_bad.v	pass	must_accept	match	verilator: driver t_interface_top_bad.py fails=True but golden .out is a post-parse tool error (lint/elab/unsupported) - syntax valid
verilator	test_regress/t/t_interface_tristate_hier.v	fail	must_accept	divergence:explained_svpp_macro_use	verilator: driver t_interface_tristate_hier.py expects success
verilator	test_regress/t/t_interface_twod.v	pass	must_accept	match	verilator: driver t_interface_twod.py expects success
verilator	test_regress/t/t_interface_twoports.v	pass	must_accept	match	verilator: driver t_interface_twoports.py expects success
verilator	test_regress/t/t_interface_type_ref_internal.v	pass	must_accept	match	verilator: driver t_interface_type_ref_internal.py expects success
verilator	test_regress/t/t_interface_typedef.v	fail	must_accept	divergence:explained_svpp_macro_use	verilator: driver t_interface_typedef.py expects success
verilator	test_regress/t/t_interface_typedef2.v	pass	must_accept	match	verilator: driver t_interface_typedef2.py expects success
verilator	test_regress/t/t_interface_typedef3.v	fail	must_accept	divergence:explained_svpp_macro_use	verilator: driver t_interface_typedef3.py fails=True but golden .out is a post-parse tool error (lint/elab/unsupported) - syntax valid
verilator	test_regress/t/t_interface_typedef_bad.v	pass	must_accept	match	verilator: driver t_interface_typedef_bad.py fails=True but golden .out is a post-parse tool error (lint/elab/unsupported) - syntax valid
verilator	test_regress/t/t_interface_typo_bad.v	pass	must_accept	match	verilator: driver t_interface_typo_bad.py fails=True but golden .out is a post-parse tool error (lint/elab/unsupported) - syntax valid
verilator	test_regress/t/t_interface_update.v	pass	must_accept	match	verilator: driver t_interface_update.py expects success
verilator	test_regress/t/t_interface_virtual.v	pass	must_accept	match	verilator: driver t_interface_virtual.py expects success
verilator	test_regress/t/t_interface_virtual_bad.v	pass	must_accept	match	verilator: driver t_interface_virtual_bad.py fails=True but golden .out is a post-parse tool error (lint/elab/unsupported) - syntax valid
verilator	test_regress/t/t_interface_virtual_cond.v	pass	must_accept	match	verilator: driver t_interface_virtual_cond.py expects success
verilator	test_regress/t/t_interface_virtual_controlflow.v	pass	must_accept	match	verilator: driver t_interface_virtual_controlflow.py expects success
verilator	test_regress/t/t_interface_virtual_do_while.v	pass	must_accept	match	verilator: driver t_interface_virtual_do_while.py expects success
verilator	test_regress/t/t_interface_virtual_for.v	pass	must_accept	match	verilator: driver t_interface_virtual_for.py expects success
verilator	test_regress/t/t_interface_virtual_func_module_call.v	pass	must_accept	match	verilator: driver t_interface_virtual_func_module_call.py expects success
verilator	test_regress/t/t_interface_virtual_func_runtime_instance.v	pass	must_accept	match	verilator: driver t_interface_virtual_func_runtime_instance.py expects success
verilator	test_regress/t/t_interface_virtual_func_static_direct.v	pass	must_accept	match	verilator: driver t_interface_virtual_func_static_direct.py expects success
verilator	test_regress/t/t_interface_virtual_func_wait.v	pass	must_accept	match	verilator: driver t_interface_virtual_func_wait.py expects success
verilator	test_regress/t/t_interface_virtual_if.v	pass	must_accept	match	verilator: driver t_interface_virtual_if.py expects success
verilator	test_regress/t/t_interface_virtual_missing_bad.v	pass	must_accept	match	verilator: driver t_interface_virtual_missing_bad.py fails=True but golden .out is a post-parse tool error (lint/elab/unsupported) - syntax valid
verilator	test_regress/t/t_interface_virtual_modport_sel.v	fail	must_accept	divergence:explained_svpp_macro_use	verilator: driver t_interface_virtual_modport_sel.py expects success
verilator	test_regress/t/t_interface_virtual_nocell.v	pass	must_accept	match	verilator: driver t_interface_virtual_nocell.py expects success
verilator	test_regress/t/t_interface_virtual_opt.v	pass	must_accept	match	verilator: driver t_interface_virtual_opt.py expects success
verilator	test_regress/t/t_interface_virtual_param.v	pass	must_accept	match	verilator: driver t_interface_virtual_param.py expects success
verilator	test_regress/t/t_interface_virtual_sched_act.v	pass	must_accept	match	verilator: driver t_interface_virtual_sched_act.py expects success
verilator	test_regress/t/t_interface_virtual_sched_ico.v	pass	must_accept	match	verilator: driver t_interface_virtual_sched_ico.py expects success
verilator	test_regress/t/t_interface_virtual_sched_nba.v	pass	must_accept	match	verilator: driver t_interface_virtual_sched_nba.py expects success
verilator	test_regress/t/t_interface_virtual_sub_iface.v	fail	must_accept	divergence:explained_svpp_macro_use	verilator: driver t_interface_virtual_sub_iface.py expects success
verilator	test_regress/t/t_interface_virtual_timing.v	pass	must_accept	match	verilator: driver t_interface_virtual_timing.py expects success
verilator	test_regress/t/t_interface_virtual_unused.v	pass	must_accept	match	verilator: driver t_interface_virtual_unused.py expects success
verilator	test_regress/t/t_interface_virtual_unused2.v	pass	must_accept	match	verilator: driver t_interface_virtual_unused2.py expects success
verilator	test_regress/t/t_interface_virtual_unused3.v	pass	must_accept	match	verilator: driver t_interface_virtual_unused3.py expects success
verilator	test_regress/t/t_interface_virtual_while.v	pass	must_accept	match	verilator: driver t_interface_virtual_while.py expects success
verilator	test_regress/t/t_interface_wire_bad.v	pass	must_accept	match	verilator: driver t_interface_wire_bad.py fails=True but golden .out is a post-parse tool error (lint/elab/unsupported) - syntax valid
verilator	test_regress/t/t_interface_wire_bad_param.v	pass	must_accept	match	verilator: driver t_interface_wire_bad_param.py fails=True but golden .out is a post-parse tool error (lint/elab/unsupported) - syntax valid
verilator	test_regress/t/t_interface_wrong_bad.v	pass	must_accept	match	verilator: driver t_interface_wrong_bad.py fails=True but golden .out is a post-parse tool error (lint/elab/unsupported) - syntax valid
verilator	test_regress/t/t_json_only_begin_hier.v	pass	must_accept	match	verilator: driver t_json_only_begin_hier.py expects success
verilator	test_regress/t/t_json_only_first.v	pass	must_accept	match	verilator: driver t_json_only_first.py expects success
verilator	test_regress/t/t_json_only_flat_no_inline_mod.v	pass	must_accept	match	verilator: driver t_json_only_flat_no_inline_mod.py expects success
verilator	test_regress/t/t_json_only_flat_pub_mod.v	pass	must_accept	match	verilator: driver t_json_only_flat_pub_mod.py expects success
verilator	test_regress/t/t_json_only_flat_vlvbound.v	pass	must_accept	match	verilator: driver t_json_only_flat_vlvbound.py expects success
verilator	test_regress/t/t_json_only_output.v	pass	must_accept	match	verilator: driver t_json_only_output.py expects success
verilator	test_regress/t/t_json_only_primary_io.v	pass	must_accept	match	verilator: driver t_json_only_primary_io.py expects success
verilator	test_regress/t/t_json_only_tag.v	pass	must_accept	match	verilator: driver t_json_only_tag.py expects success
verilator	test_regress/t/t_jumps_uninit_destructor_call.v	pass	must_accept	match	verilator: driver t_jumps_uninit_destructor_call.py expects success
verilator	test_regress/t/t_langext_1.v	pass	must_accept	match	verilator: driver t_langext_1.py expects success
verilator	test_regress/t/t_langext_2.v	fail	must_accept	divergence:unexplained_rejects_valid	verilator: driver t_langext_2.py expects success
verilator	test_regress/t/t_langext_3.v	pass	must_accept	match	verilator: driver t_langext_3.py expects success
verilator	test_regress/t/t_langext_order.v	fail	must_accept	divergence:unexplained_rejects_valid	verilator: driver t_langext_order.py expects success
verilator	test_regress/t/t_langext_order_sub.v	fail	chained_only	deferred:chained_only	verilator: no same-stem driver and never a top_filename - include/companion fragment
verilator	test_regress/t/t_leak.v	pass	must_accept	match	verilator: driver t_leak.py expects success
verilator	test_regress/t/t_let.v	pass	must_accept	match	verilator: driver t_let.py expects success
verilator	test_regress/t/t_let_arg_bad.v	pass	must_accept	match	verilator: driver t_let_arg_bad.py fails=True but golden .out is a post-parse tool error (lint/elab/unsupported) - syntax valid
verilator	test_regress/t/t_let_recurse_bad.v	pass	must_accept	match	verilator: driver t_let_recurse_bad.py fails=True but golden .out is a post-parse tool error (lint/elab/unsupported) - syntax valid
verilator	test_regress/t/t_let_stmt_bad.v	pass	must_accept	match	verilator: driver t_let_stmt_bad.py fails=True but golden .out is a post-parse tool error (lint/elab/unsupported) - syntax valid
verilator	test_regress/t/t_let_unsup.v	pass	must_accept	match	verilator: driver t_let_unsup.py fails=True but golden .out is a post-parse tool error (lint/elab/unsupported) - syntax valid
verilator	test_regress/t/t_lib_clk_vec.v	pass	must_accept	match	verilator: driver t_lib_clk_vec.py expects success
verilator	test_regress/t/t_lib_prot.v	fail	must_accept	divergence:explained_svpp_macro_use	verilator: driver t_lib_prot.py expects success
verilator	test_regress/t/t_lib_prot_comb.v	fail	must_accept	divergence:explained_svpp_macro_use	verilator: driver t_lib_prot_comb.py expects success
verilator	test_regress/t/t_lib_prot_delay_bad.v	pass	must_accept	match	verilator: driver t_lib_prot_delay_bad.py fails=True but golden .out is a post-parse tool error (lint/elab/unsupported) - syntax valid
verilator	test_regress/t/t_lib_prot_inout_bad.v	pass	must_accept	match	verilator: driver t_lib_prot_inout_bad.py fails=True but golden .out is a post-parse tool error (lint/elab/unsupported) - syntax valid
verilator	test_regress/t/t_lib_prot_secret.v	pass	must_accept	match	verilator: driver t_lib_prot_secret.py expects success
verilator	test_regress/t/t_lint_always_comb_automatic.v	pass	must_accept	match	verilator: driver t_lint_always_comb_automatic.py expects success
verilator	test_regress/t/t_lint_always_comb_bad.v	pass	must_accept	match	verilator: driver t_lint_always_comb_bad.py fails=True but golden .out is a post-parse tool error (lint/elab/unsupported) - syntax valid
verilator	test_regress/t/t_lint_always_comb_iface.v	pass	must_accept	match	verilator: driver t_lint_always_comb_iface.py expects success
verilator	test_regress/t/t_lint_always_comb_multidriven_bad.v	pass	must_accept	match	verilator: driver t_lint_always_comb_multidriven_bad.py fails=True but golden .out is a post-parse tool error (lint/elab/unsupported) - syntax valid
verilator	test_regress/t/t_lint_always_comb_order_bad.v	pass	must_accept	match	verilator: driver t_lint_always_comb_order_bad.py fails=True but golden .out is a post-parse tool error (lint/elab/unsupported) - syntax valid
verilator	test_regress/t/t_lint_always_ff_multidriven_bad.v	pass	must_accept	match	verilator: driver t_lint_always_ff_multidriven_bad.py fails=True but golden .out is a post-parse tool error (lint/elab/unsupported) - syntax valid
verilator	test_regress/t/t_lint_always_ff_multidriven_genif.v	pass	must_accept	match	verilator: driver t_lint_always_ff_multidriven_genif.py expects success
verilator	test_regress/t/t_lint_assigneqexpr.v	pass	must_accept	match	verilator: driver t_lint_assigneqexpr.py expects success
verilator	test_regress/t/t_lint_badvltpragma_bad.v	pass	must_accept	match	verilator: driver t_lint_badvltpragma_bad.py fails=True but golden .out is a post-parse tool error (lint/elab/unsupported) - syntax valid
verilator	test_regress/t/t_lint_blkseq_bad.v	pass	must_accept	match	verilator: driver t_lint_blkseq_bad.py fails=True but golden .out is a post-parse tool error (lint/elab/unsupported) - syntax valid
verilator	test_regress/t/t_lint_blkseq_loop.v	pass	must_accept	match	verilator: driver t_lint_blkseq_loop.py expects success
verilator	test_regress/t/t_lint_blkseq_noedge.v	pass	must_accept	match	verilator: driver t_lint_blkseq_noedge.py expects success
verilator	test_regress/t/t_lint_block_redecl_bad.v	pass	must_accept	match	verilator: driver t_lint_block_redecl_bad.py fails=True but golden .out is a post-parse tool error (lint/elab/unsupported) - syntax valid
verilator	test_regress/t/t_lint_bsspace_bad.v	fail	must_reject	match	verilator: driver t_lint_bsspace_bad.py fails=True and golden .out reports a syntax error
verilator	test_regress/t/t_lint_caseincomplete_bad.v	fail	must_accept	divergence:unexplained_rejects_valid	verilator: driver t_lint_caseincomplete_bad.py fails=True but golden .out is a post-parse tool error (lint/elab/unsupported) - syntax valid
verilator	test_regress/t/t_lint_cmpconst_bad.v	pass	must_accept	match	verilator: driver t_lint_cmpconst_bad.py fails=True but golden .out is a post-parse tool error (lint/elab/unsupported) - syntax valid
verilator	test_regress/t/t_lint_colonplus_bad.v	fail	must_accept	divergence:unexplained_rejects_valid	verilator: driver t_lint_colonplus_bad.py fails=True but golden .out is a post-parse tool error (lint/elab/unsupported) - syntax valid
verilator	test_regress/t/t_lint_comb_bad.v	pass	must_accept	match	verilator: driver t_lint_comb_bad.py fails=True but golden .out is a post-parse tool error (lint/elab/unsupported) - syntax valid
verilator	test_regress/t/t_lint_comb_use.v	pass	must_accept	match	verilator: driver t_lint_comb_use.py expects success
verilator	test_regress/t/t_lint_const_func_dpi_bad.v	pass	must_accept	match	verilator: driver t_lint_const_func_dpi_bad.py fails=True but golden .out is a post-parse tool error (lint/elab/unsupported) - syntax valid
verilator	test_regress/t/t_lint_const_func_gen_bad.v	pass	must_accept	match	verilator: driver t_lint_const_func_gen_bad.py fails=True but golden .out is a post-parse tool error (lint/elab/unsupported) - syntax valid
verilator	test_regress/t/t_lint_contassinit_bad.v	pass	must_accept	match	verilator: driver t_lint_contassinit_bad.py fails=True but golden .out is a post-parse tool error (lint/elab/unsupported) - syntax valid
verilator	test_regress/t/t_lint_contassreg_bad.v	pass	must_accept	match	verilator: driver t_lint_contassreg_bad.py fails=True but golden .out is a post-parse tool error (lint/elab/unsupported) - syntax valid
verilator	test_regress/t/t_lint_declfilename.v	pass	must_accept	match	verilator: driver t_lint_declfilename.py expects success
verilator	test_regress/t/t_lint_declfilename_bbox.v	pass	must_accept	match	verilator: driver t_lint_declfilename_bbox.py expects success
verilator	test_regress/t/t_lint_defparam.v	pass	must_accept	match	verilator: driver t_lint_defparam.py expects success
verilator	test_regress/t/t_lint_didnotconverge_bad.v	pass	must_accept	match	verilator: driver t_lint_didnotconverge_bad.py fails=True but golden .out is a post-parse tool error (lint/elab/unsupported) - syntax valid
verilator	test_regress/t/t_lint_dtype_compare.v	pass	must_accept	match	verilator: driver t_lint_dtype_compare.py expects success
verilator	test_regress/t/t_lint_dtype_compare_bad.v	pass	must_accept	match	verilator: driver t_lint_dtype_compare_bad.py fails=True but golden .out is a post-parse tool error (lint/elab/unsupported) - syntax valid
verilator	test_regress/t/t_lint_edge_real_bad.v	pass	must_accept	match	verilator: driver t_lint_edge_real_bad.py fails=True but golden .out is a post-parse tool error (lint/elab/unsupported) - syntax valid
verilator	test_regress/t/t_lint_ftask_output_assign_bad.v	pass	must_accept	match	verilator: driver t_lint_ftask_output_assign_bad.py fails=True but golden .out is a post-parse tool error (lint/elab/unsupported) - syntax valid
verilator	test_regress/t/t_lint_functimectl_bad.v	pass	must_accept	match	verilator: driver t_lint_functimectl_bad.py fails=True but golden .out is a post-parse tool error (lint/elab/unsupported) - syntax valid
verilator	test_regress/t/t_lint_genunnamed_bad.v	pass	must_accept	match	verilator: driver t_lint_genunnamed_bad.py fails=True but golden .out is a post-parse tool error (lint/elab/unsupported) - syntax valid
verilator	test_regress/t/t_lint_historical.v	pass	must_accept	match	verilator: driver t_lint_historical.py expects success
verilator	test_regress/t/t_lint_iface_array_topmodule1.v	pass	must_accept	match	verilator: driver t_lint_iface_array_topmodule1.py expects success
verilator	test_regress/t/t_lint_iface_array_topmodule2.v	pass	must_accept	match	verilator: driver t_lint_iface_array_topmodule2.py expects success
verilator	test_regress/t/t_lint_iface_array_topmodule3.v	pass	must_accept	match	verilator: driver t_lint_iface_array_topmodule3.py expects success
verilator	test_regress/t/t_lint_iface_array_topmodule_bad.v	pass	must_accept	match	verilator: driver t_lint_iface_array_topmodule_bad.py fails=True but golden .out is a post-parse tool error (lint/elab/unsupported) - syntax valid
verilator	test_regress/t/t_lint_iface_topmodule1.v	pass	must_accept	match	verilator: driver t_lint_iface_topmodule1.py expects success
verilator	test_regress/t/t_lint_iface_topmodule2.v	pass	must_accept	match	verilator: driver t_lint_iface_topmodule2.py expects success
verilator	test_regress/t/t_lint_iface_topmodule3.v	pass	must_accept	match	verilator: driver t_lint_iface_topmodule3.py expects success
verilator	test_regress/t/t_lint_iface_topmodule_bad.v	pass	must_accept	match	verilator: driver t_lint_iface_topmodule_bad.py fails=True but golden .out is a post-parse tool error (lint/elab/unsupported) - syntax valid
verilator	test_regress/t/t_lint_ifdepth_bad.v	fail	must_accept	divergence:unexplained_rejects_valid	verilator: driver t_lint_ifdepth_bad.py fails=True but golden .out is a post-parse tool error (lint/elab/unsupported) - syntax valid
verilator	test_regress/t/t_lint_implicit.v	pass	must_accept	match	verilator: driver t_lint_implicit.py expects success
verilator	test_regress/t/t_lint_implicit_def_bad.v	fail	must_accept	divergence:unexplained_rejects_valid	verilator: driver t_lint_implicit_def_bad.py fails=True but golden .out is a post-parse tool error (lint/elab/unsupported) - syntax valid
verilator	test_regress/t/t_lint_implicit_func_bad.v	fail	must_accept	divergence:unexplained_rejects_valid	verilator: driver t_lint_implicit_func_bad.py fails=True but golden .out is a post-parse tool error (lint/elab/unsupported) - syntax valid
verilator	test_regress/t/t_lint_implicit_port.v	pass	must_accept	match	verilator: driver t_lint_implicit_port.py expects success
verilator	test_regress/t/t_lint_implicit_type_bad.v	fail	must_accept	divergence:unexplained_rejects_valid	verilator: driver t_lint_implicit_type_bad.py fails=True but golden .out is a post-parse tool error (lint/elab/unsupported) - syntax valid
verilator	test_regress/t/t_lint_implicitstatic_bad.v	pass	must_accept	match	verilator: driver t_lint_implicitstatic_bad.py fails=True but golden .out is a post-parse tool error (lint/elab/unsupported) - syntax valid
verilator	test_regress/t/t_lint_import_name2_bad.v	pass	must_accept	match	verilator: driver t_lint_import_name2_bad.py fails=True but golden .out is a post-parse tool error (lint/elab/unsupported) - syntax valid
verilator	test_regress/t/t_lint_import_name_bad.v	pass	must_accept	match	verilator: driver t_lint_import_name_bad.py fails=True but golden .out is a post-parse tool error (lint/elab/unsupported) - syntax valid
verilator	test_regress/t/t_lint_importstar_bad.v	pass	must_accept	match	verilator: driver t_lint_importstar_bad.py fails=True but golden .out is a post-parse tool error (lint/elab/unsupported) - syntax valid
verilator	test_regress/t/t_lint_in_inc_bad.v	pass	chained_only	deferred:chained_only	verilator: driver t_lint_in_inc_bad.py fails=True and golden .out reports a syntax error - but `include-dependent: reject expectation is chain-level
verilator	test_regress/t/t_lint_incabspath.v	pass	must_accept	match	verilator: driver t_lint_incabspath.py expects success
verilator	test_regress/t/t_lint_infinite.v	pass	must_accept	match	verilator: driver t_lint_infinite.py expects success
verilator	test_regress/t/t_lint_infinite_bad.v	pass	must_accept	match	verilator: driver t_lint_infinite_bad.py fails=True but golden .out is a post-parse tool error (lint/elab/unsupported) - syntax valid
verilator	test_regress/t/t_lint_inherit.v	pass	must_accept	match	verilator: driver t_lint_inherit.py expects success
verilator	test_regress/t/t_lint_input_eq_good.v	pass	must_accept	match	verilator: driver t_lint_input_eq_good.py expects success
verilator	test_regress/t/t_lint_latch_1.v	pass	must_accept	match	verilator: driver t_lint_latch_1.py expects success
verilator	test_regress/t/t_lint_latch_2.v	pass	must_accept	match	verilator: driver t_lint_latch_2.py expects success
verilator	test_regress/t/t_lint_latch_3.v	pass	must_accept	match	verilator: driver t_lint_latch_3.py expects success
verilator	test_regress/t/t_lint_latch_4.v	pass	must_accept	match	verilator: driver t_lint_latch_4.py expects success
verilator	test_regress/t/t_lint_latch_5.v	pass	must_accept	match	verilator: driver t_lint_latch_5.py expects success
verilator	test_regress/t/t_lint_latch_6.v	pass	must_accept	match	verilator: driver t_lint_latch_6.py expects success
verilator	test_regress/t/t_lint_latch_7.v	pass	must_accept	match	verilator: driver t_lint_latch_7.py expects success
verilator	test_regress/t/t_lint_latch_8.v	pass	must_accept	match	verilator: driver t_lint_latch_8.py expects success
verilator	test_regress/t/t_lint_latch_bad.v	pass	must_accept	match	verilator: driver t_lint_latch_bad.py fails=True but golden .out is a post-parse tool error (lint/elab/unsupported) - syntax valid
verilator	test_regress/t/t_lint_latch_bad_2.v	pass	must_accept	match	verilator: driver t_lint_latch_bad_2.py fails=True but golden .out is a post-parse tool error (lint/elab/unsupported) - syntax valid
verilator	test_regress/t/t_lint_latch_bad_3.v	pass	must_accept	match	verilator: driver t_lint_latch_bad_3.py fails=True but golden .out is a post-parse tool error (lint/elab/unsupported) - syntax valid
verilator	test_regress/t/t_lint_latch_casei_bad.v	pass	must_accept	match	verilator: driver t_lint_latch_casei_bad.py fails=True but golden .out is a post-parse tool error (lint/elab/unsupported) - syntax valid
verilator	test_regress/t/t_lint_lint_bad.v	pass	must_accept	match	verilator: driver t_lint_lint_bad.py fails=True but golden .out is a post-parse tool error (lint/elab/unsupported) - syntax valid
verilator	test_regress/t/t_lint_literal_bad.v	pass	must_accept	match	verilator: driver t_lint_literal_bad.py fails=True but golden .out is a post-parse tool error (lint/elab/unsupported) - syntax valid
verilator	test_regress/t/t_lint_misindent_bad.v	pass	must_accept	match	verilator: driver t_lint_misindent_bad.py fails=True but golden .out is a post-parse tool error (lint/elab/unsupported) - syntax valid
verilator	test_regress/t/t_lint_mod_paren_bad.v	fail	must_reject	match	verilator: driver t_lint_mod_paren_bad.py fails=True and golden .out reports a syntax error
verilator	test_regress/t/t_lint_modmissing.v	pass	must_accept	match	verilator: driver t_lint_modmissing.py expects success
verilator	test_regress/t/t_lint_modport_dir_bad.v	pass	must_accept	match	verilator: driver t_lint_modport_dir_bad.py fails=True but golden .out is a post-parse tool error (lint/elab/unsupported) - syntax valid
verilator	test_regress/t/t_lint_multidriven_bad.v	pass	must_accept	match	verilator: driver t_lint_multidriven_bad.py fails=True but golden .out is a post-parse tool error (lint/elab/unsupported) - syntax valid
verilator	test_regress/t/t_lint_multidriven_coverage_bad.v	pass	must_accept	match	verilator: driver t_lint_multidriven_coverage_bad.py fails=True but golden .out is a post-parse tool error (lint/elab/unsupported) - syntax valid
verilator	test_regress/t/t_lint_multidriven_taskcall_bad.v	pass	must_accept	match	verilator: driver t_lint_multidriven_taskcall_bad.py fails=True but golden .out is a post-parse tool error (lint/elab/unsupported) - syntax valid
verilator	test_regress/t/t_lint_multiple_msgs.v	pass	must_accept	match	verilator: driver t_lint_multiple_msgs.py expects success
verilator	test_regress/t/t_lint_nolatch_bad.v	pass	must_accept	match	verilator: driver t_lint_nolatch_bad.py fails=True but golden .out is a post-parse tool error (lint/elab/unsupported) - syntax valid
verilator	test_regress/t/t_lint_noreturn.v	pass	must_accept	match	verilator: driver t_lint_noreturn.py expects success
verilator	test_regress/t/t_lint_noreturn_param.v	pass	must_accept	match	verilator: driver t_lint_noreturn_param.py expects success
verilator	test_regress/t/t_lint_noreturn_param_bad.v	pass	must_accept	match	verilator: driver t_lint_noreturn_param_bad.py fails=True but golden .out is a post-parse tool error (lint/elab/unsupported) - syntax valid
verilator	test_regress/t/t_lint_notredop_bad.v	fail	must_accept	divergence:unexplained_rejects_valid	verilator: driver t_lint_notredop_bad.py fails=True but golden .out is a post-parse tool error (lint/elab/unsupported) - syntax valid
verilator	test_regress/t/t_lint_nullport_bad.v	pass	must_accept	match	verilator: driver t_lint_nullport_bad.py fails=True but golden .out is a post-parse tool error (lint/elab/unsupported) - syntax valid
verilator	test_regress/t/t_lint_numwidth.v	pass	must_accept	match	verilator: driver t_lint_numwidth.py expects success
verilator	test_regress/t/t_lint_once_bad.v	pass	must_accept	match	verilator: driver t_lint_once_bad.py fails=True but golden .out is a post-parse tool error (lint/elab/unsupported) - syntax valid
verilator	test_regress/t/t_lint_only.v	pass	must_accept	match	verilator: driver t_lint_only.py expects success
verilator	test_regress/t/t_lint_paramnodefault.v	pass	must_accept	match	verilator: driver t_lint_paramnodefault.py expects success
verilator	test_regress/t/t_lint_paramnodefault_top_bad.v	pass	must_accept	match	verilator: driver t_lint_paramnodefault_top_bad.py fails=True but golden .out is a post-parse tool error (lint/elab/unsupported) - syntax valid
verilator	test_regress/t/t_lint_pindup_bad.v	pass	must_accept	match	verilator: driver t_lint_pindup_bad.py fails=True but golden .out is a post-parse tool error (lint/elab/unsupported) - syntax valid
verilator	test_regress/t/t_lint_pinmissing_bad.v	pass	must_accept	match	verilator: driver t_lint_pinmissing_bad.py fails=True but golden .out is a post-parse tool error (lint/elab/unsupported) - syntax valid
verilator	test_regress/t/t_lint_pinnotfound.v	pass	must_accept	match	verilator: driver t_lint_pinnotfound.py expects success
verilator	test_regress/t/t_lint_pinnotfound_bad.v	pass	must_accept	match	verilator: driver t_lint_pinnotfound_bad.py fails=True but golden .out is a post-parse tool error (lint/elab/unsupported) - syntax valid
verilator	test_regress/t/t_lint_pkg_colon_bad.v	fail	must_reject	match	verilator: driver t_lint_pkg_colon_bad.py fails=True and golden .out reports a syntax error
verilator	test_regress/t/t_lint_pragma_protected.v	fail	must_accept	divergence:unexplained_rejects_valid	verilator: driver t_lint_pragma_protected.py expects success
verilator	test_regress/t/t_lint_pragma_protected_bad.v	fail	must_accept	divergence:unexplained_rejects_valid	verilator: driver t_lint_pragma_protected_bad.py fails=True but golden .out is a post-parse tool error (lint/elab/unsupported) - syntax valid
verilator	test_regress/t/t_lint_procassinit_bad.v	pass	must_accept	match	verilator: driver t_lint_procassinit_bad.py fails=True but golden .out is a post-parse tool error (lint/elab/unsupported) - syntax valid
verilator	test_regress/t/t_lint_range_negative_bad.v	pass	must_accept	match	verilator: driver t_lint_range_negative_bad.py fails=True but golden .out is a post-parse tool error (lint/elab/unsupported) - syntax valid
verilator	test_regress/t/t_lint_realcvt_bad.v	pass	must_accept	match	verilator: driver t_lint_realcvt_bad.py fails=True but golden .out is a post-parse tool error (lint/elab/unsupported) - syntax valid
verilator	test_regress/t/t_lint_repeat_bad.v	pass	must_accept	match	verilator: driver t_lint_repeat_bad.py fails=True but golden .out is a post-parse tool error (lint/elab/unsupported) - syntax valid
verilator	test_regress/t/t_lint_restore_bad.v	pass	must_accept	match	verilator: driver t_lint_restore_bad.py fails=True but golden .out is a post-parse tool error (lint/elab/unsupported) - syntax valid
verilator	test_regress/t/t_lint_restore_prag_bad.v	pass	must_accept	match	verilator: driver t_lint_restore_prag_bad.py fails=True but golden .out is a post-parse tool error (lint/elab/unsupported) - syntax valid
verilator	test_regress/t/t_lint_setout_bad.v	pass	must_accept	match	verilator: driver t_lint_setout_bad.py fails=True but golden .out is a post-parse tool error (lint/elab/unsupported) - syntax valid
verilator	test_regress/t/t_lint_sideeffect_bad.v	pass	must_accept	match	verilator: driver t_lint_sideeffect_bad.py fails=True but golden .out is a post-parse tool error (lint/elab/unsupported) - syntax valid
verilator	test_regress/t/t_lint_stmtdly_bad.v	pass	must_accept	match	verilator: driver t_lint_stmtdly_bad.py fails=True but golden .out is a post-parse tool error (lint/elab/unsupported) - syntax valid
verilator	test_regress/t/t_lint_style_bad.v	pass	must_accept	match	verilator: driver t_lint_style_bad.py fails=True but golden .out is a post-parse tool error (lint/elab/unsupported) - syntax valid
verilator	test_regress/t/t_lint_subout_bad.v	pass	must_accept	match	verilator: driver t_lint_subout_bad.py fails=True but golden .out is a post-parse tool error (lint/elab/unsupported) - syntax valid
verilator	test_regress/t/t_lint_syncasyncnet_bad.v	pass	must_accept	match	verilator: driver t_lint_syncasyncnet_bad.py fails=True but golden .out is a post-parse tool error (lint/elab/unsupported) - syntax valid
verilator	test_regress/t/t_lint_top_bad.v	pass	must_accept	match	verilator: driver t_lint_top_bad.py fails=True but golden .out is a post-parse tool error (lint/elab/unsupported) - syntax valid
verilator	test_regress/t/t_lint_unsigned_bad.v	pass	must_accept	match	verilator: driver t_lint_unsigned_bad.py fails=True but golden .out is a post-parse tool error (lint/elab/unsupported) - syntax valid
verilator	test_regress/t/t_lint_unsup_mixed.v	pass	must_accept	match	verilator: driver t_lint_unsup_mixed.py expects success
verilator	test_regress/t/t_lint_unused.v	fail	must_accept	divergence:explained_svpp_macro_use	verilator: driver t_lint_unused.py expects success
verilator	test_regress/t/t_lint_unused_bad.v	pass	must_accept	match	verilator: driver t_lint_unused_bad.py fails=True but golden .out is a post-parse tool error (lint/elab/unsupported) - syntax valid
verilator	test_regress/t/t_lint_unused_func_bad.v	pass	must_accept	match	verilator: driver t_lint_unused_func_bad.py fails=True but golden .out is a post-parse tool error (lint/elab/unsupported) - syntax valid
verilator	test_regress/t/t_lint_unused_iface.v	pass	must_accept	match	verilator: driver t_lint_unused_iface.py expects success
verilator	test_regress/t/t_lint_unused_iface_bad.v	pass	must_accept	match	verilator: driver t_lint_unused_iface_bad.py fails=True but golden .out is a post-parse tool error (lint/elab/unsupported) - syntax valid
verilator	test_regress/t/t_lint_unused_tri.v	pass	must_accept	match	verilator: driver t_lint_unused_tri.py expects success
verilator	test_regress/t/t_lint_unusedloop_removed_bad.v	pass	must_accept	match	verilator: driver t_lint_unusedloop_removed_bad.py fails=True but golden .out is a post-parse tool error (lint/elab/unsupported) - syntax valid
verilator	test_regress/t/t_lint_vcmarker_bad.v	fail	must_accept	divergence:unexplained_rejects_valid	verilator: driver t_lint_vcmarker_bad.py fails=True but golden .out is a post-parse tool error (lint/elab/unsupported) - syntax valid
verilator	test_regress/t/t_lint_warn_incfile2_bad.v	pass	must_accept	match	verilator: driver t_lint_warn_incfile2_bad.py fails=True but golden .out is a post-parse tool error (lint/elab/unsupported) - syntax valid
verilator	test_regress/t/t_lint_warn_line_bad.v	pass	must_accept	match	verilator: driver t_lint_warn_line_bad.py fails=True but golden .out is a post-parse tool error (lint/elab/unsupported) - syntax valid
verilator	test_regress/t/t_lint_width.v	pass	must_accept	match	verilator: driver t_lint_width.py expects success
verilator	test_regress/t/t_lint_width_arraydecl.v	pass	must_accept	match	verilator: driver t_lint_width_arraydecl.py expects success
verilator	test_regress/t/t_lint_width_bad.v	pass	must_accept	match	verilator: driver t_lint_width_bad.py fails=True but golden .out is a post-parse tool error (lint/elab/unsupported) - syntax valid
verilator	test_regress/t/t_lint_width_cast.v	fail	must_accept	divergence:explained_svpp_macro_use	verilator: driver t_lint_width_cast.py expects success
verilator	test_regress/t/t_lint_width_genfor.v	pass	must_accept	match	verilator: driver t_lint_width_genfor.py expects success
verilator	test_regress/t/t_lint_width_genfor_bad.v	pass	must_accept	match	verilator: driver t_lint_width_genfor_bad.py fails=True but golden .out is a post-parse tool error (lint/elab/unsupported) - syntax valid
verilator	test_regress/t/t_lint_width_shift_bad.v	pass	must_accept	match	verilator: driver t_lint_width_shift_bad.py fails=True but golden .out is a post-parse tool error (lint/elab/unsupported) - syntax valid
verilator	test_regress/t/t_lint_widthexpand_docs_bad.v	pass	must_accept	match	verilator: driver t_lint_widthexpand_docs_bad.py fails=True but golden .out is a post-parse tool error (lint/elab/unsupported) - syntax valid
verilator	test_regress/t/t_lint_wireloop.v	pass	must_accept	match	verilator: driver t_lint_wireloop.py expects success
verilator	test_regress/t/t_lparam_assign_iface_array_typedef.v	fail	must_accept	divergence:explained_svpp_macro_use	verilator: driver t_lparam_assign_iface_array_typedef.py expects success
verilator	test_regress/t/t_lparam_assign_iface_array_typedef2.v	fail	must_accept	divergence:explained_svpp_macro_use	verilator: driver t_lparam_assign_iface_array_typedef2.py expects success
verilator	test_regress/t/t_lparam_assign_iface_const.v	pass	must_accept	match	verilator: driver t_lparam_assign_iface_const.py expects success
verilator	test_regress/t/t_lparam_assign_iface_typedef.v	fail	must_accept	divergence:explained_svpp_macro_use	verilator: driver t_lparam_assign_iface_typedef.py expects success
verilator	test_regress/t/t_lparam_assign_iface_typedef2.v	fail	must_accept	divergence:unexplained_rejects_valid	verilator: driver t_lparam_assign_iface_typedef2.py expects success
verilator	test_regress/t/t_lparam_assign_iface_typedef3.v	fail	must_accept	divergence:explained_svpp_macro_use	verilator: driver t_lparam_assign_iface_typedef3.py expects success
verilator	test_regress/t/t_lparam_assign_iface_typedef4.v	fail	must_accept	divergence:unexplained_rejects_valid	verilator: driver t_lparam_assign_iface_typedef4.py expects success
verilator	test_regress/t/t_lparam_assign_iface_typedef_bad.v	fail	must_accept	divergence:unexplained_rejects_valid	verilator: driver t_lparam_assign_iface_typedef_bad.py fails=True but golden .out is a post-parse tool error (lint/elab/unsupported) - syntax valid
verilator	test_regress/t/t_lparam_assign_iface_typedef_nested.v	fail	must_accept	divergence:unexplained_rejects_valid	verilator: driver t_lparam_assign_iface_typedef_nested.py expects success
verilator	test_regress/t/t_lparam_assign_iface_typedef_nested2.v	fail	must_accept	divergence:explained_svpp_macro_use	verilator: driver t_lparam_assign_iface_typedef_nested2.py expects success
verilator	test_regress/t/t_lparam_assign_iface_typedef_nested3.v	fail	must_accept	divergence:explained_svpp_macro_use	verilator: driver t_lparam_assign_iface_typedef_nested3.py expects success
verilator	test_regress/t/t_lparam_assign_iface_typedef_nested4.v	fail	must_accept	divergence:explained_svpp_macro_use	verilator: driver t_lparam_assign_iface_typedef_nested4.py expects success
verilator	test_regress/t/t_lparam_assign_iface_typedef_nested5.v	fail	must_accept	divergence:explained_svpp_macro_use	verilator: driver t_lparam_assign_iface_typedef_nested5.py expects success
verilator	test_regress/t/t_lparam_assign_iface_typedef_nested6.v	fail	must_accept	divergence:unexplained_rejects_valid	verilator: driver t_lparam_assign_iface_typedef_nested6.py expects success
verilator	test_regress/t/t_lparam_assign_iface_typedef_nested_mod1.v	fail	must_accept	divergence:unexplained_rejects_valid	verilator: driver t_lparam_assign_iface_typedef_nested_mod1.py expects success
verilator	test_regress/t/t_lparam_assign_iface_typedef_nested_mod2.v	fail	must_accept	divergence:explained_svpp_macro_use	verilator: driver t_lparam_assign_iface_typedef_nested_mod2.py expects success
verilator	test_regress/t/t_lparam_assign_iface_typedef_nested_mod3.v	fail	must_accept	divergence:explained_svpp_macro_use	verilator: driver t_lparam_assign_iface_typedef_nested_mod3.py expects success
verilator	test_regress/t/t_lparam_assign_iface_typedef_nested_mpkg1.v	fail	must_accept	divergence:explained_svpp_macro_use	verilator: driver t_lparam_assign_iface_typedef_nested_mpkg1.py expects success
verilator	test_regress/t/t_lparam_assign_iface_typedef_nested_mpkg2.v	pass	must_accept	match	verilator: driver t_lparam_assign_iface_typedef_nested_mpkg2.py expects success
verilator	test_regress/t/t_lparam_assign_iface_typedef_nested_mpkg3.v	pass	must_accept	match	verilator: driver t_lparam_assign_iface_typedef_nested_mpkg3.py expects success
verilator	test_regress/t/t_lparam_assign_iface_typedef_nested_mpkg4.v	fail	must_accept	divergence:unexplained_rejects_valid	verilator: driver t_lparam_assign_iface_typedef_nested_mpkg4.py expects success
verilator	test_regress/t/t_lparam_assign_iface_typedef_nested_mpkg5.v	fail	must_accept	divergence:unexplained_rejects_valid	verilator: driver t_lparam_assign_iface_typedef_nested_mpkg5.py expects success
verilator	test_regress/t/t_lparam_assign_iface_typedef_nested_pkg.v	fail	must_accept	divergence:explained_svpp_macro_use	verilator: driver t_lparam_assign_iface_typedef_nested_pkg.py expects success
verilator	test_regress/t/t_lparam_assign_iface_typedef_nested_pkg2.v	fail	must_accept	divergence:explained_svpp_macro_use	verilator: driver t_lparam_assign_iface_typedef_nested_pkg2.py expects success
verilator	test_regress/t/t_lparam_assign_iface_typedef_nested_pkg3.v	fail	must_accept	divergence:explained_svpp_macro_use	verilator: driver t_lparam_assign_iface_typedef_nested_pkg3.py expects success
verilator	test_regress/t/t_lparam_dep_iface0.v	fail	must_accept	divergence:explained_svpp_macro_use	verilator: driver t_lparam_dep_iface0.py expects success
verilator	test_regress/t/t_lparam_dep_iface1.v	fail	must_accept	divergence:explained_svpp_macro_use	verilator: driver t_lparam_dep_iface1.py expects success
verilator	test_regress/t/t_lparam_dep_iface10.v	fail	must_accept	divergence:explained_svpp_macro_use	verilator: driver t_lparam_dep_iface10.py expects success
verilator	test_regress/t/t_lparam_dep_iface11.v	fail	must_accept	divergence:explained_svpp_macro_use	verilator: driver t_lparam_dep_iface11.py expects success
verilator	test_regress/t/t_lparam_dep_iface12.v	fail	must_accept	divergence:explained_svpp_macro_use	verilator: driver t_lparam_dep_iface12.py expects success
verilator	test_regress/t/t_lparam_dep_iface13.v	fail	must_accept	divergence:explained_svpp_macro_use	verilator: driver t_lparam_dep_iface13.py expects success
verilator	test_regress/t/t_lparam_dep_iface14.v	fail	must_accept	divergence:explained_svpp_macro_use	verilator: driver t_lparam_dep_iface14.py expects success
verilator	test_regress/t/t_lparam_dep_iface15.v	fail	must_accept	divergence:explained_svpp_macro_use	verilator: driver t_lparam_dep_iface15.py expects success
verilator	test_regress/t/t_lparam_dep_iface16.v	fail	must_accept	divergence:explained_svpp_macro_use	verilator: driver t_lparam_dep_iface16.py expects success
verilator	test_regress/t/t_lparam_dep_iface2.v	fail	must_accept	divergence:explained_svpp_macro_use	verilator: driver t_lparam_dep_iface2.py expects success
verilator	test_regress/t/t_lparam_dep_iface3.v	fail	must_accept	divergence:explained_svpp_macro_use	verilator: driver t_lparam_dep_iface3.py expects success
verilator	test_regress/t/t_lparam_dep_iface4.v	fail	must_accept	divergence:explained_svpp_macro_use	verilator: driver t_lparam_dep_iface4.py expects success
verilator	test_regress/t/t_lparam_dep_iface5.v	fail	must_accept	divergence:explained_svpp_macro_use	verilator: driver t_lparam_dep_iface5.py expects success
verilator	test_regress/t/t_lparam_dep_iface6.v	fail	must_accept	divergence:explained_svpp_macro_use	verilator: driver t_lparam_dep_iface6.py expects success
verilator	test_regress/t/t_lparam_dep_iface7.v	fail	must_accept	divergence:explained_svpp_macro_use	verilator: driver t_lparam_dep_iface7.py expects success
verilator	test_regress/t/t_lparam_dep_iface8.v	fail	must_accept	divergence:explained_svpp_macro_use	verilator: driver t_lparam_dep_iface8.py expects success
verilator	test_regress/t/t_lparam_dep_iface9.v	fail	must_accept	divergence:explained_svpp_macro_use	verilator: driver t_lparam_dep_iface9.py expects success
verilator	test_regress/t/t_lparam_pkg_assign.v	fail	must_accept	divergence:explained_svpp_macro_use	verilator: driver t_lparam_pkg_assign.py expects success
verilator	test_regress/t/t_lparam_pkg_assign2.v	fail	must_accept	divergence:explained_svpp_macro_use	verilator: driver t_lparam_pkg_assign2.py expects success
verilator	test_regress/t/t_lparam_pkg_assign3.v	fail	must_accept	divergence:explained_svpp_macro_use	verilator: driver t_lparam_pkg_assign3.py expects success
verilator	test_regress/t/t_lparam_pkg_assign4.v	fail	must_accept	divergence:explained_svpp_macro_use	verilator: driver t_lparam_pkg_assign4.py expects success
verilator	test_regress/t/t_lparam_pkg_assign5.v	fail	must_accept	divergence:explained_svpp_macro_use	verilator: driver t_lparam_pkg_assign5.py expects success
verilator	test_regress/t/t_mailbox.v	fail	must_accept	divergence:explained_svpp_macro_use	verilator: driver t_mailbox.py expects success
verilator	test_regress/t/t_mailbox_array.v	pass	must_accept	match	verilator: driver t_mailbox_array.py expects success
verilator	test_regress/t/t_mailbox_bad.v	pass	must_accept	match	verilator: driver t_mailbox_bad.py fails=True but golden .out is a post-parse tool error (lint/elab/unsupported) - syntax valid
verilator	test_regress/t/t_mailbox_class.v	pass	must_accept	match	verilator: driver t_mailbox_class.py expects success
verilator	test_regress/t/t_mailbox_concurrent.v	pass	must_accept	match	verilator: driver t_mailbox_concurrent.py expects success
verilator	test_regress/t/t_mailbox_notiming.v	fail	must_accept	divergence:explained_svpp_macro_use	verilator: driver t_mailbox_notiming.py expects success
verilator	test_regress/t/t_mailbox_struct_param.v	pass	must_accept	match	verilator: driver t_mailbox_struct_param.py expects success
verilator	test_regress/t/t_mailbox_unbounded.v	pass	must_accept	match	verilator: driver t_mailbox_unbounded.py expects success
verilator	test_regress/t/t_math_arith.v	pass	must_accept	match	verilator: driver t_math_arith.py expects success
verilator	test_regress/t/t_math_clog2.v	fail	must_accept	divergence:explained_svpp_macro_use	verilator: driver t_math_clog2.py expects success
verilator	test_regress/t/t_math_cmp.v	fail	must_accept	divergence:explained_svpp_conditional	verilator: driver t_math_cmp.py expects success
verilator	test_regress/t/t_math_concat.v	fail	must_accept	divergence:explained_svpp_conditional	verilator: driver t_math_concat.py expects success
verilator	test_regress/t/t_math_concat0.v	fail	must_accept	divergence:explained_svpp_macro_use	verilator: driver t_math_concat0.py expects success
verilator	test_regress/t/t_math_concat64.v	fail	must_accept	divergence:explained_svpp_conditional	verilator: driver t_math_concat64.py expects success
verilator	test_regress/t/t_math_cond_clean.v	fail	must_accept	divergence:explained_svpp_macro_use	verilator: driver t_math_cond_clean.py expects success
verilator	test_regress/t/t_math_cond_huge.v	fail	must_accept	divergence:explained_svpp_macro_use	verilator: driver t_math_cond_huge.py expects success
verilator	test_regress/t/t_math_cond_short_circuit.v	fail	must_accept	divergence:explained_svpp_macro_use	verilator: driver t_math_cond_short_circuit.py expects success
verilator	test_regress/t/t_math_const.v	fail	must_accept	divergence:unexplained_rejects_valid	verilator: driver t_math_const.py expects success
verilator	test_regress/t/t_math_countbits.v	pass	must_accept	match	verilator: driver t_math_countbits.py expects success
verilator	test_regress/t/t_math_countbits2_bad.v	pass	must_accept	match	verilator: driver t_math_countbits2_bad.py fails=True but golden .out is a post-parse tool error (lint/elab/unsupported) - syntax valid
verilator	test_regress/t/t_math_countbits_bad.v	pass	must_accept	match	verilator: driver t_math_countbits_bad.py fails=True but golden .out is a post-parse tool error (lint/elab/unsupported) - syntax valid
verilator	test_regress/t/t_math_countbits_tri.v	pass	must_accept	match	verilator: driver t_math_countbits_tri.py expects success
verilator	test_regress/t/t_math_cv_bitop.v	fail	must_accept	divergence:explained_svpp_macro_use	verilator: driver t_math_cv_bitop.py expects success
verilator	test_regress/t/t_math_cv_concat.v	fail	must_accept	divergence:explained_svpp_macro_use	verilator: driver t_math_cv_concat.py expects success
verilator	test_regress/t/t_math_cv_format.v	fail	must_accept	divergence:explained_svpp_macro_use	verilator: driver t_math_cv_format.py expects success
verilator	test_regress/t/t_math_div.v	fail	must_accept	divergence:explained_svpp_conditional	verilator: driver t_math_div.py expects success
verilator	test_regress/t/t_math_div0.v	pass	must_accept	match	verilator: driver t_math_div0.py expects success
verilator	test_regress/t/t_math_divw.v	fail	must_accept	divergence:explained_svpp_conditional	verilator: driver t_math_divw.py expects success
verilator	test_regress/t/t_math_eq.v	fail	must_accept	divergence:explained_svpp_macro_use	verilator: driver t_math_eq.py expects success
verilator	test_regress/t/t_math_eq_bad.v	pass	must_accept	match	verilator: driver t_math_eq_bad.py fails=True but golden .out is a post-parse tool error (lint/elab/unsupported) - syntax valid
verilator	test_regress/t/t_math_equal.v	pass	must_accept	match	verilator: driver t_math_equal.py expects success
verilator	test_regress/t/t_math_imm.v	fail	must_accept	divergence:explained_svpp_conditional	verilator: driver t_math_imm.py expects success
verilator	test_regress/t/t_math_imm2.v	pass	must_accept	match	verilator: driver t_math_imm2.py expects success
verilator	test_regress/t/t_math_insert_bound.v	fail	must_accept	divergence:explained_svpp_conditional	verilator: driver t_math_insert_bound.py expects success
verilator	test_regress/t/t_math_mul.v	fail	must_accept	divergence:explained_svpp_conditional	verilator: driver t_math_mul.py expects success
verilator	test_regress/t/t_math_pick.v	fail	must_accept	divergence:explained_svpp_macro_use	verilator: driver t_math_pick.py expects success
verilator	test_regress/t/t_math_postinc.v	fail	must_accept	divergence:explained_svpp_macro_use	verilator: driver t_math_postinc.py expects success
verilator	test_regress/t/t_math_pow.v	fail	must_accept	divergence:explained_svpp_macro_use	verilator: driver t_math_pow.py expects success
verilator	test_regress/t/t_math_pow2.v	fail	must_accept	divergence:explained_svpp_macro_use	verilator: driver t_math_pow2.py expects success
verilator	test_regress/t/t_math_pow3.v	fail	must_accept	divergence:explained_svpp_macro_use	verilator: driver t_math_pow3.py expects success
verilator	test_regress/t/t_math_pow4.v	fail	must_accept	divergence:explained_svpp_conditional	verilator: driver t_math_pow4.py expects success
verilator	test_regress/t/t_math_pow5.v	fail	must_accept	divergence:explained_svpp_conditional	verilator: driver t_math_pow5.py expects success
verilator	test_regress/t/t_math_pow6.v	fail	must_accept	divergence:unexplained_rejects_valid	verilator: driver t_math_pow6.py expects success
verilator	test_regress/t/t_math_pow7.v	pass	must_accept	match	verilator: driver t_math_pow7.py expects success
verilator	test_regress/t/t_math_precedence.v	fail	must_accept	divergence:explained_svpp_macro_use	verilator: driver t_math_precedence.py expects success
verilator	test_regress/t/t_math_real.v	fail	must_accept	divergence:explained_svpp_macro_use	verilator: driver t_math_real.py expects success
verilator	test_regress/t/t_math_real_public.v	pass	must_accept	match	verilator: driver t_math_real_public.py expects success
verilator	test_regress/t/t_math_real_random.v	fail	must_accept	divergence:explained_svpp_macro_use	verilator: driver t_math_real_random.py expects success
verilator	test_regress/t/t_math_real_round.v	fail	must_accept	divergence:explained_svpp_macro_use	verilator: driver t_math_real_round.py expects success
verilator	test_regress/t/t_math_red.v	fail	must_accept	divergence:explained_svpp_macro_use	verilator: driver t_math_red.py expects success
verilator	test_regress/t/t_math_repl.v	fail	must_accept	divergence:explained_svpp_conditional	verilator: driver t_math_repl.py expects success
verilator	test_regress/t/t_math_repl2_bad.v	pass	must_accept	match	verilator: driver t_math_repl2_bad.py fails=True but golden .out is a post-parse tool error (lint/elab/unsupported) - syntax valid
verilator	test_regress/t/t_math_repl3_bad.v	pass	must_accept	match	verilator: driver t_math_repl3_bad.py fails=True but golden .out is a post-parse tool error (lint/elab/unsupported) - syntax valid
verilator	test_regress/t/t_math_repl_bad.v	pass	must_accept	match	verilator: driver t_math_repl_bad.py fails=True but golden .out is a post-parse tool error (lint/elab/unsupported) - syntax valid
verilator	test_regress/t/t_math_reverse.v	pass	must_accept	match	verilator: driver t_math_reverse.py expects success
verilator	test_regress/t/t_math_shift.v	fail	must_accept	divergence:explained_svpp_conditional	verilator: driver t_math_shift.py expects success
verilator	test_regress/t/t_math_shift_extend.v	pass	must_accept	match	verilator: driver t_math_shift_extend.py expects success
verilator	test_regress/t/t_math_shift_huge.v	pass	must_accept	match	verilator: driver t_math_shift_huge.py expects success
verilator	test_regress/t/t_math_shift_rep.v	fail	must_accept	divergence:explained_svpp_macro_use	verilator: driver t_math_shift_rep.py expects success
verilator	test_regress/t/t_math_shift_sel.v	fail	must_accept	divergence:explained_svpp_macro_use	verilator: driver t_math_shift_sel.py expects success
verilator	test_regress/t/t_math_shift_side.v	pass	must_accept	match	verilator: driver t_math_shift_side.py expects success
verilator	test_regress/t/t_math_shiftls.v	fail	must_accept	divergence:explained_svpp_macro_use	verilator: driver t_math_shiftls.py expects success
verilator	test_regress/t/t_math_shiftrs.v	pass	must_accept	match	verilator: driver t_math_shiftrs.py expects success
verilator	test_regress/t/t_math_shiftrs2.v	fail	must_accept	divergence:explained_svpp_macro_use	verilator: driver t_math_shiftrs2.py expects success
verilator	test_regress/t/t_math_shortcircuit_assocsel.v	pass	must_accept	match	verilator: driver t_math_shortcircuit_assocsel.py expects success
verilator	test_regress/t/t_math_shortcircuit_dynsel.v	pass	must_accept	match	verilator: driver t_math_shortcircuit_dynsel.py expects success
verilator	test_regress/t/t_math_shortreal.v	fail	must_accept	divergence:explained_svpp_conditional	verilator: driver t_math_shortreal.py expects success
verilator	test_regress/t/t_math_shortreal_unsup_bad.v	pass	must_accept	match	verilator: driver t_math_shortreal_unsup_bad.py fails=True but golden .out is a post-parse tool error (lint/elab/unsupported) - syntax valid
verilator	test_regress/t/t_math_sign_extend.v	fail	must_accept	divergence:explained_svpp_conditional	verilator: driver t_math_sign_extend.py expects success
verilator	test_regress/t/t_math_signed.v	fail	must_accept	divergence:explained_svpp_conditional	verilator: driver t_math_signed.py expects success
verilator	test_regress/t/t_math_signed2.v	fail	must_accept	divergence:explained_svpp_conditional	verilator: driver t_math_signed2.py expects success
verilator	test_regress/t/t_math_signed3.v	fail	must_accept	divergence:explained_svpp_macro_use	verilator: driver t_math_signed3.py expects success
verilator	test_regress/t/t_math_signed4.v	fail	must_accept	divergence:explained_svpp_macro_use	verilator: driver t_math_signed4.py expects success
verilator	test_regress/t/t_math_signed5.v	fail	must_accept	divergence:explained_svpp_macro_use	verilator: driver t_math_signed5.py expects success
verilator	test_regress/t/t_math_signed6.v	fail	must_accept	divergence:explained_svpp_macro_use	verilator: driver t_math_signed6.py expects success
verilator	test_regress/t/t_math_signed7.v	fail	must_accept	divergence:explained_svpp_macro_use	verilator: driver t_math_signed7.py expects success
verilator	test_regress/t/t_math_signed_calc.v	fail	must_accept	divergence:explained_svpp_conditional	verilator: driver t_math_signed_calc.py expects success
verilator	test_regress/t/t_math_signed_wire.v	fail	must_accept	divergence:explained_svpp_conditional	verilator: driver t_math_signed_wire.py expects success
verilator	test_regress/t/t_math_strwidth.v	pass	must_accept	match	verilator: driver t_math_strwidth.py expects success
verilator	test_regress/t/t_math_svl.v	pass	must_accept	match	verilator: driver t_math_svl.py expects success
verilator	test_regress/t/t_math_svl2.v	fail	must_accept	divergence:explained_svpp_conditional	verilator: driver t_math_svl2.py expects success
verilator	test_regress/t/t_math_swap.v	fail	must_accept	divergence:explained_svpp_macro_use	verilator: driver t_math_swap.py expects success
verilator	test_regress/t/t_math_synmul.v	fail	must_accept	divergence:explained_svpp_macro_use	verilator: driver t_math_synmul.py expects success
verilator	test_regress/t/t_math_synmul_mul.v	timeout	chained_only	divergence:explained_timeout	verilator: no same-stem driver and never a top_filename - include/companion fragment
verilator	test_regress/t/t_math_tri.v	pass	must_accept	match	verilator: driver t_math_tri.py expects success
verilator	test_regress/t/t_math_trig.v	fail	must_accept	divergence:explained_svpp_conditional	verilator: driver t_math_trig.py expects success
verilator	test_regress/t/t_math_vgen.v	pass	must_accept	match	verilator: driver t_math_vgen.py expects success
verilator	test_regress/t/t_math_vliw.v	pass	must_accept	match	verilator: driver t_math_vliw.py expects success
verilator	test_regress/t/t_math_wallace.v	fail	must_accept	divergence:explained_svpp_macro_use	verilator: driver t_math_wallace.py expects success
verilator	test_regress/t/t_math_wallace_mul.v	pass	chained_only	deferred:chained_only	verilator: no same-stem driver and never a top_filename - include/companion fragment
verilator	test_regress/t/t_math_wide_bad.v	pass	must_accept	match	verilator: driver t_math_wide_bad.py fails=True but golden .out is a post-parse tool error (lint/elab/unsupported) - syntax valid
verilator	test_regress/t/t_math_wide_inc.v	fail	must_accept	divergence:explained_svpp_conditional	verilator: driver t_math_wide_inc.py expects success
verilator	test_regress/t/t_math_width.v	pass	must_accept	match	verilator: driver t_math_width.py expects success
verilator	test_regress/t/t_math_yosys.v	pass	must_accept	match	verilator: driver t_math_yosys.py expects success
verilator	test_regress/t/t_mem.v	pass	must_accept	match	verilator: driver t_mem.py expects success
verilator	test_regress/t/t_mem_banks.v	pass	must_accept	match	verilator: driver t_mem_banks.py expects success
verilator	test_regress/t/t_mem_big_bad.v	pass	must_accept	match	verilator: driver t_mem_big_bad.py fails=True but golden .out is a post-parse tool error (lint/elab/unsupported) - syntax valid
verilator	test_regress/t/t_mem_bound_bad.v	pass	must_accept	match	verilator: driver t_mem_bound_bad.py expects success
verilator	test_regress/t/t_mem_cond.v	pass	must_accept	match	verilator: driver t_mem_cond.py expects success
verilator	test_regress/t/t_mem_fifo.v	fail	must_accept	divergence:explained_svpp_macro_use	verilator: driver t_mem_fifo.py expects success
verilator	test_regress/t/t_mem_file.v	pass	must_accept	match	verilator: driver t_mem_file.py expects success
verilator	test_regress/t/t_mem_first.v	pass	must_accept	match	verilator: driver t_mem_first.py expects success
verilator	test_regress/t/t_mem_func.v	fail	must_accept	divergence:explained_svpp_macro_use	verilator: driver t_mem_func.py expects success
verilator	test_regress/t/t_mem_iforder.v	pass	must_accept	match	verilator: driver t_mem_iforder.py expects success
verilator	test_regress/t/t_mem_multi_io.v	pass	must_accept	match	verilator: driver t_mem_multi_io.py expects success
verilator	test_regress/t/t_mem_multi_io2.v	pass	must_accept	match	verilator: driver t_mem_multi_io2_cc.py expects success
verilator	test_regress/t/t_mem_multi_io3.v	pass	must_accept	match	verilator: driver t_mem_multi_io3_cc.py expects success
verilator	test_regress/t/t_mem_multi_ref_bad.v	fail	must_accept	divergence:unexplained_rejects_valid	verilator: driver t_mem_multi_ref_bad.py fails=True but golden .out is a post-parse tool error (lint/elab/unsupported) - syntax valid
verilator	test_regress/t/t_mem_multidim.v	pass	must_accept	match	verilator: driver t_mem_multidim.py expects success
verilator	test_regress/t/t_mem_multiwire.v	pass	must_accept	match	verilator: driver t_mem_multiwire.py expects success
verilator	test_regress/t/t_mem_packed.v	fail	must_accept	divergence:explained_svpp_conditional	verilator: driver t_mem_packed.py expects success
verilator	test_regress/t/t_mem_packed_assign.v	fail	must_accept	divergence:explained_svpp_conditional	verilator: driver t_mem_packed_assign.py expects success
verilator	test_regress/t/t_mem_packed_bad.v	pass	must_accept	match	verilator: driver t_mem_packed_bad.py fails=True but golden .out is a post-parse tool error (lint/elab/unsupported) - syntax valid
verilator	test_regress/t/t_mem_shift.v	pass	must_accept	match	verilator: driver t_mem_shift.py expects success
verilator	test_regress/t/t_mem_slice.v	pass	must_accept	match	verilator: driver t_mem_slice.py expects success
verilator	test_regress/t/t_mem_slice_bad.v	fail	must_accept	divergence:unexplained_rejects_valid	verilator: driver t_mem_slice_bad.py fails=True but golden .out is a post-parse tool error (lint/elab/unsupported) - syntax valid
verilator	test_regress/t/t_mem_slice_conc_bad.v	fail	must_accept	divergence:explained_svpp_macro_use	verilator: driver t_mem_slice_conc_bad.py fails=True but golden .out is a post-parse tool error (lint/elab/unsupported) - syntax valid
verilator	test_regress/t/t_mem_slice_dtype_bad.v	pass	must_accept	match	verilator: driver t_mem_slice_dtype_bad.py fails=True but golden .out is a post-parse tool error (lint/elab/unsupported) - syntax valid
verilator	test_regress/t/t_mem_slot.v	fail	must_accept	divergence:explained_svpp_macro_use	verilator: driver t_mem_slot.py expects success
verilator	test_regress/t/t_mem_trace_split.v	pass	must_accept	match	verilator: driver t_mem_trace_split.py expects success
verilator	test_regress/t/t_mem_twoedge.v	fail	must_accept	divergence:explained_svpp_macro_use	verilator: driver t_mem_twoedge.py expects success
verilator	test_regress/t/t_metacmt_fargs.v	pass	must_accept	match	verilator: driver t_metacmt_fargs.py expects success
verilator	test_regress/t/t_metacmt_fargs_bad.v	pass	must_accept	match	verilator: driver t_metacmt_fargs_bad.py fails=True but golden .out is a post-parse tool error (lint/elab/unsupported) - syntax valid
verilator	test_regress/t/t_metacmt_onoff.v	pass	must_accept	match	verilator: driver t_metacmt_onoff.py fails=True but golden .out is a post-parse tool error (lint/elab/unsupported) - syntax valid
verilator	test_regress/t/t_missing_module_pruned.v	pass	must_accept	match	verilator: driver t_missing_module_pruned.py expects success
verilator	test_regress/t/t_mod_automatic.v	pass	must_accept	match	verilator: driver t_mod_automatic.py expects success
verilator	test_regress/t/t_mod_dollar$.v	pass	must_accept	match	verilator: driver t_mod_dollar$.py expects success
verilator	test_regress/t/t_mod_dot.v	pass	must_accept	match	verilator: driver t_mod_dot.py expects success
verilator	test_regress/t/t_mod_dup_bad.v	pass	must_accept	match	verilator: driver t_mod_dup_bad.py fails=True but golden .out is a post-parse tool error (lint/elab/unsupported) - syntax valid
verilator	test_regress/t/t_mod_dup_bad_lib.v	pass	must_accept	match	verilator: driver t_mod_dup_bad_lib.py fails=True but golden .out is a post-parse tool error (lint/elab/unsupported) - syntax valid
verilator	test_regress/t/t_mod_dup_ign.v	pass	must_accept	match	verilator: driver t_mod_dup_ign.py expects success
verilator	test_regress/t/t_mod_empty.v	pass	must_accept	match	verilator: driver t_mod_empty.py expects success
verilator	test_regress/t/t_mod_interface_array0.v	pass	must_accept	match	verilator: driver t_mod_interface_array0.py expects success
verilator	test_regress/t/t_mod_interface_array1.v	pass	must_accept	match	verilator: driver t_mod_interface_array1.py expects success
verilator	test_regress/t/t_mod_interface_array2.v	pass	must_accept	match	verilator: driver t_mod_interface_array2.py expects success
verilator	test_regress/t/t_mod_interface_array3.v	pass	must_accept	match	verilator: driver t_mod_interface_array3.py fails=True but golden .out is a post-parse tool error (lint/elab/unsupported) - syntax valid
verilator	test_regress/t/t_mod_interface_array4.v	fail	must_accept	divergence:explained_svpp_macro_use	verilator: driver t_mod_interface_array4.py expects success
verilator	test_regress/t/t_mod_interface_array5.v	fail	must_accept	divergence:explained_svpp_macro_use	verilator: driver t_mod_interface_array5.py expects success
verilator	test_regress/t/t_mod_interface_array6.v	fail	must_accept	divergence:explained_svpp_macro_use	verilator: driver t_mod_interface_array6.py expects success
verilator	test_regress/t/t_mod_interface_clocking.v	fail	must_accept	divergence:unexplained_rejects_valid	verilator: driver t_mod_interface_clocking.py expects success
verilator	test_regress/t/t_mod_interface_clocking_bad.v	pass	must_accept	match	verilator: driver t_mod_interface_clocking_bad.py fails=True but golden .out is a post-parse tool error (lint/elab/unsupported) - syntax valid
verilator	test_regress/t/t_mod_longname.v	fail	must_accept	divergence:explained_svpp_macro_use	verilator: driver t_mod_longname.py expects success
verilator	test_regress/t/t_mod_macromodule.v	pass	must_accept	match	verilator: driver t_mod_macromodule.py expects success
verilator	test_regress/t/t_mod_mod.v	pass	must_accept	match	verilator: driver t_mod_mod.py fails=True but golden .out is a post-parse tool error (lint/elab/unsupported) - syntax valid
verilator	test_regress/t/t_mod_nomod.v	pass	must_accept	match	verilator: driver t_mod_nomod.py expects success
verilator	test_regress/t/t_mod_param_class_typedef1.v	fail	must_accept	divergence:explained_svpp_macro_use	verilator: driver t_mod_param_class_typedef1.py expects success
verilator	test_regress/t/t_mod_param_class_typedef2.v	fail	must_accept	divergence:explained_svpp_macro_use	verilator: driver t_mod_param_class_typedef2.py expects success
verilator	test_regress/t/t_mod_param_class_typedef3.v	fail	must_accept	divergence:explained_svpp_macro_use	verilator: driver t_mod_param_class_typedef3.py expects success
verilator	test_regress/t/t_mod_param_class_typedef4.v	fail	must_accept	divergence:explained_svpp_macro_use	verilator: driver t_mod_param_class_typedef4.py expects success
verilator	test_regress/t/t_mod_param_class_typedef5.v	fail	must_accept	divergence:explained_svpp_macro_use	verilator: driver t_mod_param_class_typedef5.py expects success
verilator	test_regress/t/t_mod_param_class_typedef6.v	fail	must_accept	divergence:explained_svpp_macro_use	verilator: driver t_mod_param_class_typedef6.py expects success
verilator	test_regress/t/t_mod_param_class_typedef7.v	fail	must_accept	divergence:explained_svpp_macro_use	verilator: driver t_mod_param_class_typedef7.py expects success
verilator	test_regress/t/t_mod_recurse.v	fail	must_accept	divergence:explained_svpp_macro_use	verilator: driver t_mod_recurse.py expects success
verilator	test_regress/t/t_mod_recurse1.v	pass	must_accept	match	verilator: driver t_mod_recurse1.py expects success
verilator	test_regress/t/t_mod_topmodule.v	pass	must_accept	match	verilator: driver t_mod_topmodule.py expects success
verilator	test_regress/t/t_mod_topmodule__underunder.v	pass	must_accept	match	verilator: driver t_mod_topmodule__underunder.py expects success
verilator	test_regress/t/t_mod_topmodule_nest.v	pass	must_accept	match	verilator: driver t_mod_topmodule_nest.py expects success
verilator	test_regress/t/t_mod_uselib.v	fail	must_accept	divergence:explained_svpp_macro_use	verilator: driver t_mod_uselib.py expects success
verilator	test_regress/t/t_modport_export_bad.v	pass	must_accept	match	verilator: driver t_modport_export_bad.py fails=True but golden .out is a post-parse tool error (lint/elab/unsupported) - syntax valid
verilator	test_regress/t/t_modport_export_task.v	fail	must_accept	divergence:explained_svpp_macro_use	verilator: driver t_modport_export_task.py expects success
verilator	test_regress/t/t_module_class_static_method.v	pass	must_accept	match	verilator: driver t_module_class_static_method.py expects success
verilator	test_regress/t/t_module_input_default_value.v	pass	must_accept	match	verilator: driver t_module_input_default_value.py expects success
verilator	test_regress/t/t_module_input_default_value_1_bad.v	pass	must_accept	match	verilator: driver t_module_input_default_value_1_bad.py fails=True but golden .out is a post-parse tool error (lint/elab/unsupported) - syntax valid
verilator	test_regress/t/t_module_input_default_value_2_bad.v	pass	must_accept	match	verilator: driver t_module_input_default_value_2_bad.py fails=True but golden .out is a post-parse tool error (lint/elab/unsupported) - syntax valid
verilator	test_regress/t/t_module_input_default_value_3_bad.v	pass	must_accept	match	verilator: driver t_module_input_default_value_3_bad.py fails=True but golden .out is a post-parse tool error (lint/elab/unsupported) - syntax valid
verilator	test_regress/t/t_module_reserved_keyword.v	pass	must_accept	match	verilator: driver t_module_reserved_keyword.py fails=True but golden .out is a post-parse tool error (lint/elab/unsupported) - syntax valid
verilator	test_regress/t/t_multidriven_class.v	fail	must_accept	divergence:explained_svpp_macro_use	verilator: driver t_multidriven_class.py expects success
verilator	test_regress/t/t_multidriven_funcret0.v	fail	must_accept	divergence:explained_svpp_macro_use	verilator: driver t_multidriven_funcret0.py expects success
verilator	test_regress/t/t_multidriven_iface.v	fail	must_accept	divergence:explained_svpp_macro_use	verilator: driver t_multidriven_iface.py expects success
verilator	test_regress/t/t_multidriven_simple.v	fail	must_accept	divergence:explained_svpp_macro_use	verilator: driver t_multidriven_simple.py expects success
verilator	test_regress/t/t_multitop1.v	pass	must_accept	match	verilator: driver t_multitop1.py expects success
verilator	test_regress/t/t_multitop1s.v	pass	chained_only	deferred:chained_only	verilator: no same-stem driver and never a top_filename - include/companion fragment
verilator	test_regress/t/t_multitop_sig.v	pass	must_accept	match	verilator: driver t_multitop_sig.py expects success
verilator	test_regress/t/t_multitop_xref.v	fail	must_accept	divergence:explained_svpp_macro_use	verilator: driver t_multitop_xref.py expects success
verilator	test_regress/t/t_name_collision.v	pass	must_accept	match	verilator: driver t_name_collision.py expects success
verilator	test_regress/t/t_nba_assign_on_rhs.v	pass	must_accept	match	verilator: driver t_nba_assign_on_rhs.py expects success
verilator	test_regress/t/t_nba_commit_queue.v	fail	must_accept	divergence:explained_svpp_macro_use	verilator: driver t_nba_commit_queue.py expects success
verilator	test_regress/t/t_nba_commit_queue_suspenable.v	fail	must_accept	divergence:explained_svpp_macro_use	verilator: driver t_nba_commit_queue_suspenable.py expects success
verilator	test_regress/t/t_nba_hier.v	fail	must_accept	divergence:explained_svpp_macro_use	verilator: driver t_nba_hier.py expects success
verilator	test_regress/t/t_nba_mixed_update_clocked.v	fail	must_accept	divergence:explained_svpp_macro_use	verilator: driver t_nba_mixed_update_clocked.py expects success
verilator	test_regress/t/t_nba_mixed_update_comb.v	fail	must_accept	divergence:explained_svpp_macro_use	verilator: driver t_nba_mixed_update_comb.py expects success
verilator	test_regress/t/t_nba_shared_flag_reuse.v	fail	must_accept	divergence:explained_svpp_macro_use	verilator: driver t_nba_shared_flag_reuse.py expects success
verilator	test_regress/t/t_nba_struct_array.v	fail	must_accept	divergence:explained_svpp_macro_use	verilator: driver t_nba_struct_array.py expects success
verilator	test_regress/t/t_net_delay.v	fail	must_accept	divergence:explained_svpp_macro_use	verilator: driver t_net_delay.py fails=True but golden .out is a post-parse tool error (lint/elab/unsupported) - syntax valid
verilator	test_regress/t/t_net_dtype_bad.v	pass	must_accept	match	verilator: driver t_net_dtype_bad.py fails=True but golden .out is a post-parse tool error (lint/elab/unsupported) - syntax valid
verilator	test_regress/t/t_nettype.v	pass	must_accept	match	verilator: driver t_nettype.py fails=True but golden .out is a post-parse tool error (lint/elab/unsupported) - syntax valid
verilator	test_regress/t/t_no_sel_assign_merge_in_cpp.v	pass	must_accept	match	verilator: driver t_no_sel_assign_merge_in_cpp.py expects success
verilator	test_regress/t/t_no_std_bad.v	pass	must_accept	match	verilator: driver t_no_std_bad.py fails=True but golden .out is a post-parse tool error (lint/elab/unsupported) - syntax valid
verilator	test_regress/t/t_noninl_port_type.v	fail	must_accept	divergence:explained_svpp_macro_use	verilator: driver t_noninl_port_type.py expects success
verilator	test_regress/t/t_notiming.v	pass	must_accept	match	verilator: driver t_notiming.py fails=True but golden .out is a post-parse tool error (lint/elab/unsupported) - syntax valid
verilator	test_regress/t/t_oob_2state_array.v	fail	must_accept	divergence:explained_svpp_macro_use	verilator: driver t_oob_2state_array.py expects success
verilator	test_regress/t/t_opt_0.v	pass	must_accept	match	verilator: driver t_opt_0.py expects success
verilator	test_regress/t/t_opt_assemble_cellarray.v	fail	must_accept	divergence:explained_svpp_macro_use	verilator: driver t_opt_assemble_cellarray.py expects success
verilator	test_regress/t/t_opt_balance_cats.v	pass	must_accept	match	verilator: driver t_opt_balance_cats.py expects success
verilator	test_regress/t/t_opt_cond_double.v	fail	must_accept	divergence:explained_svpp_macro_use	verilator: driver t_opt_cond_double.py expects success
verilator	test_regress/t/t_opt_const.v	fail	must_accept	divergence:explained_svpp_macro_use	verilator: driver t_opt_const.py expects success
verilator	test_regress/t/t_opt_const_big_or_tree.v	pass	must_accept	match	verilator: driver t_opt_const_big_or_tree.py expects success
verilator	test_regress/t/t_opt_const_cond_redundant.v	fail	must_accept	divergence:explained_svpp_conditional	verilator: driver t_opt_const_cond_redundant.py expects success
verilator	test_regress/t/t_opt_const_cov.v	fail	must_accept	divergence:explained_svpp_macro_use	verilator: driver t_opt_const_cov.py expects success
verilator	test_regress/t/t_opt_const_or.v	fail	must_accept	divergence:explained_svpp_macro_use	verilator: driver t_opt_const_or.py expects success
verilator	test_regress/t/t_opt_const_red.v	fail	must_accept	divergence:explained_svpp_macro_use	verilator: driver t_opt_const_red.py expects success
verilator	test_regress/t/t_opt_const_shortcut.v	fail	must_accept	divergence:explained_svpp_macro_use	verilator: driver t_opt_const_shortcut.py expects success
verilator	test_regress/t/t_opt_dead.v	pass	must_accept	match	verilator: driver t_opt_dead.py expects success
verilator	test_regress/t/t_opt_dead_enumpkg.v	pass	must_accept	match	verilator: driver t_opt_dead_enumpkg.py expects success
verilator	test_regress/t/t_opt_dead_noassigns.v	pass	must_accept	match	verilator: driver t_opt_dead_noassigns.py expects success
verilator	test_regress/t/t_opt_dead_nocells.v	pass	must_accept	match	verilator: driver t_opt_dead_nocells.py expects success
verilator	test_regress/t/t_opt_dead_task.v	pass	must_accept	match	verilator: driver t_opt_dead_task.py expects success
verilator	test_regress/t/t_opt_dedupe_clk_gate.v	pass	must_accept	match	verilator: driver t_opt_dedupe_clk_gate.py expects success
verilator	test_regress/t/t_opt_dedupe_seq_logic.v	pass	must_accept	match	verilator: driver t_opt_dedupe_seq_logic.py expects success
verilator	test_regress/t/t_opt_expand_keep_widths.v	pass	must_accept	match	verilator: driver t_opt_expand_keep_widths.py expects success
verilator	test_regress/t/t_opt_gate_blow_up.v	pass	must_accept	match	verilator: driver t_opt_gate_blow_up.py expects success
verilator	test_regress/t/t_opt_if_array.v	pass	must_accept	match	verilator: driver t_opt_if_array.py expects success
verilator	test_regress/t/t_opt_ifjumpgo.v	pass	must_accept	match	verilator: driver t_opt_ifjumpgo.py expects success
verilator	test_regress/t/t_opt_inline_cfuncs.v	pass	must_accept	match	verilator: driver t_opt_inline_cfuncs.py expects success
verilator	test_regress/t/t_opt_inline_cfuncs_threshold.v	pass	must_accept	match	verilator: driver t_opt_inline_cfuncs_threshold.py expects success
verilator	test_regress/t/t_opt_inline_funcs.v	fail	must_accept	divergence:explained_svpp_macro_use	verilator: driver t_opt_inline_funcs.py expects success
verilator	test_regress/t/t_opt_life.v	pass	must_accept	match	verilator: driver t_opt_life.py expects success
verilator	test_regress/t/t_opt_life_dpi_read.v	fail	must_accept	divergence:explained_svpp_macro_use	verilator: driver t_opt_life_dpi_read.py expects success
verilator	test_regress/t/t_opt_life_dpi_written.v	fail	must_accept	divergence:explained_svpp_macro_use	verilator: driver t_opt_life_dpi_written.py expects success
verilator	test_regress/t/t_opt_life_timing_loop.v	fail	must_accept	divergence:explained_svpp_macro_use	verilator: driver t_opt_life_timing_loop.py expects success
verilator	test_regress/t/t_opt_lift_expr.v	fail	must_accept	divergence:explained_svpp_macro_use	verilator: driver t_opt_lift_expr.py expects success
verilator	test_regress/t/t_opt_localize_deep.v	fail	must_accept	divergence:explained_svpp_macro_use	verilator: driver t_opt_localize_deep.py expects success
verilator	test_regress/t/t_opt_localize_max_size.v	pass	must_accept	match	verilator: driver t_opt_localize_max_size.py expects success
verilator	test_regress/t/t_opt_merge_cond.v	fail	must_accept	divergence:explained_svpp_macro_use	verilator: driver t_opt_merge_cond.py expects success
verilator	test_regress/t/t_opt_merge_cond_blowup.v	fail	must_accept	divergence:unexplained_rejects_valid	verilator: driver t_opt_merge_cond_blowup.py expects success
verilator	test_regress/t/t_opt_merge_cond_bug_3409.v	fail	must_accept	divergence:explained_svpp_macro_use	verilator: driver t_opt_merge_cond_bug_3409.py expects success
verilator	test_regress/t/t_opt_merge_cond_motion_branch.v	pass	must_accept	match	verilator: driver t_opt_merge_cond_motion_branch.py expects success
verilator	test_regress/t/t_opt_merge_cond_no_extend.v	pass	must_accept	match	verilator: driver t_opt_merge_cond_no_extend.py expects success
verilator	test_regress/t/t_opt_merge_cond_relaxed.v	fail	must_accept	divergence:explained_svpp_macro_use	verilator: driver t_opt_merge_cond_relaxed.py expects success
verilator	test_regress/t/t_opt_redor.v	fail	must_accept	divergence:explained_svpp_macro_use	verilator: driver t_opt_redor.py expects success
verilator	test_regress/t/t_opt_slice.v	pass	must_accept	match	verilator: driver t_opt_slice.py expects success
verilator	test_regress/t/t_opt_slice_element_limit.v	pass	must_accept	match	verilator: driver t_opt_slice_element_limit.py expects success
verilator	test_regress/t/t_opt_subst.v	fail	must_accept	divergence:explained_svpp_conditional	verilator: driver t_opt_subst.py expects success
verilator	test_regress/t/t_opt_table_display.v	pass	must_accept	match	verilator: driver t_opt_table_display.py expects success
verilator	test_regress/t/t_opt_table_enum.v	pass	must_accept	match	verilator: driver t_opt_table_enum.py expects success
verilator	test_regress/t/t_opt_table_fsm.v	fail	must_accept	divergence:explained_svpp_macro_use	verilator: driver t_opt_table_fsm.py expects success
verilator	test_regress/t/t_opt_table_packed_array.v	pass	must_accept	match	verilator: driver t_opt_table_packed_array.py expects success
verilator	test_regress/t/t_opt_table_real.v	pass	must_accept	match	verilator: driver t_opt_table_real.py expects success
verilator	test_regress/t/t_opt_table_same.v	pass	must_accept	match	verilator: driver t_opt_table_same.py expects success
verilator	test_regress/t/t_opt_table_signed.v	pass	must_accept	match	verilator: driver t_opt_table_signed.py expects success
verilator	test_regress/t/t_opt_table_sparse.v	pass	must_accept	match	verilator: driver t_opt_table_sparse.py expects success
verilator	test_regress/t/t_opt_table_string.v	pass	must_accept	match	verilator: driver t_opt_table_string.py expects success
verilator	test_regress/t/t_opt_table_struct.v	pass	must_accept	match	verilator: driver t_opt_table_struct.py expects success
verilator	test_regress/t/t_order.v	pass	must_accept	match	verilator: driver t_order.py expects success
verilator	test_regress/t/t_order_2d.v	fail	must_accept	divergence:explained_svpp_macro_use	verilator: driver t_order_2d.py expects success
verilator	test_regress/t/t_order_a.v	pass	chained_only	deferred:chained_only	verilator: no same-stem driver and never a top_filename - include/companion fragment
verilator	test_regress/t/t_order_b.v	pass	chained_only	deferred:chained_only	verilator: no same-stem driver and never a top_filename - include/companion fragment
verilator	test_regress/t/t_order_blkandnblk_bad.v	pass	must_accept	match	verilator: driver t_order_blkandnblk_bad.py fails=True but golden .out is a post-parse tool error (lint/elab/unsupported) - syntax valid
verilator	test_regress/t/t_order_blkloopinit_bad.v	pass	must_accept	match	verilator: driver t_order_blkloopinit_bad.py fails=True but golden .out is a post-parse tool error (lint/elab/unsupported) - syntax valid
verilator	test_regress/t/t_order_clkinst.v	pass	must_accept	match	verilator: driver t_order_clkinst.py expects success
verilator	test_regress/t/t_order_comboclkloop.v	pass	must_accept	match	verilator: driver t_order_comboclkloop.py expects success
verilator	test_regress/t/t_order_comboloop.v	fail	must_accept	divergence:explained_svpp_conditional	verilator: driver t_order_comboloop.py expects success
verilator	test_regress/t/t_order_doubleloop.v	pass	must_accept	match	verilator: driver t_order_doubleloop.py expects success
verilator	test_regress/t/t_order_dpi_export_1.v	pass	must_accept	match	verilator: driver t_order_dpi_export_1.py expects success
verilator	test_regress/t/t_order_dpi_export_2.v	pass	must_accept	match	verilator: driver t_order_dpi_export_2.py expects success
verilator	test_regress/t/t_order_dpi_export_3.v	pass	must_accept	match	verilator: driver t_order_dpi_export_3.py expects success
verilator	test_regress/t/t_order_dpi_export_4.v	pass	must_accept	match	verilator: driver t_order_dpi_export_4.py expects success
verilator	test_regress/t/t_order_dpi_export_5.v	pass	must_accept	match	verilator: driver t_order_dpi_export_5.py expects success
verilator	test_regress/t/t_order_dpi_export_6.v	pass	must_accept	match	verilator: driver t_order_dpi_export_6.py expects success
verilator	test_regress/t/t_order_dpi_export_7.v	pass	must_accept	match	verilator: driver t_order_dpi_export_7.py expects success
verilator	test_regress/t/t_order_dpi_export_8.v	pass	must_accept	match	verilator: driver t_order_dpi_export_8.py expects success
verilator	test_regress/t/t_order_first.v	pass	must_accept	match	verilator: driver t_order_first.py expects success
verilator	test_regress/t/t_order_loop_bad.v	pass	must_accept	match	verilator: driver t_order_loop_bad.py expects success
verilator	test_regress/t/t_order_multialways.v	pass	must_accept	match	verilator: driver t_order_multialways.py expects success
verilator	test_regress/t/t_order_multidriven.v	fail	must_accept	divergence:explained_svpp_conditional	verilator: driver t_order_multidriven.py expects success
verilator	test_regress/t/t_order_quad.v	pass	must_accept	match	verilator: driver t_order_quad.py expects success
verilator	test_regress/t/t_order_wireloop.v	pass	must_accept	match	verilator: driver t_order_wireloop.py fails=True but golden .out is a post-parse tool error (lint/elab/unsupported) - syntax valid
verilator	test_regress/t/t_package.v	pass	must_accept	match	verilator: driver t_package.py expects success
verilator	test_regress/t/t_package_abs.v	pass	must_accept	match	verilator: driver t_package_abs.py expects success
verilator	test_regress/t/t_package_alone_bad.v	pass	must_accept	match	verilator: driver t_package_alone_bad.py fails=True but golden .out is a post-parse tool error (lint/elab/unsupported) - syntax valid
verilator	test_regress/t/t_package_ddecl.v	pass	must_accept	match	verilator: driver t_package_ddecl.py expects success
verilator	test_regress/t/t_package_dimport.v	pass	must_accept	match	verilator: driver t_package_dimport.py expects success
verilator	test_regress/t/t_package_dot.v	pass	must_accept	match	verilator: driver t_package_dot.py expects success
verilator	test_regress/t/t_package_dup_bad.v	pass	must_accept	match	verilator: driver t_package_dup_bad.py fails=True but golden .out is a post-parse tool error (lint/elab/unsupported) - syntax valid
verilator	test_regress/t/t_package_dup_bad2.v	pass	must_accept	match	verilator: driver t_package_dup_bad2.py fails=True but golden .out is a post-parse tool error (lint/elab/unsupported) - syntax valid
verilator	test_regress/t/t_package_enum.v	pass	must_accept	match	verilator: driver t_package_enum.py expects success
verilator	test_regress/t/t_package_export.v	fail	must_accept	divergence:explained_svpp_conditional	verilator: driver t_package_export.py expects success
verilator	test_regress/t/t_package_export_bad2.v	pass	must_accept	match	verilator: driver t_package_export_bad2.py fails=True but golden .out is a post-parse tool error (lint/elab/unsupported) - syntax valid
verilator	test_regress/t/t_package_identifier_bad.v	pass	must_accept	match	verilator: driver t_package_identifier_bad.py fails=True but golden .out is a post-parse tool error (lint/elab/unsupported) - syntax valid
verilator	test_regress/t/t_package_import_bad2.v	pass	must_accept	match	verilator: driver t_package_import_bad2.py fails=True but golden .out is a post-parse tool error (lint/elab/unsupported) - syntax valid
verilator	test_regress/t/t_package_import_override.v	pass	must_accept	match	verilator: driver t_package_import_override.py expects success
verilator	test_regress/t/t_package_import_param.v	pass	must_accept	match	verilator: driver t_package_import_param.py expects success
verilator	test_regress/t/t_package_local_bad.v	pass	must_accept	match	verilator: driver t_package_local_bad.py fails=True but golden .out is a post-parse tool error (lint/elab/unsupported) - syntax valid
verilator	test_regress/t/t_package_param.v	pass	must_accept	match	verilator: driver t_package_param.py expects success
verilator	test_regress/t/t_package_struct.v	pass	must_accept	match	verilator: driver t_package_struct.py expects success
verilator	test_regress/t/t_package_twodeep.v	pass	must_accept	match	verilator: driver t_package_twodeep.py expects success
verilator	test_regress/t/t_package_using_dollar_unit.v	fail	must_accept	divergence:explained_svpp_macro_use	verilator: driver t_package_using_dollar_unit.py expects success
verilator	test_regress/t/t_package_verb.v	pass	must_accept	match	verilator: driver t_package_verb.py expects success
verilator	test_regress/t/t_packed_concat.v	pass	chained_only	deferred:chained_only	verilator: no same-stem driver and never a top_filename - include/companion fragment
verilator	test_regress/t/t_packed_concat_bad.v	pass	must_accept	match	verilator: driver t_packed_concat_bad.py fails=True but golden .out is a post-parse tool error (lint/elab/unsupported) - syntax valid
verilator	test_regress/t/t_param.v	fail	must_accept	divergence:unexplained_rejects_valid	verilator: driver t_param.py expects success
verilator	test_regress/t/t_param_array.v	pass	must_accept	match	verilator: driver t_param_array.py expects success
verilator	test_regress/t/t_param_array2.v	pass	must_accept	match	verilator: driver t_param_array2.py expects success
verilator	test_regress/t/t_param_array3.v	pass	must_accept	match	verilator: driver t_param_array3.py expects success
verilator	test_regress/t/t_param_array4.v	pass	must_accept	match	verilator: driver t_param_array4.py expects success
verilator	test_regress/t/t_param_array5.v	pass	must_accept	match	verilator: driver t_param_array5.py expects success
verilator	test_regress/t/t_param_array6.v	fail	must_accept	divergence:explained_svpp_conditional	verilator: driver t_param_array6.py expects success
verilator	test_regress/t/t_param_array7.v	pass	must_accept	match	verilator: driver t_param_array7.py expects success
verilator	test_regress/t/t_param_array8.v	pass	must_accept	match	verilator: driver t_param_array8.py expects success
verilator	test_regress/t/t_param_array9.v	pass	must_accept	match	verilator: driver t_param_array9.py expects success
verilator	test_regress/t/t_param_avec.v	fail	must_accept	divergence:explained_svpp_macro_use	verilator: driver t_param_avec.py expects success
verilator	test_regress/t/t_param_bit_sel.v	pass	must_accept	match	verilator: driver t_param_bit_sel.py expects success
verilator	test_regress/t/t_param_bracket.v	pass	must_accept	match	verilator: driver t_param_bracket.py expects success
verilator	test_regress/t/t_param_cast_default.v	fail	must_accept	divergence:explained_svpp_macro_use	verilator: driver t_param_cast_default.py expects success
verilator	test_regress/t/t_param_ceil.v	pass	must_accept	match	verilator: driver t_param_ceil.py expects success
verilator	test_regress/t/t_param_chain.v	pass	must_accept	match	verilator: driver t_param_chain.py expects success
verilator	test_regress/t/t_param_circ_bad.v	pass	must_accept	match	verilator: driver t_param_circ_bad.py fails=True but golden .out is a post-parse tool error (lint/elab/unsupported) - syntax valid
verilator	test_regress/t/t_param_concat.v	pass	must_accept	match	verilator: driver t_param_concat.py expects success
verilator	test_regress/t/t_param_const_part.v	pass	must_accept	match	verilator: driver t_param_const_part.py expects success
verilator	test_regress/t/t_param_ddeep_width.v	pass	must_accept	match	verilator: driver t_param_ddeep_width.py expects success
verilator	test_regress/t/t_param_default.v	pass	must_accept	match	verilator: driver t_param_default.py expects success
verilator	test_regress/t/t_param_default_2.v	pass	must_accept	match	verilator: driver t_param_default_2.py expects success
verilator	test_regress/t/t_param_default_bad.v	pass	must_accept	match	verilator: driver t_param_default_bad.py fails=True but golden .out is a post-parse tool error (lint/elab/unsupported) - syntax valid
verilator	test_regress/t/t_param_default_override.v	pass	must_accept	match	verilator: driver t_param_default_override.py expects success
verilator	test_regress/t/t_param_first.v	pass	must_accept	match	verilator: driver t_param_first.py expects success
verilator	test_regress/t/t_param_first_a.v	pass	chained_only	deferred:chained_only	verilator: no same-stem driver and never a top_filename - include/companion fragment
verilator	test_regress/t/t_param_first_b.v	pass	chained_only	deferred:chained_only	verilator: no same-stem driver and never a top_filename - include/companion fragment
verilator	test_regress/t/t_param_func.v	pass	must_accept	match	verilator: driver t_param_func.py expects success
verilator	test_regress/t/t_param_func2.v	pass	must_accept	match	verilator: driver t_param_func2.py expects success
verilator	test_regress/t/t_param_hier_bad.v	fail	must_accept	divergence:explained_svpp_macro_use	verilator: driver t_param_hier_bad.py fails=True but golden .out is a post-parse tool error (lint/elab/unsupported) - syntax valid
verilator	test_regress/t/t_param_if_blk.v	fail	must_accept	divergence:explained_svpp_macro_use	verilator: driver t_param_if_blk.py expects success
verilator	test_regress/t/t_param_implicit_bad.v	fail	must_accept	divergence:unexplained_rejects_valid	verilator: driver t_param_implicit_bad.py fails=True but golden .out is a post-parse tool error (lint/elab/unsupported) - syntax valid
verilator	test_regress/t/t_param_implicit_local_bad.v	fail	must_accept	divergence:explained_svpp_macro_use	verilator: driver t_param_implicit_local_bad.py fails=True but golden .out is a post-parse tool error (lint/elab/unsupported) - syntax valid
verilator	test_regress/t/t_param_implicit_string.v	fail	must_accept	divergence:explained_svpp_macro_use	verilator: driver t_param_implicit_string.py expects success
verilator	test_regress/t/t_param_in_func.v	fail	must_accept	divergence:explained_svpp_conditional	verilator: driver t_param_in_func.py expects success
verilator	test_regress/t/t_param_local.v	pass	must_accept	match	verilator: driver t_param_local.py expects success
verilator	test_regress/t/t_param_localparam_recompute.v	pass	must_accept	match	verilator: driver t_param_localparam_recompute.py expects success
verilator	test_regress/t/t_param_long.v	pass	must_accept	match	verilator: driver t_param_long.py expects success
verilator	test_regress/t/t_param_mem_attr.v	pass	must_accept	match	verilator: driver t_param_mem_attr.py expects success
verilator	test_regress/t/t_param_mintypmax.v	pass	must_accept	match	verilator: driver t_param_mintypmax.py expects success
verilator	test_regress/t/t_param_module.v	pass	must_accept	match	verilator: driver t_param_module.py expects success
verilator	test_regress/t/t_param_named.v	pass	must_accept	match	verilator: driver t_param_named.py expects success
verilator	test_regress/t/t_param_named_2.v	pass	must_accept	match	verilator: driver t_param_named_2.py expects success
verilator	test_regress/t/t_param_no_parentheses.v	fail	must_accept	divergence:unexplained_rejects_valid	verilator: driver t_param_no_parentheses.py expects success
verilator	test_regress/t/t_param_noval_bad.v	pass	must_accept	match	verilator: driver t_param_noval_bad.py fails=True but golden .out is a post-parse tool error (lint/elab/unsupported) - syntax valid
verilator	test_regress/t/t_param_order.v	fail	must_accept	divergence:explained_svpp_macro_use	verilator: driver t_param_order.py expects success
verilator	test_regress/t/t_param_package.v	pass	must_accept	match	verilator: driver t_param_package.py expects success
verilator	test_regress/t/t_param_passed_to_port.v	pass	must_accept	match	verilator: driver t_param_passed_to_port.py expects success
verilator	test_regress/t/t_param_pattern.v	fail	must_accept	divergence:explained_svpp_macro_use	verilator: driver t_param_pattern.py expects success
verilator	test_regress/t/t_param_pattern2.v	pass	must_accept	match	verilator: driver t_param_pattern2.py expects success
verilator	test_regress/t/t_param_pattern3.v	pass	must_accept	match	verilator: driver t_param_pattern3.py expects success
verilator	test_regress/t/t_param_pattern_init.v	fail	must_accept	divergence:explained_svpp_macro_use	verilator: driver t_param_pattern_init.py expects success
verilator	test_regress/t/t_param_pattern_init_scope.v	fail	must_accept	divergence:explained_svpp_macro_use	verilator: driver t_param_pattern_init_scope.py expects success
verilator	test_regress/t/t_param_public.v	fail	must_accept	divergence:explained_svpp_conditional	verilator: driver t_param_public.py expects success
verilator	test_regress/t/t_param_real.v	pass	must_accept	match	verilator: driver t_param_real.py expects success
verilator	test_regress/t/t_param_real2.v	pass	must_accept	match	verilator: driver t_param_real2.py expects success
verilator	test_regress/t/t_param_repl.v	pass	must_accept	match	verilator: driver t_param_repl.py expects success
verilator	test_regress/t/t_param_resolve_args.v	pass	must_accept	match	verilator: driver t_param_resolve_args.py expects success
verilator	test_regress/t/t_param_scope_bad.v	pass	must_accept	match	verilator: driver t_param_scope_bad.py fails=True but golden .out is a post-parse tool error (lint/elab/unsupported) - syntax valid
verilator	test_regress/t/t_param_seg.v	pass	must_accept	match	verilator: driver t_param_seg.py expects success
verilator	test_regress/t/t_param_sel.v	fail	must_accept	divergence:explained_svpp_macro_use	verilator: driver t_param_sel.py expects success
verilator	test_regress/t/t_param_sel_range1.v	pass	must_accept	match	verilator: driver t_param_sel_range1.py expects success
verilator	test_regress/t/t_param_shift.v	pass	must_accept	match	verilator: driver t_param_shift.py expects success
verilator	test_regress/t/t_param_slice.v	pass	must_accept	match	verilator: driver t_param_slice.py expects success
verilator	test_regress/t/t_param_store_bad.v	pass	must_accept	match	verilator: driver t_param_store_bad.py fails=True but golden .out is a post-parse tool error (lint/elab/unsupported) - syntax valid
verilator	test_regress/t/t_param_type.v	pass	must_accept	match	verilator: driver t_param_type.py expects success
verilator	test_regress/t/t_param_type2.v	pass	must_accept	match	verilator: driver t_param_type2.py expects success
verilator	test_regress/t/t_param_type3.v	pass	must_accept	match	verilator: driver t_param_type3.py expects success
verilator	test_regress/t/t_param_type4.v	pass	must_accept	match	verilator: driver t_param_type4.py expects success
verilator	test_regress/t/t_param_type5.v	pass	must_accept	match	verilator: driver t_param_type5.py expects success
verilator	test_regress/t/t_param_type6.v	pass	must_accept	match	verilator: driver t_param_type6.py expects success
verilator	test_regress/t/t_param_type_bad.v	fail	must_accept	divergence:unexplained_rejects_valid	verilator: driver t_param_type_bad.py fails=True but golden .out is a post-parse tool error (lint/elab/unsupported) - syntax valid
verilator	test_regress/t/t_param_type_bad2.v	pass	must_accept	match	verilator: driver t_param_type_bad2.py fails=True but golden .out is a post-parse tool error (lint/elab/unsupported) - syntax valid
verilator	test_regress/t/t_param_type_bad3.v	fail	must_accept	divergence:unexplained_rejects_valid	verilator: driver t_param_type_bad3.py fails=True but golden .out is a post-parse tool error (lint/elab/unsupported) - syntax valid
verilator	test_regress/t/t_param_type_bit.v	pass	must_accept	match	verilator: driver t_param_type_bit.py expects success
verilator	test_regress/t/t_param_type_chain.v	pass	must_accept	match	verilator: driver t_param_type_chain.py expects success
verilator	test_regress/t/t_param_type_cmp.v	pass	must_accept	match	verilator: driver t_param_type_cmp.py expects success
verilator	test_regress/t/t_param_type_dep_chain.v	pass	must_accept	match	verilator: driver t_param_type_dep_chain.py expects success
verilator	test_regress/t/t_param_type_dep_cross_inst.v	pass	must_accept	match	verilator: driver t_param_type_dep_cross_inst.py expects success
verilator	test_regress/t/t_param_type_dep_deep.v	pass	must_accept	match	verilator: driver t_param_type_dep_deep.py expects success
verilator	test_regress/t/t_param_type_dep_hash_norm.v	pass	must_accept	match	verilator: driver t_param_type_dep_hash_norm.py expects success
verilator	test_regress/t/t_param_type_dep_hier.v	pass	must_accept	match	verilator: driver t_param_type_dep_hier.py expects success
verilator	test_regress/t/t_param_type_dep_recompute.v	pass	must_accept	match	verilator: driver t_param_type_dep_recompute.py expects success
verilator	test_regress/t/t_param_type_dep_struct.v	pass	must_accept	match	verilator: driver t_param_type_dep_struct.py expects success
verilator	test_regress/t/t_param_type_from_iface_struct.v	fail	must_accept	divergence:unexplained_rejects_valid	verilator: driver t_param_type_from_iface_struct.py expects success
verilator	test_regress/t/t_param_type_fwd.v	fail	must_accept	divergence:unexplained_rejects_valid	verilator: driver t_param_type_fwd.py expects success
verilator	test_regress/t/t_param_type_fwd_bad.v	fail	must_accept	divergence:unexplained_rejects_valid	verilator: driver t_param_type_fwd_bad.py fails=True but golden .out is a post-parse tool error (lint/elab/unsupported) - syntax valid
verilator	test_regress/t/t_param_type_id_bad.v	fail	must_accept	divergence:unexplained_rejects_valid	verilator: driver t_param_type_id_bad.py fails=True but golden .out is a post-parse tool error (lint/elab/unsupported) - syntax valid
verilator	test_regress/t/t_param_type_struct_member.v	pass	must_accept	match	verilator: driver t_param_type_struct_member.py expects success
verilator	test_regress/t/t_param_type_struct_member2.v	fail	must_accept	divergence:explained_svpp_macro_use	verilator: driver t_param_type_struct_member2.py expects success
verilator	test_regress/t/t_param_typedef.v	pass	must_accept	match	verilator: driver t_param_typedef.py expects success
verilator	test_regress/t/t_param_typedef2.v	pass	must_accept	match	verilator: driver t_param_typedef2.py expects success
verilator	test_regress/t/t_param_unreachable.v	pass	must_accept	match	verilator: driver t_param_unreachable.py expects success
verilator	test_regress/t/t_param_up_bad.v	pass	must_accept	match	verilator: driver t_param_up_bad.py fails=True but golden .out is a post-parse tool error (lint/elab/unsupported) - syntax valid
verilator	test_regress/t/t_param_value.v	fail	must_accept	divergence:explained_svpp_macro_use	verilator: driver t_param_value.py expects success
verilator	test_regress/t/t_param_while.v	pass	must_accept	match	verilator: driver t_param_while.py expects success
verilator	test_regress/t/t_param_wide_io.v	pass	must_accept	match	verilator: driver t_param_wide_io.py expects success
verilator	test_regress/t/t_param_width.v	pass	must_accept	match	verilator: driver t_param_width.py expects success
verilator	test_regress/t/t_param_width_loc_bad.v	pass	must_accept	match	verilator: driver t_param_width_loc_bad.py fails=True but golden .out is a post-parse tool error (lint/elab/unsupported) - syntax valid
verilator	test_regress/t/t_param_x_unique.v	pass	must_accept	match	verilator: driver t_param_x_unique.py expects success
verilator	test_regress/t/t_paramgraph_ascrange_prelim_cfg.v	fail	must_accept	divergence:explained_svpp_macro_use	verilator: driver t_paramgraph_ascrange_prelim_cfg.py expects success
verilator	test_regress/t/t_paramgraph_bisect1.v	fail	must_accept	divergence:explained_svpp_macro_use	verilator: driver t_paramgraph_bisect1.py expects success
verilator	test_regress/t/t_paramgraph_bits_corruption.v	fail	must_accept	divergence:explained_svpp_macro_use	verilator: driver t_paramgraph_bits_corruption.py expects success
verilator	test_regress/t/t_paramgraph_bits_iface_typedef.v	fail	must_accept	divergence:unexplained_rejects_valid	verilator: driver t_paramgraph_bits_iface_typedef.py expects success
verilator	test_regress/t/t_paramgraph_cloned_refdtype.v	pass	must_accept	match	verilator: driver t_paramgraph_cloned_refdtype.py expects success
verilator	test_regress/t/t_paramgraph_comined_iface.v	fail	must_accept	divergence:explained_svpp_macro_use	verilator: driver t_paramgraph_comined_iface.py expects success
verilator	test_regress/t/t_paramgraph_iface_array_ports.v	fail	must_accept	divergence:explained_svpp_macro_use	verilator: driver t_paramgraph_iface_array_ports.py expects success
verilator	test_regress/t/t_paramgraph_iface_cfg_zero.v	fail	must_accept	divergence:explained_svpp_macro_use	verilator: driver t_paramgraph_iface_cfg_zero.py expects success
verilator	test_regress/t/t_paramgraph_iface_deadmod.v	pass	must_accept	match	verilator: driver t_paramgraph_iface_deadmod.py expects success
verilator	test_regress/t/t_paramgraph_iface_dependency1.v	fail	must_accept	divergence:explained_svpp_macro_use	verilator: driver t_paramgraph_iface_dependency1.py expects success
verilator	test_regress/t/t_paramgraph_iface_dependency2.v	fail	must_accept	divergence:explained_svpp_macro_use	verilator: driver t_paramgraph_iface_dependency2.py expects success
verilator	test_regress/t/t_paramgraph_iface_dependency3.v	fail	must_accept	divergence:explained_svpp_macro_use	verilator: driver t_paramgraph_iface_dependency3.py expects success
verilator	test_regress/t/t_paramgraph_iface_param_from_port.v	fail	must_accept	divergence:explained_svpp_macro_use	verilator: driver t_paramgraph_iface_param_from_port.py expects success
verilator	test_regress/t/t_paramgraph_iface_pin.v	fail	must_accept	divergence:explained_svpp_macro_use	verilator: driver t_paramgraph_iface_pin.py expects success
verilator	test_regress/t/t_paramgraph_iface_port_typedef.v	fail	must_accept	divergence:explained_svpp_macro_use	verilator: driver t_paramgraph_iface_port_typedef.py expects success
verilator	test_regress/t/t_paramgraph_iface_template_mismatch.v	fail	must_accept	divergence:explained_svpp_macro_use	verilator: driver t_paramgraph_iface_template_mismatch.py expects success
verilator	test_regress/t/t_paramgraph_iface_template_mismatch2.v	fail	must_accept	divergence:explained_svpp_macro_use	verilator: driver t_paramgraph_iface_template_mismatch2.py expects success
verilator	test_regress/t/t_paramgraph_iface_template_mismatch3.v	fail	must_accept	divergence:explained_svpp_macro_use	verilator: driver t_paramgraph_iface_template_mismatch3.py expects success
verilator	test_regress/t/t_paramgraph_iface_template_nested.v	fail	must_accept	divergence:explained_svpp_macro_use	verilator: driver t_paramgraph_iface_template_nested.py expects success
verilator	test_regress/t/t_paramgraph_member_refdtype.v	fail	must_accept	divergence:explained_svpp_macro_use	verilator: driver t_paramgraph_member_refdtype.py expects success
verilator	test_regress/t/t_paramgraph_member_refdtype_iface_chain.v	fail	must_accept	divergence:explained_svpp_macro_use	verilator: driver t_paramgraph_member_refdtype_iface_chain.py expects success
verilator	test_regress/t/t_paramgraph_member_refdtype_iface_struct.v	fail	must_accept	divergence:explained_svpp_macro_use	verilator: driver t_paramgraph_member_refdtype_iface_struct.py expects success
verilator	test_regress/t/t_paramgraph_member_refdtype_iface_typedef.v	fail	must_accept	divergence:explained_svpp_macro_use	verilator: driver t_paramgraph_member_refdtype_iface_typedef.py expects success
verilator	test_regress/t/t_paramgraph_member_refdtype_pkg_iface.v	fail	must_accept	divergence:explained_svpp_macro_use	verilator: driver t_paramgraph_member_refdtype_pkg_iface.py expects success
verilator	test_regress/t/t_paramgraph_minimal_sibling.v	fail	must_accept	divergence:explained_svpp_macro_use	verilator: driver t_paramgraph_minimal_sibling.py expects success
verilator	test_regress/t/t_paramgraph_nested_iface_typedef.v	fail	must_accept	divergence:explained_svpp_macro_use	verilator: driver t_paramgraph_nested_iface_typedef.py expects success
verilator	test_regress/t/t_paramgraph_param_not_const.v	fail	must_accept	divergence:explained_svpp_macro_use	verilator: driver t_paramgraph_param_not_const.py expects success
verilator	test_regress/t/t_paramgraph_paramtype_cast.v	fail	must_accept	divergence:explained_svpp_macro_use	verilator: driver t_paramgraph_paramtype_cast.py expects success
verilator	test_regress/t/t_paramgraph_paramtype_default.v	pass	must_accept	match	verilator: driver t_paramgraph_paramtype_default.py expects success
verilator	test_regress/t/t_paramgraph_paramtype_range.v	fail	must_accept	divergence:explained_svpp_macro_use	verilator: driver t_paramgraph_paramtype_range.py expects success
verilator	test_regress/t/t_paramgraph_refdtype_iface.v	fail	must_accept	divergence:explained_svpp_macro_use	verilator: driver t_paramgraph_refdtype_iface.py expects success
verilator	test_regress/t/t_paramgraph_refdtype_unlinked.v	fail	must_accept	divergence:explained_svpp_macro_use	verilator: driver t_paramgraph_refdtype_unlinked.py expects success
verilator	test_regress/t/t_paramgraph_selbit_dtype.v	pass	must_accept	match	verilator: driver t_paramgraph_selbit_dtype.py expects success
verilator	test_regress/t/t_paramgraph_simple_cache_localparam_cfg.v	fail	must_accept	divergence:explained_svpp_macro_use	verilator: driver t_paramgraph_simple_cache_localparam_cfg.py expects success
verilator	test_regress/t/t_paramgraph_simple_cache_types_if.v	fail	must_accept	divergence:explained_svpp_macro_use	verilator: driver t_paramgraph_simple_cache_types_if.py expects success
verilator	test_regress/t/t_parse_delay.v	pass	must_accept	match	verilator: driver t_parse_delay.py expects success
verilator	test_regress/t/t_parse_eof_attr_bad.v	fail	must_accept	divergence:unexplained_rejects_valid	verilator: driver t_parse_eof_attr_bad.py fails=True but golden .out is a post-parse tool error (lint/elab/unsupported) - syntax valid
verilator	test_regress/t/t_parse_eof_qqq_bad.v	fail	must_accept	divergence:unexplained_rejects_valid	verilator: driver t_parse_eof_qqq_bad.py fails=True but golden .out is a post-parse tool error (lint/elab/unsupported) - syntax valid
verilator	test_regress/t/t_parse_eof_str_bad.v	fail	must_reject	match	verilator: driver t_parse_eof_str_bad.py fails=True and golden .out reports a syntax error
verilator	test_regress/t/t_parse_sync_bad.v	fail	must_reject	match	verilator: driver t_parse_sync_bad.py fails=True and golden .out reports a syntax error
verilator	test_regress/t/t_parse_sync_bad2.v	fail	must_accept	divergence:unexplained_rejects_valid	verilator: driver t_parse_sync_bad2.py fails=True but golden .out is a post-parse tool error (lint/elab/unsupported) - syntax valid
verilator	test_regress/t/t_past.v	pass	must_accept	match	verilator: driver t_past.py expects success
verilator	test_regress/t/t_past_bad.v	pass	must_accept	match	verilator: driver t_past_bad.py fails=True but golden .out is a post-parse tool error (lint/elab/unsupported) - syntax valid
verilator	test_regress/t/t_past_funcs.v	pass	must_accept	match	verilator: driver t_past_funcs.py expects success
verilator	test_regress/t/t_past_strobe.v	pass	must_accept	match	verilator: driver t_past_strobe.py expects success
verilator	test_regress/t/t_past_unsup.v	fail	must_accept	divergence:unexplained_rejects_valid	verilator: driver t_past_unsup.py fails=True but golden .out is a post-parse tool error (lint/elab/unsupported) - syntax valid
verilator	test_regress/t/t_pattern_unsup_xor.v	pass	must_accept	match	verilator: driver t_pattern_unsup_xor.py fails=True but golden .out is a post-parse tool error (lint/elab/unsupported) - syntax valid
verilator	test_regress/t/t_pgo_profoutofdate_bad.v	fail	must_accept	divergence:explained_svpp_macro_use	verilator: driver t_pgo_profoutofdate_bad.py fails=True but golden .out is a post-parse tool error (lint/elab/unsupported) - syntax valid
verilator	test_regress/t/t_pipe_filter.v	fail	must_accept	divergence:explained_svpp_include	verilator: driver t_pipe_filter.py expects success
verilator	test_regress/t/t_pli_bad.v	pass	must_accept	match	verilator: driver t_pli_bad.py fails=True but golden .out is a post-parse tool error (lint/elab/unsupported) - syntax valid
verilator	test_regress/t/t_pp_circ_subst_bad.v	pass	out_of_scope_with_cause	deferred:svpp_owned	verilator: preprocessor-target test (t_pp_*/t_preproc_*) - svpp-owned conformance
verilator	test_regress/t/t_pp_circdef_bad.v	fail	out_of_scope_with_cause	deferred:svpp_owned	verilator: preprocessor-target test (t_pp_*/t_preproc_*) - svpp-owned conformance
verilator	test_regress/t/t_pp_defkwd_bad.v	pass	out_of_scope_with_cause	deferred:svpp_owned	verilator: preprocessor-target test (t_pp_*/t_preproc_*) - svpp-owned conformance
verilator	test_regress/t/t_pp_defnettype_bad.v	pass	out_of_scope_with_cause	deferred:svpp_owned	verilator: preprocessor-target test (t_pp_*/t_preproc_*) - svpp-owned conformance
verilator	test_regress/t/t_pp_defparen_bad.v	fail	out_of_scope_with_cause	deferred:svpp_owned	verilator: preprocessor-target test (t_pp_*/t_preproc_*) - svpp-owned conformance
verilator	test_regress/t/t_pp_display.v	fail	out_of_scope_with_cause	deferred:svpp_owned	verilator: preprocessor-target test (t_pp_*/t_preproc_*) - svpp-owned conformance
verilator	test_regress/t/t_pp_dupdef.v	fail	out_of_scope_with_cause	deferred:svpp_owned	verilator: preprocessor-target test (t_pp_*/t_preproc_*) - svpp-owned conformance
verilator	test_regress/t/t_pp_dupdef_pragma_bad.v	fail	out_of_scope_with_cause	deferred:svpp_owned	verilator: preprocessor-target test (t_pp_*/t_preproc_*) - svpp-owned conformance
verilator	test_regress/t/t_pp_lib.v	fail	out_of_scope_with_cause	deferred:svpp_owned	verilator: preprocessor-target test (t_pp_*/t_preproc_*) - svpp-owned conformance
verilator	test_regress/t/t_pp_lib_library.v	fail	out_of_scope_with_cause	deferred:svpp_owned	verilator: preprocessor-target test (t_pp_*/t_preproc_*) - svpp-owned conformance
verilator	test_regress/t/t_pp_line.v	fail	out_of_scope_with_cause	deferred:svpp_owned	verilator: preprocessor-target test (t_pp_*/t_preproc_*) - svpp-owned conformance
verilator	test_regress/t/t_pp_line_bad.v	pass	out_of_scope_with_cause	deferred:svpp_owned	verilator: preprocessor-target test (t_pp_*/t_preproc_*) - svpp-owned conformance
verilator	test_regress/t/t_pp_misdef_bad.v	fail	out_of_scope_with_cause	deferred:svpp_owned	verilator: preprocessor-target test (t_pp_*/t_preproc_*) - svpp-owned conformance
verilator	test_regress/t/t_pp_pragma_bad.v	pass	out_of_scope_with_cause	deferred:svpp_owned	verilator: preprocessor-target test (t_pp_*/t_preproc_*) - svpp-owned conformance
verilator	test_regress/t/t_pp_pragmas.v	pass	out_of_scope_with_cause	deferred:svpp_owned	verilator: preprocessor-target test (t_pp_*/t_preproc_*) - svpp-owned conformance
verilator	test_regress/t/t_pp_recursedef_bad.v	fail	out_of_scope_with_cause	deferred:svpp_owned	verilator: preprocessor-target test (t_pp_*/t_preproc_*) - svpp-owned conformance
verilator	test_regress/t/t_pp_resetall_bad.v	fail	out_of_scope_with_cause	deferred:svpp_owned	verilator: preprocessor-target test (t_pp_*/t_preproc_*) - svpp-owned conformance
verilator	test_regress/t/t_pp_underline_bad.v	pass	out_of_scope_with_cause	deferred:svpp_owned	verilator: preprocessor-target test (t_pp_*/t_preproc_*) - svpp-owned conformance
verilator	test_regress/t/t_premit_rw.v	pass	must_accept	match	verilator: driver t_premit_rw.py expects success
verilator	test_regress/t/t_preproc.v	fail	must_accept	divergence:explained_svpp_include	verilator: driver t_preproc.py expects success
verilator	test_regress/t/t_preproc_cmtend_bad.v	pass	out_of_scope_with_cause	deferred:svpp_owned	verilator: preprocessor-target test (t_pp_*/t_preproc_*) - svpp-owned conformance
verilator	test_regress/t/t_preproc_debugi.v	pass	out_of_scope_with_cause	deferred:svpp_owned	verilator: preprocessor-target test (t_pp_*/t_preproc_*) - svpp-owned conformance
verilator	test_regress/t/t_preproc_def09.v	fail	out_of_scope_with_cause	deferred:svpp_owned	verilator: preprocessor-target test (t_pp_*/t_preproc_*) - svpp-owned conformance
verilator	test_regress/t/t_preproc_defarg_bad.v	pass	out_of_scope_with_cause	deferred:svpp_owned	verilator: preprocessor-target test (t_pp_*/t_preproc_*) - svpp-owned conformance
verilator	test_regress/t/t_preproc_elsif_bad.v	pass	out_of_scope_with_cause	deferred:svpp_owned	verilator: preprocessor-target test (t_pp_*/t_preproc_*) - svpp-owned conformance
verilator	test_regress/t/t_preproc_eof1_bad.v	pass	out_of_scope_with_cause	deferred:svpp_owned	verilator: preprocessor-target test (t_pp_*/t_preproc_*) - svpp-owned conformance
verilator	test_regress/t/t_preproc_eof2_bad.v	pass	out_of_scope_with_cause	deferred:svpp_owned	verilator: preprocessor-target test (t_pp_*/t_preproc_*) - svpp-owned conformance
verilator	test_regress/t/t_preproc_eof3_bad.v	pass	out_of_scope_with_cause	deferred:svpp_owned	verilator: preprocessor-target test (t_pp_*/t_preproc_*) - svpp-owned conformance
verilator	test_regress/t/t_preproc_eof4_bad.v	fail	out_of_scope_with_cause	deferred:svpp_owned	verilator: preprocessor-target test (t_pp_*/t_preproc_*) - svpp-owned conformance
verilator	test_regress/t/t_preproc_eof_qqq_bad.v	fail	out_of_scope_with_cause	deferred:svpp_owned	verilator: preprocessor-target test (t_pp_*/t_preproc_*) - svpp-owned conformance
verilator	test_regress/t/t_preproc_ifdef.v	fail	out_of_scope_with_cause	deferred:svpp_owned	verilator: preprocessor-target test (t_pp_*/t_preproc_*) - svpp-owned conformance
verilator	test_regress/t/t_preproc_ifdefend_bad.v	pass	out_of_scope_with_cause	deferred:svpp_owned	verilator: preprocessor-target test (t_pp_*/t_preproc_*) - svpp-owned conformance
verilator	test_regress/t/t_preproc_ifexpr.v	fail	out_of_scope_with_cause	deferred:svpp_owned	verilator: preprocessor-target test (t_pp_*/t_preproc_*) - svpp-owned conformance
verilator	test_regress/t/t_preproc_ifexpr_bad.v	pass	out_of_scope_with_cause	deferred:svpp_owned	verilator: preprocessor-target test (t_pp_*/t_preproc_*) - svpp-owned conformance
verilator	test_regress/t/t_preproc_inc_bad.v	pass	out_of_scope_with_cause	deferred:svpp_owned	verilator: preprocessor-target test (t_pp_*/t_preproc_*) - svpp-owned conformance
verilator	test_regress/t/t_preproc_inc_fn_bad.v	pass	out_of_scope_with_cause	deferred:svpp_owned	verilator: preprocessor-target test (t_pp_*/t_preproc_*) - svpp-owned conformance
verilator	test_regress/t/t_preproc_inc_notfound_bad.v	pass	out_of_scope_with_cause	deferred:svpp_owned	verilator: preprocessor-target test (t_pp_*/t_preproc_*) - svpp-owned conformance
verilator	test_regress/t/t_preproc_inc_recurse_bad.v	pass	out_of_scope_with_cause	deferred:svpp_owned	verilator: preprocessor-target test (t_pp_*/t_preproc_*) - svpp-owned conformance
verilator	test_regress/t/t_preproc_kwd.v	fail	out_of_scope_with_cause	deferred:svpp_owned	verilator: preprocessor-target test (t_pp_*/t_preproc_*) - svpp-owned conformance
verilator	test_regress/t/t_preproc_kwd_bad.v	pass	out_of_scope_with_cause	deferred:svpp_owned	verilator: preprocessor-target test (t_pp_*/t_preproc_*) - svpp-owned conformance
verilator	test_regress/t/t_preproc_nodef_bad.v	pass	out_of_scope_with_cause	deferred:svpp_owned	verilator: preprocessor-target test (t_pp_*/t_preproc_*) - svpp-owned conformance
verilator	test_regress/t/t_preproc_noline.v	fail	out_of_scope_with_cause	deferred:svpp_owned	verilator: preprocessor-target test (t_pp_*/t_preproc_*) - svpp-owned conformance
verilator	test_regress/t/t_preproc_persist.v	fail	out_of_scope_with_cause	deferred:svpp_owned	verilator: preprocessor-target test (t_pp_*/t_preproc_*) - svpp-owned conformance
verilator	test_regress/t/t_preproc_persist2.v	fail	out_of_scope_with_cause	deferred:svpp_owned	verilator: preprocessor-target test (t_pp_*/t_preproc_*) - svpp-owned conformance
verilator	test_regress/t/t_preproc_persist_inc.v	fail	out_of_scope_with_cause	deferred:svpp_owned	verilator: preprocessor-target test (t_pp_*/t_preproc_*) - svpp-owned conformance
verilator	test_regress/t/t_preproc_preproczero_bad.v	pass	out_of_scope_with_cause	deferred:svpp_owned	verilator: preprocessor-target test (t_pp_*/t_preproc_*) - svpp-owned conformance
verilator	test_regress/t/t_preproc_resolve.v	pass	out_of_scope_with_cause	deferred:svpp_owned	verilator: preprocessor-target test (t_pp_*/t_preproc_*) - svpp-owned conformance
verilator	test_regress/t/t_preproc_resolve/submod.sv	pass	chained_only	deferred:chained_only	verilator: multi-file test payload outside flat test_regress/t/
verilator	test_regress/t/t_preproc_str_undef.v	fail	out_of_scope_with_cause	deferred:svpp_owned	verilator: preprocessor-target test (t_pp_*/t_preproc_*) - svpp-owned conformance
verilator	test_regress/t/t_preproc_strify_join.v	pass	out_of_scope_with_cause	deferred:svpp_owned	verilator: preprocessor-target test (t_pp_*/t_preproc_*) - svpp-owned conformance
verilator	test_regress/t/t_preproc_stringend_bad.v	fail	out_of_scope_with_cause	deferred:svpp_owned	verilator: preprocessor-target test (t_pp_*/t_preproc_*) - svpp-owned conformance
verilator	test_regress/t/t_preproc_ttempty.v	pass	out_of_scope_with_cause	deferred:svpp_owned	verilator: preprocessor-target test (t_pp_*/t_preproc_*) - svpp-owned conformance
verilator	test_regress/t/t_preproc_undefineall.v	fail	out_of_scope_with_cause	deferred:svpp_owned	verilator: preprocessor-target test (t_pp_*/t_preproc_*) - svpp-owned conformance
verilator	test_regress/t/t_priority_case.v	fail	must_accept	divergence:unexplained_rejects_valid	verilator: driver t_priority_case.py fails=True but golden .out is a post-parse tool error (lint/elab/unsupported) - syntax valid
verilator	test_regress/t/t_probdist.v	fail	must_accept	divergence:explained_svpp_macro_use	verilator: driver t_probdist.py expects success
verilator	test_regress/t/t_probdist_bad.v	pass	must_accept	match	verilator: driver t_probdist_bad.py expects success
verilator	test_regress/t/t_process.v	pass	must_accept	match	verilator: driver t_process.py expects success
verilator	test_regress/t/t_process_always.v	pass	must_accept	match	verilator: driver t_process_always.py expects success
verilator	test_regress/t/t_process_bad.v	pass	must_accept	match	verilator: driver t_process_bad.py fails=True but golden .out is a post-parse tool error (lint/elab/unsupported) - syntax valid
verilator	test_regress/t/t_process_compare.v	pass	must_accept	match	verilator: driver t_process_compare.py expects success
verilator	test_regress/t/t_process_copy_constr.v	pass	must_accept	match	verilator: driver t_process_copy_constr.py expects success
verilator	test_regress/t/t_process_finished.v	pass	must_accept	match	verilator: driver t_process_finished.py expects success
verilator	test_regress/t/t_process_fork.v	pass	must_accept	match	verilator: driver t_process_fork.py expects success
verilator	test_regress/t/t_process_fork_block.v	pass	must_accept	match	verilator: driver t_process_fork_block.py expects success
verilator	test_regress/t/t_process_kill.v	pass	must_accept	match	verilator: driver t_process_kill.py expects success
verilator	test_regress/t/t_process_propagation.v	pass	must_accept	match	verilator: driver t_process_propagation.py expects success
verilator	test_regress/t/t_process_rand.v	pass	must_accept	match	verilator: driver t_process_rand.py expects success
verilator	test_regress/t/t_process_rand_state.v	fail	must_accept	divergence:explained_svpp_macro_use	verilator: driver t_process_rand_state.py expects success
verilator	test_regress/t/t_process_rand_state_fork.v	fail	must_accept	divergence:explained_svpp_macro_use	verilator: driver t_process_rand_state_fork.py expects success
verilator	test_regress/t/t_process_redecl.v	pass	must_accept	match	verilator: driver t_process_redecl.py expects success
verilator	test_regress/t/t_process_self_srand.v	fail	must_accept	divergence:explained_svpp_macro_use	verilator: driver t_process_self_srand.py expects success
verilator	test_regress/t/t_process_task.v	pass	must_accept	match	verilator: driver t_process_task.py expects success
verilator	test_regress/t/t_prof.v	fail	must_accept	divergence:explained_svpp_macro_use	verilator: driver t_prof.py expects success
verilator	test_regress/t/t_program.v	pass	must_accept	match	verilator: driver t_program.py expects success
verilator	test_regress/t/t_program_anonymous.v	pass	must_accept	match	verilator: driver t_program_anonymous.py fails=True but golden .out is a post-parse tool error (lint/elab/unsupported) - syntax valid
verilator	test_regress/t/t_program_extern.v	pass	must_accept	match	verilator: driver t_program_extern.py expects success
verilator	test_regress/t/t_prop_always.v	fail	must_accept	divergence:explained_svpp_macro_use	verilator: driver t_prop_always.py expects success
verilator	test_regress/t/t_prop_always_bad.v	fail	must_accept	divergence:unexplained_rejects_valid	verilator: driver t_prop_always_bad.py fails=True but golden .out is a post-parse tool error (lint/elab/unsupported) - syntax valid
verilator	test_regress/t/t_prop_always_unsup.v	fail	must_accept	divergence:unexplained_rejects_valid	verilator: driver t_prop_always_unsup.py fails=True but golden .out is a post-parse tool error (lint/elab/unsupported) - syntax valid
verilator	test_regress/t/t_prop_always_wide.v	fail	must_accept	divergence:explained_svpp_macro_use	verilator: driver t_prop_always_wide.py expects success
verilator	test_regress/t/t_prop_followed_by.v	fail	must_accept	divergence:explained_svpp_macro_use	verilator: driver t_prop_followed_by.py expects success
verilator	test_regress/t/t_prop_followed_by_bad.v	pass	must_accept	match	verilator: driver t_prop_followed_by_bad.py fails=True but golden .out is a post-parse tool error (lint/elab/unsupported) - syntax valid
verilator	test_regress/t/t_property.v	fail	must_accept	divergence:explained_svpp_conditional	verilator: driver t_property.py expects success
verilator	test_regress/t/t_property_accept_reject_on.v	fail	must_accept	divergence:explained_svpp_macro_use	verilator: driver t_property_accept_reject_on.py expects success
verilator	test_regress/t/t_property_arg_type.v	fail	must_accept	divergence:unexplained_rejects_valid	verilator: driver t_property_arg_type.py expects success
verilator	test_regress/t/t_property_case.v	fail	must_accept	divergence:explained_svpp_macro_use	verilator: driver t_property_case.py expects success
verilator	test_regress/t/t_property_case_bad.v	fail	must_accept	divergence:unexplained_rejects_valid	verilator: driver t_property_case_bad.py fails=True but golden .out is a post-parse tool error (lint/elab/unsupported) - syntax valid
verilator	test_regress/t/t_property_clock_collision_unsup.v	pass	must_accept	match	verilator: driver t_property_clock_collision_unsup.py fails=True but golden .out is a post-parse tool error (lint/elab/unsupported) - syntax valid
verilator	test_regress/t/t_property_default_clocking_sexpr.v	fail	must_accept	divergence:explained_svpp_macro_use	verilator: driver t_property_default_clocking_sexpr.py expects success
verilator	test_regress/t/t_property_disable_iff_midreset.v	fail	must_accept	divergence:explained_svpp_macro_use	verilator: driver t_property_disable_iff_midreset.py expects success
verilator	test_regress/t/t_property_disable_iff_unsup.v	pass	must_accept	match	verilator: driver t_property_disable_iff_unsup.py fails=True but golden .out is a post-parse tool error (lint/elab/unsupported) - syntax valid
verilator	test_regress/t/t_property_if_else.v	fail	must_accept	divergence:explained_svpp_macro_use	verilator: driver t_property_if_else.py expects success
verilator	test_regress/t/t_property_imply_delay.v	fail	must_accept	divergence:explained_svpp_macro_use	verilator: driver t_property_imply_delay.py expects success
verilator	test_regress/t/t_property_local_var_delay.v	fail	must_accept	divergence:unexplained_rejects_valid	verilator: driver t_property_local_var_delay.py expects success
verilator	test_regress/t/t_property_local_var_range_unsup.v	fail	must_accept	divergence:unexplained_rejects_valid	verilator: driver t_property_local_var_range_unsup.py fails=True but golden .out is a post-parse tool error (lint/elab/unsupported) - syntax valid
verilator	test_regress/t/t_property_named.v	fail	must_accept	divergence:unexplained_rejects_valid	verilator: driver t_property_named.py expects success
verilator	test_regress/t/t_property_negated.v	fail	must_accept	divergence:explained_svpp_macro_use	verilator: driver t_property_negated.py expects success
verilator	test_regress/t/t_property_pexpr.v	fail	must_accept	divergence:explained_svpp_macro_use	verilator: driver t_property_pexpr.py expects success
verilator	test_regress/t/t_property_pexpr_unsup.v	fail	must_accept	divergence:explained_svpp_conditional	verilator: driver t_property_pexpr_unsup.py fails=True but golden .out is a post-parse tool error (lint/elab/unsupported) - syntax valid
verilator	test_regress/t/t_property_recursive_unsup.v	pass	must_accept	match	verilator: driver t_property_recursive_unsup.py fails=True but golden .out is a post-parse tool error (lint/elab/unsupported) - syntax valid
verilator	test_regress/t/t_property_s_eventually.v	fail	must_accept	divergence:explained_svpp_macro_use	verilator: driver t_property_s_eventually.py expects success
verilator	test_regress/t/t_property_s_eventually2.v	fail	must_accept	divergence:unexplained_rejects_valid	verilator: driver t_property_s_eventually2.py expects success
verilator	test_regress/t/t_property_s_eventually_iface.v	pass	must_accept	match	verilator: driver t_property_s_eventually_iface.py expects success
verilator	test_regress/t/t_property_s_eventually_iface_param.v	pass	must_accept	match	verilator: driver t_property_s_eventually_iface_param.py expects success
verilator	test_regress/t/t_property_s_eventually_unsup.v	pass	must_accept	match	verilator: driver t_property_s_eventually_unsup.py fails=True but golden .out is a post-parse tool error (lint/elab/unsupported) - syntax valid
verilator	test_regress/t/t_property_sexpr.v	fail	must_accept	divergence:explained_svpp_macro_use	verilator: driver t_property_sexpr.py expects success
verilator	test_regress/t/t_property_sexpr2_bad.v	pass	must_accept	match	verilator: driver t_property_sexpr2_bad.py fails=True but golden .out is a post-parse tool error (lint/elab/unsupported) - syntax valid
verilator	test_regress/t/t_property_sexpr_bad.v	fail	must_accept	divergence:unexplained_rejects_valid	verilator: driver t_property_sexpr_bad.py fails=True but golden .out is a post-parse tool error (lint/elab/unsupported) - syntax valid
verilator	test_regress/t/t_property_sexpr_cov.v	fail	must_accept	divergence:explained_svpp_conditional	verilator: driver t_property_sexpr_cov.py expects success
verilator	test_regress/t/t_property_sexpr_disable.v	fail	must_accept	divergence:explained_svpp_macro_use	verilator: driver t_property_sexpr_disable.py expects success
verilator	test_regress/t/t_property_sexpr_disable_sampled.v	fail	must_accept	divergence:explained_svpp_macro_use	verilator: driver t_property_sexpr_disable_sampled.py expects success
verilator	test_regress/t/t_property_sexpr_multi.v	fail	must_accept	divergence:explained_svpp_macro_use	verilator: driver t_property_sexpr_multi.py expects success
verilator	test_regress/t/t_property_sexpr_range_delay.v	fail	must_accept	divergence:explained_svpp_macro_use	verilator: driver t_property_sexpr_range_delay.py expects success
verilator	test_regress/t/t_property_sexpr_range_delay_bad.v	fail	must_accept	divergence:unexplained_rejects_valid	verilator: driver t_property_sexpr_range_delay_bad.py fails=True but golden .out is a post-parse tool error (lint/elab/unsupported) - syntax valid
verilator	test_regress/t/t_property_sexpr_unsup.v	fail	must_accept	divergence:explained_svpp_conditional	verilator: driver t_property_sexpr_unsup.py fails=True but golden .out is a post-parse tool error (lint/elab/unsupported) - syntax valid
verilator	test_regress/t/t_property_unsup.v	fail	must_accept	divergence:unexplained_rejects_valid	verilator: driver t_property_unsup.py fails=True but golden .out is a post-parse tool error (lint/elab/unsupported) - syntax valid
verilator	test_regress/t/t_property_until.v	fail	must_accept	divergence:explained_svpp_macro_use	verilator: driver t_property_until.py expects success
verilator	test_regress/t/t_property_until_implication.v	fail	must_accept	divergence:explained_svpp_macro_use	verilator: driver t_property_until_implication.py expects success
verilator	test_regress/t/t_property_untyped.v	fail	must_accept	divergence:unexplained_rejects_valid	verilator: driver t_property_untyped.py expects success
verilator	test_regress/t/t_property_untyped_unsup.v	fail	must_accept	divergence:unexplained_rejects_valid	verilator: driver t_property_untyped_unsup.py fails=True but golden .out is a post-parse tool error (lint/elab/unsupported) - syntax valid
verilator	test_regress/t/t_property_var_unsup.v	fail	must_accept	divergence:unexplained_rejects_valid	verilator: driver t_property_var_unsup.py fails=True but golden .out is a post-parse tool error (lint/elab/unsupported) - syntax valid
verilator	test_regress/t/t_protect_ids.v	pass	must_accept	match	verilator: driver t_protect_ids.py expects success
verilator	test_regress/t/t_protect_ids_bad.v	pass	must_accept	match	verilator: driver t_protect_ids_bad.py fails=True but golden .out is a post-parse tool error (lint/elab/unsupported) - syntax valid
verilator	test_regress/t/t_public_clk.v	fail	must_accept	divergence:explained_svpp_macro_use	verilator: driver t_public_clk.py expects success
verilator	test_regress/t/t_public_seq.v	fail	must_accept	divergence:explained_svpp_macro_use	verilator: driver t_public_seq.py expects success
verilator	test_regress/t/t_public_unpacked_port.v	pass	must_accept	match	verilator: driver t_public_unpacked_port.py expects success
verilator	test_regress/t/t_pull_bitsel.v	fail	must_accept	divergence:explained_svpp_macro_use	verilator: driver t_pull_bitsel.py expects success
verilator	test_regress/t/t_pull_bitsel_conflict_bad.v	pass	must_accept	match	verilator: driver t_pull_bitsel_conflict_bad.py fails=True but golden .out is a post-parse tool error (lint/elab/unsupported) - syntax valid
verilator	test_regress/t/t_pull_bitsel_whole.v	fail	must_accept	divergence:explained_svpp_macro_use	verilator: driver t_pull_bitsel_whole.py expects success
verilator	test_regress/t/t_queue.v	fail	must_accept	divergence:explained_svpp_macro_use	verilator: driver t_queue.py expects success
verilator	test_regress/t/t_queue_arg.v	fail	must_accept	divergence:explained_svpp_macro_use	verilator: driver t_queue_arg.py expects success
verilator	test_regress/t/t_queue_assignment.v	pass	must_accept	match	verilator: driver t_queue_assignment.py expects success
verilator	test_regress/t/t_queue_back.v	fail	must_accept	divergence:unexplained_rejects_valid	verilator: driver t_queue_back.py expects success
verilator	test_regress/t/t_queue_bounded.v	pass	must_accept	match	verilator: driver t_queue_bounded.py expects success
verilator	test_regress/t/t_queue_class.v	pass	must_accept	match	verilator: driver t_queue_class.py expects success
verilator	test_regress/t/t_queue_compare.v	fail	must_accept	divergence:explained_svpp_macro_use	verilator: driver t_queue_compare.py expects success
verilator	test_regress/t/t_queue_concat_assign.v	pass	must_accept	match	verilator: driver t_queue_concat_assign.py expects success
verilator	test_regress/t/t_queue_empty_bad.v	fail	must_accept	divergence:unexplained_rejects_valid	verilator: driver t_queue_empty_bad.py fails=True but golden .out is a post-parse tool error (lint/elab/unsupported) - syntax valid
verilator	test_regress/t/t_queue_empty_pin.v	fail	must_accept	divergence:unexplained_rejects_valid	verilator: driver t_queue_empty_pin.py expects success
verilator	test_regress/t/t_queue_inherit_call.v	pass	must_accept	match	verilator: driver t_queue_inherit_call.py expects success
verilator	test_regress/t/t_queue_init.v	fail	must_accept	divergence:explained_svpp_macro_use	verilator: driver t_queue_init.py expects success
verilator	test_regress/t/t_queue_insert_at_end.v	pass	must_accept	match	verilator: driver t_queue_insert_at_end.py expects success
verilator	test_regress/t/t_queue_method.v	fail	must_accept	divergence:explained_svpp_macro_use	verilator: driver t_queue_method.py expects success
verilator	test_regress/t/t_queue_method2_bad.v	pass	must_accept	match	verilator: driver t_queue_method2_bad.py fails=True but golden .out is a post-parse tool error (lint/elab/unsupported) - syntax valid
verilator	test_regress/t/t_queue_method3_bad.v	pass	must_accept	match	verilator: driver t_queue_method3_bad.py fails=True but golden .out is a post-parse tool error (lint/elab/unsupported) - syntax valid
verilator	test_regress/t/t_queue_method_bad.v	pass	must_accept	match	verilator: driver t_queue_method_bad.py fails=True but golden .out is a post-parse tool error (lint/elab/unsupported) - syntax valid
verilator	test_regress/t/t_queue_output_func.v	pass	must_accept	match	verilator: driver t_queue_output_func.py expects success
verilator	test_regress/t/t_queue_persistence.v	fail	must_accept	divergence:explained_svpp_macro_use	verilator: driver t_queue_persistence_inl.py expects success
verilator	test_regress/t/t_queue_pushpop.v	pass	must_accept	match	verilator: driver t_queue_pushpop.py expects success
verilator	test_regress/t/t_queue_slice.v	fail	must_accept	divergence:explained_svpp_macro_use	verilator: driver t_queue_slice.py expects success
verilator	test_regress/t/t_queue_slice_assign.v	fail	must_accept	divergence:explained_svpp_macro_use	verilator: driver t_queue_slice_assign.py expects success
verilator	test_regress/t/t_queue_struct.v	fail	must_accept	divergence:explained_svpp_macro_use	verilator: driver t_queue_struct.py expects success
verilator	test_regress/t/t_queue_unknown_sel.v	pass	must_accept	match	verilator: driver t_queue_unknown_sel.py expects success
verilator	test_regress/t/t_queue_unpacked.v	fail	must_accept	divergence:explained_svpp_macro_use	verilator: driver t_queue_unpacked.py expects success
verilator	test_regress/t/t_queue_var_slice.v	pass	must_accept	match	verilator: driver t_queue_var_slice.py expects success
verilator	test_regress/t/t_queue_void_ops.v	pass	must_accept	match	verilator: driver t_queue_void_ops.py expects success
verilator	test_regress/t/t_rand_member_mode_deriv.v	pass	must_accept	match	verilator: driver t_rand_member_mode_deriv.py expects success
verilator	test_regress/t/t_rand_stability_class.v	pass	must_accept	match	verilator: driver t_rand_stability_class.py expects success
verilator	test_regress/t/t_rand_stability_process.v	pass	must_accept	match	verilator: driver t_rand_stability_process.py expects success
verilator	test_regress/t/t_randc.v	fail	must_accept	divergence:explained_svpp_conditional	verilator: driver t_randc.py expects success
verilator	test_regress/t/t_randc_constraint.v	fail	must_accept	divergence:explained_svpp_macro_use	verilator: driver t_randc_constraint.py expects success
verilator	test_regress/t/t_randc_enum_constraint.v	fail	must_accept	divergence:explained_svpp_macro_use	verilator: driver t_randc_enum_constraint.py expects success
verilator	test_regress/t/t_randc_extends.v	pass	must_accept	match	verilator: driver t_randc_extends.py expects success
verilator	test_regress/t/t_randc_oversize_bad.v	pass	must_accept	match	verilator: driver t_randc_oversize_bad.py fails=True but golden .out is a post-parse tool error (lint/elab/unsupported) - syntax valid
verilator	test_regress/t/t_randc_wide_constraint.v	fail	must_accept	divergence:explained_svpp_macro_use	verilator: driver t_randc_wide_constraint.py expects success
verilator	test_regress/t/t_randcase.v	fail	must_accept	divergence:explained_svpp_macro_use	verilator: driver t_randcase.py expects success
verilator	test_regress/t/t_randcase_bad.v	pass	must_accept	match	verilator: driver t_randcase_bad.py expects success
verilator	test_regress/t/t_randcase_fork.v	pass	must_accept	match	verilator: driver t_randcase_fork.py expects success
verilator	test_regress/t/t_randomize.v	fail	must_accept	divergence:unexplained_rejects_valid	verilator: driver t_randomize.py expects success
verilator	test_regress/t/t_randomize_array.v	fail	must_accept	divergence:explained_svpp_macro_use	verilator: driver t_randomize_array.py expects success
verilator	test_regress/t/t_randomize_array_elem_with.v	pass	must_accept	match	verilator: driver t_randomize_array_elem_with.py expects success
verilator	test_regress/t/t_randomize_arraysel_membersel.v	fail	must_accept	divergence:unexplained_rejects_valid	verilator: driver t_randomize_arraysel_membersel.py expects success
verilator	test_regress/t/t_randomize_assoc_size.v	fail	must_accept	divergence:explained_svpp_macro_use	verilator: driver t_randomize_assoc_size.py expects success
verilator	test_regress/t/t_randomize_class_inherit_size_foreach.v	fail	must_accept	divergence:explained_svpp_macro_use	verilator: driver t_randomize_class_inherit_size_foreach.py expects success
verilator	test_regress/t/t_randomize_complex.v	pass	must_accept	match	verilator: driver t_randomize_complex.py expects success
verilator	test_regress/t/t_randomize_complex_arrays.v	fail	must_accept	divergence:unexplained_rejects_valid	verilator: driver t_randomize_complex_arrays.py expects success
verilator	test_regress/t/t_randomize_complex_associative_arrays.v	fail	must_accept	divergence:unexplained_rejects_valid	verilator: driver t_randomize_complex_associative_arrays.py expects success
verilator	test_regress/t/t_randomize_complex_dynamic_arrays.v	fail	must_accept	divergence:unexplained_rejects_valid	verilator: driver t_randomize_complex_dynamic_arrays.py expects success
verilator	test_regress/t/t_randomize_complex_member_bad.v	fail	must_accept	divergence:unexplained_rejects_valid	verilator: driver t_randomize_complex_member_bad.py fails=True but golden .out is a post-parse tool error (lint/elab/unsupported) - syntax valid
verilator	test_regress/t/t_randomize_complex_queue.v	fail	must_accept	divergence:unexplained_rejects_valid	verilator: driver t_randomize_complex_queue.py expects success
verilator	test_regress/t/t_randomize_complex_typedef.v	fail	must_accept	divergence:unexplained_rejects_valid	verilator: driver t_randomize_complex_typedef.py expects success
verilator	test_regress/t/t_randomize_derived_this.v	fail	must_accept	divergence:explained_svpp_macro_use	verilator: driver t_randomize_derived_this.py expects success
verilator	test_regress/t/t_randomize_dist_conditional.v	fail	must_accept	divergence:explained_svpp_macro_use	verilator: driver t_randomize_dist_conditional.py expects success
verilator	test_regress/t/t_randomize_dist_foreach.v	fail	must_accept	divergence:explained_svpp_macro_use	verilator: driver t_randomize_dist_foreach.py expects success
verilator	test_regress/t/t_randomize_dist_implication.v	fail	must_accept	divergence:explained_svpp_macro_use	verilator: driver t_randomize_dist_implication.py expects success
verilator	test_regress/t/t_randomize_from_randomized_class.v	pass	must_accept	match	verilator: driver t_randomize_from_randomized_class.py expects success
verilator	test_regress/t/t_randomize_inline_funclocal.v	pass	must_accept	match	verilator: driver t_randomize_inline_funclocal.py expects success
verilator	test_regress/t/t_randomize_inline_var_ctl.v	pass	must_accept	match	verilator: driver t_randomize_inline_var_ctl.py expects success
verilator	test_regress/t/t_randomize_inline_var_ctl_bad.v	pass	must_accept	match	verilator: driver t_randomize_inline_var_ctl_bad.py fails=True but golden .out is a post-parse tool error (lint/elab/unsupported) - syntax valid
verilator	test_regress/t/t_randomize_inline_var_ctl_unsup_1.v	pass	must_accept	match	verilator: driver t_randomize_inline_var_ctl_unsup_1.py fails=True but golden .out is a post-parse tool error (lint/elab/unsupported) - syntax valid
verilator	test_regress/t/t_randomize_inline_var_ctl_unsup_2.v	pass	must_accept	match	verilator: driver t_randomize_inline_var_ctl_unsup_2.py fails=True but golden .out is a post-parse tool error (lint/elab/unsupported) - syntax valid
verilator	test_regress/t/t_randomize_inside_cond.v	fail	must_accept	divergence:unexplained_rejects_valid	verilator: driver t_randomize_inside_cond.py expects success
verilator	test_regress/t/t_randomize_local_param.v	pass	must_accept	match	verilator: driver t_randomize_local_param.py expects success
verilator	test_regress/t/t_randomize_local_paramed.v	fail	must_accept	divergence:explained_svpp_macro_use	verilator: driver t_randomize_local_paramed.py expects success
verilator	test_regress/t/t_randomize_member_select.v	pass	must_accept	match	verilator: driver t_randomize_member_select.py expects success
verilator	test_regress/t/t_randomize_method.v	fail	must_accept	divergence:explained_svpp_macro_use	verilator: driver t_randomize_method.py expects success
verilator	test_regress/t/t_randomize_method_bad.v	pass	must_accept	match	verilator: driver t_randomize_method_bad.py fails=True but golden .out is a post-parse tool error (lint/elab/unsupported) - syntax valid
verilator	test_regress/t/t_randomize_method_complex_bad.v	pass	must_accept	match	verilator: driver t_randomize_method_complex_bad.py fails=True but golden .out is a post-parse tool error (lint/elab/unsupported) - syntax valid
verilator	test_regress/t/t_randomize_method_constraints.v	fail	must_accept	divergence:unexplained_rejects_valid	verilator: driver t_randomize_method_constraints.py expects success
verilator	test_regress/t/t_randomize_method_nclass_bad.v	pass	must_accept	match	verilator: driver t_randomize_method_nclass_bad.py fails=True but golden .out is a post-parse tool error (lint/elab/unsupported) - syntax valid
verilator	test_regress/t/t_randomize_method_param.v	pass	must_accept	match	verilator: driver t_randomize_method_param.py expects success
verilator	test_regress/t/t_randomize_method_std.v	pass	must_accept	match	verilator: driver t_randomize_method_std.py expects success
verilator	test_regress/t/t_randomize_method_types_unsup.v	pass	must_accept	match	verilator: driver t_randomize_method_types_unsup.py fails=True but golden .out is a post-parse tool error (lint/elab/unsupported) - syntax valid
verilator	test_regress/t/t_randomize_method_with.v	fail	must_accept	divergence:explained_svpp_macro_use	verilator: driver t_randomize_method_with.py expects success
verilator	test_regress/t/t_randomize_method_with_bad.v	pass	must_accept	match	verilator: driver t_randomize_method_with_bad.py fails=True but golden .out is a post-parse tool error (lint/elab/unsupported) - syntax valid
verilator	test_regress/t/t_randomize_method_with_scoping.v	pass	must_accept	match	verilator: driver t_randomize_method_with_scoping.py expects success
verilator	test_regress/t/t_randomize_module_var.v	pass	must_accept	match	verilator: driver t_randomize_module_var.py expects success
verilator	test_regress/t/t_randomize_nested_unsup.v	pass	must_accept	match	verilator: driver t_randomize_nested_unsup.py fails=True but golden .out is a post-parse tool error (lint/elab/unsupported) - syntax valid
verilator	test_regress/t/t_randomize_null.v	fail	must_accept	divergence:explained_svpp_macro_use	verilator: driver t_randomize_null.py expects success
verilator	test_regress/t/t_randomize_null_object.v	fail	must_accept	divergence:explained_svpp_macro_use	verilator: driver t_randomize_null_object.py expects success
verilator	test_regress/t/t_randomize_null_unsup.v	pass	must_accept	match	verilator: driver t_randomize_null_unsup.py fails=True but golden .out is a post-parse tool error (lint/elab/unsupported) - syntax valid
verilator	test_regress/t/t_randomize_param_with.v	fail	must_accept	divergence:explained_svpp_macro_use	verilator: driver t_randomize_param_with.py expects success
verilator	test_regress/t/t_randomize_pow2.v	pass	must_accept	match	verilator: driver t_randomize_pow2.py expects success
verilator	test_regress/t/t_randomize_prepost.v	fail	must_accept	divergence:explained_svpp_macro_use	verilator: driver t_randomize_prepost.py expects success
verilator	test_regress/t/t_randomize_prepost_alone.v	pass	must_accept	match	verilator: driver t_randomize_prepost_alone.py expects success
verilator	test_regress/t/t_randomize_prepost_nested.v	fail	must_accept	divergence:explained_svpp_macro_use	verilator: driver t_randomize_prepost_nested.py expects success
verilator	test_regress/t/t_randomize_prepost_super.v	pass	must_accept	match	verilator: driver t_randomize_prepost_super.py expects success
verilator	test_regress/t/t_randomize_queue_constraints.v	fail	must_accept	divergence:explained_svpp_macro_use	verilator: driver t_randomize_queue_constraints.py expects success
verilator	test_regress/t/t_randomize_queue_size.v	fail	must_accept	divergence:explained_svpp_macro_use	verilator: driver t_randomize_queue_size.py expects success
verilator	test_regress/t/t_randomize_queue_size_element.v	fail	must_accept	divergence:explained_svpp_macro_use	verilator: driver t_randomize_queue_size_element.py expects success
verilator	test_regress/t/t_randomize_queue_wide.v	pass	must_accept	match	verilator: driver t_randomize_queue_wide.py expects success
verilator	test_regress/t/t_randomize_rand_mode.v	fail	must_accept	divergence:explained_svpp_macro_use	verilator: driver t_randomize_rand_mode.py expects success
verilator	test_regress/t/t_randomize_rand_mode_bad.v	fail	must_accept	divergence:unexplained_rejects_valid	verilator: driver t_randomize_rand_mode_bad.py fails=True but golden .out is a post-parse tool error (lint/elab/unsupported) - syntax valid
verilator	test_regress/t/t_randomize_rand_mode_constr.v	pass	must_accept	match	verilator: driver t_randomize_rand_mode_constr.py expects success
verilator	test_regress/t/t_randomize_rand_mode_funcarg.v	pass	must_accept	match	verilator: driver t_randomize_rand_mode_funcarg.py expects success
verilator	test_regress/t/t_randomize_rand_mode_static.v	fail	must_accept	divergence:explained_svpp_macro_use	verilator: driver t_randomize_rand_mode_static.py expects success
verilator	test_regress/t/t_randomize_rand_mode_unsup.v	fail	must_accept	divergence:unexplained_rejects_valid	verilator: driver t_randomize_rand_mode_unsup.py fails=True but golden .out is a post-parse tool error (lint/elab/unsupported) - syntax valid
verilator	test_regress/t/t_randomize_randmode_subobj.v	fail	must_accept	divergence:explained_svpp_macro_use	verilator: driver t_randomize_randmode_subobj.py expects success
verilator	test_regress/t/t_randomize_real.v	fail	must_accept	divergence:explained_svpp_macro_use	verilator: driver t_randomize_real.py expects success
verilator	test_regress/t/t_randomize_shift_distribution.v	fail	must_accept	divergence:explained_svpp_macro_use	verilator: driver t_randomize_shift_distribution.py expects success
verilator	test_regress/t/t_randomize_soft.v	fail	must_accept	divergence:explained_svpp_macro_use	verilator: driver t_randomize_soft.py expects success
verilator	test_regress/t/t_randomize_soft_cross_object.v	fail	must_accept	divergence:explained_svpp_macro_use	verilator: driver t_randomize_soft_cross_object.py expects success
verilator	test_regress/t/t_randomize_soft_relaxation.v	fail	must_accept	divergence:explained_svpp_macro_use	verilator: driver t_randomize_soft_relaxation.py expects success
verilator	test_regress/t/t_randomize_solve_before_foreach.v	fail	must_accept	divergence:explained_svpp_macro_use	verilator: driver t_randomize_solve_before_foreach.py expects success
verilator	test_regress/t/t_randomize_srandom.v	fail	must_accept	divergence:explained_svpp_macro_use	verilator: driver t_randomize_srandom.py expects success
verilator	test_regress/t/t_randomize_std_inside_queue.v	fail	must_accept	divergence:explained_svpp_macro_use	verilator: driver t_randomize_std_inside_queue.py expects success
verilator	test_regress/t/t_randomize_std_param_extends.v	fail	must_accept	divergence:explained_svpp_macro_use	verilator: driver t_randomize_std_param_extends.py expects success
verilator	test_regress/t/t_randomize_std_static.v	fail	must_accept	divergence:explained_svpp_macro_use	verilator: driver t_randomize_std_static.py expects success
verilator	test_regress/t/t_randomize_struct_sel.v	pass	must_accept	match	verilator: driver t_randomize_struct_sel.py expects success
verilator	test_regress/t/t_randomize_subobj_enum.v	fail	must_accept	divergence:explained_svpp_macro_use	verilator: driver t_randomize_subobj_enum.py expects success
verilator	test_regress/t/t_randomize_this.v	pass	must_accept	match	verilator: driver t_randomize_this.py expects success
verilator	test_regress/t/t_randomize_this_inline.v	fail	must_accept	divergence:explained_svpp_macro_use	verilator: driver t_randomize_this_inline.py expects success
verilator	test_regress/t/t_randomize_this_with.v	fail	must_accept	divergence:explained_svpp_macro_use	verilator: driver t_randomize_this_with.py expects success
verilator	test_regress/t/t_randomize_union.v	pass	must_accept	match	verilator: driver t_randomize_union.py expects success
verilator	test_regress/t/t_randomize_union_bad.v	pass	must_accept	match	verilator: driver t_randomize_union_bad.py fails=True but golden .out is a post-parse tool error (lint/elab/unsupported) - syntax valid
verilator	test_regress/t/t_randomize_unique_elem.v	fail	must_accept	divergence:explained_svpp_macro_use	verilator: driver t_randomize_unique_elem.py expects success
verilator	test_regress/t/t_randomize_unpacked_bad.v	pass	must_accept	match	verilator: driver t_randomize_unpacked_bad.py fails=True but golden .out is a post-parse tool error (lint/elab/unsupported) - syntax valid
verilator	test_regress/t/t_randomize_unpacked_wide.v	pass	must_accept	match	verilator: driver t_randomize_unpacked_wide.py expects success
verilator	test_regress/t/t_randomize_with_constraint.v	fail	must_accept	divergence:explained_svpp_macro_use	verilator: driver t_randomize_with_constraint.py expects success
verilator	test_regress/t/t_randomize_with_idlist_bad.v	pass	must_accept	match	verilator: driver t_randomize_with_idlist_bad.py fails=True but golden .out is a post-parse tool error (lint/elab/unsupported) - syntax valid
verilator	test_regress/t/t_randomize_with_idlist_method_bad.v	fail	must_accept	divergence:unexplained_rejects_valid	verilator: driver t_randomize_with_idlist_method_bad.py fails=True but golden .out is a post-parse tool error (lint/elab/unsupported) - syntax valid
verilator	test_regress/t/t_randomize_within_func.v	fail	must_accept	divergence:unexplained_rejects_valid	verilator: driver t_randomize_within_func.py expects success
verilator	test_regress/t/t_randsequence.v	fail	must_accept	divergence:explained_svpp_macro_use	verilator: driver t_randsequence.py expects success
verilator	test_regress/t/t_randsequence_bad.v	pass	must_accept	match	verilator: driver t_randsequence_bad.py fails=True but golden .out is a post-parse tool error (lint/elab/unsupported) - syntax valid
verilator	test_regress/t/t_randsequence_func.v	fail	must_accept	divergence:explained_svpp_macro_use	verilator: driver t_randsequence_func.py expects success
verilator	test_regress/t/t_randsequence_func_bad.v	pass	must_accept	match	verilator: driver t_randsequence_func_bad.py fails=True but golden .out is a post-parse tool error (lint/elab/unsupported) - syntax valid
verilator	test_regress/t/t_randsequence_randjoin.v	fail	must_accept	divergence:explained_svpp_macro_use	verilator: driver t_randsequence_randjoin.py expects success
verilator	test_regress/t/t_randsequence_recurse.v	fail	must_accept	divergence:explained_svpp_macro_use	verilator: driver t_randsequence_recurse.py expects success
verilator	test_regress/t/t_randsequence_rs_bad.v	pass	must_accept	match	verilator: driver t_randsequence_rs_bad.py fails=True but golden .out is a post-parse tool error (lint/elab/unsupported) - syntax valid
verilator	test_regress/t/t_randsequence_svtests.v	fail	must_accept	divergence:explained_svpp_macro_use	verilator: driver t_randsequence_svtests.py expects success
verilator	test_regress/t/t_randstate_func.v	fail	must_accept	divergence:explained_svpp_conditional	verilator: driver t_randstate_func.py expects success
verilator	test_regress/t/t_randstate_obj.v	fail	must_accept	divergence:explained_svpp_conditional	verilator: driver t_randstate_obj.py expects success
verilator	test_regress/t/t_randstate_seed_bad.v	pass	must_accept	match	verilator: driver t_randstate_seed_bad.py expects success
verilator	test_regress/t/t_real_cast.v	pass	must_accept	match	verilator: driver t_real_cast.py expects success
verilator	test_regress/t/t_real_out_of_bounds.v	fail	must_accept	divergence:explained_svpp_macro_use	verilator: driver t_real_out_of_bounds.py expects success
verilator	test_regress/t/t_real_param.v	pass	must_accept	match	verilator: driver t_real_param.py expects success
verilator	test_regress/t/t_recursive_definition.v	pass	must_accept	match	verilator: driver t_recursive_definition.py expects success
verilator	test_regress/t/t_recursive_method.v	pass	must_accept	match	verilator: driver t_recursive_method.py expects success
verilator	test_regress/t/t_recursive_module_bug.v	pass	must_accept	match	verilator: driver t_recursive_module_bug.py expects success
verilator	test_regress/t/t_recursive_module_bug_2.v	pass	must_accept	match	verilator: driver t_recursive_module_bug_2.py expects success
verilator	test_regress/t/t_recursive_typedef_bad.v	fail	must_accept	divergence:unexplained_rejects_valid	verilator: driver t_recursive_typedef_bad.py fails=True but golden .out is a post-parse tool error (lint/elab/unsupported) - syntax valid
verilator	test_regress/t/t_ref_arg_array_range_dir.v	fail	must_accept	divergence:explained_svpp_macro_use	verilator: driver t_ref_arg_array_range_dir.py expects success
verilator	test_regress/t/t_ref_arg_array_range_dir_bad.v	pass	must_accept	match	verilator: driver t_ref_arg_array_range_dir_bad.py fails=True but golden .out is a post-parse tool error (lint/elab/unsupported) - syntax valid
verilator	test_regress/t/t_reloop_cam.v	fail	must_accept	divergence:explained_svpp_macro_use	verilator: driver t_reloop_cam.py expects success
verilator	test_regress/t/t_reloop_inlined.v	pass	must_accept	match	verilator: driver t_reloop_inlined.py expects success
verilator	test_regress/t/t_reloop_local.v	pass	must_accept	match	verilator: driver t_reloop_local.py expects success
verilator	test_regress/t/t_reloop_offset.v	fail	must_accept	divergence:explained_svpp_macro_use	verilator: driver t_reloop_offset.py expects success
verilator	test_regress/t/t_repeat.v	pass	must_accept	match	verilator: driver t_repeat.py expects success
verilator	test_regress/t/t_resize_lvalue.v	fail	must_accept	divergence:unexplained_rejects_valid	verilator: driver t_resize_lvalue.py expects success
verilator	test_regress/t/t_risefall_delay.v	fail	must_accept	divergence:explained_svpp_macro_use	verilator: driver t_risefall_delay.py expects success
verilator	test_regress/t/t_rnd.v	pass	must_accept	match	verilator: driver t_rnd.py expects success
verilator	test_regress/t/t_runflag.v	pass	must_accept	match	verilator: driver t_runflag.py fails=True but golden .out is a post-parse tool error (lint/elab/unsupported) - syntax valid
verilator	test_regress/t/t_runflag_bad.v	pass	must_accept	match	verilator: driver t_runflag_bad.py fails=True but golden .out is a post-parse tool error (lint/elab/unsupported) - syntax valid
verilator	test_regress/t/t_runflag_errorlimit_bad.v	pass	must_accept	match	verilator: driver t_runflag_errorlimit_bad.py fails=True but golden .out is a post-parse tool error (lint/elab/unsupported) - syntax valid
verilator	test_regress/t/t_runflag_errorlimit_fatal_bad.v	pass	must_accept	match	verilator: driver t_runflag_errorlimit_fatal_bad.py fails=True but golden .out is a post-parse tool error (lint/elab/unsupported) - syntax valid
verilator	test_regress/t/t_runflag_logfile.v	pass	must_accept	match	verilator: driver t_runflag_logfile.py expects success
verilator	test_regress/t/t_runflag_logfile_debugger.v	pass	must_accept	match	verilator: driver t_runflag_logfile_debugger.py expects success
verilator	test_regress/t/t_runflag_logfile_error.v	pass	must_accept	match	verilator: driver t_runflag_logfile_error.py fails=True but golden .out is a post-parse tool error (lint/elab/unsupported) - syntax valid
verilator	test_regress/t/t_runflag_logfile_open_bad.v	pass	must_accept	match	verilator: driver t_runflag_logfile_open_bad.py fails=True but golden .out is a post-parse tool error (lint/elab/unsupported) - syntax valid
verilator	test_regress/t/t_runflag_quiet.v	pass	must_accept	match	verilator: driver t_runflag_quiet.py expects success
verilator	test_regress/t/t_runflag_seed.v	fail	must_accept	divergence:explained_svpp_macro_use	verilator: driver t_runflag_seed.py expects success
verilator	test_regress/t/t_runflag_seed_zero.v	pass	must_accept	match	verilator: driver t_runflag_seed_zero.py expects success
verilator	test_regress/t/t_runflag_uninit_bad.v	pass	must_accept	match	verilator: driver t_runflag_uninit_bad.py fails=True but golden .out is a post-parse tool error (lint/elab/unsupported) - syntax valid
verilator	test_regress/t/t_sampled_expr.v	pass	must_accept	match	verilator: driver t_sampled_expr.py expects success
verilator	test_regress/t/t_sampled_expr_unsup.v	pass	must_accept	match	verilator: driver t_sampled_expr_unsup.py fails=True but golden .out is a post-parse tool error (lint/elab/unsupported) - syntax valid
verilator	test_regress/t/t_sampled_sensitivity.v	pass	must_accept	match	verilator: driver t_sampled_sensitivity.py fails=True but golden .out is a post-parse tool error (lint/elab/unsupported) - syntax valid
verilator	test_regress/t/t_sarif.v	pass	must_accept	match	verilator: driver t_sarif.py expects success
verilator	test_regress/t/t_savable.v	fail	must_accept	divergence:explained_svpp_conditional	verilator: driver t_savable.py expects success
verilator	test_regress/t/t_savable_class_bad.v	pass	must_accept	match	verilator: driver t_savable_class_bad.py fails=True but golden .out is a post-parse tool error (lint/elab/unsupported) - syntax valid
verilator	test_regress/t/t_savable_coverage_bad.v	pass	must_accept	match	verilator: driver t_savable_coverage_bad.py fails=True but golden .out is a post-parse tool error (lint/elab/unsupported) - syntax valid
verilator	test_regress/t/t_savable_open_bad2.v	pass	must_accept	match	verilator: driver t_savable_open_bad2.py expects success
verilator	test_regress/t/t_sc_names.v	pass	must_accept	match	verilator: driver t_sc_names.py expects success
verilator	test_regress/t/t_sc_vl_assign_sbw.v	pass	must_accept	match	verilator: driver t_sc_vl_assign_sbw.py expects success
verilator	test_regress/t/t_sched_ico_change_detect_input_assigned.v	pass	must_accept	match	verilator: driver t_sched_ico_change_detect_input_assigned.py expects success
verilator	test_regress/t/t_scheduling_0.v	fail	must_accept	divergence:explained_svpp_macro_use	verilator: driver t_scheduling_0.py expects success
verilator	test_regress/t/t_scheduling_1.v	pass	must_accept	match	verilator: driver t_scheduling_1.py expects success
verilator	test_regress/t/t_scheduling_2.v	fail	must_accept	divergence:explained_svpp_macro_use	verilator: driver t_scheduling_2.py expects success
verilator	test_regress/t/t_scheduling_3.v	fail	must_accept	divergence:explained_svpp_macro_use	verilator: driver t_scheduling_3.py expects success
verilator	test_regress/t/t_scheduling_4.v	fail	must_accept	divergence:explained_svpp_macro_use	verilator: driver t_scheduling_4.py expects success
verilator	test_regress/t/t_scheduling_5.v	pass	must_accept	match	verilator: driver t_scheduling_5.py expects success
verilator	test_regress/t/t_scheduling_6.v	pass	chained_only	deferred:chained_only	verilator: no same-stem driver and never a top_filename - include/companion fragment
verilator	test_regress/t/t_scheduling_7.v	pass	must_accept	match	verilator: driver t_scheduling_7.py expects success
verilator	test_regress/t/t_scheduling_beforeTrig_life_opt.v	pass	must_accept	match	verilator: driver t_scheduling_beforeTrig_life_opt.py expects success
verilator	test_regress/t/t_scheduling_different_edges.v	pass	must_accept	match	verilator: driver t_scheduling_different_edges.py expects success
verilator	test_regress/t/t_scheduling_initial_event.v	fail	must_accept	divergence:explained_svpp_macro_use	verilator: driver t_scheduling_initial_event.py expects success
verilator	test_regress/t/t_scheduling_many_clocks.v	fail	must_accept	divergence:explained_svpp_macro_use	verilator: driver t_scheduling_many_clocks.py expects success
verilator	test_regress/t/t_scheduling_virt_iface_array.v	fail	must_accept	divergence:explained_svpp_macro_use	verilator: driver t_scheduling_virt_iface_array.py expects success
verilator	test_regress/t/t_scheduling_virt_iface_class.v	pass	must_accept	match	verilator: driver t_scheduling_virt_iface_class.py expects success
verilator	test_regress/t/t_scheduling_virt_iface_converge_simple.v	pass	must_accept	match	verilator: driver t_scheduling_virt_iface_converge_simple.py expects success
verilator	test_regress/t/t_scheduling_virt_iface_dual_vif.v	fail	must_accept	divergence:explained_svpp_macro_use	verilator: driver t_scheduling_virt_iface_dual_vif.py expects success
verilator	test_regress/t/t_scheduling_virt_iface_nonvirt_write.v	fail	must_accept	divergence:explained_svpp_macro_use	verilator: driver t_scheduling_virt_iface_nonvirt_write.py expects success
verilator	test_regress/t/t_scheduling_zero_delay.v	fail	must_accept	divergence:explained_svpp_macro_use	verilator: driver t_scheduling_zero_delay.py expects success
verilator	test_regress/t/t_scope_cxx_equal_to.v	pass	must_accept	match	verilator: driver t_scope_cxx_equal_to.py expects success
verilator	test_regress/t/t_scope_map.v	pass	must_accept	match	verilator: driver t_scope_map.py expects success
verilator	test_regress/t/t_sdf_annotate_unsup.v	pass	must_accept	match	verilator: driver t_sdf_annotate_unsup.py fails=True but golden .out is a post-parse tool error (lint/elab/unsupported) - syntax valid
verilator	test_regress/t/t_select_2d.v	fail	must_accept	divergence:explained_svpp_macro_use	verilator: driver t_select_2d.py expects success
verilator	test_regress/t/t_select_ascending.v	fail	must_accept	divergence:explained_svpp_macro_use	verilator: driver t_select_ascending.py expects success
verilator	test_regress/t/t_select_bad_msb.v	pass	must_accept	match	verilator: driver t_select_bad_msb.py fails=True but golden .out is a post-parse tool error (lint/elab/unsupported) - syntax valid
verilator	test_regress/t/t_select_bad_range.v	pass	must_accept	match	verilator: driver t_select_bad_range.py fails=True but golden .out is a post-parse tool error (lint/elab/unsupported) - syntax valid
verilator	test_regress/t/t_select_bad_range2.v	fail	must_accept	divergence:explained_svpp_conditional	verilator: driver t_select_bad_range2.py fails=True but golden .out is a post-parse tool error (lint/elab/unsupported) - syntax valid
verilator	test_regress/t/t_select_bad_range3.v	pass	must_accept	match	verilator: driver t_select_bad_range3.py fails=True but golden .out is a post-parse tool error (lint/elab/unsupported) - syntax valid
verilator	test_regress/t/t_select_bad_range4.v	pass	must_accept	match	verilator: driver t_select_bad_range4.py fails=True but golden .out is a post-parse tool error (lint/elab/unsupported) - syntax valid
verilator	test_regress/t/t_select_bad_range5.v	pass	must_accept	match	verilator: driver t_select_bad_range5.py fails=True but golden .out is a post-parse tool error (lint/elab/unsupported) - syntax valid
verilator	test_regress/t/t_select_bad_range6.v	pass	must_accept	match	verilator: driver t_select_bad_range6.py fails=True but golden .out is a post-parse tool error (lint/elab/unsupported) - syntax valid
verilator	test_regress/t/t_select_bad_tri.v	pass	must_accept	match	verilator: driver t_select_bad_tri.py fails=True but golden .out is a post-parse tool error (lint/elab/unsupported) - syntax valid
verilator	test_regress/t/t_select_bad_width0.v	pass	must_accept	match	verilator: driver t_select_bad_width0.py fails=True but golden .out is a post-parse tool error (lint/elab/unsupported) - syntax valid
verilator	test_regress/t/t_select_bound1.v	fail	must_accept	divergence:explained_svpp_macro_use	verilator: driver t_select_bound1.py expects success
verilator	test_regress/t/t_select_bound2.v	fail	must_accept	divergence:explained_svpp_macro_use	verilator: driver t_select_bound2.py expects success
verilator	test_regress/t/t_select_bound3.v	pass	must_accept	match	verilator: driver t_select_bound3.py expects success
verilator	test_regress/t/t_select_bound4.v	pass	must_accept	match	verilator: driver t_select_bound4.py expects success
verilator	test_regress/t/t_select_bound_side_effect.v	fail	must_accept	divergence:explained_svpp_macro_use	verilator: driver t_select_bound_side_effect.py expects success
verilator	test_regress/t/t_select_bound_timing_intra.v	fail	must_accept	divergence:explained_svpp_macro_use	verilator: driver t_select_bound_timing_intra.py expects success
verilator	test_regress/t/t_select_c.v	pass	must_accept	match	verilator: driver t_select_c.py expects success
verilator	test_regress/t/t_select_crazy.v	pass	must_accept	match	verilator: driver t_select_crazy.py expects success
verilator	test_regress/t/t_select_index.v	pass	must_accept	match	verilator: driver t_select_index.py expects success
verilator	test_regress/t/t_select_index2.v	pass	must_accept	match	verilator: driver t_select_index2.py expects success
verilator	test_regress/t/t_select_lhs_oob.v	fail	must_accept	divergence:explained_svpp_conditional	verilator: driver t_select_lhs_oob.py expects success
verilator	test_regress/t/t_select_lhs_oob2.v	fail	must_accept	divergence:explained_svpp_macro_use	verilator: driver t_select_lhs_oob2.py expects success
verilator	test_regress/t/t_select_little.v	fail	must_accept	divergence:explained_svpp_macro_use	verilator: driver t_select_little.py expects success
verilator	test_regress/t/t_select_little_pack.v	pass	must_accept	match	verilator: driver t_select_little_pack.py expects success
verilator	test_regress/t/t_select_loop.v	fail	must_accept	divergence:explained_svpp_conditional	verilator: driver t_select_loop.py expects success
verilator	test_regress/t/t_select_mul_extend.v	fail	must_accept	divergence:explained_svpp_macro_use	verilator: driver t_select_mul_extend.py expects success
verilator	test_regress/t/t_select_negative.v	fail	must_accept	divergence:explained_svpp_macro_use	verilator: driver t_select_negative.py expects success
verilator	test_regress/t/t_select_out_of_range.v	pass	must_accept	match	verilator: driver t_select_out_of_range.py expects success
verilator	test_regress/t/t_select_param.v	pass	must_accept	match	verilator: driver t_select_param.py expects success
verilator	test_regress/t/t_select_plus.v	pass	must_accept	match	verilator: driver t_select_plus.py expects success
verilator	test_regress/t/t_select_plus_mul_pow2.v	pass	must_accept	match	verilator: driver t_select_plus_mul_pow2.py expects success
verilator	test_regress/t/t_select_plusloop.v	pass	must_accept	match	verilator: driver t_select_plusloop.py expects success
verilator	test_regress/t/t_select_runtime_range.v	fail	must_accept	divergence:explained_svpp_conditional	verilator: driver t_select_runtime_range.py expects success
verilator	test_regress/t/t_select_set.v	fail	must_accept	divergence:explained_svpp_conditional	verilator: driver t_select_set.py expects success
verilator	test_regress/t/t_select_sideeffect.v	pass	must_accept	match	verilator: driver t_select_sideeffect.py expects success
verilator	test_regress/t/t_select_width.v	pass	must_accept	match	verilator: driver t_select_width.py expects success
verilator	test_regress/t/t_selextract_in_paramextends.v	pass	must_accept	match	verilator: driver t_selextract_in_paramextends.py expects success
verilator	test_regress/t/t_selrange_iface_type_param.v	pass	must_accept	match	verilator: driver t_selrange_iface_type_param.py expects success
verilator	test_regress/t/t_semaphore.v	fail	must_accept	divergence:explained_svpp_macro_use	verilator: driver t_semaphore.py expects success
verilator	test_regress/t/t_semaphore_always.v	pass	must_accept	match	verilator: driver t_semaphore_always.py expects success
verilator	test_regress/t/t_semaphore_bad.v	pass	must_accept	match	verilator: driver t_semaphore_bad.py fails=True but golden .out is a post-parse tool error (lint/elab/unsupported) - syntax valid
verilator	test_regress/t/t_semaphore_class.v	pass	must_accept	match	verilator: driver t_semaphore_class.py expects success
verilator	test_regress/t/t_semaphore_class_nested.v	pass	must_accept	match	verilator: driver t_semaphore_class_nested.py expects success
verilator	test_regress/t/t_semaphore_concurrent.v	pass	must_accept	match	verilator: driver t_semaphore_concurrent.py expects success
verilator	test_regress/t/t_semaphore_fair.v	pass	must_accept	match	verilator: driver t_semaphore_fair.py expects success
verilator	test_regress/t/t_semaphore_fifo_block.v	pass	must_accept	match	verilator: driver t_semaphore_fifo_block.py expects success
verilator	test_regress/t/t_sequence_bool_ops.v	fail	must_accept	divergence:explained_svpp_macro_use	verilator: driver t_sequence_bool_ops.py expects success
verilator	test_regress/t/t_sequence_first_match.v	fail	must_accept	divergence:explained_svpp_macro_use	verilator: driver t_sequence_first_match.py expects success
verilator	test_regress/t/t_sequence_first_match_unsup.v	fail	must_accept	divergence:unexplained_rejects_valid	verilator: driver t_sequence_first_match_unsup.py fails=True but golden .out is a post-parse tool error (lint/elab/unsupported) - syntax valid
verilator	test_regress/t/t_sequence_intersect.v	fail	must_accept	divergence:explained_svpp_macro_use	verilator: driver t_sequence_intersect.py expects success
verilator	test_regress/t/t_sequence_intersect_len_warn.v	pass	must_accept	match	verilator: driver t_sequence_intersect_len_warn.py fails=True but golden .out is a post-parse tool error (lint/elab/unsupported) - syntax valid
verilator	test_regress/t/t_sequence_intersect_range_unsup.v	fail	must_accept	divergence:unexplained_rejects_valid	verilator: driver t_sequence_intersect_range_unsup.py fails=True but golden .out is a post-parse tool error (lint/elab/unsupported) - syntax valid
verilator	test_regress/t/t_sequence_local_var.v	fail	must_accept	divergence:unexplained_rejects_valid	verilator: driver t_sequence_local_var.py expects success
verilator	test_regress/t/t_sequence_nonconst_delay_unsup.v	pass	must_accept	match	verilator: driver t_sequence_nonconst_delay_unsup.py fails=True but golden .out is a post-parse tool error (lint/elab/unsupported) - syntax valid
verilator	test_regress/t/t_sequence_ref.v	fail	must_accept	divergence:unexplained_rejects_valid	verilator: driver t_sequence_ref.py expects success
verilator	test_regress/t/t_sequence_ref_unsup.v	pass	must_accept	match	verilator: driver t_sequence_ref_unsup.py fails=True but golden .out is a post-parse tool error (lint/elab/unsupported) - syntax valid
verilator	test_regress/t/t_sequence_sexpr_throughout.v	fail	must_accept	divergence:explained_svpp_macro_use	verilator: driver t_sequence_sexpr_throughout.py expects success
verilator	test_regress/t/t_sequence_sexpr_unsup.v	fail	must_accept	divergence:unexplained_rejects_valid	verilator: driver t_sequence_sexpr_unsup.py fails=True but golden .out is a post-parse tool error (lint/elab/unsupported) - syntax valid
verilator	test_regress/t/t_sequence_unused.v	pass	must_accept	match	verilator: driver t_sequence_unused.py expects success
verilator	test_regress/t/t_sequence_within.v	fail	must_accept	divergence:explained_svpp_macro_use	verilator: driver t_sequence_within.py expects success
verilator	test_regress/t/t_sequence_within_bad.v	pass	must_accept	match	verilator: driver t_sequence_within_bad.py fails=True but golden .out is a post-parse tool error (lint/elab/unsupported) - syntax valid
verilator	test_regress/t/t_sequence_within_range_unsup.v	fail	must_accept	divergence:unexplained_rejects_valid	verilator: driver t_sequence_within_range_unsup.py fails=True but golden .out is a post-parse tool error (lint/elab/unsupported) - syntax valid
verilator	test_regress/t/t_setuphold.v	fail	must_accept	divergence:unexplained_rejects_valid	verilator: driver t_setuphold.py expects success
verilator	test_regress/t/t_simulate_array.v	fail	must_accept	divergence:unexplained_rejects_valid	verilator: driver t_simulate_array.py expects success
verilator	test_regress/t/t_slice_cmp.v	pass	must_accept	match	verilator: driver t_slice_cmp.py expects success
verilator	test_regress/t/t_slice_cond.v	pass	must_accept	match	verilator: driver t_slice_cond.py expects success
verilator	test_regress/t/t_slice_cond_2d_side_effect.v	pass	must_accept	match	verilator: driver t_slice_cond_2d_side_effect.py expects success
verilator	test_regress/t/t_slice_cond_side_effect.v	pass	must_accept	match	verilator: driver t_slice_cond_side_effect.py expects success
verilator	test_regress/t/t_slice_init.v	fail	must_accept	divergence:explained_svpp_conditional	verilator: driver t_slice_init.py expects success
verilator	test_regress/t/t_slice_struct_array_modport.v	pass	must_accept	match	verilator: driver t_slice_struct_array_modport.py expects success
verilator	test_regress/t/t_specparam.v	fail	must_accept	divergence:explained_svpp_conditional	verilator: driver t_specparam.py expects success
verilator	test_regress/t/t_split_var_0.v	fail	must_accept	divergence:explained_svpp_conditional	verilator: driver t_split_var_0.py expects success
verilator	test_regress/t/t_split_var_1_bad.v	pass	must_accept	match	verilator: driver t_split_var_1_bad.py fails=True but golden .out is a post-parse tool error (lint/elab/unsupported) - syntax valid
verilator	test_regress/t/t_split_var_3_wreal.v	fail	must_accept	divergence:unexplained_rejects_valid	verilator: driver t_split_var_3_wreal.py expects success
verilator	test_regress/t/t_split_var_4.v	fail	must_accept	divergence:explained_svpp_macro_use	verilator: driver t_split_var_4.py expects success
verilator	test_regress/t/t_split_var_auto.v	fail	must_accept	divergence:explained_svpp_macro_use	verilator: driver t_split_var_auto.py expects success
verilator	test_regress/t/t_split_var_issue.v	fail	must_accept	divergence:explained_svpp_conditional	verilator: driver t_split_var_issue.py expects success
verilator	test_regress/t/t_split_var_types.v	pass	must_accept	match	verilator: driver t_split_var_types.py expects success
verilator	test_regress/t/t_split_var_xref.v	pass	must_accept	match	verilator: driver t_split_var_xref.py expects success
verilator	test_regress/t/t_srandom_class_dep.v	pass	must_accept	match	verilator: driver t_srandom_class_dep.py expects success
verilator	test_regress/t/t_stack_check.v	pass	must_accept	match	verilator: driver t_stack_check.py expects success
verilator	test_regress/t/t_stacktrace.v	pass	must_accept	match	verilator: driver t_stacktrace.py expects success
verilator	test_regress/t/t_static_dup_name.v	pass	must_accept	match	verilator: driver t_static_dup_name.py expects success
verilator	test_regress/t/t_static_elab.v	pass	must_accept	match	verilator: driver t_static_elab.py expects success
verilator	test_regress/t/t_static_function_in_class.v	pass	must_accept	match	verilator: driver t_static_function_in_class.py expects success
verilator	test_regress/t/t_static_function_in_class_noparen.v	pass	must_accept	match	verilator: driver t_static_function_in_class_noparen.py expects success
verilator	test_regress/t/t_static_in_loop.v	pass	must_accept	match	verilator: driver t_static_in_loop.py expects success
verilator	test_regress/t/t_static_init_pkg_order.v	fail	must_accept	divergence:explained_svpp_macro_use	verilator: driver t_static_init_pkg_order.py expects success
verilator	test_regress/t/t_static_task_args.v	fail	must_accept	divergence:explained_svpp_macro_use	verilator: driver t_static_task_args.py expects success
verilator	test_regress/t/t_static_task_args_bad.v	pass	must_accept	match	verilator: driver t_static_task_args_bad.py fails=True but golden .out is a post-parse tool error (lint/elab/unsupported) - syntax valid
verilator	test_regress/t/t_static_var_xref.v	pass	must_accept	match	verilator: driver t_static_var_xref.py expects success
verilator	test_regress/t/t_std_identifier.v	fail	must_accept	divergence:explained_svpp_conditional	verilator: driver t_std_identifier.py expects success
verilator	test_regress/t/t_std_pkg_bad.v	pass	must_accept	match	verilator: driver t_std_pkg_bad.py fails=True but golden .out is a post-parse tool error (lint/elab/unsupported) - syntax valid
verilator	test_regress/t/t_std_process_self.v	fail	must_accept	divergence:explained_svpp_conditional	verilator: driver t_std_process_self.py expects success
verilator	test_regress/t/t_std_randomize.v	fail	must_accept	divergence:explained_svpp_macro_use	verilator: driver t_std_randomize.py expects success
verilator	test_regress/t/t_std_randomize_assoc.v	fail	must_accept	divergence:explained_svpp_macro_use	verilator: driver t_std_randomize_assoc.py expects success
verilator	test_regress/t/t_std_randomize_bad1.v	pass	must_accept	match	verilator: driver t_std_randomize_bad1.py fails=True but golden .out is a post-parse tool error (lint/elab/unsupported) - syntax valid
verilator	test_regress/t/t_std_randomize_mod.v	pass	must_accept	match	verilator: driver t_std_randomize_mod.py expects success
verilator	test_regress/t/t_std_randomize_no_args.v	pass	must_accept	match	verilator: driver t_std_randomize_no_args.py expects success
verilator	test_regress/t/t_std_randomize_queue.v	fail	must_accept	divergence:explained_svpp_macro_use	verilator: driver t_std_randomize_queue.py expects success
verilator	test_regress/t/t_std_randomize_static_member.v	fail	must_accept	divergence:unexplained_rejects_valid	verilator: driver t_std_randomize_static_member.py expects success
verilator	test_regress/t/t_std_randomize_unsup_unq_arr.v	fail	must_accept	divergence:unexplained_rejects_valid	verilator: driver t_std_randomize_unsup_unq_arr.py fails=True but golden .out is a post-parse tool error (lint/elab/unsupported) - syntax valid
verilator	test_regress/t/t_std_randomize_with.v	fail	must_accept	divergence:unexplained_rejects_valid	verilator: driver t_std_randomize_with.py expects success
verilator	test_regress/t/t_std_waiver.v	pass	must_accept	match	verilator: driver t_std_waiver.py expects success
verilator	test_regress/t/t_std_waiver_no.v	pass	must_accept	match	verilator: driver t_std_waiver_no.py expects success
verilator	test_regress/t/t_stmt_incr_unsup.v	pass	must_accept	match	verilator: driver t_stmt_incr_unsup.py fails=True but golden .out is a post-parse tool error (lint/elab/unsupported) - syntax valid
verilator	test_regress/t/t_stop_bad.v	pass	must_accept	match	verilator: driver t_stop_bad.py fails=True but golden .out is a post-parse tool error (lint/elab/unsupported) - syntax valid
verilator	test_regress/t/t_stop_winos_bad.v	fail	must_accept	divergence:unexplained_rejects_valid	verilator: driver t_stop_winos_bad.py fails=True but golden .out is a post-parse tool error (lint/elab/unsupported) - syntax valid
verilator	test_regress/t/t_stream.v	pass	must_accept	match	verilator: driver t_stream.py expects success
verilator	test_regress/t/t_stream2.v	fail	must_accept	divergence:explained_svpp_macro_use	verilator: driver t_stream2.py expects success
verilator	test_regress/t/t_stream3.v	fail	must_accept	divergence:explained_svpp_macro_use	verilator: driver t_stream3.py expects success
verilator	test_regress/t/t_stream4.v	pass	must_accept	match	verilator: driver t_stream4.py expects success
verilator	test_regress/t/t_stream5.v	pass	must_accept	match	verilator: driver t_stream5.py expects success
verilator	test_regress/t/t_stream_bad.v	pass	must_accept	match	verilator: driver t_stream_bad.py fails=True but golden .out is a post-parse tool error (lint/elab/unsupported) - syntax valid
verilator	test_regress/t/t_stream_bitqueue.v	fail	must_accept	divergence:explained_svpp_macro_use	verilator: driver t_stream_bitqueue.py expects success
verilator	test_regress/t/t_stream_crc_example.v	fail	must_accept	divergence:explained_svpp_macro_use	verilator: driver t_stream_crc_example.py expects success
verilator	test_regress/t/t_stream_dynamic.v	fail	must_accept	divergence:explained_svpp_macro_use	verilator: driver t_stream_dynamic.py expects success
verilator	test_regress/t/t_stream_integer_type.v	fail	must_accept	divergence:explained_svpp_conditional	verilator: driver t_stream_integer_type.py expects success
verilator	test_regress/t/t_stream_queue.v	fail	must_accept	divergence:explained_svpp_macro_use	verilator: driver t_stream_queue.py expects success
verilator	test_regress/t/t_stream_queue_interface.sv	fail	must_accept	divergence:unexplained_rejects_valid	verilator: driver t_stream_queue_interface.py expects success
verilator	test_regress/t/t_stream_string_array.v	pass	must_accept	match	verilator: driver t_stream_string_array.py expects success
verilator	test_regress/t/t_stream_struct.v	fail	must_accept	divergence:explained_svpp_macro_use	verilator: driver t_stream_struct.py expects success
verilator	test_regress/t/t_stream_trace.v	pass	must_accept	match	verilator: driver t_stream_trace.py expects success
verilator	test_regress/t/t_stream_type.v	fail	must_accept	divergence:explained_svpp_macro_use	verilator: driver t_stream_type.py expects success
verilator	test_regress/t/t_stream_unpack.v	fail	must_accept	divergence:explained_svpp_macro_use	verilator: driver t_stream_unpack.py expects success
verilator	test_regress/t/t_stream_unpack_lhs.v	pass	must_accept	match	verilator: driver t_stream_unpack_lhs.py expects success
verilator	test_regress/t/t_stream_unpack_narrower.v	pass	must_accept	match	verilator: driver t_stream_unpack_narrower.py fails=True but golden .out is a post-parse tool error (lint/elab/unsupported) - syntax valid
verilator	test_regress/t/t_stream_unpack_wider.v	fail	must_accept	divergence:explained_svpp_macro_use	verilator: driver t_stream_unpack_wider.py expects success
verilator	test_regress/t/t_stream_unpacked_struct.v	fail	must_accept	divergence:explained_svpp_macro_use	verilator: driver t_stream_unpacked_struct.py expects success
verilator	test_regress/t/t_stream_unpacked_struct_bad.v	pass	must_accept	match	verilator: driver t_stream_unpacked_struct_bad.py fails=True but golden .out is a post-parse tool error (lint/elab/unsupported) - syntax valid
verilator	test_regress/t/t_strength_2_uneq_assign.v	fail	must_accept	divergence:unexplained_rejects_valid	verilator: driver t_strength_2_uneq_assign.py fails=True but golden .out is a post-parse tool error (lint/elab/unsupported) - syntax valid
verilator	test_regress/t/t_strength_assignments_constants.v	fail	must_accept	divergence:unexplained_rejects_valid	verilator: driver t_strength_assignments_constants.py expects success
verilator	test_regress/t/t_strength_buf_not.v	fail	must_accept	divergence:explained_svpp_macro_use	verilator: driver t_strength_buf_not.py expects success
verilator	test_regress/t/t_strength_equal_strength.v	fail	must_accept	divergence:unexplained_rejects_valid	verilator: driver t_strength_equal_strength.py expects success
verilator	test_regress/t/t_strength_highz.v	fail	must_accept	divergence:unexplained_rejects_valid	verilator: driver t_strength_highz.py fails=True but golden .out is a post-parse tool error (lint/elab/unsupported) - syntax valid
verilator	test_regress/t/t_strength_strong1_strong1_bad.v	fail	must_reject	match	verilator: driver t_strength_strong1_strong1_bad.py fails=True and golden .out reports a syntax error
verilator	test_regress/t/t_strength_strongest_constant.v	fail	must_accept	divergence:unexplained_rejects_valid	verilator: driver t_strength_strongest_constant.py expects success
verilator	test_regress/t/t_strength_strongest_non_tristate.v	fail	must_accept	divergence:unexplained_rejects_valid	verilator: driver t_strength_strongest_non_tristate.py expects success
verilator	test_regress/t/t_string.v	fail	must_accept	divergence:explained_svpp_macro_use	verilator: driver t_string.py expects success
verilator	test_regress/t/t_string_add_bad.v	pass	must_accept	match	verilator: driver t_string_add_bad.py fails=True but golden .out is a post-parse tool error (lint/elab/unsupported) - syntax valid
verilator	test_regress/t/t_string_byte.v	fail	must_accept	divergence:explained_svpp_macro_use	verilator: driver t_string_byte.py expects success
verilator	test_regress/t/t_string_convert2.v	pass	must_accept	match	verilator: driver t_string_convert2.py expects success
verilator	test_regress/t/t_string_dyn_num.v	fail	must_accept	divergence:explained_svpp_conditional	verilator: driver t_string_dyn_num.py expects success
verilator	test_regress/t/t_string_octal.v	fail	must_accept	divergence:explained_svpp_macro_use	verilator: driver t_string_octal.py expects success
verilator	test_regress/t/t_string_repl.v	pass	must_accept	match	verilator: driver t_string_repl.py expects success
verilator	test_regress/t/t_string_sel.v	fail	must_accept	divergence:unexplained_rejects_valid	verilator: driver t_string_sel.py expects success
verilator	test_regress/t/t_string_size.v	pass	must_accept	match	verilator: driver t_string_size.py expects success
verilator	test_regress/t/t_string_to_bit.v	fail	must_accept	divergence:explained_svpp_macro_use	verilator: driver t_string_to_bit.py expects success
verilator	test_regress/t/t_string_type_methods.v	fail	must_accept	divergence:explained_svpp_macro_use	verilator: driver t_string_type_methods.py expects success
verilator	test_regress/t/t_string_type_methods_bad.v	pass	must_accept	match	verilator: driver t_string_type_methods_bad.py fails=True but golden .out is a post-parse tool error (lint/elab/unsupported) - syntax valid
verilator	test_regress/t/t_struct_anon.v	pass	must_accept	match	verilator: driver t_struct_anon.py expects success
verilator	test_regress/t/t_struct_array.v	pass	must_accept	match	verilator: driver t_struct_array.py expects success
verilator	test_regress/t/t_struct_array_assignment.v	pass	must_accept	match	verilator: driver t_struct_array_assignment.py expects success
verilator	test_regress/t/t_struct_array_assignment_delayed.v	pass	must_accept	match	verilator: driver t_struct_array_assignment_delayed.py expects success
verilator	test_regress/t/t_struct_assign.v	pass	must_accept	match	verilator: driver t_struct_assign.py expects success
verilator	test_regress/t/t_struct_circ_bad.v	pass	must_accept	match	verilator: driver t_struct_circ_bad.py fails=True but golden .out is a post-parse tool error (lint/elab/unsupported) - syntax valid
verilator	test_regress/t/t_struct_clk.v	fail	must_accept	divergence:explained_svpp_macro_use	verilator: driver t_struct_clk.py expects success
verilator	test_regress/t/t_struct_cons_cast.v	pass	must_accept	match	verilator: driver t_struct_cons_cast.py expects success
verilator	test_regress/t/t_struct_contents.v	pass	must_accept	match	verilator: driver t_struct_contents.py expects success
verilator	test_regress/t/t_struct_contents_bad.v	pass	must_accept	match	verilator: driver t_struct_contents_bad.py fails=True but golden .out is a post-parse tool error (lint/elab/unsupported) - syntax valid
verilator	test_regress/t/t_struct_genfor.v	pass	must_accept	match	verilator: driver t_struct_genfor.py expects success
verilator	test_regress/t/t_struct_init.v	fail	must_accept	divergence:explained_svpp_conditional	verilator: driver t_struct_init.py expects success
verilator	test_regress/t/t_struct_initial_assign.v	pass	must_accept	match	verilator: driver t_struct_initial_assign.py expects success
verilator	test_regress/t/t_struct_literal_param.v	pass	must_accept	match	verilator: driver t_struct_literal_param.py expects success
verilator	test_regress/t/t_struct_negate.v	pass	must_accept	match	verilator: driver t_struct_negate.py expects success
verilator	test_regress/t/t_struct_nest.v	pass	must_accept	match	verilator: driver t_struct_nest.py expects success
verilator	test_regress/t/t_struct_nest_uarray.v	fail	must_accept	divergence:explained_svpp_macro_use	verilator: driver t_struct_nest_uarray.py expects success
verilator	test_regress/t/t_struct_notfound_bad.v	pass	must_accept	match	verilator: driver t_struct_notfound_bad.py fails=True but golden .out is a post-parse tool error (lint/elab/unsupported) - syntax valid
verilator	test_regress/t/t_struct_packed_init_bad.v	pass	must_accept	match	verilator: driver t_struct_packed_init_bad.py fails=True but golden .out is a post-parse tool error (lint/elab/unsupported) - syntax valid
verilator	test_regress/t/t_struct_packed_sysfunct.v	pass	must_accept	match	verilator: driver t_struct_packed_sysfunct.py expects success
verilator	test_regress/t/t_struct_packed_value_list.v	pass	must_accept	match	verilator: driver t_struct_packed_value_list.py expects success
verilator	test_regress/t/t_struct_packed_write_read.v	pass	must_accept	match	verilator: driver t_struct_packed_write_read.py expects success
verilator	test_regress/t/t_struct_param.v	fail	must_accept	divergence:explained_svpp_macro_use	verilator: driver t_struct_param.py expects success
verilator	test_regress/t/t_struct_param_overflow.v	pass	must_accept	match	verilator: driver t_struct_param_overflow.py expects success
verilator	test_regress/t/t_struct_pat.v	pass	must_accept	match	verilator: driver t_struct_pat.py expects success
verilator	test_regress/t/t_struct_pat_toomany_bad.v	pass	must_accept	match	verilator: driver t_struct_pat_toomany_bad.py fails=True but golden .out is a post-parse tool error (lint/elab/unsupported) - syntax valid
verilator	test_regress/t/t_struct_pat_width.v	fail	must_accept	divergence:explained_svpp_conditional	verilator: driver t_struct_pat_width.py expects success
verilator	test_regress/t/t_struct_port.v	fail	must_accept	divergence:explained_svpp_macro_use	verilator: driver t_struct_port.py expects success
verilator	test_regress/t/t_struct_portsel.v	fail	must_accept	divergence:explained_svpp_macro_use	verilator: driver t_struct_portsel.py expects success
verilator	test_regress/t/t_struct_type_bad.v	fail	must_accept	divergence:unexplained_rejects_valid	verilator: driver t_struct_type_bad.py fails=True but golden .out is a post-parse tool error (lint/elab/unsupported) - syntax valid
verilator	test_regress/t/t_struct_unaligned.v	pass	must_accept	match	verilator: driver t_struct_unaligned.py expects success
verilator	test_regress/t/t_struct_unpacked.v	fail	must_accept	divergence:explained_svpp_macro_use	verilator: driver t_struct_unpacked.py expects success
verilator	test_regress/t/t_struct_unpacked_array.v	pass	must_accept	match	verilator: driver t_struct_unpacked_array.py expects success
verilator	test_regress/t/t_struct_unpacked_clean.v	pass	must_accept	match	verilator: driver t_struct_unpacked_clean.py expects success
verilator	test_regress/t/t_struct_unpacked_init.v	fail	must_accept	divergence:explained_svpp_macro_use	verilator: driver t_struct_unpacked_init.py expects success
verilator	test_regress/t/t_struct_unpacked_init_param.v	fail	must_accept	divergence:explained_svpp_macro_use	verilator: driver t_struct_unpacked_init_param.py expects success
verilator	test_regress/t/t_struct_unpacked_param.v	fail	must_accept	divergence:explained_svpp_macro_use	verilator: driver t_struct_unpacked_param.py expects success
verilator	test_regress/t/t_struct_unused.v	pass	must_accept	match	verilator: driver t_struct_unused.py expects success
verilator	test_regress/t/t_struct_with_param_class.v	fail	must_accept	divergence:explained_svpp_macro_use	verilator: driver t_struct_with_param_class.py expects success
verilator	test_regress/t/t_structu_dataType_assignment.v	pass	must_accept	match	verilator: driver t_structu_dataType_assignment.py expects success
verilator	test_regress/t/t_structu_dataType_assignment_bad.v	pass	must_accept	match	verilator: driver t_structu_dataType_assignment_bad.py fails=True but golden .out is a post-parse tool error (lint/elab/unsupported) - syntax valid
verilator	test_regress/t/t_structu_wide.v	fail	must_accept	divergence:explained_svpp_macro_use	verilator: driver t_structu_wide.py expects success
verilator	test_regress/t/t_sv_bus_mux_demux.v	pass	must_accept	match	verilator: driver t_sv_bus_mux_demux.py expects success
verilator	test_regress/t/t_sv_bus_mux_demux/sv_bus_mux_demux_def.sv	pass	chained_only	deferred:chained_only	verilator: multi-file test payload outside flat test_regress/t/
verilator	test_regress/t/t_sv_bus_mux_demux/sv_bus_mux_demux_demux.sv	pass	chained_only	deferred:chained_only	verilator: multi-file test payload outside flat test_regress/t/
verilator	test_regress/t/t_sv_bus_mux_demux/sv_bus_mux_demux_mux.sv	pass	chained_only	deferred:chained_only	verilator: multi-file test payload outside flat test_regress/t/
verilator	test_regress/t/t_sv_bus_mux_demux/sv_bus_mux_demux_wrap.sv	pass	chained_only	deferred:chained_only	verilator: multi-file test payload outside flat test_regress/t/
verilator	test_regress/t/t_sv_conditional.v	fail	must_accept	divergence:explained_svpp_conditional	verilator: driver t_sv_conditional.py expects success
verilator	test_regress/t/t_sv_cpu.v	fail	must_accept	divergence:explained_svpp_conditional	verilator: driver t_sv_cpu.py expects success
verilator	test_regress/t/t_sv_cpu_code/ac.sv	pass	chained_only	deferred:chained_only	verilator: multi-file test payload outside flat test_regress/t/
verilator	test_regress/t/t_sv_cpu_code/ac_ana.sv	pass	chained_only	deferred:chained_only	verilator: multi-file test payload outside flat test_regress/t/
verilator	test_regress/t/t_sv_cpu_code/ac_dig.sv	fail	chained_only	deferred:chained_only	verilator: multi-file test payload outside flat test_regress/t/
verilator	test_regress/t/t_sv_cpu_code/adrdec.sv	pass	chained_only	deferred:chained_only	verilator: multi-file test payload outside flat test_regress/t/
verilator	test_regress/t/t_sv_cpu_code/chip.sv	fail	chained_only	deferred:chained_only	verilator: multi-file test payload outside flat test_regress/t/
verilator	test_regress/t/t_sv_cpu_code/cpu.sv	fail	chained_only	deferred:chained_only	verilator: multi-file test payload outside flat test_regress/t/
verilator	test_regress/t/t_sv_cpu_code/genbus_if.sv	pass	chained_only	deferred:chained_only	verilator: multi-file test payload outside flat test_regress/t/
verilator	test_regress/t/t_sv_cpu_code/pad_gnd.sv	pass	chained_only	deferred:chained_only	verilator: multi-file test payload outside flat test_regress/t/
verilator	test_regress/t/t_sv_cpu_code/pad_gpio.sv	fail	chained_only	deferred:chained_only	verilator: multi-file test payload outside flat test_regress/t/
verilator	test_regress/t/t_sv_cpu_code/pad_vdd.sv	pass	chained_only	deferred:chained_only	verilator: multi-file test payload outside flat test_regress/t/
verilator	test_regress/t/t_sv_cpu_code/pads.sv	fail	chained_only	deferred:chained_only	verilator: multi-file test payload outside flat test_regress/t/
verilator	test_regress/t/t_sv_cpu_code/pads_h.sv	pass	chained_only	deferred:chained_only	verilator: multi-file test payload outside flat test_regress/t/
verilator	test_regress/t/t_sv_cpu_code/pads_if.sv	pass	chained_only	deferred:chained_only	verilator: multi-file test payload outside flat test_regress/t/
verilator	test_regress/t/t_sv_cpu_code/pinout_h.sv	fail	chained_only	deferred:chained_only	verilator: multi-file test payload outside flat test_regress/t/
verilator	test_regress/t/t_sv_cpu_code/ports.sv	pass	chained_only	deferred:chained_only	verilator: multi-file test payload outside flat test_regress/t/
verilator	test_regress/t/t_sv_cpu_code/ports_h.sv	pass	chained_only	deferred:chained_only	verilator: multi-file test payload outside flat test_regress/t/
verilator	test_regress/t/t_sv_cpu_code/program_h.sv	pass	chained_only	deferred:chained_only	verilator: multi-file test payload outside flat test_regress/t/
verilator	test_regress/t/t_sv_cpu_code/rom.sv	fail	chained_only	deferred:chained_only	verilator: multi-file test payload outside flat test_regress/t/
verilator	test_regress/t/t_sv_cpu_code/timescale.sv	pass	chained_only	deferred:chained_only	verilator: multi-file test payload outside flat test_regress/t/
verilator	test_regress/t/t_sys_delta_monitor.v	pass	must_accept	match	verilator: driver t_sys_delta_monitor.py expects success
verilator	test_regress/t/t_sys_file_basic.v	fail	must_accept	divergence:explained_svpp_macro_use	verilator: driver t_sys_file_basic.py expects success
verilator	test_regress/t/t_sys_file_basic_mcd.v	fail	must_accept	divergence:explained_svpp_macro_use	verilator: driver t_sys_file_basic_mcd.py expects success
verilator	test_regress/t/t_sys_file_basic_uz.v	fail	must_accept	divergence:explained_svpp_macro_use	verilator: driver t_sys_file_basic_uz.py expects success
verilator	test_regress/t/t_sys_file_eof.v	fail	must_accept	divergence:explained_svpp_macro_use	verilator: driver t_sys_file_eof.py expects success
verilator	test_regress/t/t_sys_file_null.v	fail	must_accept	divergence:explained_svpp_macro_use	verilator: driver t_sys_file_null.py expects success
verilator	test_regress/t/t_sys_file_scan.v	fail	must_accept	divergence:explained_svpp_macro_use	verilator: driver t_sys_file_scan.py expects success
verilator	test_regress/t/t_sys_file_scan2.v	fail	must_accept	divergence:explained_svpp_macro_use	verilator: driver t_sys_file_scan2.py expects success
verilator	test_regress/t/t_sys_file_zero.v	fail	must_accept	divergence:explained_svpp_macro_use	verilator: driver t_sys_file_zero.py expects success
verilator	test_regress/t/t_sys_fmonitor.v	fail	must_accept	divergence:explained_svpp_macro_use	verilator: driver t_sys_fmonitor.py expects success
verilator	test_regress/t/t_sys_fread.v	fail	must_accept	divergence:explained_svpp_macro_use	verilator: driver t_sys_fread.py expects success
verilator	test_regress/t/t_sys_fscanf_bad.v	pass	must_accept	match	verilator: driver t_sys_fscanf_bad.py fails=True but golden .out is a post-parse tool error (lint/elab/unsupported) - syntax valid
verilator	test_regress/t/t_sys_fstrobe.v	fail	must_accept	divergence:explained_svpp_macro_use	verilator: driver t_sys_fstrobe.py expects success
verilator	test_regress/t/t_sys_get_init_seed.v	pass	must_accept	match	verilator: driver t_sys_get_init_seed.py expects success
verilator	test_regress/t/t_sys_monitor.v	pass	must_accept	match	verilator: driver t_sys_monitor.py expects success
verilator	test_regress/t/t_sys_monitor_changes.v	pass	must_accept	match	verilator: driver t_sys_monitor_changes.py expects success
verilator	test_regress/t/t_sys_monitor_dotted.v	pass	must_accept	match	verilator: driver t_sys_monitor_dotted.py expects success
verilator	test_regress/t/t_sys_plusargs.v	fail	must_accept	divergence:explained_svpp_conditional	verilator: driver t_sys_plusargs.py expects success
verilator	test_regress/t/t_sys_plusargs_bad.v	pass	must_accept	match	verilator: driver t_sys_plusargs_bad.py expects success
verilator	test_regress/t/t_sys_psprintf.v	fail	must_accept	divergence:explained_svpp_conditional	verilator: driver t_sys_psprintf.py expects success
verilator	test_regress/t/t_sys_queue_unsup.v	fail	must_accept	divergence:explained_svpp_macro_use	verilator: driver t_sys_queue_unsup.py fails=True but golden .out is a post-parse tool error (lint/elab/unsupported) - syntax valid
verilator	test_regress/t/t_sys_random.v	fail	must_accept	divergence:explained_svpp_macro_use	verilator: driver t_sys_random.py expects success
verilator	test_regress/t/t_sys_random_concat.v	fail	must_accept	divergence:explained_svpp_macro_use	verilator: driver t_sys_random_concat.py expects success
verilator	test_regress/t/t_sys_random_seed.v	pass	must_accept	match	verilator: driver t_sys_random_seed.py expects success
verilator	test_regress/t/t_sys_readmem.v	fail	must_accept	divergence:explained_svpp_macro_use	verilator: driver t_sys_readmem.py expects success
verilator	test_regress/t/t_sys_readmem_4state.v	fail	must_accept	divergence:explained_svpp_macro_use	verilator: driver t_sys_readmem_4state.py expects success
verilator	test_regress/t/t_sys_readmem_assoc.v	fail	must_accept	divergence:explained_svpp_macro_use	verilator: driver t_sys_readmem_assoc.py expects success
verilator	test_regress/t/t_sys_readmem_assoc_bad.v	pass	must_accept	match	verilator: driver t_sys_readmem_assoc_bad.py fails=True but golden .out is a post-parse tool error (lint/elab/unsupported) - syntax valid
verilator	test_regress/t/t_sys_readmem_bad_addr.v	pass	must_accept	match	verilator: driver t_sys_readmem_bad_addr.py fails=True but golden .out is a post-parse tool error (lint/elab/unsupported) - syntax valid
verilator	test_regress/t/t_sys_readmem_bad_addr2.v	pass	must_accept	match	verilator: driver t_sys_readmem_bad_addr2.py fails=True but golden .out is a post-parse tool error (lint/elab/unsupported) - syntax valid
verilator	test_regress/t/t_sys_readmem_bad_digit.v	pass	must_accept	match	verilator: driver t_sys_readmem_bad_digit.py fails=True but golden .out is a post-parse tool error (lint/elab/unsupported) - syntax valid
verilator	test_regress/t/t_sys_readmem_bad_end.v	pass	must_accept	match	verilator: driver t_sys_readmem_bad_end.py expects success
verilator	test_regress/t/t_sys_readmem_bad_notfound.v	pass	must_accept	match	verilator: driver t_sys_readmem_bad_notfound.py expects success
verilator	test_regress/t/t_sys_readmem_eof.v	fail	must_accept	divergence:explained_svpp_macro_use	verilator: driver t_sys_readmem_eof.py expects success
verilator	test_regress/t/t_sys_sformat.v	fail	must_accept	divergence:explained_svpp_macro_use	verilator: driver t_sys_sformat.py expects success
verilator	test_regress/t/t_sys_sscanf.v	fail	must_accept	divergence:explained_svpp_macro_use	verilator: driver t_sys_sscanf.py expects success
verilator	test_regress/t/t_sys_strobe.v	pass	must_accept	match	verilator: driver t_sys_strobe.py expects success
verilator	test_regress/t/t_sys_system.v	fail	must_accept	divergence:explained_svpp_conditional	verilator: driver t_sys_system.py expects success
verilator	test_regress/t/t_sys_time.v	pass	must_accept	match	verilator: driver t_sys_time.py expects success
verilator	test_regress/t/t_tagged.v	pass	must_accept	match	verilator: driver t_tagged.py fails=True but golden .out is a post-parse tool error (lint/elab/unsupported) - syntax valid
verilator	test_regress/t/t_tagged_case.v	fail	must_accept	divergence:explained_svpp_macro_use	verilator: driver t_tagged_case.py fails=True but golden .out is a post-parse tool error (lint/elab/unsupported) - syntax valid
verilator	test_regress/t/t_tagged_if.v	fail	must_accept	divergence:explained_svpp_macro_use	verilator: driver t_tagged_if.py fails=True but golden .out is a post-parse tool error (lint/elab/unsupported) - syntax valid
verilator	test_regress/t/t_tagged_union.v	fail	must_accept	divergence:explained_svpp_macro_use	verilator: driver t_tagged_union.py fails=True but golden .out is a post-parse tool error (lint/elab/unsupported) - syntax valid
verilator	test_regress/t/t_threads_counter.v	pass	must_accept	match	verilator: driver t_threads_counter_0.py expects success
verilator	test_regress/t/t_threads_crazy.v	pass	must_accept	match	verilator: driver t_threads_crazy.py fails=True but golden .out is a post-parse tool error (lint/elab/unsupported) - syntax valid
verilator	test_regress/t/t_time.v	fail	must_accept	divergence:explained_svpp_macro_use	verilator: driver t_time.py expects success
verilator	test_regress/t/t_time_literals.v	fail	must_accept	divergence:explained_svpp_macro_use	verilator: driver t_time_literals.py expects success
verilator	test_regress/t/t_time_param.v	pass	must_accept	match	verilator: driver t_time_param.py expects success
verilator	test_regress/t/t_time_passed.v	pass	must_accept	match	verilator: driver t_time_passed.py expects success
verilator	test_regress/t/t_time_print.v	pass	must_accept	match	verilator: driver t_time_print.py expects success
verilator	test_regress/t/t_time_sc.v	fail	must_accept	divergence:explained_svpp_macro_use	verilator: driver t_time_sc_10_ns.py expects success
verilator	test_regress/t/t_time_sscanf.v	fail	must_accept	divergence:explained_svpp_macro_use	verilator: driver t_time_sscanf.py expects success
verilator	test_regress/t/t_time_stamp64.v	pass	must_accept	match	verilator: driver t_time_stamp64.py expects success
verilator	test_regress/t/t_time_timeunit.v	fail	must_accept	divergence:explained_svpp_macro_use	verilator: driver t_time_timeunit.py expects success
verilator	test_regress/t/t_time_vpi.v	fail	must_accept	divergence:explained_svpp_macro_use	verilator: driver t_time_vpi_100s10ms.py expects success
verilator	test_regress/t/t_timescale_default.v	pass	must_accept	match	verilator: driver t_timescale_default.py expects success
verilator	test_regress/t/t_timescale_lint.v	pass	must_accept	match	verilator: driver t_timescale_lint.py expects success
verilator	test_regress/t/t_timescale_nobackwards.v	fail	must_accept	divergence:explained_svpp_macro_use	verilator: driver t_timescale_nobackwards.py expects success
verilator	test_regress/t/t_timescale_parse.v	fail	must_accept	divergence:explained_svpp_macro_use	verilator: driver t_timescale_parse.py expects success
verilator	test_regress/t/t_timescale_parse_bad.v	pass	must_reject	divergence:unexplained_accepts_invalid	verilator: driver t_timescale_parse_bad.py fails=True and golden .out reports a syntax error
verilator	test_regress/t/t_timescale_udp.v	fail	must_accept	divergence:unexplained_rejects_valid	verilator: driver t_timescale_udp.py expects success
verilator	test_regress/t/t_timescale_unit.v	pass	must_accept	match	verilator: driver t_timescale_unit.py expects success
verilator	test_regress/t/t_timing_always.v	fail	must_accept	divergence:explained_svpp_macro_use	verilator: driver t_timing_always.py expects success
verilator	test_regress/t/t_timing_at_class.v	fail	must_accept	divergence:explained_svpp_macro_use	verilator: driver t_timing_at_class.py expects success
verilator	test_regress/t/t_timing_at_dtype_bad.v	pass	must_accept	match	verilator: driver t_timing_at_dtype_bad.py fails=True but golden .out is a post-parse tool error (lint/elab/unsupported) - syntax valid
verilator	test_regress/t/t_timing_class.v	fail	must_accept	divergence:explained_svpp_macro_use	verilator: driver t_timing_class.py expects success
verilator	test_regress/t/t_timing_class_static_delay.v	fail	must_accept	divergence:explained_svpp_macro_use	verilator: driver t_timing_class_static_delay.py expects success
verilator	test_regress/t/t_timing_clkgen1.v	fail	must_accept	divergence:explained_svpp_conditional	verilator: driver t_timing_clkgen1.py expects success
verilator	test_regress/t/t_timing_clkgen2.v	fail	must_accept	divergence:explained_svpp_macro_use	verilator: driver t_timing_clkgen2.py expects success
verilator	test_regress/t/t_timing_clkgen3.v	fail	must_accept	divergence:explained_svpp_macro_use	verilator: driver t_timing_clkgen3.py expects success
verilator	test_regress/t/t_timing_delay_callstack.v	fail	must_accept	divergence:explained_svpp_macro_use	verilator: driver t_timing_delay_callstack.py expects success
verilator	test_regress/t/t_timing_dlyassign.v	pass	must_accept	match	verilator: driver t_timing_dlyassign.py expects success
verilator	test_regress/t/t_timing_dpi_unsup.v	fail	must_accept	divergence:explained_svpp_macro_use	verilator: driver t_timing_dpi_unsup.py fails=True but golden .out is a post-parse tool error (lint/elab/unsupported) - syntax valid
verilator	test_regress/t/t_timing_dynscope.v	pass	must_accept	match	verilator: driver t_timing_dynscope.py expects success
verilator	test_regress/t/t_timing_eval_act.v	pass	must_accept	match	verilator: driver t_timing_eval_act.py expects success
verilator	test_regress/t/t_timing_events.v	fail	must_accept	divergence:explained_svpp_macro_use	verilator: driver t_timing_events.py expects success
verilator	test_regress/t/t_timing_finish.v	pass	must_accept	match	verilator: driver t_timing_finish.py expects success
verilator	test_regress/t/t_timing_finish2.v	fail	must_accept	divergence:explained_svpp_macro_use	verilator: driver t_timing_finish2.py expects success
verilator	test_regress/t/t_timing_finish3.v	fail	must_accept	divergence:explained_svpp_macro_use	verilator: driver t_timing_finish3.py expects success
verilator	test_regress/t/t_timing_fork_comb.v	fail	must_accept	divergence:explained_svpp_conditional	verilator: driver t_timing_fork_comb.py expects success
verilator	test_regress/t/t_timing_fork_join.v	pass	must_accept	match	verilator: driver t_timing_fork_join.py expects success
verilator	test_regress/t/t_timing_fork_many.v	fail	must_accept	divergence:explained_svpp_macro_use	verilator: driver t_timing_fork_many.py expects success
verilator	test_regress/t/t_timing_fork_nba.v	pass	must_accept	match	verilator: driver t_timing_fork_nba.py expects success
verilator	test_regress/t/t_timing_fork_no_timing_ctrl.v	pass	must_accept	match	verilator: driver t_timing_fork_no_timing_ctrl.py expects success
verilator	test_regress/t/t_timing_fork_rec_method.v	pass	must_accept	match	verilator: driver t_timing_fork_rec_method.py expects success
verilator	test_regress/t/t_timing_fork_taskcall.v	pass	must_accept	match	verilator: driver t_timing_fork_taskcall.py expects success
verilator	test_regress/t/t_timing_func_bad.v	pass	must_accept	match	verilator: driver t_timing_func_bad.py fails=True but golden .out is a post-parse tool error (lint/elab/unsupported) - syntax valid
verilator	test_regress/t/t_timing_func_fork.v	pass	must_accept	match	verilator: driver t_timing_func_fork.py expects success
verilator	test_regress/t/t_timing_func_fork_bad.v	pass	must_accept	match	verilator: driver t_timing_func_fork_bad.py fails=True but golden .out is a post-parse tool error (lint/elab/unsupported) - syntax valid
verilator	test_regress/t/t_timing_func_join.v	pass	must_accept	match	verilator: driver t_timing_func_join.py expects success
verilator	test_regress/t/t_timing_initial_always.v	pass	must_accept	match	verilator: driver t_timing_initial_always.py expects success
verilator	test_regress/t/t_timing_initial_edge.v	pass	must_accept	match	verilator: driver t_timing_initial_edge.py expects success
verilator	test_regress/t/t_timing_intra_assign.v	pass	must_accept	match	verilator: driver t_timing_intra_assign.py expects success
verilator	test_regress/t/t_timing_intra_assign_func.v	pass	must_accept	match	verilator: driver t_timing_intra_assign_func.py expects success
verilator	test_regress/t/t_timing_localevent.v	pass	must_accept	match	verilator: driver t_timing_localevent.py expects success
verilator	test_regress/t/t_timing_nba_1.v	fail	must_accept	divergence:explained_svpp_conditional	verilator: driver t_timing_nba_1.py expects success
verilator	test_regress/t/t_timing_nba_2.v	fail	must_accept	divergence:explained_svpp_conditional	verilator: driver t_timing_nba_2.py expects success
verilator	test_regress/t/t_timing_nested_assignment_on_lhs.v	pass	must_accept	match	verilator: driver t_timing_nested_assignment_on_lhs.py expects success
verilator	test_regress/t/t_timing_off.v	pass	must_accept	match	verilator: driver t_timing_off.py expects success
verilator	test_regress/t/t_timing_osc.v	fail	must_accept	divergence:explained_svpp_macro_use	verilator: driver t_timing_osc.py expects success
verilator	test_regress/t/t_timing_pong.v	fail	must_accept	divergence:explained_svpp_conditional	verilator: driver t_timing_pong.py expects success
verilator	test_regress/t/t_timing_reentry.v	pass	must_accept	match	verilator: driver t_timing_reentry.py expects success
verilator	test_regress/t/t_timing_sched.v	fail	must_accept	divergence:explained_svpp_conditional	verilator: driver t_timing_sched.py expects success
verilator	test_regress/t/t_timing_sched_if.v	fail	must_accept	divergence:explained_svpp_conditional	verilator: driver t_timing_sched_if.py expects success
verilator	test_regress/t/t_timing_sched_nba.v	fail	must_accept	divergence:explained_svpp_conditional	verilator: driver t_timing_sched_nba.py expects success
verilator	test_regress/t/t_timing_split.v	fail	must_accept	divergence:explained_svpp_macro_use	verilator: driver t_timing_split.py expects success
verilator	test_regress/t/t_timing_strobe.v	pass	must_accept	match	verilator: driver t_timing_strobe.py expects success
verilator	test_regress/t/t_timing_suspend_two_retrigger.v	pass	must_accept	match	verilator: driver t_timing_suspend_two_retrigger.py expects success
verilator	test_regress/t/t_timing_suspendable_deep.v	pass	must_accept	match	verilator: driver t_timing_suspendable_deep.py expects success
verilator	test_regress/t/t_timing_timescale.v	pass	must_accept	match	verilator: driver t_timing_timescale.py expects success
verilator	test_regress/t/t_timing_wait1.v	fail	must_accept	divergence:explained_svpp_macro_use	verilator: driver t_timing_wait1.py expects success
verilator	test_regress/t/t_timing_wait2.v	pass	must_accept	match	verilator: driver t_timing_wait2.py expects success
verilator	test_regress/t/t_timing_wait3.v	pass	must_accept	match	verilator: driver t_timing_wait3.py expects success
verilator	test_regress/t/t_timing_wait_long.v	pass	must_accept	match	verilator: driver t_timing_wait_long.py expects success
verilator	test_regress/t/t_timing_write_expr.v	pass	must_accept	match	verilator: driver t_timing_write_expr.py expects success
verilator	test_regress/t/t_timing_zerodly.v	pass	must_accept	match	verilator: driver t_timing_zerodly.py expects success
verilator	test_regress/t/t_timing_zerodly_2.v	pass	must_accept	match	verilator: driver t_timing_zerodly_2.py expects success
verilator	test_regress/t/t_timing_zerodly_consecutive.v	pass	must_accept	match	verilator: driver t_timing_zerodly_consecutive.py expects success
verilator	test_regress/t/t_to_string_emitted.v	fail	must_accept	divergence:explained_svpp_conditional	verilator: driver t_to_string_emitted.py expects success
verilator	test_regress/t/t_to_string_emitted_class_hierarchy.v	fail	must_accept	divergence:explained_svpp_macro_use	verilator: driver t_to_string_emitted_class_hierarchy1.py expects success
verilator	test_regress/t/t_trace_abort.v	pass	must_accept	match	verilator: driver trace_abort_common.py fails=True but golden .out is a post-parse tool error (lint/elab/unsupported) - syntax valid
verilator	test_regress/t/t_trace_array.v	pass	must_accept	match	verilator: driver trace_array_common.py expects success
verilator	test_regress/t/t_trace_ascendingrange.v	pass	must_accept	match	verilator: driver trace_ascendingrange_common.py expects success
verilator	test_regress/t/t_trace_basic.v	fail	must_accept	divergence:explained_svpp_conditional	verilator: driver trace_basic_common.py expects success
verilator	test_regress/t/t_trace_binary.v	fail	must_accept	divergence:explained_svpp_macro_use	verilator: driver t_trace_binary.py expects success
verilator	test_regress/t/t_trace_cat.v	pass	must_accept	match	verilator: driver t_no_trace_top.py expects success
verilator	test_regress/t/t_trace_class.v	fail	must_accept	divergence:explained_svpp_macro_use	verilator: driver t_trace_class.py expects success
verilator	test_regress/t/t_trace_complex.v	pass	must_accept	match	verilator: driver trace_complex_common.py expects success
verilator	test_regress/t/t_trace_decoration.v	pass	must_accept	match	verilator: driver t_trace_decoration.py expects success
verilator	test_regress/t/t_trace_depth.v	pass	must_accept	match	verilator: driver t_trace_depth.py expects success
verilator	test_regress/t/t_trace_dumporder_bad.v	pass	must_accept	match	verilator: driver t_trace_dumporder_bad.py expects success
verilator	test_regress/t/t_trace_dumpvars_dyn.v	pass	must_accept	match	verilator: driver trace_dumpvars_dyn_common.py expects success
verilator	test_regress/t/t_trace_empty.v	pass	must_accept	match	verilator: driver t_trace_empty.py expects success
verilator	test_regress/t/t_trace_ena.v	pass	must_accept	match	verilator: driver t_trace_ena_cc.py expects success
verilator	test_regress/t/t_trace_enum.v	pass	must_accept	match	verilator: driver trace_enum_common.py expects success
verilator	test_regress/t/t_trace_event.v	fail	must_accept	divergence:explained_svpp_macro_use	verilator: driver trace_event_common.py expects success
verilator	test_regress/t/t_trace_flag_off.v	pass	must_accept	match	verilator: driver t_trace_flag_off.py expects success
verilator	test_regress/t/t_trace_hier.v	pass	must_accept	match	verilator: driver trace_hier_common.py expects success
verilator	test_regress/t/t_trace_hier_sub/t_trace_hier_sub.v	pass	chained_only	deferred:chained_only	verilator: multi-file test payload outside flat test_regress/t/
verilator	test_regress/t/t_trace_huge_array.v	pass	must_accept	match	verilator: driver t_trace_huge_array.py expects success
verilator	test_regress/t/t_trace_iface.v	pass	must_accept	match	verilator: driver t_trace_iface.py expects success
verilator	test_regress/t/t_trace_interface_ref.v	fail	must_accept	divergence:explained_svpp_conditional	verilator: driver trace_interface_ref_common.py expects success
verilator	test_regress/t/t_trace_lib.v	pass	must_accept	match	verilator: driver trace_lib_common.py expects success
verilator	test_regress/t/t_trace_lib_as_top.v	fail	must_accept	divergence:explained_svpp_macro_use	verilator: driver trace_lib_as_top_common.py expects success
verilator	test_regress/t/t_trace_max.v	pass	must_accept	match	verilator: driver t_trace_max.py expects success
verilator	test_regress/t/t_trace_multi_bad.v	pass	must_accept	match	verilator: driver t_trace_multi_bad.py fails=True but golden .out is a post-parse tool error (lint/elab/unsupported) - syntax valid
verilator	test_regress/t/t_trace_no_top_name.v	fail	must_accept	divergence:explained_svpp_macro_use	verilator: driver trace_no_top_name_common.py expects success
verilator	test_regress/t/t_trace_no_top_name2.v	pass	must_accept	match	verilator: driver trace_no_top_name2_common.py expects success
verilator	test_regress/t/t_trace_noflag_bad.v	pass	must_accept	match	verilator: driver t_trace_noflag_bad.py fails=True but golden .out is a post-parse tool error (lint/elab/unsupported) - syntax valid
verilator	test_regress/t/t_trace_open_wrong_order_bad.v	pass	must_accept	match	verilator: driver t_trace_open_wrong_order_bad.py fails=True but golden .out is a post-parse tool error (lint/elab/unsupported) - syntax valid
verilator	test_regress/t/t_trace_packed_struct.v	pass	must_accept	match	verilator: driver trace_packed_struct_common.py expects success
verilator	test_regress/t/t_trace_param.v	pass	must_accept	match	verilator: driver trace_param_common.py expects success
verilator	test_regress/t/t_trace_param_override.v	fail	must_accept	divergence:explained_svpp_macro_use	verilator: driver t_trace_param_override.py expects success
verilator	test_regress/t/t_trace_primitive.v	fail	must_accept	divergence:explained_svpp_conditional	verilator: driver trace_primitive_common.py expects success
verilator	test_regress/t/t_trace_public.v	fail	must_accept	divergence:explained_svpp_conditional	verilator: driver t_trace_public_func.py expects success
verilator	test_regress/t/t_trace_sc_empty.v	pass	must_accept	match	verilator: driver t_trace_sc_empty.py expects success
verilator	test_regress/t/t_trace_scope_no_inline.v	pass	must_accept	match	verilator: driver t_trace_scope_no_inline.py expects success
verilator	test_regress/t/t_trace_scope_vlt.v	pass	must_accept	match	verilator: driver t_trace_scope_vlt.py expects success
verilator	test_regress/t/t_trace_scstruct.v	pass	must_accept	match	verilator: driver t_trace_scstruct.py expects success
verilator	test_regress/t/t_trace_split_cfuncs.v	pass	must_accept	match	verilator: driver t_trace_split_cfuncs.py expects success
verilator	test_regress/t/t_trace_split_cfuncs_dpi_export.v	pass	must_accept	match	verilator: driver t_trace_split_cfuncs_dpi_export.py expects success
verilator	test_regress/t/t_trace_split_struct.v	pass	must_accept	match	verilator: driver trace_split_struct_common.py expects success
verilator	test_regress/t/t_trace_string.v	pass	must_accept	match	verilator: driver t_trace_string.py expects success
verilator	test_regress/t/t_trace_struct_alias.v	pass	must_accept	match	verilator: driver trace_struct_alias_common.py expects success
verilator	test_regress/t/t_trace_struct_array_multi_inst.v	pass	must_accept	match	verilator: driver trace_struct_array_multi_inst_common.py expects success
verilator	test_regress/t/t_trace_timescale.v	pass	must_accept	match	verilator: driver t_trace_timescale.py expects success
verilator	test_regress/t/t_trace_timing.v	fail	must_accept	divergence:explained_svpp_macro_use	verilator: driver trace_timing_common.py expects success
verilator	test_regress/t/t_trace_timing1.v	fail	must_accept	divergence:explained_svpp_macro_use	verilator: driver t_trace_timing1.py expects success
verilator	test_regress/t/t_trace_two_a.v	fail	must_accept	divergence:explained_svpp_macro_use	verilator: driver trace_two_common.py expects success
verilator	test_regress/t/t_trace_two_b.v	pass	must_accept	match	verilator: driver trace_two_common.py expects success
verilator	test_regress/t/t_trace_type_alias.v	pass	must_accept	match	verilator: driver t_trace_type_alias.py expects success
verilator	test_regress/t/t_trace_type_dupes.v	fail	must_accept	divergence:explained_svpp_macro_use	verilator: driver trace_type_dupes_common.py expects success
verilator	test_regress/t/t_trace_ub_misaligned_address.v	fail	must_accept	divergence:explained_svpp_macro_use	verilator: driver t_trace_ub_misaligned_address.py expects success
verilator	test_regress/t/t_trace_var_kind.v	pass	must_accept	match	verilator: driver trace_var_kind_common.py expects success
verilator	test_regress/t/t_trace_vif_class_clk.v	fail	must_accept	divergence:explained_svpp_macro_use	verilator: driver t_trace_vif_class_clk.py expects success
verilator	test_regress/t/t_trace_vif_class_clk_multi.v	fail	must_accept	divergence:explained_svpp_macro_use	verilator: driver t_trace_vif_class_clk_multi.py expects success
verilator	test_regress/t/t_trace_wide_initial_wait.v	fail	must_accept	divergence:explained_svpp_macro_use	verilator: driver t_trace_wide_initial_wait.py expects success
verilator	test_regress/t/t_trace_wide_struct.v	pass	must_accept	match	verilator: driver t_trace_wide_struct.py expects success
verilator	test_regress/t/t_tri_and_eqcase.v	pass	must_accept	match	verilator: driver t_tri_and_eqcase.py fails=True but golden .out is a post-parse tool error (lint/elab/unsupported) - syntax valid
verilator	test_regress/t/t_tri_array.v	fail	must_accept	divergence:explained_svpp_macro_use	verilator: driver t_tri_array.py fails=True but golden .out is a post-parse tool error (lint/elab/unsupported) - syntax valid
verilator	test_regress/t/t_tri_array_bufif.v	fail	must_accept	divergence:explained_svpp_macro_use	verilator: driver t_tri_array_bufif.py expects success
verilator	test_regress/t/t_tri_array_pull.v	pass	must_accept	match	verilator: driver t_tri_array_pull.py expects success
verilator	test_regress/t/t_tri_assigndly_nba.v	fail	must_accept	divergence:explained_svpp_macro_use	verilator: driver t_tri_assigndly_nba.py expects success
verilator	test_regress/t/t_tri_clocking.v	fail	must_accept	divergence:unexplained_rejects_valid	verilator: driver t_tri_clocking.py expects success
verilator	test_regress/t/t_tri_compass_bad.v	pass	must_accept	match	verilator: driver t_tri_compass_bad.py fails=True but golden .out is a post-parse tool error (lint/elab/unsupported) - syntax valid
verilator	test_regress/t/t_tri_cond_eqcase_with_1.v	pass	must_accept	match	verilator: driver t_tri_cond_eqcase_with_1.py expects success
verilator	test_regress/t/t_tri_dangle.v	pass	must_accept	match	verilator: driver t_tri_dangle.py expects success
verilator	test_regress/t/t_tri_eqcase.v	fail	must_accept	divergence:explained_svpp_macro_use	verilator: driver t_tri_eqcase.py expects success
verilator	test_regress/t/t_tri_eqcase_input.v	pass	must_accept	match	verilator: driver t_tri_eqcase_input.py expects success
verilator	test_regress/t/t_tri_gate.v	fail	must_accept	divergence:explained_svpp_macro_use	verilator: driver t_cover_line_tri_gate_cond.py expects success
verilator	test_regress/t/t_tri_gen.v	fail	must_accept	divergence:unexplained_rejects_valid	verilator: driver t_tri_gen.py expects success
verilator	test_regress/t/t_tri_graph.v	pass	must_accept	match	verilator: driver t_tri_graph.py expects success
verilator	test_regress/t/t_tri_hier_ref_unsup.v	fail	must_accept	divergence:explained_svpp_macro_use	verilator: driver t_tri_hier_ref_unsup.py fails=True but golden .out is a post-parse tool error (lint/elab/unsupported) - syntax valid
verilator	test_regress/t/t_tri_iface_eqcase_modport_bad.v	pass	must_accept	match	verilator: driver t_tri_iface_eqcase_modport_bad.py fails=True but golden .out is a post-parse tool error (lint/elab/unsupported) - syntax valid
verilator	test_regress/t/t_tri_iface_port.v	pass	must_accept	match	verilator: driver t_tri_iface_port.py expects success
verilator	test_regress/t/t_tri_iface_semantics.v	fail	must_accept	divergence:explained_svpp_macro_use	verilator: driver t_tri_iface_semantics.py expects success
verilator	test_regress/t/t_tri_ifbegin.v	pass	must_accept	match	verilator: driver t_tri_ifbegin.py expects success
verilator	test_regress/t/t_tri_inout.v	pass	must_accept	match	verilator: driver t_tri_inout.py expects success
verilator	test_regress/t/t_tri_inout2.v	pass	must_accept	match	verilator: driver t_tri_inout2.py expects success
verilator	test_regress/t/t_tri_inz.v	pass	must_accept	match	verilator: driver t_tri_inz.py expects success
verilator	test_regress/t/t_tri_no_top.v	pass	must_accept	match	verilator: driver t_tri_no_top.py expects success
verilator	test_regress/t/t_tri_public.v	pass	must_accept	match	verilator: driver t_tri_public.py expects success
verilator	test_regress/t/t_tri_pull01.v	fail	must_accept	divergence:explained_svpp_macro_use	verilator: driver t_tri_pull01.py expects success
verilator	test_regress/t/t_tri_pull2_bad.v	pass	must_accept	match	verilator: driver t_tri_pull2_bad.py fails=True but golden .out is a post-parse tool error (lint/elab/unsupported) - syntax valid
verilator	test_regress/t/t_tri_pull_bad.v	pass	must_accept	match	verilator: driver t_tri_pull_bad.py fails=True but golden .out is a post-parse tool error (lint/elab/unsupported) - syntax valid
verilator	test_regress/t/t_tri_pull_implicit.v	pass	must_accept	match	verilator: driver t_tri_pull_implicit.py expects success
verilator	test_regress/t/t_tri_pull_unsup.v	fail	must_accept	divergence:unexplained_rejects_valid	verilator: driver t_tri_pull_unsup.py fails=True but golden .out is a post-parse tool error (lint/elab/unsupported) - syntax valid
verilator	test_regress/t/t_tri_pullup.v	pass	must_accept	match	verilator: driver t_tri_pullup.py expects success
verilator	test_regress/t/t_tri_pullup_bus.v	fail	must_accept	divergence:explained_svpp_macro_use	verilator: driver t_tri_pullup_bus.py expects success
verilator	test_regress/t/t_tri_pullvec_bad.v	pass	must_accept	match	verilator: driver t_tri_pullvec_bad.py fails=True but golden .out is a post-parse tool error (lint/elab/unsupported) - syntax valid
verilator	test_regress/t/t_tri_root_ref.v	fail	must_accept	divergence:explained_svpp_macro_use	verilator: driver t_tri_root_ref.py expects success
verilator	test_regress/t/t_tri_select.v	fail	must_accept	divergence:explained_svpp_macro_use	verilator: driver t_tri_select.py expects success
verilator	test_regress/t/t_tri_select_eqcase.v	pass	must_accept	match	verilator: driver t_tri_select_eqcase.py expects success
verilator	test_regress/t/t_tri_select_unsized.v	pass	must_accept	match	verilator: driver t_tri_select_unsized.py expects success
verilator	test_regress/t/t_tri_struct.v	pass	must_accept	match	verilator: driver t_tri_struct.py expects success
verilator	test_regress/t/t_tri_struct_packed.v	pass	must_accept	match	verilator: driver t_tri_struct_packed.py fails=True but golden .out is a post-parse tool error (lint/elab/unsupported) - syntax valid
verilator	test_regress/t/t_tri_top_en_out.v	fail	must_accept	divergence:explained_svpp_macro_use	verilator: driver t_tri_top_en_out.py expects success
verilator	test_regress/t/t_tri_top_en_out_bad.v	pass	must_accept	match	verilator: driver t_tri_top_en_out_bad.py expects success
verilator	test_regress/t/t_tri_unconn.v	fail	must_accept	divergence:unexplained_rejects_valid	verilator: driver t_tri_unconn.py expects success
verilator	test_regress/t/t_tri_various.v	fail	must_accept	divergence:explained_svpp_conditional	verilator: driver t_tri_various.py expects success
verilator	test_regress/t/t_type.v	pass	must_accept	match	verilator: driver t_type.py expects success
verilator	test_regress/t/t_type_array.v	pass	must_accept	match	verilator: driver t_type_array.py expects success
verilator	test_regress/t/t_type_compare.v	fail	must_accept	divergence:unexplained_rejects_valid	verilator: driver t_type_compare.py expects success
verilator	test_regress/t/t_type_compare_bad.v	fail	must_accept	divergence:unexplained_rejects_valid	verilator: driver t_type_compare_bad.py fails=True but golden .out is a post-parse tool error (lint/elab/unsupported) - syntax valid
verilator	test_regress/t/t_type_expression_compare.v	fail	must_accept	divergence:unexplained_rejects_valid	verilator: driver t_type_expression_compare.py expects success
verilator	test_regress/t/t_type_match.v	pass	must_accept	match	verilator: driver t_type_match.py expects success
verilator	test_regress/t/t_type_non_type.v	pass	must_accept	match	verilator: driver t_type_non_type.py expects success
verilator	test_regress/t/t_type_param.v	pass	must_accept	match	verilator: driver t_type_param.py expects success
verilator	test_regress/t/t_type_param_circ_bad.v	pass	must_accept	match	verilator: driver t_type_param_circ_bad.py fails=True but golden .out is a post-parse tool error (lint/elab/unsupported) - syntax valid
verilator	test_regress/t/t_typedef.v	pass	must_accept	match	verilator: driver t_typedef.py expects success
verilator	test_regress/t/t_typedef_array.v	pass	must_accept	match	verilator: driver t_typedef_array.py expects success
verilator	test_regress/t/t_typedef_circ_bad.v	pass	must_accept	match	verilator: driver t_typedef_circ_bad.py fails=True but golden .out is a post-parse tool error (lint/elab/unsupported) - syntax valid
verilator	test_regress/t/t_typedef_consistency_0.v	pass	must_accept	match	verilator: driver t_typedef_consistency_0.py expects success
verilator	test_regress/t/t_typedef_fwd.v	fail	must_accept	divergence:explained_svpp_conditional	verilator: driver t_typedef_fwd.py expects success
verilator	test_regress/t/t_typedef_fwd_class.v	pass	must_accept	match	verilator: driver t_typedef_fwd_class.py expects success
verilator	test_regress/t/t_typedef_fwd_nested.v	pass	must_accept	match	verilator: driver t_typedef_fwd_nested.py expects success
verilator	test_regress/t/t_typedef_id_bad.v	fail	must_accept	divergence:unexplained_rejects_valid	verilator: driver t_typedef_id_bad.py fails=True but golden .out is a post-parse tool error (lint/elab/unsupported) - syntax valid
verilator	test_regress/t/t_typedef_iface_typedef.v	fail	must_accept	divergence:explained_svpp_macro_use	verilator: driver t_typedef_iface_typedef.py expects success
verilator	test_regress/t/t_typedef_iface_typedef2.v	pass	must_accept	match	verilator: driver t_typedef_iface_typedef2.py expects success
verilator	test_regress/t/t_typedef_iface_typedef3.v	fail	must_accept	divergence:explained_svpp_macro_use	verilator: driver t_typedef_iface_typedef3.py expects success
verilator	test_regress/t/t_typedef_iface_typedef4.v	fail	must_accept	divergence:explained_svpp_macro_use	verilator: driver t_typedef_iface_typedef4.py expects success
verilator	test_regress/t/t_typedef_iface_typedef5.v	fail	must_accept	divergence:explained_svpp_macro_use	verilator: driver t_typedef_iface_typedef5.py expects success
verilator	test_regress/t/t_typedef_iface_typedef6.v	fail	must_accept	divergence:explained_svpp_macro_use	verilator: driver t_typedef_iface_typedef6.py expects success
verilator	test_regress/t/t_typedef_iface_typedef7.v	fail	must_accept	divergence:explained_svpp_macro_use	verilator: driver t_typedef_iface_typedef7.py expects success
verilator	test_regress/t/t_typedef_no_bad.v	pass	must_accept	match	verilator: driver t_typedef_no_bad.py fails=True but golden .out is a post-parse tool error (lint/elab/unsupported) - syntax valid
verilator	test_regress/t/t_typedef_package.v	fail	must_accept	divergence:unexplained_rejects_valid	verilator: driver t_typedef_package.py expects success
verilator	test_regress/t/t_typedef_param.v	fail	must_accept	divergence:explained_svpp_macro_use	verilator: driver t_typedef_param.py expects success
verilator	test_regress/t/t_typedef_param_class.v	pass	must_accept	match	verilator: driver t_typedef_param_class.py expects success
verilator	test_regress/t/t_typedef_port.v	fail	must_accept	divergence:explained_svpp_macro_use	verilator: driver t_typedef_port.py expects success
verilator	test_regress/t/t_typedef_signed.v	fail	must_accept	divergence:explained_svpp_macro_use	verilator: driver t_typedef_signed.py expects success
verilator	test_regress/t/t_typedef_unused_bad.v	pass	must_accept	match	verilator: driver t_typedef_unused_bad.py fails=True but golden .out is a post-parse tool error (lint/elab/unsupported) - syntax valid
verilator	test_regress/t/t_typename.v	fail	must_accept	divergence:explained_svpp_macro_use	verilator: driver t_typename.py expects success
verilator	test_regress/t/t_typename_min.v	fail	must_accept	divergence:explained_svpp_macro_use	verilator: driver t_typename_min.py expects success
verilator	test_regress/t/t_udp_bad.v	fail	must_accept	divergence:unexplained_rejects_valid	verilator: driver t_udp_bad.py fails=True but golden .out is a post-parse tool error (lint/elab/unsupported) - syntax valid
verilator	test_regress/t/t_udp_bad_comb_trigger.v	fail	must_accept	divergence:unexplained_rejects_valid	verilator: driver t_udp_bad_comb_trigger.py fails=True but golden .out is a post-parse tool error (lint/elab/unsupported) - syntax valid
verilator	test_regress/t/t_udp_bad_first_input.v	pass	must_accept	match	verilator: driver t_udp_bad_first_input.py fails=True but golden .out is a post-parse tool error (lint/elab/unsupported) - syntax valid
verilator	test_regress/t/t_udp_bad_illegal_output.v	fail	must_accept	divergence:unexplained_rejects_valid	verilator: driver t_udp_bad_illegal_output.py fails=True but golden .out is a post-parse tool error (lint/elab/unsupported) - syntax valid
verilator	test_regress/t/t_udp_bad_input_num.v	pass	must_accept	match	verilator: driver t_udp_bad_input_num.py fails=True but golden .out is a post-parse tool error (lint/elab/unsupported) - syntax valid
verilator	test_regress/t/t_udp_bad_line_inputs.v	pass	must_accept	match	verilator: driver t_udp_bad_line_inputs.py fails=True but golden .out is a post-parse tool error (lint/elab/unsupported) - syntax valid
verilator	test_regress/t/t_udp_bad_line_outputs.v	fail	must_reject	match	verilator: driver t_udp_bad_line_outputs.py fails=True and golden .out reports a syntax error
verilator	test_regress/t/t_udp_bad_multi_output.v	fail	must_accept	divergence:unexplained_rejects_valid	verilator: driver t_udp_bad_multi_output.py fails=True but golden .out is a post-parse tool error (lint/elab/unsupported) - syntax valid
verilator	test_regress/t/t_udp_binary.v	pass	must_accept	match	verilator: driver t_udp_binary.py expects success
verilator	test_regress/t/t_udp_binary_top.v	pass	must_accept	match	verilator: driver t_udp_binary_top.py expects success
verilator	test_regress/t/t_udp_delay.v	pass	must_accept	match	verilator: driver t_udp_delay.py expects success
verilator	test_regress/t/t_udp_noname.v	fail	must_accept	divergence:explained_svpp_conditional	verilator: driver t_udp_noname.py expects success
verilator	test_regress/t/t_udp_nonsequential.v	fail	must_accept	divergence:unexplained_rejects_valid	verilator: driver t_udp_nonsequential.py expects success
verilator	test_regress/t/t_udp_nonsequential_x.v	pass	must_accept	match	verilator: driver t_udp_nonsequential_x.py expects success
verilator	test_regress/t/t_udp_param_bad.v	fail	must_reject	match	verilator: driver t_udp_param_bad.py fails=True and golden .out reports a syntax error
verilator	test_regress/t/t_udp_sequential.v	fail	must_accept	divergence:unexplained_rejects_valid	verilator: driver t_udp_sequential.py expects success
verilator	test_regress/t/t_udp_sequential_bad.v	pass	must_accept	match	verilator: driver t_udp_sequential_bad.py fails=True but golden .out is a post-parse tool error (lint/elab/unsupported) - syntax valid
verilator	test_regress/t/t_udp_sequential_x.v	fail	must_accept	divergence:unexplained_rejects_valid	verilator: driver t_udp_sequential_x.py expects success
verilator	test_regress/t/t_udp_tableend_bad.v	fail	must_reject	match	verilator: driver t_udp_tableend_bad.py fails=True and golden .out reports a syntax error
verilator	test_regress/t/t_udp_tableeof_bad.v	fail	must_accept	divergence:unexplained_rejects_valid	verilator: driver t_udp_tableeof_bad.py fails=True but golden .out is a post-parse tool error (lint/elab/unsupported) - syntax valid
verilator	test_regress/t/t_unbounded.v	pass	must_accept	match	verilator: driver t_unbounded.py expects success
verilator	test_regress/t/t_unbounded_bad.v	pass	must_accept	match	verilator: driver t_unbounded_bad.py fails=True but golden .out is a post-parse tool error (lint/elab/unsupported) - syntax valid
verilator	test_regress/t/t_unconnected.v	pass	must_accept	match	verilator: driver t_unconnected.py expects success
verilator	test_regress/t/t_unconnected_bad.v	pass	must_reject	divergence:unexplained_accepts_invalid	verilator: driver t_unconnected_bad.py fails=True and golden .out reports a syntax error
verilator	test_regress/t/t_union_hard_bad.v	pass	must_accept	match	verilator: driver t_union_hard_bad.py fails=True but golden .out is a post-parse tool error (lint/elab/unsupported) - syntax valid
verilator	test_regress/t/t_union_soft.v	fail	must_accept	divergence:unexplained_rejects_valid	verilator: driver t_union_soft.py expects success
verilator	test_regress/t/t_union_unpacked.v	pass	must_accept	match	verilator: driver t_union_unpacked.py expects success
verilator	test_regress/t/t_uniqueif.v	fail	must_accept	divergence:explained_svpp_conditional	verilator: driver t_uniqueif.py expects success
verilator	test_regress/t/t_uniqueif_else.v	fail	must_accept	divergence:explained_svpp_macro_use	verilator: driver t_uniqueif_else.py expects success
verilator	test_regress/t/t_unopt_array.v	fail	must_accept	divergence:explained_svpp_macro_use	verilator: driver t_unopt_array.py expects success
verilator	test_regress/t/t_unopt_bound.v	pass	must_accept	match	verilator: driver t_unopt_bound.py expects success
verilator	test_regress/t/t_unopt_combo.v	fail	must_accept	divergence:explained_svpp_conditional	verilator: driver t_unopt_combo.py expects success
verilator	test_regress/t/t_unopt_converge.v	fail	must_accept	divergence:explained_svpp_conditional	verilator: driver t_unopt_converge_ndbg_bad.py fails=True but golden .out is a post-parse tool error (lint/elab/unsupported) - syntax valid
verilator	test_regress/t/t_unopt_converge_initial.v	fail	must_accept	divergence:explained_svpp_conditional	verilator: driver t_unopt_converge_initial_run_bad.py fails=True but golden .out is a post-parse tool error (lint/elab/unsupported) - syntax valid
verilator	test_regress/t/t_unoptflat_simple.v	fail	must_accept	divergence:explained_svpp_conditional	verilator: driver t_unoptflat_simple_bad.py fails=True but golden .out is a post-parse tool error (lint/elab/unsupported) - syntax valid
verilator	test_regress/t/t_unoptflat_simple_2.v	fail	must_accept	divergence:explained_svpp_conditional	verilator: driver t_unoptflat_simple_2_bad.py fails=True but golden .out is a post-parse tool error (lint/elab/unsupported) - syntax valid
verilator	test_regress/t/t_unoptflat_simple_3.v	fail	must_accept	divergence:explained_svpp_conditional	verilator: driver t_unoptflat_simple_3_bad.py fails=True but golden .out is a post-parse tool error (lint/elab/unsupported) - syntax valid
verilator	test_regress/t/t_unpack_array_no_expand.v	fail	must_accept	divergence:explained_svpp_macro_use	verilator: driver t_unpack_array_no_expand.py expects success
verilator	test_regress/t/t_unpacked_array_order.v	pass	must_accept	match	verilator: driver t_unpacked_array_order.py expects success
verilator	test_regress/t/t_unpacked_array_p_fmt.v	pass	must_accept	match	verilator: driver t_unpacked_array_p_fmt.py expects success
verilator	test_regress/t/t_unpacked_concat.v	pass	must_accept	match	verilator: driver t_unpacked_concat.py expects success
verilator	test_regress/t/t_unpacked_concat_bad.v	pass	must_accept	match	verilator: driver t_unpacked_concat_bad.py fails=True but golden .out is a post-parse tool error (lint/elab/unsupported) - syntax valid
verilator	test_regress/t/t_unpacked_concat_bad2.v	pass	must_accept	match	verilator: driver t_unpacked_concat_bad2.py fails=True but golden .out is a post-parse tool error (lint/elab/unsupported) - syntax valid
verilator	test_regress/t/t_unpacked_concat_bad3.v	pass	must_accept	match	verilator: driver t_unpacked_concat_bad3.py fails=True but golden .out is a post-parse tool error (lint/elab/unsupported) - syntax valid
verilator	test_regress/t/t_unpacked_init.v	fail	must_accept	divergence:explained_svpp_macro_use	verilator: driver t_unpacked_init.py expects success
verilator	test_regress/t/t_unpacked_slice.v	fail	must_accept	divergence:explained_svpp_macro_use	verilator: driver t_unpacked_slice.py expects success
verilator	test_regress/t/t_unpacked_slice_range.v	pass	must_accept	match	verilator: driver t_unpacked_slice_range.py expects success
verilator	test_regress/t/t_unpacked_str_init.v	pass	must_accept	match	verilator: driver t_unpacked_str_init.py expects success
verilator	test_regress/t/t_unpacked_str_init2.v	pass	must_accept	match	verilator: driver t_unpacked_str_init2.py expects success
verilator	test_regress/t/t_unpacked_str_pair.v	pass	must_accept	match	verilator: driver t_unpacked_str_pair.py expects success
verilator	test_regress/t/t_unpacked_struct_eq.v	pass	must_accept	match	verilator: driver t_unpacked_struct_eq.py expects success
verilator	test_regress/t/t_unpacked_struct_redef.v	pass	must_accept	match	verilator: driver t_unpacked_struct_redef.py expects success
verilator	test_regress/t/t_unpacked_struct_sel.v	pass	must_accept	match	verilator: driver t_unpacked_struct_sel.py expects success
verilator	test_regress/t/t_unpacked_to_packed_param.v	pass	must_accept	match	verilator: driver t_unpacked_to_packed_param.py expects success
verilator	test_regress/t/t_unpacked_to_queue.v	fail	must_accept	divergence:explained_svpp_macro_use	verilator: driver t_unpacked_to_queue.py expects success
verilator	test_regress/t/t_unpacked_wide_unknown.v	pass	must_accept	match	verilator: driver t_unpacked_wide_unknown.py expects success
verilator	test_regress/t/t_unroll_automatic_task_fork.v	pass	must_accept	match	verilator: driver t_unroll_automatic_task_fork.py expects success
verilator	test_regress/t/t_unroll_complexcond.v	pass	must_accept	match	verilator: driver t_unroll_complexcond.py expects success
verilator	test_regress/t/t_unroll_delay.v	pass	must_accept	match	verilator: driver t_unroll_delay.py expects success
verilator	test_regress/t/t_unroll_forfor.v	pass	must_accept	match	verilator: driver t_unroll_forfor.py expects success
verilator	test_regress/t/t_unroll_genf.v	pass	must_accept	match	verilator: driver t_unroll_genf.py expects success
verilator	test_regress/t/t_unroll_nested.v	fail	must_accept	divergence:explained_svpp_macro_use	verilator: driver t_unroll_nested.py expects success
verilator	test_regress/t/t_unroll_nested_param.v	pass	must_accept	match	verilator: driver t_unroll_nested_param.py expects success
verilator	test_regress/t/t_unroll_pragma.v	fail	must_accept	divergence:explained_svpp_macro_use	verilator: driver t_unroll_pragma_disable.py expects success
verilator	test_regress/t/t_unroll_signed.v	pass	must_accept	match	verilator: driver t_unroll_signed.py expects success
verilator	test_regress/t/t_unroll_stmt.v	pass	must_accept	match	verilator: driver t_unroll_stmt.py expects success
verilator	test_regress/t/t_unroll_unopt_io.v	pass	must_accept	match	verilator: driver t_unroll_unopt_io.py expects success
verilator	test_regress/t/t_urandom.v	fail	must_accept	divergence:explained_svpp_conditional	verilator: driver t_urandom.py expects success
verilator	test_regress/t/t_user_type_xassign.v	pass	must_accept	match	verilator: driver t_user_type_xassign.py expects success
verilator	test_regress/t/t_uvm_dpi.v	fail	must_accept	divergence:explained_svpp_include	verilator: driver t_uvm_dpi_v2017_1_0.py expects success
verilator	test_regress/t/t_uvm_hello.v	fail	must_accept	divergence:explained_svpp_macro_use	verilator: driver t_uvm_hello_all_v2017_1_0_dpi.py expects success
verilator	test_regress/t/t_uvm_return_type.v	pass	must_accept	match	verilator: driver t_uvm_return_type.py expects success
verilator	test_regress/t/t_uvm_return_type2.v	pass	must_accept	match	verilator: driver t_uvm_return_type2.py expects success
verilator	test_regress/t/t_uvm_return_type3.v	pass	must_accept	match	verilator: driver t_uvm_return_type3.py expects success
verilator	test_regress/t/t_uvm_static_func1.v	fail	must_accept	divergence:explained_svpp_macro_use	verilator: driver t_uvm_static_func1.py expects success
verilator	test_regress/t/t_uvm_typeof_type.v	pass	must_accept	match	verilator: driver t_uvm_typeof_type.py expects success
verilator	test_regress/t/t_vams_basic.v	fail	must_accept	divergence:unexplained_rejects_valid	verilator: driver t_vams_basic.py expects success
verilator	test_regress/t/t_vams_kwd_bad.v	fail	must_reject	match	verilator: driver t_vams_kwd_bad.py fails=True and golden .out reports a syntax error
verilator	test_regress/t/t_vams_wreal.v	fail	must_accept	divergence:explained_svpp_conditional	verilator: driver t_vams_wreal.py expects success
verilator	test_regress/t/t_var_assign_landr.v	fail	must_accept	divergence:explained_svpp_macro_use	verilator: driver t_var_assign_landr.py expects success
verilator	test_regress/t/t_var_bad_hide.v	pass	must_accept	match	verilator: driver t_var_bad_hide.py fails=True but golden .out is a post-parse tool error (lint/elab/unsupported) - syntax valid
verilator	test_regress/t/t_var_bad_hide2.v	pass	must_accept	match	verilator: driver t_var_bad_hide2.py fails=True but golden .out is a post-parse tool error (lint/elab/unsupported) - syntax valid
verilator	test_regress/t/t_var_bad_hide_docs.v	pass	must_accept	match	verilator: driver t_var_bad_hide_docs.py fails=True but golden .out is a post-parse tool error (lint/elab/unsupported) - syntax valid
verilator	test_regress/t/t_var_bad_sameas.v	pass	must_accept	match	verilator: driver t_var_bad_sameas.py fails=True but golden .out is a post-parse tool error (lint/elab/unsupported) - syntax valid
verilator	test_regress/t/t_var_bad_sv.v	fail	must_reject	match	verilator: driver t_var_bad_sv.py fails=True and golden .out reports a syntax error
verilator	test_regress/t/t_var_const.v	pass	must_accept	match	verilator: driver t_var_const.py expects success
verilator	test_regress/t/t_var_const2.v	pass	must_accept	match	verilator: driver t_var_const2.py expects success
verilator	test_regress/t/t_var_const_bad.v	pass	must_accept	match	verilator: driver t_var_const_bad.py fails=True but golden .out is a post-parse tool error (lint/elab/unsupported) - syntax valid
verilator	test_regress/t/t_var_dotted1.v	fail	must_accept	divergence:explained_svpp_macro_use	verilator: driver t_var_dotted1_inl0.py expects success
verilator	test_regress/t/t_var_dotted2.v	fail	must_accept	divergence:explained_svpp_macro_use	verilator: driver t_var_dotted2_inl0.py expects success
verilator	test_regress/t/t_var_dotted_dup_bad.v	fail	must_accept	divergence:unexplained_rejects_valid	verilator: driver t_var_dotted_dup_bad.py fails=True but golden .out is a post-parse tool error (lint/elab/unsupported) - syntax valid
verilator	test_regress/t/t_var_dup2.v	pass	must_accept	match	verilator: driver t_var_dup2.py expects success
verilator	test_regress/t/t_var_dup2_bad.v	pass	must_accept	match	verilator: driver t_var_dup2_bad.py fails=True but golden .out is a post-parse tool error (lint/elab/unsupported) - syntax valid
verilator	test_regress/t/t_var_dup3.v	pass	must_accept	match	verilator: driver t_var_dup3.py expects success
verilator	test_regress/t/t_var_dup_bad.v	fail	must_accept	divergence:unexplained_rejects_valid	verilator: driver t_var_dup_bad.py fails=True but golden .out is a post-parse tool error (lint/elab/unsupported) - syntax valid
verilator	test_regress/t/t_var_escape.v	pass	must_accept	match	verilator: driver t_var_escape.py expects success
verilator	test_regress/t/t_var_extern_method_lifetime.v	pass	must_accept	match	verilator: driver t_var_extern_method_lifetime.py expects success
verilator	test_regress/t/t_var_in_assign.v	fail	must_accept	divergence:explained_svpp_conditional	verilator: driver t_var_in_assign.py expects success
verilator	test_regress/t/t_var_in_assign_bad.v	pass	must_accept	match	verilator: driver t_var_in_assign_bad.py fails=True but golden .out is a post-parse tool error (lint/elab/unsupported) - syntax valid
verilator	test_regress/t/t_var_in_fork.v	pass	must_accept	match	verilator: driver t_var_in_fork.py expects success
verilator	test_regress/t/t_var_init.v	pass	must_accept	match	verilator: driver t_var_init.py expects success
verilator	test_regress/t/t_var_init_static_automatic.v	fail	must_accept	divergence:explained_svpp_macro_use	verilator: driver t_var_init_static_automatic.py expects success
verilator	test_regress/t/t_var_lifetime_module_bad.v	pass	must_accept	match	verilator: driver t_var_lifetime_module_bad.py fails=True but golden .out is a post-parse tool error (lint/elab/unsupported) - syntax valid
verilator	test_regress/t/t_var_local.v	pass	must_accept	match	verilator: driver t_var_local.py expects success
verilator	test_regress/t/t_var_nonamebegin.v	pass	must_accept	match	verilator: driver t_var_nonamebegin.py expects success
verilator	test_regress/t/t_var_notfound_bad.v	pass	must_accept	match	verilator: driver t_var_notfound_bad.py fails=True but golden .out is a post-parse tool error (lint/elab/unsupported) - syntax valid
verilator	test_regress/t/t_var_outoforder.v	pass	must_accept	match	verilator: driver t_var_outoforder.py expects success
verilator	test_regress/t/t_var_overcmp.v	pass	must_accept	match	verilator: driver t_var_overcmp.py expects success
verilator	test_regress/t/t_var_overwidth_bad.v	pass	must_accept	match	verilator: driver t_var_overwidth_bad.py fails=True but golden .out is a post-parse tool error (lint/elab/unsupported) - syntax valid
verilator	test_regress/t/t_var_overzero.v	pass	must_accept	match	verilator: driver t_var_overzero.py expects success
verilator	test_regress/t/t_var_pins_array_assign.v	pass	must_accept	match	verilator: driver t_var_pins_array_assign.py expects success
verilator	test_regress/t/t_var_pinsizes.v	pass	must_accept	match	verilator: driver t_var_pins_cc.py expects success
verilator	test_regress/t/t_var_port2_bad.v	pass	must_accept	match	verilator: driver t_var_port2_bad.py fails=True but golden .out is a post-parse tool error (lint/elab/unsupported) - syntax valid
verilator	test_regress/t/t_var_port_bad.v	pass	must_accept	match	verilator: driver t_var_port_bad.py fails=True but golden .out is a post-parse tool error (lint/elab/unsupported) - syntax valid
verilator	test_regress/t/t_var_port_json_only.v	pass	must_accept	match	verilator: driver t_var_port_json_only.py expects success
verilator	test_regress/t/t_var_ref.v	fail	must_accept	divergence:explained_svpp_macro_use	verilator: driver t_var_ref.py expects success
verilator	test_regress/t/t_var_ref_bad1.v	pass	must_accept	match	verilator: driver t_var_ref_bad1.py fails=True but golden .out is a post-parse tool error (lint/elab/unsupported) - syntax valid
verilator	test_regress/t/t_var_ref_bad2.v	pass	must_accept	match	verilator: driver t_var_ref_bad2.py fails=True but golden .out is a post-parse tool error (lint/elab/unsupported) - syntax valid
verilator	test_regress/t/t_var_ref_bad3.v	pass	must_accept	match	verilator: driver t_var_ref_bad3.py fails=True but golden .out is a post-parse tool error (lint/elab/unsupported) - syntax valid
verilator	test_regress/t/t_var_ref_static.v	fail	must_accept	divergence:unexplained_rejects_valid	verilator: driver t_var_ref_static.py fails=True but golden .out is a post-parse tool error (lint/elab/unsupported) - syntax valid
verilator	test_regress/t/t_var_rsvd.v	pass	must_accept	match	verilator: driver t_var_rsvd.py expects success
verilator	test_regress/t/t_var_rsvd_port.v	pass	must_accept	match	verilator: driver t_var_rsvd_port.py expects success
verilator	test_regress/t/t_var_sc_bv.v	pass	must_accept	match	verilator: driver t_var_sc_bv.py expects success
verilator	test_regress/t/t_var_sc_double.v	pass	must_accept	match	verilator: driver t_var_sc_double.py expects success
verilator	test_regress/t/t_var_set_link.v	pass	must_accept	match	verilator: driver t_var_set_link.py expects success
verilator	test_regress/t/t_var_static.v	fail	must_accept	divergence:explained_svpp_macro_use	verilator: driver t_var_static.py expects success
verilator	test_regress/t/t_var_static_assign_decl_bad.v	pass	must_accept	match	verilator: driver t_var_static_assign_decl_bad.py fails=True but golden .out is a post-parse tool error (lint/elab/unsupported) - syntax valid
verilator	test_regress/t/t_var_static_param.v	fail	must_accept	divergence:explained_svpp_macro_use	verilator: driver t_var_static_param.py expects success
verilator	test_regress/t/t_var_suggest_bad.v	pass	must_accept	match	verilator: driver t_var_suggest_bad.py fails=True but golden .out is a post-parse tool error (lint/elab/unsupported) - syntax valid
verilator	test_regress/t/t_var_tieout.v	pass	must_accept	match	verilator: driver t_var_tieout.py expects success
verilator	test_regress/t/t_var_top_struct.v	pass	must_accept	match	verilator: driver t_var_top_struct.py expects success
verilator	test_regress/t/t_var_types.v	fail	must_accept	divergence:explained_svpp_macro_use	verilator: driver t_var_types.py expects success
verilator	test_regress/t/t_var_types_bad.v	fail	must_accept	divergence:explained_svpp_conditional	verilator: driver t_var_types_bad.py fails=True but golden .out is a post-parse tool error (lint/elab/unsupported) - syntax valid
verilator	test_regress/t/t_var_vec_sel.v	pass	must_accept	match	verilator: driver t_var_vec_sel.py expects success
verilator	test_regress/t/t_var_xref_bad.v	pass	must_accept	match	verilator: driver t_var_xref_bad.py fails=True but golden .out is a post-parse tool error (lint/elab/unsupported) - syntax valid
verilator	test_regress/t/t_var_xref_gen.v	pass	must_accept	match	verilator: driver t_var_xref_gen.py expects success
verilator	test_regress/t/t_varref_scope_in_interface.v	fail	must_accept	divergence:unexplained_rejects_valid	verilator: driver t_varref_scope_in_interface.py expects success
verilator	test_regress/t/t_verilated_all.v	pass	must_accept	match	verilator: driver t_verilated_all.py expects success
verilator	test_regress/t/t_verilated_debug.v	pass	must_accept	match	verilator: driver t_verilated_debug.py expects success
verilator	test_regress/t/t_verilated_header.v	fail	must_accept	divergence:explained_svpp_include	verilator: driver t_verilated_header.py expects success
verilator	test_regress/t/t_virtual_interface_delayed.v	fail	must_accept	divergence:explained_svpp_macro_use	verilator: driver t_virtual_interface_delayed.py expects success
verilator	test_regress/t/t_virtual_interface_gen_for_ref.v	pass	must_accept	match	verilator: driver t_virtual_interface_gen_for_ref.py expects success
verilator	test_regress/t/t_virtual_interface_member_trigger.v	pass	must_accept	match	verilator: driver t_virtual_interface_member_trigger.py expects success
verilator	test_regress/t/t_virtual_interface_member_trigger_real.v	pass	must_accept	match	verilator: driver t_virtual_interface_member_trigger_real.py expects success
verilator	test_regress/t/t_virtual_interface_method.v	pass	must_accept	match	verilator: driver t_virtual_interface_method.py expects success
verilator	test_regress/t/t_virtual_interface_method_bad.v	pass	must_accept	match	verilator: driver t_virtual_interface_method_bad.py fails=True but golden .out is a post-parse tool error (lint/elab/unsupported) - syntax valid
verilator	test_regress/t/t_virtual_interface_nba_assign.v	pass	must_accept	match	verilator: driver t_virtual_interface_nba_assign.py expects success
verilator	test_regress/t/t_virtual_interface_only_with_assignw.v	pass	must_accept	match	verilator: driver t_virtual_interface_only_with_assignw.py expects success
verilator	test_regress/t/t_virtual_interface_param.v	pass	must_accept	match	verilator: driver t_virtual_interface_param.py expects success
verilator	test_regress/t/t_virtual_interface_param_bind.v	pass	must_accept	match	verilator: driver t_virtual_interface_param_bind.py expects success
verilator	test_regress/t/t_virtual_interface_pkg.v	pass	must_accept	match	verilator: driver t_virtual_interface_pkg.py expects success
verilator	test_regress/t/t_virtual_interface_trigger_unsup.v	pass	must_accept	match	verilator: driver t_virtual_interface_trigger_unsup.py fails=True but golden .out is a post-parse tool error (lint/elab/unsupported) - syntax valid
verilator	test_regress/t/t_virtual_interface_unused_task_trigger.v	pass	must_accept	match	verilator: driver t_virtual_interface_unused_task_trigger.py expects success
verilator	test_regress/t/t_vlcov_fsm_report.v	pass	must_accept	match	verilator: driver t_vlcov_fsm_report.py expects success
verilator	test_regress/t/t_vlcov_hier_report_runtime.v	pass	must_accept	match	verilator: driver t_vlcov_hier_report_runtime.py expects success
verilator	test_regress/t/t_vlt_legacy.v	pass	must_accept	match	verilator: driver t_vlt_legacy.py expects success
verilator	test_regress/t/t_vlt_match_contents.v	pass	must_accept	match	verilator: driver t_vlt_match_contents.py fails=True but golden .out is a post-parse tool error (lint/elab/unsupported) - syntax valid
verilator	test_regress/t/t_vlt_match_error.v	fail	must_accept	divergence:explained_svpp_conditional	verilator: driver t_vlt_match_error_1.py fails=True but golden .out is a post-parse tool error (lint/elab/unsupported) - syntax valid
verilator	test_regress/t/t_vlt_public_spec.v	pass	must_accept	match	verilator: driver t_vlt_public_spec.py expects success
verilator	test_regress/t/t_vlt_syntax_bad.v	pass	must_accept	match	verilator: driver t_vlt_syntax_bad.py fails=True but golden .out is a post-parse tool error (lint/elab/unsupported) - syntax valid
verilator	test_regress/t/t_vlt_timing.v	pass	must_accept	match	verilator: driver t_vlt_timing.py expects success
verilator	test_regress/t/t_vlt_warn.v	fail	must_accept	divergence:explained_svpp_macro_use	verilator: driver t_vlt_warn.py expects success
verilator	test_regress/t/t_vlt_warn_file2_bad.v	fail	must_accept	divergence:explained_svpp_macro_use	verilator: driver t_vlt_warn_file2_bad.py fails=True but golden .out is a post-parse tool error (lint/elab/unsupported) - syntax valid
verilator	test_regress/t/t_vlt_warn_file_bad.v	pass	must_accept	match	verilator: driver t_vlt_warn_file_bad.py fails=True but golden .out is a post-parse tool error (lint/elab/unsupported) - syntax valid
verilator	test_regress/t/t_vlt_warn_one_on_bad.v	fail	must_accept	divergence:explained_svpp_macro_use	verilator: driver t_vlt_warn_one_on_bad.py fails=True but golden .out is a post-parse tool error (lint/elab/unsupported) - syntax valid
verilator	test_regress/t/t_vlt_warn_range_bad.v	fail	must_accept	divergence:explained_svpp_macro_use	verilator: driver t_vlt_warn_range_bad.py fails=True but golden .out is a post-parse tool error (lint/elab/unsupported) - syntax valid
verilator	test_regress/t/t_vpi_cb_iter.v	pass	must_accept	match	verilator: driver t_vpi_cb_iter.py expects success
verilator	test_regress/t/t_vpi_const_type.v	pass	must_accept	match	verilator: driver t_vpi_const_type.py expects success
verilator	test_regress/t/t_vpi_dump.v	fail	must_accept	divergence:explained_svpp_conditional	verilator: driver t_vpi_dump.py expects success
verilator	test_regress/t/t_vpi_dump_missing_scopes.v	pass	must_accept	match	verilator: driver t_vpi_dump_missing_scopes.py expects success
verilator	test_regress/t/t_vpi_empty.v	pass	must_accept	match	verilator: driver t_vpi_empty.py expects success
verilator	test_regress/t/t_vpi_escape.v	fail	must_accept	divergence:explained_svpp_macro_use	verilator: driver t_vpi_escape.py expects success
verilator	test_regress/t/t_vpi_finish.v	pass	must_accept	match	verilator: driver t_vpi_finish.py expects success
verilator	test_regress/t/t_vpi_force.v	fail	must_accept	divergence:explained_svpp_macro_use	verilator: driver t_vpi_force.py expects success
verilator	test_regress/t/t_vpi_forceable_bad.v	fail	must_accept	divergence:explained_svpp_macro_use	verilator: driver t_vpi_forceable_bad.py fails=True but golden .out is a post-parse tool error (lint/elab/unsupported) - syntax valid
verilator	test_regress/t/t_vpi_get.v	fail	must_accept	divergence:explained_svpp_macro_use	verilator: driver t_vpi_get.py expects success
verilator	test_regress/t/t_vpi_get_value_array.v	fail	must_accept	divergence:explained_svpp_macro_use	verilator: driver t_vpi_get_value_array.py expects success
verilator	test_regress/t/t_vpi_hierarchy_clear.v	pass	must_accept	match	verilator: driver t_vpi_hierarchy_clear.py expects success
verilator	test_regress/t/t_vpi_memory.v	fail	must_accept	divergence:explained_svpp_macro_use	verilator: driver t_vpi_memory.py expects success
verilator	test_regress/t/t_vpi_module.v	fail	must_accept	divergence:explained_svpp_macro_use	verilator: driver t_vpi_module.py expects success
verilator	test_regress/t/t_vpi_module_empty.v	pass	must_accept	match	verilator: driver t_vpi_module_empty.py expects success
verilator	test_regress/t/t_vpi_multidim.v	fail	must_accept	divergence:explained_svpp_macro_use	verilator: driver t_vpi_multidim.py expects success
verilator	test_regress/t/t_vpi_onetime_cbs.v	pass	must_accept	match	verilator: driver t_vpi_onetime_cbs.py expects success
verilator	test_regress/t/t_vpi_package.v	pass	must_accept	match	verilator: driver t_vpi_package.py expects success
verilator	test_regress/t/t_vpi_param.v	fail	must_accept	divergence:explained_svpp_macro_use	verilator: driver t_vpi_param.py expects success
verilator	test_regress/t/t_vpi_public_depth.v	fail	must_accept	divergence:explained_svpp_macro_use	verilator: driver t_vpi_public_depth.py expects success
verilator	test_regress/t/t_vpi_public_depthn.v	fail	must_accept	divergence:unexplained_rejects_valid	verilator: driver t_vpi_public_depthn_1.py expects success
verilator	test_regress/t/t_vpi_public_params.v	fail	must_accept	divergence:explained_svpp_macro_use	verilator: driver t_vpi_public_params.py expects success
verilator	test_regress/t/t_vpi_put_value_array.v	fail	must_accept	divergence:explained_svpp_macro_use	verilator: driver t_vpi_put_value_array.py expects success
verilator	test_regress/t/t_vpi_release_dup_bad.v	pass	must_accept	match	verilator: driver t_vpi_release_dup_bad.py fails=True but golden .out is a post-parse tool error (lint/elab/unsupported) - syntax valid
verilator	test_regress/t/t_vpi_repetitive_cbs.v	pass	must_accept	match	verilator: driver t_vpi_repetitive_cbs.py expects success
verilator	test_regress/t/t_vpi_sc.v	pass	must_accept	match	verilator: driver t_vpi_sc.py expects success
verilator	test_regress/t/t_vpi_stop_bad.v	pass	must_accept	match	verilator: driver t_vpi_stop_bad.py fails=True but golden .out is a post-parse tool error (lint/elab/unsupported) - syntax valid
verilator	test_regress/t/t_vpi_time_cb.v	fail	must_accept	divergence:explained_svpp_conditional	verilator: driver t_vpi_time_cb.py expects success
verilator	test_regress/t/t_vpi_unimpl.v	fail	must_accept	divergence:explained_svpp_macro_use	verilator: driver t_vpi_unimpl.py expects success
verilator	test_regress/t/t_vpi_var.v	fail	must_accept	divergence:explained_svpp_macro_use	verilator: driver t_vpi_var.py expects success
verilator	test_regress/t/t_vpi_var2.v	fail	must_accept	divergence:explained_svpp_macro_use	verilator: driver t_vpi_var2.py expects success
verilator	test_regress/t/t_vpi_var3.v	fail	must_accept	divergence:explained_svpp_macro_use	verilator: driver t_vpi_var3.py expects success
verilator	test_regress/t/t_vpi_zero_time_cb.v	fail	must_accept	divergence:explained_svpp_conditional	verilator: driver t_vpi_zero_time_cb.py expects success
verilator	test_regress/t/t_wait.v	pass	must_accept	match	verilator: driver t_wait.py fails=True but golden .out is a post-parse tool error (lint/elab/unsupported) - syntax valid
verilator	test_regress/t/t_wait_const.v	pass	must_accept	match	verilator: driver t_wait_const.py expects success
verilator	test_regress/t/t_wait_fork.v	pass	must_accept	match	verilator: driver t_wait_fork.py expects success
verilator	test_regress/t/t_wait_iface_vif.v	pass	must_accept	match	verilator: driver t_wait_iface_vif.py expects success
verilator	test_regress/t/t_wait_no_triggered_bad.v	pass	must_accept	match	verilator: driver t_wait_no_triggered_bad.py fails=True but golden .out is a post-parse tool error (lint/elab/unsupported) - syntax valid
verilator	test_regress/t/t_wait_order.v	fail	must_accept	divergence:explained_svpp_macro_use	verilator: driver t_wait_order.py fails=True but golden .out is a post-parse tool error (lint/elab/unsupported) - syntax valid
verilator	test_regress/t/t_waiveroutput.v	pass	must_accept	match	verilator: driver t_waiveroutput.py expects success
verilator	test_regress/t/t_waiveroutput_roundtrip.v	pass	must_accept	match	verilator: driver t_waiveroutput_roundtrip.py expects success
verilator	test_regress/t/t_while_cond_is_stmt.v	pass	must_accept	match	verilator: driver t_while_cond_is_stmt.py expects success
verilator	test_regress/t/t_while_finish.v	pass	must_accept	match	verilator: driver t_while_finish.py expects success
verilator	test_regress/t/t_while_timing_control.v	pass	must_accept	match	verilator: driver t_while_timing_control.py expects success
verilator	test_regress/t/t_wide_temp_while_cond.v	fail	must_accept	divergence:unexplained_rejects_valid	verilator: driver t_wide_temp_while_cond.py expects success
verilator	test_regress/t/t_wire_beh1364_bad.v	pass	must_accept	match	verilator: driver t_wire_beh1364_bad.py fails=True but golden .out is a post-parse tool error (lint/elab/unsupported) - syntax valid
verilator	test_regress/t/t_wire_beh1800_bad.v	pass	must_accept	match	verilator: driver t_wire_beh1800_bad.py fails=True but golden .out is a post-parse tool error (lint/elab/unsupported) - syntax valid
verilator	test_regress/t/t_wire_behp1364_bad.v	pass	must_accept	match	verilator: driver t_wire_behp1364_bad.py fails=True but golden .out is a post-parse tool error (lint/elab/unsupported) - syntax valid
verilator	test_regress/t/t_wire_behp1800_bad.v	pass	must_accept	match	verilator: driver t_wire_behp1800_bad.py fails=True but golden .out is a post-parse tool error (lint/elab/unsupported) - syntax valid
verilator	test_regress/t/t_wire_self_bad.v	pass	must_accept	match	verilator: driver t_wire_self_bad.py fails=True but golden .out is a post-parse tool error (lint/elab/unsupported) - syntax valid
verilator	test_regress/t/t_wire_trireg_unsup.v	pass	must_reject	divergence:unexplained_accepts_invalid	verilator: driver t_wire_trireg_unsup.py fails=True and golden .out reports a syntax error
verilator	test_regress/t/t_wire_types.v	fail	must_accept	divergence:explained_svpp_macro_use	verilator: driver t_wire_types.py expects success
verilator	test_regress/t/t_wired_net_test.v	fail	must_accept	divergence:explained_svpp_macro_use	verilator: driver t_wired_net_test.py expects success
verilator	test_regress/t/t_with.v	fail	must_accept	divergence:explained_svpp_macro_use	verilator: driver t_with.py expects success
verilator	test_regress/t/t_with_suggest_bad.v	pass	must_accept	match	verilator: driver t_with_suggest_bad.py fails=True but golden .out is a post-parse tool error (lint/elab/unsupported) - syntax valid
verilator	test_regress/t/t_wrapper_clone.v	pass	must_accept	match	verilator: driver t_wrapper_clone.py expects success
verilator	test_regress/t/t_wrapper_context.v	fail	must_accept	divergence:explained_svpp_macro_use	verilator: driver t_wrapper_context.py expects success
verilator	test_regress/t/t_wrapper_del_context_bad.v	pass	must_accept	match	verilator: driver t_wrapper_del_context_bad.py fails=True but golden .out is a post-parse tool error (lint/elab/unsupported) - syntax valid
verilator	test_regress/t/t_wrapper_legacy.v	pass	must_accept	match	verilator: driver t_wrapper_legacy.py expects success
verilator	test_regress/t/t_wrapper_reuse_context_bad.v	pass	must_accept	match	verilator: driver t_wrapper_reuse_context_bad.py fails=True but golden .out is a post-parse tool error (lint/elab/unsupported) - syntax valid
verilator	test_regress/t/t_x_assign.v	pass	must_accept	match	verilator: driver t_x_assign_0.py expects success
verilator	test_regress/t/t_x_rand_scoped_is_random.v	fail	must_accept	divergence:explained_svpp_macro_use	verilator: driver t_x_rand_scoped_is_random.py expects success
verilator	test_regress/t/t_x_rand_stability.v	fail	must_accept	divergence:explained_svpp_conditional	verilator: driver t_x_rand_stability.py expects success
verilator	test_regress/t/tsub/t_flag_f_tsub.v	pass	chained_only	deferred:chained_only	verilator: multi-file test payload outside flat test_regress/t/
verilator	test_regress/t/tsub/t_flag_f_tsub_inc.v	pass	chained_only	deferred:chained_only	verilator: multi-file test payload outside flat test_regress/t/
verilator	test_regress/t/uvm/uvm_pkg_all_v2017_1_0_dpi.svh	fail	chained_only	deferred:chained_only	verilator: .svh include payload, not a standalone unit
verilator	test_regress/t/uvm/uvm_pkg_all_v2017_1_0_nodpi.svh	fail	chained_only	deferred:chained_only	verilator: .svh include payload, not a standalone unit
verilator	test_regress/t/uvm/uvm_pkg_all_v2020_3_1_dpi.svh	fail	chained_only	deferred:chained_only	verilator: .svh include payload, not a standalone unit
verilator	test_regress/t/uvm/uvm_pkg_all_v2020_3_1_nodpi.svh	fail	chained_only	deferred:chained_only	verilator: .svh include payload, not a standalone unit
verilator	test_regress/t/uvm/v2017_1_0/dpi/uvm_dpi.svh	pass	chained_only	deferred:chained_only	verilator: .svh include payload, not a standalone unit
verilator	test_regress/t/uvm/v2017_1_0/dpi/uvm_hdl.svh	fail	chained_only	deferred:chained_only	verilator: .svh include payload, not a standalone unit
verilator	test_regress/t/uvm/v2017_1_0/dpi/uvm_regex.svh	pass	chained_only	deferred:chained_only	verilator: .svh include payload, not a standalone unit
verilator	test_regress/t/uvm/v2017_1_0/dpi/uvm_svcmd_dpi.svh	pass	chained_only	deferred:chained_only	verilator: .svh include payload, not a standalone unit
verilator	test_regress/t/uvm/v2020_3_1/dpi/uvm_dpi.svh	pass	chained_only	deferred:chained_only	verilator: .svh include payload, not a standalone unit
verilator	test_regress/t/uvm/v2020_3_1/dpi/uvm_hdl.svh	fail	chained_only	deferred:chained_only	verilator: .svh include payload, not a standalone unit
verilator	test_regress/t/uvm/v2020_3_1/dpi/uvm_polling_dpi.svh	pass	chained_only	deferred:chained_only	verilator: .svh include payload, not a standalone unit
verilator	test_regress/t/uvm/v2020_3_1/dpi/uvm_regex.svh	pass	chained_only	deferred:chained_only	verilator: .svh include payload, not a standalone unit
verilator	test_regress/t/uvm/v2020_3_1/dpi/uvm_svcmd_dpi.svh	pass	chained_only	deferred:chained_only	verilator: .svh include payload, not a standalone unit
