suite	relpath	repo_path
ispras-sv-tests	ieee-1364-2005/parts/count.v	stimuli/sv/subs/ispras-sv-tests/ieee-1364-2005/parts/count.v
ispras-sv-tests	ieee-1364-2005/test_03_05_01_1.v	stimuli/sv/subs/ispras-sv-tests/ieee-1364-2005/test_03_05_01_1.v
ispras-sv-tests	ieee-1364-2005/test_03_05_01_2.v	stimuli/sv/subs/ispras-sv-tests/ieee-1364-2005/test_03_05_01_2.v
ispras-sv-tests	ieee-1364-2005/test_03_05_01_3.v	stimuli/sv/subs/ispras-sv-tests/ieee-1364-2005/test_03_05_01_3.v
ispras-sv-tests	ieee-1364-2005/test_03_05_01_4.v	stimuli/sv/subs/ispras-sv-tests/ieee-1364-2005/test_03_05_01_4.v
ispras-sv-tests	ieee-1364-2005/test_03_05_01_5.v	stimuli/sv/subs/ispras-sv-tests/ieee-1364-2005/test_03_05_01_5.v
ispras-sv-tests	ieee-1364-2005/test_03_05_02_1.v	stimuli/sv/subs/ispras-sv-tests/ieee-1364-2005/test_03_05_02_1.v
ispras-sv-tests	ieee-1364-2005/test_03_06_01_1.v	stimuli/sv/subs/ispras-sv-tests/ieee-1364-2005/test_03_06_01_1.v
ispras-sv-tests	ieee-1364-2005/test_03_06_02_1.v	stimuli/sv/subs/ispras-sv-tests/ieee-1364-2005/test_03_06_02_1.v
ispras-sv-tests	ieee-1364-2005/test_03_06_03_1.v	stimuli/sv/subs/ispras-sv-tests/ieee-1364-2005/test_03_06_03_1.v
ispras-sv-tests	ieee-1364-2005/test_03_07_00_1.v	stimuli/sv/subs/ispras-sv-tests/ieee-1364-2005/test_03_07_00_1.v
ispras-sv-tests	ieee-1364-2005/test_03_07_01_1.v	stimuli/sv/subs/ispras-sv-tests/ieee-1364-2005/test_03_07_01_1.v
ispras-sv-tests	ieee-1364-2005/test_03_07_03_1.v	stimuli/sv/subs/ispras-sv-tests/ieee-1364-2005/test_03_07_03_1.v
ispras-sv-tests	ieee-1364-2005/test_03_07_04_1.v	stimuli/sv/subs/ispras-sv-tests/ieee-1364-2005/test_03_07_04_1.v
ispras-sv-tests	ieee-1364-2005/test_03_08_01_1.v	stimuli/sv/subs/ispras-sv-tests/ieee-1364-2005/test_03_08_01_1.v
ispras-sv-tests	ieee-1364-2005/test_03_08_01_2.v	stimuli/sv/subs/ispras-sv-tests/ieee-1364-2005/test_03_08_01_2.v
ispras-sv-tests	ieee-1364-2005/test_03_08_01_3.v	stimuli/sv/subs/ispras-sv-tests/ieee-1364-2005/test_03_08_01_3.v
ispras-sv-tests	ieee-1364-2005/test_03_08_01_4.v	stimuli/sv/subs/ispras-sv-tests/ieee-1364-2005/test_03_08_01_4.v
ispras-sv-tests	ieee-1364-2005/test_03_08_01_5.v	stimuli/sv/subs/ispras-sv-tests/ieee-1364-2005/test_03_08_01_5.v
ispras-sv-tests	ieee-1364-2005/test_03_08_01_6.v	stimuli/sv/subs/ispras-sv-tests/ieee-1364-2005/test_03_08_01_6.v
ispras-sv-tests	ieee-1364-2005/test_03_08_01_7.v	stimuli/sv/subs/ispras-sv-tests/ieee-1364-2005/test_03_08_01_7.v
ispras-sv-tests	ieee-1364-2005/test_03_08_01_8.v	stimuli/sv/subs/ispras-sv-tests/ieee-1364-2005/test_03_08_01_8.v
ispras-sv-tests	ieee-1364-2005/test_04_03_01_1.v	stimuli/sv/subs/ispras-sv-tests/ieee-1364-2005/test_04_03_01_1.v
ispras-sv-tests	ieee-1364-2005/test_04_03_02_1.v	stimuli/sv/subs/ispras-sv-tests/ieee-1364-2005/test_04_03_02_1.v
ispras-sv-tests	ieee-1364-2005/test_04_04_01_1.v	stimuli/sv/subs/ispras-sv-tests/ieee-1364-2005/test_04_04_01_1.v
ispras-sv-tests	ieee-1364-2005/test_04_05_00_1.v	stimuli/sv/subs/ispras-sv-tests/ieee-1364-2005/test_04_05_00_1.v
ispras-sv-tests	ieee-1364-2005/test_04_05_00_2.v	stimuli/sv/subs/ispras-sv-tests/ieee-1364-2005/test_04_05_00_2.v
ispras-sv-tests	ieee-1364-2005/test_04_05_00_3.v	stimuli/sv/subs/ispras-sv-tests/ieee-1364-2005/test_04_05_00_3.v
ispras-sv-tests	ieee-1364-2005/test_04_08_00_1.v	stimuli/sv/subs/ispras-sv-tests/ieee-1364-2005/test_04_08_00_1.v
ispras-sv-tests	ieee-1364-2005/test_04_09_00_1.v	stimuli/sv/subs/ispras-sv-tests/ieee-1364-2005/test_04_09_00_1.v
ispras-sv-tests	ieee-1364-2005/test_04_09_03_1_1.v	stimuli/sv/subs/ispras-sv-tests/ieee-1364-2005/test_04_09_03_1_1.v
ispras-sv-tests	ieee-1364-2005/test_04_09_03_1_2.v	stimuli/sv/subs/ispras-sv-tests/ieee-1364-2005/test_04_09_03_1_2.v
ispras-sv-tests	ieee-1364-2005/test_04_09_03_1_3.v	stimuli/sv/subs/ispras-sv-tests/ieee-1364-2005/test_04_09_03_1_3.v
ispras-sv-tests	ieee-1364-2005/test_04_10_01_1.v	stimuli/sv/subs/ispras-sv-tests/ieee-1364-2005/test_04_10_01_1.v
ispras-sv-tests	ieee-1364-2005/test_04_10_03_1.v	stimuli/sv/subs/ispras-sv-tests/ieee-1364-2005/test_04_10_03_1.v
ispras-sv-tests	ieee-1364-2005/test_04_10_03_2.v	stimuli/sv/subs/ispras-sv-tests/ieee-1364-2005/test_04_10_03_2.v
ispras-sv-tests	ieee-1364-2005/test_05_01_03_1.v	stimuli/sv/subs/ispras-sv-tests/ieee-1364-2005/test_05_01_03_1.v
ispras-sv-tests	ieee-1364-2005/test_05_01_04_1.v	stimuli/sv/subs/ispras-sv-tests/ieee-1364-2005/test_05_01_04_1.v
ispras-sv-tests	ieee-1364-2005/test_05_01_05_1.v	stimuli/sv/subs/ispras-sv-tests/ieee-1364-2005/test_05_01_05_1.v
ispras-sv-tests	ieee-1364-2005/test_05_01_05_2.v	stimuli/sv/subs/ispras-sv-tests/ieee-1364-2005/test_05_01_05_2.v
ispras-sv-tests	ieee-1364-2005/test_05_01_06_1.v	stimuli/sv/subs/ispras-sv-tests/ieee-1364-2005/test_05_01_06_1.v
ispras-sv-tests	ieee-1364-2005/test_05_01_07_1.v	stimuli/sv/subs/ispras-sv-tests/ieee-1364-2005/test_05_01_07_1.v
ispras-sv-tests	ieee-1364-2005/test_05_01_07_2.v	stimuli/sv/subs/ispras-sv-tests/ieee-1364-2005/test_05_01_07_2.v
ispras-sv-tests	ieee-1364-2005/test_05_01_08_1.v	stimuli/sv/subs/ispras-sv-tests/ieee-1364-2005/test_05_01_08_1.v
ispras-sv-tests	ieee-1364-2005/test_05_01_09_1.v	stimuli/sv/subs/ispras-sv-tests/ieee-1364-2005/test_05_01_09_1.v
ispras-sv-tests	ieee-1364-2005/test_05_01_09_2.v	stimuli/sv/subs/ispras-sv-tests/ieee-1364-2005/test_05_01_09_2.v
ispras-sv-tests	ieee-1364-2005/test_05_01_09_3.v	stimuli/sv/subs/ispras-sv-tests/ieee-1364-2005/test_05_01_09_3.v
ispras-sv-tests	ieee-1364-2005/test_05_01_12_1.v	stimuli/sv/subs/ispras-sv-tests/ieee-1364-2005/test_05_01_12_1.v
ispras-sv-tests	ieee-1364-2005/test_05_01_12_2.v	stimuli/sv/subs/ispras-sv-tests/ieee-1364-2005/test_05_01_12_2.v
ispras-sv-tests	ieee-1364-2005/test_05_01_13_1.v	stimuli/sv/subs/ispras-sv-tests/ieee-1364-2005/test_05_01_13_1.v
ispras-sv-tests	ieee-1364-2005/test_05_01_14_1.v	stimuli/sv/subs/ispras-sv-tests/ieee-1364-2005/test_05_01_14_1.v
ispras-sv-tests	ieee-1364-2005/test_05_01_14_2.v	stimuli/sv/subs/ispras-sv-tests/ieee-1364-2005/test_05_01_14_2.v
ispras-sv-tests	ieee-1364-2005/test_05_01_14_3.v	stimuli/sv/subs/ispras-sv-tests/ieee-1364-2005/test_05_01_14_3.v
ispras-sv-tests	ieee-1364-2005/test_05_01_14_4.v	stimuli/sv/subs/ispras-sv-tests/ieee-1364-2005/test_05_01_14_4.v
ispras-sv-tests	ieee-1364-2005/test_05_02_01_1.v	stimuli/sv/subs/ispras-sv-tests/ieee-1364-2005/test_05_02_01_1.v
ispras-sv-tests	ieee-1364-2005/test_05_02_01_2.v	stimuli/sv/subs/ispras-sv-tests/ieee-1364-2005/test_05_02_01_2.v
ispras-sv-tests	ieee-1364-2005/test_05_02_01_3.v	stimuli/sv/subs/ispras-sv-tests/ieee-1364-2005/test_05_02_01_3.v
ispras-sv-tests	ieee-1364-2005/test_05_02_01_4.v	stimuli/sv/subs/ispras-sv-tests/ieee-1364-2005/test_05_02_01_4.v
ispras-sv-tests	ieee-1364-2005/test_05_02_02_1.v	stimuli/sv/subs/ispras-sv-tests/ieee-1364-2005/test_05_02_02_1.v
ispras-sv-tests	ieee-1364-2005/test_05_02_02_2.v	stimuli/sv/subs/ispras-sv-tests/ieee-1364-2005/test_05_02_02_2.v
ispras-sv-tests	ieee-1364-2005/test_05_02_03_1.v	stimuli/sv/subs/ispras-sv-tests/ieee-1364-2005/test_05_02_03_1.v
ispras-sv-tests	ieee-1364-2005/test_05_02_03_2_1.v	stimuli/sv/subs/ispras-sv-tests/ieee-1364-2005/test_05_02_03_2_1.v
ispras-sv-tests	ieee-1364-2005/test_05_03_00_1.v	stimuli/sv/subs/ispras-sv-tests/ieee-1364-2005/test_05_03_00_1.v
ispras-sv-tests	ieee-1364-2005/test_05_04_00_1.v	stimuli/sv/subs/ispras-sv-tests/ieee-1364-2005/test_05_04_00_1.v
ispras-sv-tests	ieee-1364-2005/test_05_04_02_1.v	stimuli/sv/subs/ispras-sv-tests/ieee-1364-2005/test_05_04_02_1.v
ispras-sv-tests	ieee-1364-2005/test_05_04_02_2.v	stimuli/sv/subs/ispras-sv-tests/ieee-1364-2005/test_05_04_02_2.v
ispras-sv-tests	ieee-1364-2005/test_05_04_03_1.v	stimuli/sv/subs/ispras-sv-tests/ieee-1364-2005/test_05_04_03_1.v
ispras-sv-tests	ieee-1364-2005/test_05_05_00_1.v	stimuli/sv/subs/ispras-sv-tests/ieee-1364-2005/test_05_05_00_1.v
ispras-sv-tests	ieee-1364-2005/test_05_05_01_1.v	stimuli/sv/subs/ispras-sv-tests/ieee-1364-2005/test_05_05_01_1.v
ispras-sv-tests	ieee-1364-2005/test_05_06_00_1.v	stimuli/sv/subs/ispras-sv-tests/ieee-1364-2005/test_05_06_00_1.v
ispras-sv-tests	ieee-1364-2005/test_05_06_00_2.v	stimuli/sv/subs/ispras-sv-tests/ieee-1364-2005/test_05_06_00_2.v
ispras-sv-tests	ieee-1364-2005/test_05_06_00_3.v	stimuli/sv/subs/ispras-sv-tests/ieee-1364-2005/test_05_06_00_3.v
ispras-sv-tests	ieee-1364-2005/test_06_01_01_1.v	stimuli/sv/subs/ispras-sv-tests/ieee-1364-2005/test_06_01_01_1.v
ispras-sv-tests	ieee-1364-2005/test_06_01_02_1.v	stimuli/sv/subs/ispras-sv-tests/ieee-1364-2005/test_06_01_02_1.v
ispras-sv-tests	ieee-1364-2005/test_06_01_02_2.v	stimuli/sv/subs/ispras-sv-tests/ieee-1364-2005/test_06_01_02_2.v
ispras-sv-tests	ieee-1364-2005/test_06_01_02_3.v	stimuli/sv/subs/ispras-sv-tests/ieee-1364-2005/test_06_01_02_3.v
ispras-sv-tests	ieee-1364-2005/test_06_01_03_1.v	stimuli/sv/subs/ispras-sv-tests/ieee-1364-2005/test_06_01_03_1.v
ispras-sv-tests	ieee-1364-2005/test_06_02_01_1.v	stimuli/sv/subs/ispras-sv-tests/ieee-1364-2005/test_06_02_01_1.v
ispras-sv-tests	ieee-1364-2005/test_06_02_01_2.v	stimuli/sv/subs/ispras-sv-tests/ieee-1364-2005/test_06_02_01_2.v
ispras-sv-tests	ieee-1364-2005/test_06_02_01_3.v	stimuli/sv/subs/ispras-sv-tests/ieee-1364-2005/test_06_02_01_3.v
ispras-sv-tests	ieee-1364-2005/test_06_02_01_4.v	stimuli/sv/subs/ispras-sv-tests/ieee-1364-2005/test_06_02_01_4.v
ispras-sv-tests	ieee-1364-2005/test_06_02_01_5.v	stimuli/sv/subs/ispras-sv-tests/ieee-1364-2005/test_06_02_01_5.v
ispras-sv-tests	ieee-1364-2005/test_07_01_02_1.v	stimuli/sv/subs/ispras-sv-tests/ieee-1364-2005/test_07_01_02_1.v
ispras-sv-tests	ieee-1364-2005/test_07_01_05_1.v	stimuli/sv/subs/ispras-sv-tests/ieee-1364-2005/test_07_01_05_1.v
ispras-sv-tests	ieee-1364-2005/test_07_01_06_1.v	stimuli/sv/subs/ispras-sv-tests/ieee-1364-2005/test_07_01_06_1.v
ispras-sv-tests	ieee-1364-2005/test_07_01_06_2.v	stimuli/sv/subs/ispras-sv-tests/ieee-1364-2005/test_07_01_06_2.v
ispras-sv-tests	ieee-1364-2005/test_07_01_06_3.v	stimuli/sv/subs/ispras-sv-tests/ieee-1364-2005/test_07_01_06_3.v
ispras-sv-tests	ieee-1364-2005/test_07_01_06_4.v	stimuli/sv/subs/ispras-sv-tests/ieee-1364-2005/test_07_01_06_4.v
ispras-sv-tests	ieee-1364-2005/test_07_02_00_1.v	stimuli/sv/subs/ispras-sv-tests/ieee-1364-2005/test_07_02_00_1.v
ispras-sv-tests	ieee-1364-2005/test_07_03_00_1.v	stimuli/sv/subs/ispras-sv-tests/ieee-1364-2005/test_07_03_00_1.v
ispras-sv-tests	ieee-1364-2005/test_07_04_00_1.v	stimuli/sv/subs/ispras-sv-tests/ieee-1364-2005/test_07_04_00_1.v
ispras-sv-tests	ieee-1364-2005/test_07_05_00_1.v	stimuli/sv/subs/ispras-sv-tests/ieee-1364-2005/test_07_05_00_1.v
ispras-sv-tests	ieee-1364-2005/test_07_06_00_1.v	stimuli/sv/subs/ispras-sv-tests/ieee-1364-2005/test_07_06_00_1.v
ispras-sv-tests	ieee-1364-2005/test_07_07_00_1.v	stimuli/sv/subs/ispras-sv-tests/ieee-1364-2005/test_07_07_00_1.v
ispras-sv-tests	ieee-1364-2005/test_07_08_00_1.v	stimuli/sv/subs/ispras-sv-tests/ieee-1364-2005/test_07_08_00_1.v
ispras-sv-tests	ieee-1364-2005/test_07_14_00_1.v	stimuli/sv/subs/ispras-sv-tests/ieee-1364-2005/test_07_14_00_1.v
ispras-sv-tests	ieee-1364-2005/test_07_14_00_2.v	stimuli/sv/subs/ispras-sv-tests/ieee-1364-2005/test_07_14_00_2.v
ispras-sv-tests	ieee-1364-2005/test_07_14_01_1.v	stimuli/sv/subs/ispras-sv-tests/ieee-1364-2005/test_07_14_01_1.v
ispras-sv-tests	ieee-1364-2005/test_07_14_01_2.v	stimuli/sv/subs/ispras-sv-tests/ieee-1364-2005/test_07_14_01_2.v
ispras-sv-tests	ieee-1364-2005/test_07_14_02_2_1.v	stimuli/sv/subs/ispras-sv-tests/ieee-1364-2005/test_07_14_02_2_1.v
ispras-sv-tests	ieee-1364-2005/test_07_14_02_2_2.v	stimuli/sv/subs/ispras-sv-tests/ieee-1364-2005/test_07_14_02_2_2.v
ispras-sv-tests	ieee-1364-2005/test_08_02_00_1.v	stimuli/sv/subs/ispras-sv-tests/ieee-1364-2005/test_08_02_00_1.v
ispras-sv-tests	ieee-1364-2005/test_08_02_00_2.v	stimuli/sv/subs/ispras-sv-tests/ieee-1364-2005/test_08_02_00_2.v
ispras-sv-tests	ieee-1364-2005/test_08_03_00_1.v	stimuli/sv/subs/ispras-sv-tests/ieee-1364-2005/test_08_03_00_1.v
ispras-sv-tests	ieee-1364-2005/test_08_04_00_1.v	stimuli/sv/subs/ispras-sv-tests/ieee-1364-2005/test_08_04_00_1.v
ispras-sv-tests	ieee-1364-2005/test_08_05_00_1.v	stimuli/sv/subs/ispras-sv-tests/ieee-1364-2005/test_08_05_00_1.v
ispras-sv-tests	ieee-1364-2005/test_08_05_00_2.v	stimuli/sv/subs/ispras-sv-tests/ieee-1364-2005/test_08_05_00_2.v
ispras-sv-tests	ieee-1364-2005/test_08_06_00_1.v	stimuli/sv/subs/ispras-sv-tests/ieee-1364-2005/test_08_06_00_1.v
ispras-sv-tests	ieee-1364-2005/test_08_07_00_1.v	stimuli/sv/subs/ispras-sv-tests/ieee-1364-2005/test_08_07_00_1.v
ispras-sv-tests	ieee-1364-2005/test_09_01_00_1.v	stimuli/sv/subs/ispras-sv-tests/ieee-1364-2005/test_09_01_00_1.v
ispras-sv-tests	ieee-1364-2005/test_09_02_01_1.v	stimuli/sv/subs/ispras-sv-tests/ieee-1364-2005/test_09_02_01_1.v
ispras-sv-tests	ieee-1364-2005/test_09_02_02_1.v	stimuli/sv/subs/ispras-sv-tests/ieee-1364-2005/test_09_02_02_1.v
ispras-sv-tests	ieee-1364-2005/test_09_02_02_2.v	stimuli/sv/subs/ispras-sv-tests/ieee-1364-2005/test_09_02_02_2.v
ispras-sv-tests	ieee-1364-2005/test_09_02_02_3.v	stimuli/sv/subs/ispras-sv-tests/ieee-1364-2005/test_09_02_02_3.v
ispras-sv-tests	ieee-1364-2005/test_09_02_02_4.v	stimuli/sv/subs/ispras-sv-tests/ieee-1364-2005/test_09_02_02_4.v
ispras-sv-tests	ieee-1364-2005/test_09_02_02_5.v	stimuli/sv/subs/ispras-sv-tests/ieee-1364-2005/test_09_02_02_5.v
ispras-sv-tests	ieee-1364-2005/test_09_02_02_6.v	stimuli/sv/subs/ispras-sv-tests/ieee-1364-2005/test_09_02_02_6.v
ispras-sv-tests	ieee-1364-2005/test_09_02_02_7.v	stimuli/sv/subs/ispras-sv-tests/ieee-1364-2005/test_09_02_02_7.v
ispras-sv-tests	ieee-1364-2005/test_09_03_01_1.v	stimuli/sv/subs/ispras-sv-tests/ieee-1364-2005/test_09_03_01_1.v
ispras-sv-tests	ieee-1364-2005/test_09_03_02_1.v	stimuli/sv/subs/ispras-sv-tests/ieee-1364-2005/test_09_03_02_1.v
ispras-sv-tests	ieee-1364-2005/test_09_03_02_2.v	stimuli/sv/subs/ispras-sv-tests/ieee-1364-2005/test_09_03_02_2.v
ispras-sv-tests	ieee-1364-2005/test_09_04_00_1.v	stimuli/sv/subs/ispras-sv-tests/ieee-1364-2005/test_09_04_00_1.v
ispras-sv-tests	ieee-1364-2005/test_09_04_00_2.v	stimuli/sv/subs/ispras-sv-tests/ieee-1364-2005/test_09_04_00_2.v
ispras-sv-tests	ieee-1364-2005/test_09_04_00_3.v	stimuli/sv/subs/ispras-sv-tests/ieee-1364-2005/test_09_04_00_3.v
ispras-sv-tests	ieee-1364-2005/test_09_04_01_1.v	stimuli/sv/subs/ispras-sv-tests/ieee-1364-2005/test_09_04_01_1.v
ispras-sv-tests	ieee-1364-2005/test_09_05_00_1.v	stimuli/sv/subs/ispras-sv-tests/ieee-1364-2005/test_09_05_00_1.v
ispras-sv-tests	ieee-1364-2005/test_09_05_00_2.v	stimuli/sv/subs/ispras-sv-tests/ieee-1364-2005/test_09_05_00_2.v
ispras-sv-tests	ieee-1364-2005/test_09_05_00_3.v	stimuli/sv/subs/ispras-sv-tests/ieee-1364-2005/test_09_05_00_3.v
ispras-sv-tests	ieee-1364-2005/test_09_05_01_1.v	stimuli/sv/subs/ispras-sv-tests/ieee-1364-2005/test_09_05_01_1.v
ispras-sv-tests	ieee-1364-2005/test_09_05_01_2.v	stimuli/sv/subs/ispras-sv-tests/ieee-1364-2005/test_09_05_01_2.v
ispras-sv-tests	ieee-1364-2005/test_09_05_02_1.v	stimuli/sv/subs/ispras-sv-tests/ieee-1364-2005/test_09_05_02_1.v
ispras-sv-tests	ieee-1364-2005/test_09_06_00_1.v	stimuli/sv/subs/ispras-sv-tests/ieee-1364-2005/test_09_06_00_1.v
ispras-sv-tests	ieee-1364-2005/test_09_06_00_2.v	stimuli/sv/subs/ispras-sv-tests/ieee-1364-2005/test_09_06_00_2.v
ispras-sv-tests	ieee-1364-2005/test_09_06_00_3.v	stimuli/sv/subs/ispras-sv-tests/ieee-1364-2005/test_09_06_00_3.v
ispras-sv-tests	ieee-1364-2005/test_09_07_01_1.v	stimuli/sv/subs/ispras-sv-tests/ieee-1364-2005/test_09_07_01_1.v
ispras-sv-tests	ieee-1364-2005/test_09_07_01_2.v	stimuli/sv/subs/ispras-sv-tests/ieee-1364-2005/test_09_07_01_2.v
ispras-sv-tests	ieee-1364-2005/test_09_07_02_1.v	stimuli/sv/subs/ispras-sv-tests/ieee-1364-2005/test_09_07_02_1.v
ispras-sv-tests	ieee-1364-2005/test_09_07_04_1.v	stimuli/sv/subs/ispras-sv-tests/ieee-1364-2005/test_09_07_04_1.v
ispras-sv-tests	ieee-1364-2005/test_09_07_04_2.v	stimuli/sv/subs/ispras-sv-tests/ieee-1364-2005/test_09_07_04_2.v
ispras-sv-tests	ieee-1364-2005/test_09_07_04_3.v	stimuli/sv/subs/ispras-sv-tests/ieee-1364-2005/test_09_07_04_3.v
ispras-sv-tests	ieee-1364-2005/test_09_07_04_4.v	stimuli/sv/subs/ispras-sv-tests/ieee-1364-2005/test_09_07_04_4.v
ispras-sv-tests	ieee-1364-2005/test_09_07_05_1.v	stimuli/sv/subs/ispras-sv-tests/ieee-1364-2005/test_09_07_05_1.v
ispras-sv-tests	ieee-1364-2005/test_09_07_05_2.v	stimuli/sv/subs/ispras-sv-tests/ieee-1364-2005/test_09_07_05_2.v
ispras-sv-tests	ieee-1364-2005/test_09_07_05_3.v	stimuli/sv/subs/ispras-sv-tests/ieee-1364-2005/test_09_07_05_3.v
ispras-sv-tests	ieee-1364-2005/test_09_07_05_4.v	stimuli/sv/subs/ispras-sv-tests/ieee-1364-2005/test_09_07_05_4.v
ispras-sv-tests	ieee-1364-2005/test_09_07_05_5.v	stimuli/sv/subs/ispras-sv-tests/ieee-1364-2005/test_09_07_05_5.v
ispras-sv-tests	ieee-1364-2005/test_09_07_05_6.v	stimuli/sv/subs/ispras-sv-tests/ieee-1364-2005/test_09_07_05_6.v
ispras-sv-tests	ieee-1364-2005/test_09_07_06_1.v	stimuli/sv/subs/ispras-sv-tests/ieee-1364-2005/test_09_07_06_1.v
ispras-sv-tests	ieee-1364-2005/test_09_07_07_1.v	stimuli/sv/subs/ispras-sv-tests/ieee-1364-2005/test_09_07_07_1.v
ispras-sv-tests	ieee-1364-2005/test_09_07_07_10.v	stimuli/sv/subs/ispras-sv-tests/ieee-1364-2005/test_09_07_07_10.v
ispras-sv-tests	ieee-1364-2005/test_09_07_07_2.v	stimuli/sv/subs/ispras-sv-tests/ieee-1364-2005/test_09_07_07_2.v
ispras-sv-tests	ieee-1364-2005/test_09_07_07_3.v	stimuli/sv/subs/ispras-sv-tests/ieee-1364-2005/test_09_07_07_3.v
ispras-sv-tests	ieee-1364-2005/test_09_07_07_4.v	stimuli/sv/subs/ispras-sv-tests/ieee-1364-2005/test_09_07_07_4.v
ispras-sv-tests	ieee-1364-2005/test_09_07_07_5.v	stimuli/sv/subs/ispras-sv-tests/ieee-1364-2005/test_09_07_07_5.v
ispras-sv-tests	ieee-1364-2005/test_09_07_07_6.v	stimuli/sv/subs/ispras-sv-tests/ieee-1364-2005/test_09_07_07_6.v
ispras-sv-tests	ieee-1364-2005/test_09_07_07_7.v	stimuli/sv/subs/ispras-sv-tests/ieee-1364-2005/test_09_07_07_7.v
ispras-sv-tests	ieee-1364-2005/test_09_07_07_8.v	stimuli/sv/subs/ispras-sv-tests/ieee-1364-2005/test_09_07_07_8.v
ispras-sv-tests	ieee-1364-2005/test_09_07_07_9.v	stimuli/sv/subs/ispras-sv-tests/ieee-1364-2005/test_09_07_07_9.v
ispras-sv-tests	ieee-1364-2005/test_09_08_01_1.v	stimuli/sv/subs/ispras-sv-tests/ieee-1364-2005/test_09_08_01_1.v
ispras-sv-tests	ieee-1364-2005/test_09_08_01_2.v	stimuli/sv/subs/ispras-sv-tests/ieee-1364-2005/test_09_08_01_2.v
ispras-sv-tests	ieee-1364-2005/test_09_08_01_3.v	stimuli/sv/subs/ispras-sv-tests/ieee-1364-2005/test_09_08_01_3.v
ispras-sv-tests	ieee-1364-2005/test_09_08_02_1.v	stimuli/sv/subs/ispras-sv-tests/ieee-1364-2005/test_09_08_02_1.v
ispras-sv-tests	ieee-1364-2005/test_09_08_04_1.v	stimuli/sv/subs/ispras-sv-tests/ieee-1364-2005/test_09_08_04_1.v
ispras-sv-tests	ieee-1364-2005/test_09_08_04_2.v	stimuli/sv/subs/ispras-sv-tests/ieee-1364-2005/test_09_08_04_2.v
ispras-sv-tests	ieee-1364-2005/test_09_08_04_3.v	stimuli/sv/subs/ispras-sv-tests/ieee-1364-2005/test_09_08_04_3.v
ispras-sv-tests	ieee-1364-2005/test_09_09_01_1.v	stimuli/sv/subs/ispras-sv-tests/ieee-1364-2005/test_09_09_01_1.v
ispras-sv-tests	ieee-1364-2005/test_09_09_01_2.v	stimuli/sv/subs/ispras-sv-tests/ieee-1364-2005/test_09_09_01_2.v
ispras-sv-tests	ieee-1364-2005/test_09_09_02_1.v	stimuli/sv/subs/ispras-sv-tests/ieee-1364-2005/test_09_09_02_1.v
ispras-sv-tests	ieee-1364-2005/test_09_09_02_2.v	stimuli/sv/subs/ispras-sv-tests/ieee-1364-2005/test_09_09_02_2.v
ispras-sv-tests	ieee-1364-2005/test_10_01_00_1.v	stimuli/sv/subs/ispras-sv-tests/ieee-1364-2005/test_10_01_00_1.v
ispras-sv-tests	ieee-1364-2005/test_10_01_00_2.v	stimuli/sv/subs/ispras-sv-tests/ieee-1364-2005/test_10_01_00_2.v
ispras-sv-tests	ieee-1364-2005/test_10_02_02_1_1.v	stimuli/sv/subs/ispras-sv-tests/ieee-1364-2005/test_10_02_02_1_1.v
ispras-sv-tests	ieee-1364-2005/test_10_02_02_1_2.v	stimuli/sv/subs/ispras-sv-tests/ieee-1364-2005/test_10_02_02_1_2.v
ispras-sv-tests	ieee-1364-2005/test_10_02_02_2.v	stimuli/sv/subs/ispras-sv-tests/ieee-1364-2005/test_10_02_02_2.v
ispras-sv-tests	ieee-1364-2005/test_10_03_00_1.v	stimuli/sv/subs/ispras-sv-tests/ieee-1364-2005/test_10_03_00_1.v
ispras-sv-tests	ieee-1364-2005/test_10_03_00_2.v	stimuli/sv/subs/ispras-sv-tests/ieee-1364-2005/test_10_03_00_2.v
ispras-sv-tests	ieee-1364-2005/test_10_03_00_3.v	stimuli/sv/subs/ispras-sv-tests/ieee-1364-2005/test_10_03_00_3.v
ispras-sv-tests	ieee-1364-2005/test_10_03_00_4.v	stimuli/sv/subs/ispras-sv-tests/ieee-1364-2005/test_10_03_00_4.v
ispras-sv-tests	ieee-1364-2005/test_10_03_00_5.v	stimuli/sv/subs/ispras-sv-tests/ieee-1364-2005/test_10_03_00_5.v
ispras-sv-tests	ieee-1364-2005/test_10_03_00_6.v	stimuli/sv/subs/ispras-sv-tests/ieee-1364-2005/test_10_03_00_6.v
ispras-sv-tests	ieee-1364-2005/test_10_04_01_1.v	stimuli/sv/subs/ispras-sv-tests/ieee-1364-2005/test_10_04_01_1.v
ispras-sv-tests	ieee-1364-2005/test_10_04_01_2.v	stimuli/sv/subs/ispras-sv-tests/ieee-1364-2005/test_10_04_01_2.v
ispras-sv-tests	ieee-1364-2005/test_10_04_03_1.v	stimuli/sv/subs/ispras-sv-tests/ieee-1364-2005/test_10_04_03_1.v
ispras-sv-tests	ieee-1364-2005/test_10_04_04_1.v	stimuli/sv/subs/ispras-sv-tests/ieee-1364-2005/test_10_04_04_1.v
ispras-sv-tests	ieee-1364-2005/test_10_04_05_1.v	stimuli/sv/subs/ispras-sv-tests/ieee-1364-2005/test_10_04_05_1.v
ispras-sv-tests	ieee-1364-2005/test_11_04_01_1.v	stimuli/sv/subs/ispras-sv-tests/ieee-1364-2005/test_11_04_01_1.v
ispras-sv-tests	ieee-1364-2005/test_11_05_00_1.v	stimuli/sv/subs/ispras-sv-tests/ieee-1364-2005/test_11_05_00_1.v
ispras-sv-tests	ieee-1364-2005/test_12_01_02_1.v	stimuli/sv/subs/ispras-sv-tests/ieee-1364-2005/test_12_01_02_1.v
ispras-sv-tests	ieee-1364-2005/test_12_01_02_2.v	stimuli/sv/subs/ispras-sv-tests/ieee-1364-2005/test_12_01_02_2.v
ispras-sv-tests	ieee-1364-2005/test_12_02_00_1.v	stimuli/sv/subs/ispras-sv-tests/ieee-1364-2005/test_12_02_00_1.v
ispras-sv-tests	ieee-1364-2005/test_12_02_00_2.v	stimuli/sv/subs/ispras-sv-tests/ieee-1364-2005/test_12_02_00_2.v
ispras-sv-tests	ieee-1364-2005/test_12_02_01_1.v	stimuli/sv/subs/ispras-sv-tests/ieee-1364-2005/test_12_02_01_1.v
ispras-sv-tests	ieee-1364-2005/test_12_02_01_2.v	stimuli/sv/subs/ispras-sv-tests/ieee-1364-2005/test_12_02_01_2.v
ispras-sv-tests	ieee-1364-2005/test_12_02_02_1_1.v	stimuli/sv/subs/ispras-sv-tests/ieee-1364-2005/test_12_02_02_1_1.v
ispras-sv-tests	ieee-1364-2005/test_12_02_02_1_2.v	stimuli/sv/subs/ispras-sv-tests/ieee-1364-2005/test_12_02_02_1_2.v
ispras-sv-tests	ieee-1364-2005/test_12_02_02_2_1.v	stimuli/sv/subs/ispras-sv-tests/ieee-1364-2005/test_12_02_02_2_1.v
ispras-sv-tests	ieee-1364-2005/test_12_02_02_2_2.v	stimuli/sv/subs/ispras-sv-tests/ieee-1364-2005/test_12_02_02_2_2.v
ispras-sv-tests	ieee-1364-2005/test_12_02_03_1.v	stimuli/sv/subs/ispras-sv-tests/ieee-1364-2005/test_12_02_03_1.v
ispras-sv-tests	ieee-1364-2005/test_12_03_03_1.v	stimuli/sv/subs/ispras-sv-tests/ieee-1364-2005/test_12_03_03_1.v
ispras-sv-tests	ieee-1364-2005/test_12_03_03_2.v	stimuli/sv/subs/ispras-sv-tests/ieee-1364-2005/test_12_03_03_2.v
ispras-sv-tests	ieee-1364-2005/test_12_03_03_3.v	stimuli/sv/subs/ispras-sv-tests/ieee-1364-2005/test_12_03_03_3.v
ispras-sv-tests	ieee-1364-2005/test_12_03_05_1.v	stimuli/sv/subs/ispras-sv-tests/ieee-1364-2005/test_12_03_05_1.v
ispras-sv-tests	ieee-1364-2005/test_12_03_06_1.v	stimuli/sv/subs/ispras-sv-tests/ieee-1364-2005/test_12_03_06_1.v
ispras-sv-tests	ieee-1364-2005/test_12_03_06_2.v	stimuli/sv/subs/ispras-sv-tests/ieee-1364-2005/test_12_03_06_2.v
ispras-sv-tests	ieee-1364-2005/test_12_03_06_3.v	stimuli/sv/subs/ispras-sv-tests/ieee-1364-2005/test_12_03_06_3.v
ispras-sv-tests	ieee-1364-2005/test_12_03_07_1.v	stimuli/sv/subs/ispras-sv-tests/ieee-1364-2005/test_12_03_07_1.v
ispras-sv-tests	ieee-1364-2005/test_12_04_01_1.v	stimuli/sv/subs/ispras-sv-tests/ieee-1364-2005/test_12_04_01_1.v
ispras-sv-tests	ieee-1364-2005/test_12_04_01_2.v	stimuli/sv/subs/ispras-sv-tests/ieee-1364-2005/test_12_04_01_2.v
ispras-sv-tests	ieee-1364-2005/test_12_04_01_3.v	stimuli/sv/subs/ispras-sv-tests/ieee-1364-2005/test_12_04_01_3.v
ispras-sv-tests	ieee-1364-2005/test_12_04_01_4.v	stimuli/sv/subs/ispras-sv-tests/ieee-1364-2005/test_12_04_01_4.v
ispras-sv-tests	ieee-1364-2005/test_12_04_01_5.v	stimuli/sv/subs/ispras-sv-tests/ieee-1364-2005/test_12_04_01_5.v
ispras-sv-tests	ieee-1364-2005/test_12_04_02_1.v	stimuli/sv/subs/ispras-sv-tests/ieee-1364-2005/test_12_04_02_1.v
ispras-sv-tests	ieee-1364-2005/test_12_04_02_2.v	stimuli/sv/subs/ispras-sv-tests/ieee-1364-2005/test_12_04_02_2.v
ispras-sv-tests	ieee-1364-2005/test_12_04_02_3.v	stimuli/sv/subs/ispras-sv-tests/ieee-1364-2005/test_12_04_02_3.v
ispras-sv-tests	ieee-1364-2005/test_12_04_02_4.v	stimuli/sv/subs/ispras-sv-tests/ieee-1364-2005/test_12_04_02_4.v
ispras-sv-tests	ieee-1364-2005/test_12_04_03_1.v	stimuli/sv/subs/ispras-sv-tests/ieee-1364-2005/test_12_04_03_1.v
ispras-sv-tests	ieee-1364-2005/test_12_05_00_1.v	stimuli/sv/subs/ispras-sv-tests/ieee-1364-2005/test_12_05_00_1.v
ispras-sv-tests	ieee-1364-2005/test_12_05_00_2.v	stimuli/sv/subs/ispras-sv-tests/ieee-1364-2005/test_12_05_00_2.v
ispras-sv-tests	ieee-1364-2005/test_12_06_00_1.v	stimuli/sv/subs/ispras-sv-tests/ieee-1364-2005/test_12_06_00_1.v
ispras-sv-tests	ieee-1364-2005/test_12_07_00_1.v	stimuli/sv/subs/ispras-sv-tests/ieee-1364-2005/test_12_07_00_1.v
ispras-sv-tests	ieee-1364-2005/test_12_08_02_1.v	stimuli/sv/subs/ispras-sv-tests/ieee-1364-2005/test_12_08_02_1.v
ispras-sv-tests	ieee-1364-2005/test_14_01_00_1.v	stimuli/sv/subs/ispras-sv-tests/ieee-1364-2005/test_14_01_00_1.v
ispras-sv-tests	ieee-1364-2005/test_14_02_02_1.v	stimuli/sv/subs/ispras-sv-tests/ieee-1364-2005/test_14_02_02_1.v
ispras-sv-tests	ieee-1364-2005/test_14_02_03_1.v	stimuli/sv/subs/ispras-sv-tests/ieee-1364-2005/test_14_02_03_1.v
ispras-sv-tests	ieee-1364-2005/test_14_02_03_2.v	stimuli/sv/subs/ispras-sv-tests/ieee-1364-2005/test_14_02_03_2.v
ispras-sv-tests	ieee-1364-2005/test_14_02_03_3.v	stimuli/sv/subs/ispras-sv-tests/ieee-1364-2005/test_14_02_03_3.v
ispras-sv-tests	ieee-1364-2005/test_14_02_04_2_1.v	stimuli/sv/subs/ispras-sv-tests/ieee-1364-2005/test_14_02_04_2_1.v
ispras-sv-tests	ieee-1364-2005/test_14_02_04_2_2.v	stimuli/sv/subs/ispras-sv-tests/ieee-1364-2005/test_14_02_04_2_2.v
ispras-sv-tests	ieee-1364-2005/test_14_02_04_3_1.v	stimuli/sv/subs/ispras-sv-tests/ieee-1364-2005/test_14_02_04_3_1.v
ispras-sv-tests	ieee-1364-2005/test_14_02_04_3_2.v	stimuli/sv/subs/ispras-sv-tests/ieee-1364-2005/test_14_02_04_3_2.v
ispras-sv-tests	ieee-1364-2005/test_14_02_04_3_3.v	stimuli/sv/subs/ispras-sv-tests/ieee-1364-2005/test_14_02_04_3_3.v
ispras-sv-tests	ieee-1364-2005/test_14_02_04_3_4.v	stimuli/sv/subs/ispras-sv-tests/ieee-1364-2005/test_14_02_04_3_4.v
ispras-sv-tests	ieee-1364-2005/test_14_02_04_4_1.v	stimuli/sv/subs/ispras-sv-tests/ieee-1364-2005/test_14_02_04_4_1.v
ispras-sv-tests	ieee-1364-2005/test_14_02_04_4_2.v	stimuli/sv/subs/ispras-sv-tests/ieee-1364-2005/test_14_02_04_4_2.v
ispras-sv-tests	ieee-1364-2005/test_14_02_05_1.v	stimuli/sv/subs/ispras-sv-tests/ieee-1364-2005/test_14_02_05_1.v
ispras-sv-tests	ieee-1364-2005/test_14_02_06_1.v	stimuli/sv/subs/ispras-sv-tests/ieee-1364-2005/test_14_02_06_1.v
ispras-sv-tests	ieee-1364-2005/test_14_02_07_1_1.v	stimuli/sv/subs/ispras-sv-tests/ieee-1364-2005/test_14_02_07_1_1.v
ispras-sv-tests	ieee-1364-2005/test_14_02_07_2_1.v	stimuli/sv/subs/ispras-sv-tests/ieee-1364-2005/test_14_02_07_2_1.v
ispras-sv-tests	ieee-1364-2005/test_14_02_07_3_1.v	stimuli/sv/subs/ispras-sv-tests/ieee-1364-2005/test_14_02_07_3_1.v
ispras-sv-tests	ieee-1364-2005/test_14_03_00_1.v	stimuli/sv/subs/ispras-sv-tests/ieee-1364-2005/test_14_03_00_1.v
ispras-sv-tests	ieee-1364-2005/test_14_03_01_1.v	stimuli/sv/subs/ispras-sv-tests/ieee-1364-2005/test_14_03_01_1.v
ispras-sv-tests	ieee-1364-2005/test_14_03_01_2.v	stimuli/sv/subs/ispras-sv-tests/ieee-1364-2005/test_14_03_01_2.v
ispras-sv-tests	ieee-1364-2005/test_14_03_01_3.v	stimuli/sv/subs/ispras-sv-tests/ieee-1364-2005/test_14_03_01_3.v
ispras-sv-tests	ieee-1364-2005/test_14_03_01_4.v	stimuli/sv/subs/ispras-sv-tests/ieee-1364-2005/test_14_03_01_4.v
ispras-sv-tests	ieee-1364-2005/test_14_03_01_5.v	stimuli/sv/subs/ispras-sv-tests/ieee-1364-2005/test_14_03_01_5.v
ispras-sv-tests	ieee-1364-2005/test_14_03_03_1.v	stimuli/sv/subs/ispras-sv-tests/ieee-1364-2005/test_14_03_03_1.v
ispras-sv-tests	ieee-1364-2005/test_14_03_03_2.v	stimuli/sv/subs/ispras-sv-tests/ieee-1364-2005/test_14_03_03_2.v
ispras-sv-tests	ieee-1364-2005/test_14_06_01_1.v	stimuli/sv/subs/ispras-sv-tests/ieee-1364-2005/test_14_06_01_1.v
ispras-sv-tests	ieee-1364-2005/test_14_06_04_2_1.v	stimuli/sv/subs/ispras-sv-tests/ieee-1364-2005/test_14_06_04_2_1.v
ispras-sv-tests	ieee-1364-2005/test_14_06_04_2_2.v	stimuli/sv/subs/ispras-sv-tests/ieee-1364-2005/test_14_06_04_2_2.v
ispras-sv-tests	ieee-1364-2005/test_14_06_04_2_3.v	stimuli/sv/subs/ispras-sv-tests/ieee-1364-2005/test_14_06_04_2_3.v
ispras-sv-tests	ieee-1364-2005/test_14_06_04_2_4.v	stimuli/sv/subs/ispras-sv-tests/ieee-1364-2005/test_14_06_04_2_4.v
ispras-sv-tests	ieee-1364-2005/test_15_02_03_1.v	stimuli/sv/subs/ispras-sv-tests/ieee-1364-2005/test_15_02_03_1.v
ispras-sv-tests	ieee-1364-2005/test_15_02_06_1.v	stimuli/sv/subs/ispras-sv-tests/ieee-1364-2005/test_15_02_06_1.v
ispras-sv-tests	ieee-1364-2005/test_15_03_02_1.v	stimuli/sv/subs/ispras-sv-tests/ieee-1364-2005/test_15_03_02_1.v
ispras-sv-tests	ieee-1364-2005/test_15_03_03_1.v	stimuli/sv/subs/ispras-sv-tests/ieee-1364-2005/test_15_03_03_1.v
ispras-sv-tests	ieee-1364-2005/test_15_03_04_1.v	stimuli/sv/subs/ispras-sv-tests/ieee-1364-2005/test_15_03_04_1.v
ispras-sv-tests	ieee-1364-2005/test_15_03_04_2.v	stimuli/sv/subs/ispras-sv-tests/ieee-1364-2005/test_15_03_04_2.v
ispras-sv-tests	ieee-1364-2005/test_15_03_06_1.v	stimuli/sv/subs/ispras-sv-tests/ieee-1364-2005/test_15_03_06_1.v
ispras-sv-tests	ieee-1364-2005/test_15_04_00_1.v	stimuli/sv/subs/ispras-sv-tests/ieee-1364-2005/test_15_04_00_1.v
ispras-sv-tests	ieee-1364-2005/test_15_05_00_1.v	stimuli/sv/subs/ispras-sv-tests/ieee-1364-2005/test_15_05_00_1.v
ispras-sv-tests	ieee-1364-2005/test_15_05_00_2.v	stimuli/sv/subs/ispras-sv-tests/ieee-1364-2005/test_15_05_00_2.v
ispras-sv-tests	ieee-1364-2005/test_15_05_01_1.v	stimuli/sv/subs/ispras-sv-tests/ieee-1364-2005/test_15_05_01_1.v
ispras-sv-tests	ieee-1364-2005/test_15_05_01_2.v	stimuli/sv/subs/ispras-sv-tests/ieee-1364-2005/test_15_05_01_2.v
ispras-sv-tests	ieee-1364-2005/test_15_05_01_3.v	stimuli/sv/subs/ispras-sv-tests/ieee-1364-2005/test_15_05_01_3.v
ispras-sv-tests	ieee-1364-2005/test_15_05_01_4.v	stimuli/sv/subs/ispras-sv-tests/ieee-1364-2005/test_15_05_01_4.v
ispras-sv-tests	ieee-1364-2005/test_15_05_02_1.v	stimuli/sv/subs/ispras-sv-tests/ieee-1364-2005/test_15_05_02_1.v
ispras-sv-tests	ieee-1364-2005/test_15_05_02_2.v	stimuli/sv/subs/ispras-sv-tests/ieee-1364-2005/test_15_05_02_2.v
ispras-sv-tests	ieee-1364-2005/test_15_05_02_3.v	stimuli/sv/subs/ispras-sv-tests/ieee-1364-2005/test_15_05_02_3.v
ispras-sv-tests	ieee-1364-2005/test_15_06_00_1.v	stimuli/sv/subs/ispras-sv-tests/ieee-1364-2005/test_15_06_00_1.v
ispras-sv-tests	ieee-1364-2005/test_15_06_00_2.v	stimuli/sv/subs/ispras-sv-tests/ieee-1364-2005/test_15_06_00_2.v
ispras-sv-tests	ieee-1364-2005/test_15_06_00_3.v	stimuli/sv/subs/ispras-sv-tests/ieee-1364-2005/test_15_06_00_3.v
ispras-sv-tests	ieee-1364-2005/test_15_07_00_1.v	stimuli/sv/subs/ispras-sv-tests/ieee-1364-2005/test_15_07_00_1.v
ispras-sv-tests	ieee-1364-2005/test_16_02_01_1.v	stimuli/sv/subs/ispras-sv-tests/ieee-1364-2005/test_16_02_01_1.v
ispras-sv-tests	ieee-1364-2005/test_16_02_01_2.v	stimuli/sv/subs/ispras-sv-tests/ieee-1364-2005/test_16_02_01_2.v
ispras-sv-tests	ieee-1364-2005/test_16_02_01_3.v	stimuli/sv/subs/ispras-sv-tests/ieee-1364-2005/test_16_02_01_3.v
ispras-sv-tests	ieee-1364-2005/test_16_02_02_1.v	stimuli/sv/subs/ispras-sv-tests/ieee-1364-2005/test_16_02_02_1.v
ispras-sv-tests	ieee-1364-2005/test_16_02_02_2.v	stimuli/sv/subs/ispras-sv-tests/ieee-1364-2005/test_16_02_02_2.v
ispras-sv-tests	ieee-1364-2005/test_16_02_02_3.v	stimuli/sv/subs/ispras-sv-tests/ieee-1364-2005/test_16_02_02_3.v
ispras-sv-tests	ieee-1364-2005/test_16_02_03_1.v	stimuli/sv/subs/ispras-sv-tests/ieee-1364-2005/test_16_02_03_1.v
ispras-sv-tests	ieee-1364-2005/test_17_01_01_1_1.v	stimuli/sv/subs/ispras-sv-tests/ieee-1364-2005/test_17_01_01_1_1.v
ispras-sv-tests	ieee-1364-2005/test_17_01_01_2_1.v	stimuli/sv/subs/ispras-sv-tests/ieee-1364-2005/test_17_01_01_2_1.v
ispras-sv-tests	ieee-1364-2005/test_17_01_01_3_1.v	stimuli/sv/subs/ispras-sv-tests/ieee-1364-2005/test_17_01_01_3_1.v
ispras-sv-tests	ieee-1364-2005/test_17_01_01_3_2.v	stimuli/sv/subs/ispras-sv-tests/ieee-1364-2005/test_17_01_01_3_2.v
ispras-sv-tests	ieee-1364-2005/test_17_01_01_4_1.v	stimuli/sv/subs/ispras-sv-tests/ieee-1364-2005/test_17_01_01_4_1.v
ispras-sv-tests	ieee-1364-2005/test_17_01_01_5_1.v	stimuli/sv/subs/ispras-sv-tests/ieee-1364-2005/test_17_01_01_5_1.v
ispras-sv-tests	ieee-1364-2005/test_17_01_02_1.v	stimuli/sv/subs/ispras-sv-tests/ieee-1364-2005/test_17_01_02_1.v
ispras-sv-tests	ieee-1364-2005/test_17_02_02_1.v	stimuli/sv/subs/ispras-sv-tests/ieee-1364-2005/test_17_02_02_1.v
ispras-sv-tests	ieee-1364-2005/test_17_02_04_1_1.v	stimuli/sv/subs/ispras-sv-tests/ieee-1364-2005/test_17_02_04_1_1.v
ispras-sv-tests	ieee-1364-2005/test_17_02_04_1_2.v	stimuli/sv/subs/ispras-sv-tests/ieee-1364-2005/test_17_02_04_1_2.v
ispras-sv-tests	ieee-1364-2005/test_17_02_04_2_1.v	stimuli/sv/subs/ispras-sv-tests/ieee-1364-2005/test_17_02_04_2_1.v
ispras-sv-tests	ieee-1364-2005/test_17_02_04_3_1.v	stimuli/sv/subs/ispras-sv-tests/ieee-1364-2005/test_17_02_04_3_1.v
ispras-sv-tests	ieee-1364-2005/test_17_02_04_4_1.v	stimuli/sv/subs/ispras-sv-tests/ieee-1364-2005/test_17_02_04_4_1.v
ispras-sv-tests	ieee-1364-2005/test_17_02_05_1.v	stimuli/sv/subs/ispras-sv-tests/ieee-1364-2005/test_17_02_05_1.v
ispras-sv-tests	ieee-1364-2005/test_17_02_05_2.v	stimuli/sv/subs/ispras-sv-tests/ieee-1364-2005/test_17_02_05_2.v
ispras-sv-tests	ieee-1364-2005/test_17_02_06_1.v	stimuli/sv/subs/ispras-sv-tests/ieee-1364-2005/test_17_02_06_1.v
ispras-sv-tests	ieee-1364-2005/test_17_02_07_1.v	stimuli/sv/subs/ispras-sv-tests/ieee-1364-2005/test_17_02_07_1.v
ispras-sv-tests	ieee-1364-2005/test_17_02_08_1.v	stimuli/sv/subs/ispras-sv-tests/ieee-1364-2005/test_17_02_08_1.v
ispras-sv-tests	ieee-1364-2005/test_17_02_09_1.v	stimuli/sv/subs/ispras-sv-tests/ieee-1364-2005/test_17_02_09_1.v
ispras-sv-tests	ieee-1364-2005/test_17_03_01_1.v	stimuli/sv/subs/ispras-sv-tests/ieee-1364-2005/test_17_03_01_1.v
ispras-sv-tests	ieee-1364-2005/test_17_03_02_1.v	stimuli/sv/subs/ispras-sv-tests/ieee-1364-2005/test_17_03_02_1.v
ispras-sv-tests	ieee-1364-2005/test_17_05_01_1.v	stimuli/sv/subs/ispras-sv-tests/ieee-1364-2005/test_17_05_01_1.v
ispras-sv-tests	ieee-1364-2005/test_17_05_02_1.v	stimuli/sv/subs/ispras-sv-tests/ieee-1364-2005/test_17_05_02_1.v
ispras-sv-tests	ieee-1364-2005/test_17_05_03_1.v	stimuli/sv/subs/ispras-sv-tests/ieee-1364-2005/test_17_05_03_1.v
ispras-sv-tests	ieee-1364-2005/test_17_05_04_1.v	stimuli/sv/subs/ispras-sv-tests/ieee-1364-2005/test_17_05_04_1.v
ispras-sv-tests	ieee-1364-2005/test_17_05_04_2.v	stimuli/sv/subs/ispras-sv-tests/ieee-1364-2005/test_17_05_04_2.v
ispras-sv-tests	ieee-1364-2005/test_17_05_04_3.v	stimuli/sv/subs/ispras-sv-tests/ieee-1364-2005/test_17_05_04_3.v
ispras-sv-tests	ieee-1364-2005/test_17_07_01_1.v	stimuli/sv/subs/ispras-sv-tests/ieee-1364-2005/test_17_07_01_1.v
ispras-sv-tests	ieee-1364-2005/test_17_07_03_1.v	stimuli/sv/subs/ispras-sv-tests/ieee-1364-2005/test_17_07_03_1.v
ispras-sv-tests	ieee-1364-2005/test_17_08_00_1.v	stimuli/sv/subs/ispras-sv-tests/ieee-1364-2005/test_17_08_00_1.v
ispras-sv-tests	ieee-1364-2005/test_17_09_01_1.v	stimuli/sv/subs/ispras-sv-tests/ieee-1364-2005/test_17_09_01_1.v
ispras-sv-tests	ieee-1364-2005/test_17_09_01_2.v	stimuli/sv/subs/ispras-sv-tests/ieee-1364-2005/test_17_09_01_2.v
ispras-sv-tests	ieee-1364-2005/test_17_10_01_1.v	stimuli/sv/subs/ispras-sv-tests/ieee-1364-2005/test_17_10_01_1.v
ispras-sv-tests	ieee-1364-2005/test_17_10_02_1.v	stimuli/sv/subs/ispras-sv-tests/ieee-1364-2005/test_17_10_02_1.v
ispras-sv-tests	ieee-1364-2005/test_17_11_01_1.v	stimuli/sv/subs/ispras-sv-tests/ieee-1364-2005/test_17_11_01_1.v
ispras-sv-tests	ieee-1364-2005/test_17_11_02_01.v	stimuli/sv/subs/ispras-sv-tests/ieee-1364-2005/test_17_11_02_01.v
ispras-sv-tests	ieee-1364-2005/test_17_11_02_02.v	stimuli/sv/subs/ispras-sv-tests/ieee-1364-2005/test_17_11_02_02.v
ispras-sv-tests	ieee-1364-2005/test_17_11_02_03.v	stimuli/sv/subs/ispras-sv-tests/ieee-1364-2005/test_17_11_02_03.v
ispras-sv-tests	ieee-1364-2005/test_17_11_02_04.v	stimuli/sv/subs/ispras-sv-tests/ieee-1364-2005/test_17_11_02_04.v
ispras-sv-tests	ieee-1364-2005/test_17_11_02_05.v	stimuli/sv/subs/ispras-sv-tests/ieee-1364-2005/test_17_11_02_05.v
ispras-sv-tests	ieee-1364-2005/test_17_11_02_06.v	stimuli/sv/subs/ispras-sv-tests/ieee-1364-2005/test_17_11_02_06.v
ispras-sv-tests	ieee-1364-2005/test_17_11_02_07.v	stimuli/sv/subs/ispras-sv-tests/ieee-1364-2005/test_17_11_02_07.v
ispras-sv-tests	ieee-1364-2005/test_17_11_02_08.v	stimuli/sv/subs/ispras-sv-tests/ieee-1364-2005/test_17_11_02_08.v
ispras-sv-tests	ieee-1364-2005/test_17_11_02_09.v	stimuli/sv/subs/ispras-sv-tests/ieee-1364-2005/test_17_11_02_09.v
ispras-sv-tests	ieee-1364-2005/test_17_11_02_10.v	stimuli/sv/subs/ispras-sv-tests/ieee-1364-2005/test_17_11_02_10.v
ispras-sv-tests	ieee-1364-2005/test_17_11_02_11.v	stimuli/sv/subs/ispras-sv-tests/ieee-1364-2005/test_17_11_02_11.v
ispras-sv-tests	ieee-1364-2005/test_17_11_02_12.v	stimuli/sv/subs/ispras-sv-tests/ieee-1364-2005/test_17_11_02_12.v
ispras-sv-tests	ieee-1364-2005/test_17_11_02_13.v	stimuli/sv/subs/ispras-sv-tests/ieee-1364-2005/test_17_11_02_13.v
ispras-sv-tests	ieee-1364-2005/test_17_11_02_14.v	stimuli/sv/subs/ispras-sv-tests/ieee-1364-2005/test_17_11_02_14.v
ispras-sv-tests	ieee-1364-2005/test_17_11_02_15.v	stimuli/sv/subs/ispras-sv-tests/ieee-1364-2005/test_17_11_02_15.v
ispras-sv-tests	ieee-1364-2005/test_17_11_02_16.v	stimuli/sv/subs/ispras-sv-tests/ieee-1364-2005/test_17_11_02_16.v
ispras-sv-tests	ieee-1364-2005/test_17_11_02_17.v	stimuli/sv/subs/ispras-sv-tests/ieee-1364-2005/test_17_11_02_17.v
ispras-sv-tests	ieee-1364-2005/test_17_11_02_18.v	stimuli/sv/subs/ispras-sv-tests/ieee-1364-2005/test_17_11_02_18.v
ispras-sv-tests	ieee-1364-2005/test_17_11_02_19.v	stimuli/sv/subs/ispras-sv-tests/ieee-1364-2005/test_17_11_02_19.v
ispras-sv-tests	ieee-1364-2005/test_17_11_02_20.v	stimuli/sv/subs/ispras-sv-tests/ieee-1364-2005/test_17_11_02_20.v
ispras-sv-tests	ieee-1364-2005/test_17_11_02_21.v	stimuli/sv/subs/ispras-sv-tests/ieee-1364-2005/test_17_11_02_21.v
ispras-sv-tests	ieee-1364-2005/test_18_01_01_1.v	stimuli/sv/subs/ispras-sv-tests/ieee-1364-2005/test_18_01_01_1.v
ispras-sv-tests	ieee-1364-2005/test_18_01_02_1.v	stimuli/sv/subs/ispras-sv-tests/ieee-1364-2005/test_18_01_02_1.v
ispras-sv-tests	ieee-1364-2005/test_18_01_02_2.v	stimuli/sv/subs/ispras-sv-tests/ieee-1364-2005/test_18_01_02_2.v
ispras-sv-tests	ieee-1364-2005/test_18_01_02_3.v	stimuli/sv/subs/ispras-sv-tests/ieee-1364-2005/test_18_01_02_3.v
ispras-sv-tests	ieee-1364-2005/test_18_01_03_1.v	stimuli/sv/subs/ispras-sv-tests/ieee-1364-2005/test_18_01_03_1.v
ispras-sv-tests	ieee-1364-2005/test_18_01_06_1.v	stimuli/sv/subs/ispras-sv-tests/ieee-1364-2005/test_18_01_06_1.v
ispras-sv-tests	ieee-1364-2005/test_18_01_06_2.v	stimuli/sv/subs/ispras-sv-tests/ieee-1364-2005/test_18_01_06_2.v
ispras-sv-tests	ieee-1364-2005/test_18_04_02_1.v	stimuli/sv/subs/ispras-sv-tests/ieee-1364-2005/test_18_04_02_1.v
ispras-sv-tests	ieee-1364-2005/test_19_03_01_1.v	stimuli/sv/subs/ispras-sv-tests/ieee-1364-2005/test_19_03_01_1.v
ispras-sv-tests	ieee-1364-2005/test_19_03_01_2.v	stimuli/sv/subs/ispras-sv-tests/ieee-1364-2005/test_19_03_01_2.v
ispras-sv-tests	ieee-1364-2005/test_19_04_00_1.v	stimuli/sv/subs/ispras-sv-tests/ieee-1364-2005/test_19_04_00_1.v
ispras-sv-tests	ieee-1364-2005/test_19_04_00_2.v	stimuli/sv/subs/ispras-sv-tests/ieee-1364-2005/test_19_04_00_2.v
ispras-sv-tests	ieee-1364-2005/test_19_04_00_3.v	stimuli/sv/subs/ispras-sv-tests/ieee-1364-2005/test_19_04_00_3.v
ispras-sv-tests	ieee-1364-2005/test_19_05_00_1.v	stimuli/sv/subs/ispras-sv-tests/ieee-1364-2005/test_19_05_00_1.v
ispras-sv-tests	ieee-1364-2005/test_19_07_00_1.v	stimuli/sv/subs/ispras-sv-tests/ieee-1364-2005/test_19_07_00_1.v
ispras-sv-tests	ieee-1364-2005/test_19_08_00_1.v	stimuli/sv/subs/ispras-sv-tests/ieee-1364-2005/test_19_08_00_1.v
ispras-sv-tests	ieee-1364-2005/test_19_08_00_2.v	stimuli/sv/subs/ispras-sv-tests/ieee-1364-2005/test_19_08_00_2.v
ispras-sv-tests	ieee-1364-2005/test_19_08_00_3.v	stimuli/sv/subs/ispras-sv-tests/ieee-1364-2005/test_19_08_00_3.v
ispras-sv-tests	ieee-1364-2005/test_19_11_00_1.v	stimuli/sv/subs/ispras-sv-tests/ieee-1364-2005/test_19_11_00_1.v
ispras-sv-tests	ieee-1364-2005/test_19_11_00_2.v	stimuli/sv/subs/ispras-sv-tests/ieee-1364-2005/test_19_11_00_2.v
iverilog	ivtest/contrib/div16.v	stimuli/sv/subs/iverilog/ivtest/contrib/div16.v
iverilog	ivtest/contrib/fifo.v	stimuli/sv/subs/iverilog/ivtest/contrib/fifo.v
iverilog	ivtest/contrib/gencrc.v	stimuli/sv/subs/iverilog/ivtest/contrib/gencrc.v
iverilog	ivtest/contrib/mult16.v	stimuli/sv/subs/iverilog/ivtest/contrib/mult16.v
iverilog	ivtest/contrib/onehot.v	stimuli/sv/subs/iverilog/ivtest/contrib/onehot.v
iverilog	ivtest/contrib/pic.v	stimuli/sv/subs/iverilog/ivtest/contrib/pic.v
iverilog	ivtest/ivltests/addsr.v	stimuli/sv/subs/iverilog/ivtest/ivltests/addsr.v
iverilog	ivtest/ivltests/addwide.v	stimuli/sv/subs/iverilog/ivtest/ivltests/addwide.v
iverilog	ivtest/ivltests/always3.1.10A.v	stimuli/sv/subs/iverilog/ivtest/ivltests/always3.1.10A.v
iverilog	ivtest/ivltests/always3.1.11A.v	stimuli/sv/subs/iverilog/ivtest/ivltests/always3.1.11A.v
iverilog	ivtest/ivltests/always3.1.11B.v	stimuli/sv/subs/iverilog/ivtest/ivltests/always3.1.11B.v
iverilog	ivtest/ivltests/always3.1.12A.v	stimuli/sv/subs/iverilog/ivtest/ivltests/always3.1.12A.v
iverilog	ivtest/ivltests/always3.1.12B.v	stimuli/sv/subs/iverilog/ivtest/ivltests/always3.1.12B.v
iverilog	ivtest/ivltests/always3.1.12C.v	stimuli/sv/subs/iverilog/ivtest/ivltests/always3.1.12C.v
iverilog	ivtest/ivltests/always3.1.1A.v	stimuli/sv/subs/iverilog/ivtest/ivltests/always3.1.1A.v
iverilog	ivtest/ivltests/always3.1.1B.v	stimuli/sv/subs/iverilog/ivtest/ivltests/always3.1.1B.v
iverilog	ivtest/ivltests/always3.1.1C.v	stimuli/sv/subs/iverilog/ivtest/ivltests/always3.1.1C.v
iverilog	ivtest/ivltests/always3.1.1D.v	stimuli/sv/subs/iverilog/ivtest/ivltests/always3.1.1D.v
iverilog	ivtest/ivltests/always3.1.1E.v	stimuli/sv/subs/iverilog/ivtest/ivltests/always3.1.1E.v
iverilog	ivtest/ivltests/always3.1.1F.v	stimuli/sv/subs/iverilog/ivtest/ivltests/always3.1.1F.v
iverilog	ivtest/ivltests/always3.1.1G.v	stimuli/sv/subs/iverilog/ivtest/ivltests/always3.1.1G.v
iverilog	ivtest/ivltests/always3.1.1H.v	stimuli/sv/subs/iverilog/ivtest/ivltests/always3.1.1H.v
iverilog	ivtest/ivltests/always3.1.1I.v	stimuli/sv/subs/iverilog/ivtest/ivltests/always3.1.1I.v
iverilog	ivtest/ivltests/always3.1.1J.v	stimuli/sv/subs/iverilog/ivtest/ivltests/always3.1.1J.v
iverilog	ivtest/ivltests/always3.1.1K.v	stimuli/sv/subs/iverilog/ivtest/ivltests/always3.1.1K.v
iverilog	ivtest/ivltests/always3.1.2A.v	stimuli/sv/subs/iverilog/ivtest/ivltests/always3.1.2A.v
iverilog	ivtest/ivltests/always3.1.2B.v	stimuli/sv/subs/iverilog/ivtest/ivltests/always3.1.2B.v
iverilog	ivtest/ivltests/always3.1.2C.v	stimuli/sv/subs/iverilog/ivtest/ivltests/always3.1.2C.v
iverilog	ivtest/ivltests/always3.1.2D.v	stimuli/sv/subs/iverilog/ivtest/ivltests/always3.1.2D.v
iverilog	ivtest/ivltests/always3.1.2E.v	stimuli/sv/subs/iverilog/ivtest/ivltests/always3.1.2E.v
iverilog	ivtest/ivltests/always3.1.2F.v	stimuli/sv/subs/iverilog/ivtest/ivltests/always3.1.2F.v
iverilog	ivtest/ivltests/always3.1.2G.v	stimuli/sv/subs/iverilog/ivtest/ivltests/always3.1.2G.v
iverilog	ivtest/ivltests/always3.1.2H.v	stimuli/sv/subs/iverilog/ivtest/ivltests/always3.1.2H.v
iverilog	ivtest/ivltests/always3.1.2I.v	stimuli/sv/subs/iverilog/ivtest/ivltests/always3.1.2I.v
iverilog	ivtest/ivltests/always3.1.3A.v	stimuli/sv/subs/iverilog/ivtest/ivltests/always3.1.3A.v
iverilog	ivtest/ivltests/always3.1.3B.v	stimuli/sv/subs/iverilog/ivtest/ivltests/always3.1.3B.v
iverilog	ivtest/ivltests/always3.1.3B2.v	stimuli/sv/subs/iverilog/ivtest/ivltests/always3.1.3B2.v
iverilog	ivtest/ivltests/always3.1.3C.v	stimuli/sv/subs/iverilog/ivtest/ivltests/always3.1.3C.v
iverilog	ivtest/ivltests/always3.1.3D.v	stimuli/sv/subs/iverilog/ivtest/ivltests/always3.1.3D.v
iverilog	ivtest/ivltests/always3.1.3D2.v	stimuli/sv/subs/iverilog/ivtest/ivltests/always3.1.3D2.v
iverilog	ivtest/ivltests/always3.1.3E.v	stimuli/sv/subs/iverilog/ivtest/ivltests/always3.1.3E.v
iverilog	ivtest/ivltests/always3.1.3E2.v	stimuli/sv/subs/iverilog/ivtest/ivltests/always3.1.3E2.v
iverilog	ivtest/ivltests/always3.1.3F.v	stimuli/sv/subs/iverilog/ivtest/ivltests/always3.1.3F.v
iverilog	ivtest/ivltests/always3.1.3F2.v	stimuli/sv/subs/iverilog/ivtest/ivltests/always3.1.3F2.v
iverilog	ivtest/ivltests/always3.1.3G.v	stimuli/sv/subs/iverilog/ivtest/ivltests/always3.1.3G.v
iverilog	ivtest/ivltests/always3.1.3H.v	stimuli/sv/subs/iverilog/ivtest/ivltests/always3.1.3H.v
iverilog	ivtest/ivltests/always3.1.3J.v	stimuli/sv/subs/iverilog/ivtest/ivltests/always3.1.3J.v
iverilog	ivtest/ivltests/always3.1.4A.v	stimuli/sv/subs/iverilog/ivtest/ivltests/always3.1.4A.v
iverilog	ivtest/ivltests/always3.1.4B.v	stimuli/sv/subs/iverilog/ivtest/ivltests/always3.1.4B.v
iverilog	ivtest/ivltests/always3.1.4C.v	stimuli/sv/subs/iverilog/ivtest/ivltests/always3.1.4C.v
iverilog	ivtest/ivltests/always3.1.4D.v	stimuli/sv/subs/iverilog/ivtest/ivltests/always3.1.4D.v
iverilog	ivtest/ivltests/always3.1.4E.v	stimuli/sv/subs/iverilog/ivtest/ivltests/always3.1.4E.v
iverilog	ivtest/ivltests/always3.1.4F.v	stimuli/sv/subs/iverilog/ivtest/ivltests/always3.1.4F.v
iverilog	ivtest/ivltests/always3.1.4G.v	stimuli/sv/subs/iverilog/ivtest/ivltests/always3.1.4G.v
iverilog	ivtest/ivltests/always3.1.4H.v	stimuli/sv/subs/iverilog/ivtest/ivltests/always3.1.4H.v
iverilog	ivtest/ivltests/always3.1.4I.v	stimuli/sv/subs/iverilog/ivtest/ivltests/always3.1.4I.v
iverilog	ivtest/ivltests/always3.1.5A.v	stimuli/sv/subs/iverilog/ivtest/ivltests/always3.1.5A.v
iverilog	ivtest/ivltests/always3.1.5B.v	stimuli/sv/subs/iverilog/ivtest/ivltests/always3.1.5B.v
iverilog	ivtest/ivltests/always3.1.5C.v	stimuli/sv/subs/iverilog/ivtest/ivltests/always3.1.5C.v
iverilog	ivtest/ivltests/always3.1.5D.v	stimuli/sv/subs/iverilog/ivtest/ivltests/always3.1.5D.v
iverilog	ivtest/ivltests/always3.1.5E.v	stimuli/sv/subs/iverilog/ivtest/ivltests/always3.1.5E.v
iverilog	ivtest/ivltests/always3.1.5F.v	stimuli/sv/subs/iverilog/ivtest/ivltests/always3.1.5F.v
iverilog	ivtest/ivltests/always3.1.6A.v	stimuli/sv/subs/iverilog/ivtest/ivltests/always3.1.6A.v
iverilog	ivtest/ivltests/always3.1.6B.v	stimuli/sv/subs/iverilog/ivtest/ivltests/always3.1.6B.v
iverilog	ivtest/ivltests/always3.1.6C.v	stimuli/sv/subs/iverilog/ivtest/ivltests/always3.1.6C.v
iverilog	ivtest/ivltests/always3.1.6D.v	stimuli/sv/subs/iverilog/ivtest/ivltests/always3.1.6D.v
iverilog	ivtest/ivltests/always3.1.7A.v	stimuli/sv/subs/iverilog/ivtest/ivltests/always3.1.7A.v
iverilog	ivtest/ivltests/always3.1.7B.v	stimuli/sv/subs/iverilog/ivtest/ivltests/always3.1.7B.v
iverilog	ivtest/ivltests/always3.1.7C.v	stimuli/sv/subs/iverilog/ivtest/ivltests/always3.1.7C.v
iverilog	ivtest/ivltests/always3.1.7D.v	stimuli/sv/subs/iverilog/ivtest/ivltests/always3.1.7D.v
iverilog	ivtest/ivltests/always3.1.8A.v	stimuli/sv/subs/iverilog/ivtest/ivltests/always3.1.8A.v
iverilog	ivtest/ivltests/always3.1.9A.v	stimuli/sv/subs/iverilog/ivtest/ivltests/always3.1.9A.v
iverilog	ivtest/ivltests/always3.1.9B.v	stimuli/sv/subs/iverilog/ivtest/ivltests/always3.1.9B.v
iverilog	ivtest/ivltests/always3.1.9C.v	stimuli/sv/subs/iverilog/ivtest/ivltests/always3.1.9C.v
iverilog	ivtest/ivltests/always3.1.9D.v	stimuli/sv/subs/iverilog/ivtest/ivltests/always3.1.9D.v
iverilog	ivtest/ivltests/always_star_array_lval.v	stimuli/sv/subs/iverilog/ivtest/ivltests/always_star_array_lval.v
iverilog	ivtest/ivltests/andnot1.v	stimuli/sv/subs/iverilog/ivtest/ivltests/andnot1.v
iverilog	ivtest/ivltests/arith-unknown.v	stimuli/sv/subs/iverilog/ivtest/ivltests/arith-unknown.v
iverilog	ivtest/ivltests/array4.v	stimuli/sv/subs/iverilog/ivtest/ivltests/array4.v
iverilog	ivtest/ivltests/array5.v	stimuli/sv/subs/iverilog/ivtest/ivltests/array5.v
iverilog	ivtest/ivltests/array6.v	stimuli/sv/subs/iverilog/ivtest/ivltests/array6.v
iverilog	ivtest/ivltests/array7.v	stimuli/sv/subs/iverilog/ivtest/ivltests/array7.v
iverilog	ivtest/ivltests/array_index_real_fail.v	stimuli/sv/subs/iverilog/ivtest/ivltests/array_index_real_fail.v
iverilog	ivtest/ivltests/array_lval_select1.v	stimuli/sv/subs/iverilog/ivtest/ivltests/array_lval_select1.v
iverilog	ivtest/ivltests/array_lval_select2.v	stimuli/sv/subs/iverilog/ivtest/ivltests/array_lval_select2.v
iverilog	ivtest/ivltests/array_lval_select3b.v	stimuli/sv/subs/iverilog/ivtest/ivltests/array_lval_select3b.v
iverilog	ivtest/ivltests/array_lval_select3c.v	stimuli/sv/subs/iverilog/ivtest/ivltests/array_lval_select3c.v
iverilog	ivtest/ivltests/array_lval_select4a.v	stimuli/sv/subs/iverilog/ivtest/ivltests/array_lval_select4a.v
iverilog	ivtest/ivltests/array_lval_select4b.v	stimuli/sv/subs/iverilog/ivtest/ivltests/array_lval_select4b.v
iverilog	ivtest/ivltests/array_lval_select5.v	stimuli/sv/subs/iverilog/ivtest/ivltests/array_lval_select5.v
iverilog	ivtest/ivltests/array_lval_select6.v	stimuli/sv/subs/iverilog/ivtest/ivltests/array_lval_select6.v
iverilog	ivtest/ivltests/array_packed_2d.v	stimuli/sv/subs/iverilog/ivtest/ivltests/array_packed_2d.v
iverilog	ivtest/ivltests/array_select.v	stimuli/sv/subs/iverilog/ivtest/ivltests/array_select.v
iverilog	ivtest/ivltests/array_select_a.v	stimuli/sv/subs/iverilog/ivtest/ivltests/array_select_a.v
iverilog	ivtest/ivltests/array_slice_concat.v	stimuli/sv/subs/iverilog/ivtest/ivltests/array_slice_concat.v
iverilog	ivtest/ivltests/array_word_check.v	stimuli/sv/subs/iverilog/ivtest/ivltests/array_word_check.v
iverilog	ivtest/ivltests/array_word_width.v	stimuli/sv/subs/iverilog/ivtest/ivltests/array_word_width.v
iverilog	ivtest/ivltests/array_word_width2.v	stimuli/sv/subs/iverilog/ivtest/ivltests/array_word_width2.v
iverilog	ivtest/ivltests/assign3.2A.v	stimuli/sv/subs/iverilog/ivtest/ivltests/assign3.2A.v
iverilog	ivtest/ivltests/assign3.2B.v	stimuli/sv/subs/iverilog/ivtest/ivltests/assign3.2B.v
iverilog	ivtest/ivltests/assign3.2C.v	stimuli/sv/subs/iverilog/ivtest/ivltests/assign3.2C.v
iverilog	ivtest/ivltests/assign3.2D.v	stimuli/sv/subs/iverilog/ivtest/ivltests/assign3.2D.v
iverilog	ivtest/ivltests/assign3.2E.v	stimuli/sv/subs/iverilog/ivtest/ivltests/assign3.2E.v
iverilog	ivtest/ivltests/assign_add.v	stimuli/sv/subs/iverilog/ivtest/ivltests/assign_add.v
iverilog	ivtest/ivltests/assign_deassign_pv.v	stimuli/sv/subs/iverilog/ivtest/ivltests/assign_deassign_pv.v
iverilog	ivtest/ivltests/assign_delay.v	stimuli/sv/subs/iverilog/ivtest/ivltests/assign_delay.v
iverilog	ivtest/ivltests/assign_deq.v	stimuli/sv/subs/iverilog/ivtest/ivltests/assign_deq.v
iverilog	ivtest/ivltests/assign_ge.v	stimuli/sv/subs/iverilog/ivtest/ivltests/assign_ge.v
iverilog	ivtest/ivltests/assign_le.v	stimuli/sv/subs/iverilog/ivtest/ivltests/assign_le.v
iverilog	ivtest/ivltests/assign_mem1.v	stimuli/sv/subs/iverilog/ivtest/ivltests/assign_mem1.v
iverilog	ivtest/ivltests/assign_mem2.v	stimuli/sv/subs/iverilog/ivtest/ivltests/assign_mem2.v
iverilog	ivtest/ivltests/assign_nb1.v	stimuli/sv/subs/iverilog/ivtest/ivltests/assign_nb1.v
iverilog	ivtest/ivltests/assign_nb2.v	stimuli/sv/subs/iverilog/ivtest/ivltests/assign_nb2.v
iverilog	ivtest/ivltests/assign_neq.v	stimuli/sv/subs/iverilog/ivtest/ivltests/assign_neq.v
iverilog	ivtest/ivltests/attrib.v	stimuli/sv/subs/iverilog/ivtest/ivltests/attrib.v
iverilog	ivtest/ivltests/attrib01_module.v	stimuli/sv/subs/iverilog/ivtest/ivltests/attrib01_module.v
iverilog	ivtest/ivltests/attrib02_port_decl.v	stimuli/sv/subs/iverilog/ivtest/ivltests/attrib02_port_decl.v
iverilog	ivtest/ivltests/attrib03_parameter.v	stimuli/sv/subs/iverilog/ivtest/ivltests/attrib03_parameter.v
iverilog	ivtest/ivltests/attrib04_net_var.v	stimuli/sv/subs/iverilog/ivtest/ivltests/attrib04_net_var.v
iverilog	ivtest/ivltests/attrib05_port_conn.v	stimuli/sv/subs/iverilog/ivtest/ivltests/attrib05_port_conn.v
iverilog	ivtest/ivltests/attrib06_operator_suffix.v	stimuli/sv/subs/iverilog/ivtest/ivltests/attrib06_operator_suffix.v
iverilog	ivtest/ivltests/attrib07_func_call.v	stimuli/sv/subs/iverilog/ivtest/ivltests/attrib07_func_call.v
iverilog	ivtest/ivltests/attrib08_mod_inst.v	stimuli/sv/subs/iverilog/ivtest/ivltests/attrib08_mod_inst.v
iverilog	ivtest/ivltests/attrib09_case.v	stimuli/sv/subs/iverilog/ivtest/ivltests/attrib09_case.v
iverilog	ivtest/ivltests/attrib_expr.v	stimuli/sv/subs/iverilog/ivtest/ivltests/attrib_expr.v
iverilog	ivtest/ivltests/automatic_error1.v	stimuli/sv/subs/iverilog/ivtest/ivltests/automatic_error1.v
iverilog	ivtest/ivltests/automatic_error10.v	stimuli/sv/subs/iverilog/ivtest/ivltests/automatic_error10.v
iverilog	ivtest/ivltests/automatic_error11.v	stimuli/sv/subs/iverilog/ivtest/ivltests/automatic_error11.v
iverilog	ivtest/ivltests/automatic_error12.v	stimuli/sv/subs/iverilog/ivtest/ivltests/automatic_error12.v
iverilog	ivtest/ivltests/automatic_error13.v	stimuli/sv/subs/iverilog/ivtest/ivltests/automatic_error13.v
iverilog	ivtest/ivltests/automatic_error2.v	stimuli/sv/subs/iverilog/ivtest/ivltests/automatic_error2.v
iverilog	ivtest/ivltests/automatic_error3.v	stimuli/sv/subs/iverilog/ivtest/ivltests/automatic_error3.v
iverilog	ivtest/ivltests/automatic_error5.v	stimuli/sv/subs/iverilog/ivtest/ivltests/automatic_error5.v
iverilog	ivtest/ivltests/automatic_error6.v	stimuli/sv/subs/iverilog/ivtest/ivltests/automatic_error6.v
iverilog	ivtest/ivltests/automatic_error7.v	stimuli/sv/subs/iverilog/ivtest/ivltests/automatic_error7.v
iverilog	ivtest/ivltests/automatic_error8.v	stimuli/sv/subs/iverilog/ivtest/ivltests/automatic_error8.v
iverilog	ivtest/ivltests/automatic_error9.v	stimuli/sv/subs/iverilog/ivtest/ivltests/automatic_error9.v
iverilog	ivtest/ivltests/automatic_events.v	stimuli/sv/subs/iverilog/ivtest/ivltests/automatic_events.v
iverilog	ivtest/ivltests/automatic_events2.v	stimuli/sv/subs/iverilog/ivtest/ivltests/automatic_events2.v
iverilog	ivtest/ivltests/automatic_events3.v	stimuli/sv/subs/iverilog/ivtest/ivltests/automatic_events3.v
iverilog	ivtest/ivltests/automatic_task.v	stimuli/sv/subs/iverilog/ivtest/ivltests/automatic_task.v
iverilog	ivtest/ivltests/automatic_task2.v	stimuli/sv/subs/iverilog/ivtest/ivltests/automatic_task2.v
iverilog	ivtest/ivltests/automatic_task3.v	stimuli/sv/subs/iverilog/ivtest/ivltests/automatic_task3.v
iverilog	ivtest/ivltests/bitwidth.v	stimuli/sv/subs/iverilog/ivtest/ivltests/bitwidth.v
iverilog	ivtest/ivltests/bitwidth2.v	stimuli/sv/subs/iverilog/ivtest/ivltests/bitwidth2.v
iverilog	ivtest/ivltests/blankport.v	stimuli/sv/subs/iverilog/ivtest/ivltests/blankport.v
iverilog	ivtest/ivltests/block_only_with_var_def.v	stimuli/sv/subs/iverilog/ivtest/ivltests/block_only_with_var_def.v
iverilog	ivtest/ivltests/bnot.v	stimuli/sv/subs/iverilog/ivtest/ivltests/bnot.v
iverilog	ivtest/ivltests/br1000.v	stimuli/sv/subs/iverilog/ivtest/ivltests/br1000.v
iverilog	ivtest/ivltests/br1001.v	stimuli/sv/subs/iverilog/ivtest/ivltests/br1001.v
iverilog	ivtest/ivltests/br1006.v	stimuli/sv/subs/iverilog/ivtest/ivltests/br1006.v
iverilog	ivtest/ivltests/br1007.v	stimuli/sv/subs/iverilog/ivtest/ivltests/br1007.v
iverilog	ivtest/ivltests/br1008.v	stimuli/sv/subs/iverilog/ivtest/ivltests/br1008.v
iverilog	ivtest/ivltests/br1015a.v	stimuli/sv/subs/iverilog/ivtest/ivltests/br1015a.v
iverilog	ivtest/ivltests/br1019.v	stimuli/sv/subs/iverilog/ivtest/ivltests/br1019.v
iverilog	ivtest/ivltests/br1027.v	stimuli/sv/subs/iverilog/ivtest/ivltests/br1027.v
iverilog	ivtest/ivltests/br1027a.v	stimuli/sv/subs/iverilog/ivtest/ivltests/br1027a.v
iverilog	ivtest/ivltests/br1027c.v	stimuli/sv/subs/iverilog/ivtest/ivltests/br1027c.v
iverilog	ivtest/ivltests/br1027e.v	stimuli/sv/subs/iverilog/ivtest/ivltests/br1027e.v
iverilog	ivtest/ivltests/br1029a.v	stimuli/sv/subs/iverilog/ivtest/ivltests/br1029a.v
iverilog	ivtest/ivltests/br1029b.v	stimuli/sv/subs/iverilog/ivtest/ivltests/br1029b.v
iverilog	ivtest/ivltests/br1029c.v	stimuli/sv/subs/iverilog/ivtest/ivltests/br1029c.v
iverilog	ivtest/ivltests/br605a.v	stimuli/sv/subs/iverilog/ivtest/ivltests/br605a.v
iverilog	ivtest/ivltests/br605b.v	stimuli/sv/subs/iverilog/ivtest/ivltests/br605b.v
iverilog	ivtest/ivltests/br916a.v	stimuli/sv/subs/iverilog/ivtest/ivltests/br916a.v
iverilog	ivtest/ivltests/br916b.v	stimuli/sv/subs/iverilog/ivtest/ivltests/br916b.v
iverilog	ivtest/ivltests/br918a.v	stimuli/sv/subs/iverilog/ivtest/ivltests/br918a.v
iverilog	ivtest/ivltests/br918b.v	stimuli/sv/subs/iverilog/ivtest/ivltests/br918b.v
iverilog	ivtest/ivltests/br918c.v	stimuli/sv/subs/iverilog/ivtest/ivltests/br918c.v
iverilog	ivtest/ivltests/br918d.v	stimuli/sv/subs/iverilog/ivtest/ivltests/br918d.v
iverilog	ivtest/ivltests/br919.v	stimuli/sv/subs/iverilog/ivtest/ivltests/br919.v
iverilog	ivtest/ivltests/br924.v	stimuli/sv/subs/iverilog/ivtest/ivltests/br924.v
iverilog	ivtest/ivltests/br930.v	stimuli/sv/subs/iverilog/ivtest/ivltests/br930.v
iverilog	ivtest/ivltests/br931.v	stimuli/sv/subs/iverilog/ivtest/ivltests/br931.v
iverilog	ivtest/ivltests/br935.v	stimuli/sv/subs/iverilog/ivtest/ivltests/br935.v
iverilog	ivtest/ivltests/br937.v	stimuli/sv/subs/iverilog/ivtest/ivltests/br937.v
iverilog	ivtest/ivltests/br946.v	stimuli/sv/subs/iverilog/ivtest/ivltests/br946.v
iverilog	ivtest/ivltests/br947.v	stimuli/sv/subs/iverilog/ivtest/ivltests/br947.v
iverilog	ivtest/ivltests/br948.v	stimuli/sv/subs/iverilog/ivtest/ivltests/br948.v
iverilog	ivtest/ivltests/br955.v	stimuli/sv/subs/iverilog/ivtest/ivltests/br955.v
iverilog	ivtest/ivltests/br960a.v	stimuli/sv/subs/iverilog/ivtest/ivltests/br960a.v
iverilog	ivtest/ivltests/br960b.v	stimuli/sv/subs/iverilog/ivtest/ivltests/br960b.v
iverilog	ivtest/ivltests/br960c.v	stimuli/sv/subs/iverilog/ivtest/ivltests/br960c.v
iverilog	ivtest/ivltests/br960d.v	stimuli/sv/subs/iverilog/ivtest/ivltests/br960d.v
iverilog	ivtest/ivltests/br961.v	stimuli/sv/subs/iverilog/ivtest/ivltests/br961.v
iverilog	ivtest/ivltests/br961a.v	stimuli/sv/subs/iverilog/ivtest/ivltests/br961a.v
iverilog	ivtest/ivltests/br965.v	stimuli/sv/subs/iverilog/ivtest/ivltests/br965.v
iverilog	ivtest/ivltests/br967.v	stimuli/sv/subs/iverilog/ivtest/ivltests/br967.v
iverilog	ivtest/ivltests/br968.v	stimuli/sv/subs/iverilog/ivtest/ivltests/br968.v
iverilog	ivtest/ivltests/br971.v	stimuli/sv/subs/iverilog/ivtest/ivltests/br971.v
iverilog	ivtest/ivltests/br972.v	stimuli/sv/subs/iverilog/ivtest/ivltests/br972.v
iverilog	ivtest/ivltests/br977.v	stimuli/sv/subs/iverilog/ivtest/ivltests/br977.v
iverilog	ivtest/ivltests/br982.v	stimuli/sv/subs/iverilog/ivtest/ivltests/br982.v
iverilog	ivtest/ivltests/br982a.v	stimuli/sv/subs/iverilog/ivtest/ivltests/br982a.v
iverilog	ivtest/ivltests/br982b.v	stimuli/sv/subs/iverilog/ivtest/ivltests/br982b.v
iverilog	ivtest/ivltests/br988.v	stimuli/sv/subs/iverilog/ivtest/ivltests/br988.v
iverilog	ivtest/ivltests/br990.v	stimuli/sv/subs/iverilog/ivtest/ivltests/br990.v
iverilog	ivtest/ivltests/br991a.v	stimuli/sv/subs/iverilog/ivtest/ivltests/br991a.v
iverilog	ivtest/ivltests/br999.v	stimuli/sv/subs/iverilog/ivtest/ivltests/br999.v
iverilog	ivtest/ivltests/br_gh103.v	stimuli/sv/subs/iverilog/ivtest/ivltests/br_gh103.v
iverilog	ivtest/ivltests/br_gh1087b.v	stimuli/sv/subs/iverilog/ivtest/ivltests/br_gh1087b.v
iverilog	ivtest/ivltests/br_gh1099a.v	stimuli/sv/subs/iverilog/ivtest/ivltests/br_gh1099a.v
iverilog	ivtest/ivltests/br_gh1099b.v	stimuli/sv/subs/iverilog/ivtest/ivltests/br_gh1099b.v
iverilog	ivtest/ivltests/br_gh1099c.v	stimuli/sv/subs/iverilog/ivtest/ivltests/br_gh1099c.v
iverilog	ivtest/ivltests/br_gh11.v	stimuli/sv/subs/iverilog/ivtest/ivltests/br_gh11.v
iverilog	ivtest/ivltests/br_gh1104_src2.v	stimuli/sv/subs/iverilog/ivtest/ivltests/br_gh1104_src2.v
iverilog	ivtest/ivltests/br_gh1117.v	stimuli/sv/subs/iverilog/ivtest/ivltests/br_gh1117.v
iverilog	ivtest/ivltests/br_gh1122.v	stimuli/sv/subs/iverilog/ivtest/ivltests/br_gh1122.v
iverilog	ivtest/ivltests/br_gh1155.v	stimuli/sv/subs/iverilog/ivtest/ivltests/br_gh1155.v
iverilog	ivtest/ivltests/br_gh1163.v	stimuli/sv/subs/iverilog/ivtest/ivltests/br_gh1163.v
iverilog	ivtest/ivltests/br_gh1173.v	stimuli/sv/subs/iverilog/ivtest/ivltests/br_gh1173.v
iverilog	ivtest/ivltests/br_gh1174a.v	stimuli/sv/subs/iverilog/ivtest/ivltests/br_gh1174a.v
iverilog	ivtest/ivltests/br_gh1174b.v	stimuli/sv/subs/iverilog/ivtest/ivltests/br_gh1174b.v
iverilog	ivtest/ivltests/br_gh1175a.v	stimuli/sv/subs/iverilog/ivtest/ivltests/br_gh1175a.v
iverilog	ivtest/ivltests/br_gh1175b.v	stimuli/sv/subs/iverilog/ivtest/ivltests/br_gh1175b.v
iverilog	ivtest/ivltests/br_gh1175c.v	stimuli/sv/subs/iverilog/ivtest/ivltests/br_gh1175c.v
iverilog	ivtest/ivltests/br_gh1175d.v	stimuli/sv/subs/iverilog/ivtest/ivltests/br_gh1175d.v
iverilog	ivtest/ivltests/br_gh1175e.v	stimuli/sv/subs/iverilog/ivtest/ivltests/br_gh1175e.v
iverilog	ivtest/ivltests/br_gh1175f.v	stimuli/sv/subs/iverilog/ivtest/ivltests/br_gh1175f.v
iverilog	ivtest/ivltests/br_gh1178a.v	stimuli/sv/subs/iverilog/ivtest/ivltests/br_gh1178a.v
iverilog	ivtest/ivltests/br_gh1178b.v	stimuli/sv/subs/iverilog/ivtest/ivltests/br_gh1178b.v
iverilog	ivtest/ivltests/br_gh1178c.v	stimuli/sv/subs/iverilog/ivtest/ivltests/br_gh1178c.v
iverilog	ivtest/ivltests/br_gh1181.v	stimuli/sv/subs/iverilog/ivtest/ivltests/br_gh1181.v
iverilog	ivtest/ivltests/br_gh1182.v	stimuli/sv/subs/iverilog/ivtest/ivltests/br_gh1182.v
iverilog	ivtest/ivltests/br_gh1184.v	stimuli/sv/subs/iverilog/ivtest/ivltests/br_gh1184.v
iverilog	ivtest/ivltests/br_gh12.v	stimuli/sv/subs/iverilog/ivtest/ivltests/br_gh12.v
iverilog	ivtest/ivltests/br_gh1225a.v	stimuli/sv/subs/iverilog/ivtest/ivltests/br_gh1225a.v
iverilog	ivtest/ivltests/br_gh1225b.v	stimuli/sv/subs/iverilog/ivtest/ivltests/br_gh1225b.v
iverilog	ivtest/ivltests/br_gh1225c.v	stimuli/sv/subs/iverilog/ivtest/ivltests/br_gh1225c.v
iverilog	ivtest/ivltests/br_gh1237.v	stimuli/sv/subs/iverilog/ivtest/ivltests/br_gh1237.v
iverilog	ivtest/ivltests/br_gh1242.v	stimuli/sv/subs/iverilog/ivtest/ivltests/br_gh1242.v
iverilog	ivtest/ivltests/br_gh1248.v	stimuli/sv/subs/iverilog/ivtest/ivltests/br_gh1248.v
iverilog	ivtest/ivltests/br_gh1258.v	stimuli/sv/subs/iverilog/ivtest/ivltests/br_gh1258.v
iverilog	ivtest/ivltests/br_gh127a.v	stimuli/sv/subs/iverilog/ivtest/ivltests/br_gh127a.v
iverilog	ivtest/ivltests/br_gh127b.v	stimuli/sv/subs/iverilog/ivtest/ivltests/br_gh127b.v
iverilog	ivtest/ivltests/br_gh127c.v	stimuli/sv/subs/iverilog/ivtest/ivltests/br_gh127c.v
iverilog	ivtest/ivltests/br_gh127d.v	stimuli/sv/subs/iverilog/ivtest/ivltests/br_gh127d.v
iverilog	ivtest/ivltests/br_gh127e.v	stimuli/sv/subs/iverilog/ivtest/ivltests/br_gh127e.v
iverilog	ivtest/ivltests/br_gh127f.v	stimuli/sv/subs/iverilog/ivtest/ivltests/br_gh127f.v
iverilog	ivtest/ivltests/br_gh13.v	stimuli/sv/subs/iverilog/ivtest/ivltests/br_gh13.v
iverilog	ivtest/ivltests/br_gh1323_top.v	stimuli/sv/subs/iverilog/ivtest/ivltests/br_gh1323_top.v
iverilog	ivtest/ivltests/br_gh13a.v	stimuli/sv/subs/iverilog/ivtest/ivltests/br_gh13a.v
iverilog	ivtest/ivltests/br_gh14.v	stimuli/sv/subs/iverilog/ivtest/ivltests/br_gh14.v
iverilog	ivtest/ivltests/br_gh142.v	stimuli/sv/subs/iverilog/ivtest/ivltests/br_gh142.v
iverilog	ivtest/ivltests/br_gh15.v	stimuli/sv/subs/iverilog/ivtest/ivltests/br_gh15.v
iverilog	ivtest/ivltests/br_gh152.v	stimuli/sv/subs/iverilog/ivtest/ivltests/br_gh152.v
iverilog	ivtest/ivltests/br_gh156.v	stimuli/sv/subs/iverilog/ivtest/ivltests/br_gh156.v
iverilog	ivtest/ivltests/br_gh157.v	stimuli/sv/subs/iverilog/ivtest/ivltests/br_gh157.v
iverilog	ivtest/ivltests/br_gh162.v	stimuli/sv/subs/iverilog/ivtest/ivltests/br_gh162.v
iverilog	ivtest/ivltests/br_gh163.v	stimuli/sv/subs/iverilog/ivtest/ivltests/br_gh163.v
iverilog	ivtest/ivltests/br_gh18.v	stimuli/sv/subs/iverilog/ivtest/ivltests/br_gh18.v
iverilog	ivtest/ivltests/br_gh19.v	stimuli/sv/subs/iverilog/ivtest/ivltests/br_gh19.v
iverilog	ivtest/ivltests/br_gh198.v	stimuli/sv/subs/iverilog/ivtest/ivltests/br_gh198.v
iverilog	ivtest/ivltests/br_gh199a.v	stimuli/sv/subs/iverilog/ivtest/ivltests/br_gh199a.v
iverilog	ivtest/ivltests/br_gh199b.v	stimuli/sv/subs/iverilog/ivtest/ivltests/br_gh199b.v
iverilog	ivtest/ivltests/br_gh19a.v	stimuli/sv/subs/iverilog/ivtest/ivltests/br_gh19a.v
iverilog	ivtest/ivltests/br_gh19b.v	stimuli/sv/subs/iverilog/ivtest/ivltests/br_gh19b.v
iverilog	ivtest/ivltests/br_gh209.v	stimuli/sv/subs/iverilog/ivtest/ivltests/br_gh209.v
iverilog	ivtest/ivltests/br_gh22.v	stimuli/sv/subs/iverilog/ivtest/ivltests/br_gh22.v
iverilog	ivtest/ivltests/br_gh230.v	stimuli/sv/subs/iverilog/ivtest/ivltests/br_gh230.v
iverilog	ivtest/ivltests/br_gh244a.v	stimuli/sv/subs/iverilog/ivtest/ivltests/br_gh244a.v
iverilog	ivtest/ivltests/br_gh244b.v	stimuli/sv/subs/iverilog/ivtest/ivltests/br_gh244b.v
iverilog	ivtest/ivltests/br_gh25a.v	stimuli/sv/subs/iverilog/ivtest/ivltests/br_gh25a.v
iverilog	ivtest/ivltests/br_gh25b.v	stimuli/sv/subs/iverilog/ivtest/ivltests/br_gh25b.v
iverilog	ivtest/ivltests/br_gh26.v	stimuli/sv/subs/iverilog/ivtest/ivltests/br_gh26.v
iverilog	ivtest/ivltests/br_gh277a.v	stimuli/sv/subs/iverilog/ivtest/ivltests/br_gh277a.v
iverilog	ivtest/ivltests/br_gh28.v	stimuli/sv/subs/iverilog/ivtest/ivltests/br_gh28.v
iverilog	ivtest/ivltests/br_gh283a.v	stimuli/sv/subs/iverilog/ivtest/ivltests/br_gh283a.v
iverilog	ivtest/ivltests/br_gh283b.v	stimuli/sv/subs/iverilog/ivtest/ivltests/br_gh283b.v
iverilog	ivtest/ivltests/br_gh283c.v	stimuli/sv/subs/iverilog/ivtest/ivltests/br_gh283c.v
iverilog	ivtest/ivltests/br_gh30.v	stimuli/sv/subs/iverilog/ivtest/ivltests/br_gh30.v
iverilog	ivtest/ivltests/br_gh309.v	stimuli/sv/subs/iverilog/ivtest/ivltests/br_gh309.v
iverilog	ivtest/ivltests/br_gh315.v	stimuli/sv/subs/iverilog/ivtest/ivltests/br_gh315.v
iverilog	ivtest/ivltests/br_gh316a.v	stimuli/sv/subs/iverilog/ivtest/ivltests/br_gh316a.v
iverilog	ivtest/ivltests/br_gh316b.v	stimuli/sv/subs/iverilog/ivtest/ivltests/br_gh316b.v
iverilog	ivtest/ivltests/br_gh316c.v	stimuli/sv/subs/iverilog/ivtest/ivltests/br_gh316c.v
iverilog	ivtest/ivltests/br_gh33.v	stimuli/sv/subs/iverilog/ivtest/ivltests/br_gh33.v
iverilog	ivtest/ivltests/br_gh330.v	stimuli/sv/subs/iverilog/ivtest/ivltests/br_gh330.v
iverilog	ivtest/ivltests/br_gh345.v	stimuli/sv/subs/iverilog/ivtest/ivltests/br_gh345.v
iverilog	ivtest/ivltests/br_gh356a.v	stimuli/sv/subs/iverilog/ivtest/ivltests/br_gh356a.v
iverilog	ivtest/ivltests/br_gh356b.v	stimuli/sv/subs/iverilog/ivtest/ivltests/br_gh356b.v
iverilog	ivtest/ivltests/br_gh37.v	stimuli/sv/subs/iverilog/ivtest/ivltests/br_gh37.v
iverilog	ivtest/ivltests/br_gh435.v	stimuli/sv/subs/iverilog/ivtest/ivltests/br_gh435.v
iverilog	ivtest/ivltests/br_gh483a.v	stimuli/sv/subs/iverilog/ivtest/ivltests/br_gh483a.v
iverilog	ivtest/ivltests/br_gh483b.v	stimuli/sv/subs/iverilog/ivtest/ivltests/br_gh483b.v
iverilog	ivtest/ivltests/br_gh484.v	stimuli/sv/subs/iverilog/ivtest/ivltests/br_gh484.v
iverilog	ivtest/ivltests/br_gh497a.v	stimuli/sv/subs/iverilog/ivtest/ivltests/br_gh497a.v
iverilog	ivtest/ivltests/br_gh497c.v	stimuli/sv/subs/iverilog/ivtest/ivltests/br_gh497c.v
iverilog	ivtest/ivltests/br_gh497e.v	stimuli/sv/subs/iverilog/ivtest/ivltests/br_gh497e.v
iverilog	ivtest/ivltests/br_gh508b.v	stimuli/sv/subs/iverilog/ivtest/ivltests/br_gh508b.v
iverilog	ivtest/ivltests/br_gh515.v	stimuli/sv/subs/iverilog/ivtest/ivltests/br_gh515.v
iverilog	ivtest/ivltests/br_gh531.v	stimuli/sv/subs/iverilog/ivtest/ivltests/br_gh531.v
iverilog	ivtest/ivltests/br_gh533.v	stimuli/sv/subs/iverilog/ivtest/ivltests/br_gh533.v
iverilog	ivtest/ivltests/br_gh552.v	stimuli/sv/subs/iverilog/ivtest/ivltests/br_gh552.v
iverilog	ivtest/ivltests/br_gh567.v	stimuli/sv/subs/iverilog/ivtest/ivltests/br_gh567.v
iverilog	ivtest/ivltests/br_gh6.v	stimuli/sv/subs/iverilog/ivtest/ivltests/br_gh6.v
iverilog	ivtest/ivltests/br_gh60a.v	stimuli/sv/subs/iverilog/ivtest/ivltests/br_gh60a.v
iverilog	ivtest/ivltests/br_gh62.v	stimuli/sv/subs/iverilog/ivtest/ivltests/br_gh62.v
iverilog	ivtest/ivltests/br_gh621.v	stimuli/sv/subs/iverilog/ivtest/ivltests/br_gh621.v
iverilog	ivtest/ivltests/br_gh632.v	stimuli/sv/subs/iverilog/ivtest/ivltests/br_gh632.v
iverilog	ivtest/ivltests/br_gh632b.v	stimuli/sv/subs/iverilog/ivtest/ivltests/br_gh632b.v
iverilog	ivtest/ivltests/br_gh632c.v	stimuli/sv/subs/iverilog/ivtest/ivltests/br_gh632c.v
iverilog	ivtest/ivltests/br_gh674.v	stimuli/sv/subs/iverilog/ivtest/ivltests/br_gh674.v
iverilog	ivtest/ivltests/br_gh7.v	stimuli/sv/subs/iverilog/ivtest/ivltests/br_gh7.v
iverilog	ivtest/ivltests/br_gh732.v	stimuli/sv/subs/iverilog/ivtest/ivltests/br_gh732.v
iverilog	ivtest/ivltests/br_gh782c.v	stimuli/sv/subs/iverilog/ivtest/ivltests/br_gh782c.v
iverilog	ivtest/ivltests/br_gh782d.v	stimuli/sv/subs/iverilog/ivtest/ivltests/br_gh782d.v
iverilog	ivtest/ivltests/br_gh782e.v	stimuli/sv/subs/iverilog/ivtest/ivltests/br_gh782e.v
iverilog	ivtest/ivltests/br_gh782f.v	stimuli/sv/subs/iverilog/ivtest/ivltests/br_gh782f.v
iverilog	ivtest/ivltests/br_gh788.v	stimuli/sv/subs/iverilog/ivtest/ivltests/br_gh788.v
iverilog	ivtest/ivltests/br_gh79.v	stimuli/sv/subs/iverilog/ivtest/ivltests/br_gh79.v
iverilog	ivtest/ivltests/br_gh793.v	stimuli/sv/subs/iverilog/ivtest/ivltests/br_gh793.v
iverilog	ivtest/ivltests/br_gh8.v	stimuli/sv/subs/iverilog/ivtest/ivltests/br_gh8.v
iverilog	ivtest/ivltests/br_gh827.v	stimuli/sv/subs/iverilog/ivtest/ivltests/br_gh827.v
iverilog	ivtest/ivltests/br_gh889.v	stimuli/sv/subs/iverilog/ivtest/ivltests/br_gh889.v
iverilog	ivtest/ivltests/br_gh9.v	stimuli/sv/subs/iverilog/ivtest/ivltests/br_gh9.v
iverilog	ivtest/ivltests/br_gh956a.v	stimuli/sv/subs/iverilog/ivtest/ivltests/br_gh956a.v
iverilog	ivtest/ivltests/br_gh956b.v	stimuli/sv/subs/iverilog/ivtest/ivltests/br_gh956b.v
iverilog	ivtest/ivltests/br_gh99a.v	stimuli/sv/subs/iverilog/ivtest/ivltests/br_gh99a.v
iverilog	ivtest/ivltests/br_gh99b.v	stimuli/sv/subs/iverilog/ivtest/ivltests/br_gh99b.v
iverilog	ivtest/ivltests/br_gh99d.v	stimuli/sv/subs/iverilog/ivtest/ivltests/br_gh99d.v
iverilog	ivtest/ivltests/br_gh99f.v	stimuli/sv/subs/iverilog/ivtest/ivltests/br_gh99f.v
iverilog	ivtest/ivltests/br_gh99g.v	stimuli/sv/subs/iverilog/ivtest/ivltests/br_gh99g.v
iverilog	ivtest/ivltests/br_gh99h.v	stimuli/sv/subs/iverilog/ivtest/ivltests/br_gh99h.v
iverilog	ivtest/ivltests/br_gh99i.v	stimuli/sv/subs/iverilog/ivtest/ivltests/br_gh99i.v
iverilog	ivtest/ivltests/br_gh99j.v	stimuli/sv/subs/iverilog/ivtest/ivltests/br_gh99j.v
iverilog	ivtest/ivltests/br_gh99k.v	stimuli/sv/subs/iverilog/ivtest/ivltests/br_gh99k.v
iverilog	ivtest/ivltests/br_gh99l.v	stimuli/sv/subs/iverilog/ivtest/ivltests/br_gh99l.v
iverilog	ivtest/ivltests/br_gh99m.v	stimuli/sv/subs/iverilog/ivtest/ivltests/br_gh99m.v
iverilog	ivtest/ivltests/br_gh99o.v	stimuli/sv/subs/iverilog/ivtest/ivltests/br_gh99o.v
iverilog	ivtest/ivltests/br_gh99p.v	stimuli/sv/subs/iverilog/ivtest/ivltests/br_gh99p.v
iverilog	ivtest/ivltests/br_gh99q.v	stimuli/sv/subs/iverilog/ivtest/ivltests/br_gh99q.v
iverilog	ivtest/ivltests/br_gh99r.v	stimuli/sv/subs/iverilog/ivtest/ivltests/br_gh99r.v
iverilog	ivtest/ivltests/br_gh99s.v	stimuli/sv/subs/iverilog/ivtest/ivltests/br_gh99s.v
iverilog	ivtest/ivltests/br_gh99t.v	stimuli/sv/subs/iverilog/ivtest/ivltests/br_gh99t.v
iverilog	ivtest/ivltests/br_gh99u.v	stimuli/sv/subs/iverilog/ivtest/ivltests/br_gh99u.v
iverilog	ivtest/ivltests/br_ml20150315.v	stimuli/sv/subs/iverilog/ivtest/ivltests/br_ml20150315.v
iverilog	ivtest/ivltests/br_ml20150321.v	stimuli/sv/subs/iverilog/ivtest/ivltests/br_ml20150321.v
iverilog	ivtest/ivltests/br_ml20190806a.v	stimuli/sv/subs/iverilog/ivtest/ivltests/br_ml20190806a.v
iverilog	ivtest/ivltests/br_ml20190806b.v	stimuli/sv/subs/iverilog/ivtest/ivltests/br_ml20190806b.v
iverilog	ivtest/ivltests/br_ml20190814.v	stimuli/sv/subs/iverilog/ivtest/ivltests/br_ml20190814.v
iverilog	ivtest/ivltests/br_mw20171108.v	stimuli/sv/subs/iverilog/ivtest/ivltests/br_mw20171108.v
iverilog	ivtest/ivltests/bufif.v	stimuli/sv/subs/iverilog/ivtest/ivltests/bufif.v
iverilog	ivtest/ivltests/busbug.v	stimuli/sv/subs/iverilog/ivtest/ivltests/busbug.v
iverilog	ivtest/ivltests/ca_force.v	stimuli/sv/subs/iverilog/ivtest/ivltests/ca_force.v
iverilog	ivtest/ivltests/ca_func.v	stimuli/sv/subs/iverilog/ivtest/ivltests/ca_func.v
iverilog	ivtest/ivltests/ca_mult.v	stimuli/sv/subs/iverilog/ivtest/ivltests/ca_mult.v
iverilog	ivtest/ivltests/ca_pow_synth.v	stimuli/sv/subs/iverilog/ivtest/ivltests/ca_pow_synth.v
iverilog	ivtest/ivltests/ca_pow_unsigned.v	stimuli/sv/subs/iverilog/ivtest/ivltests/ca_pow_unsigned.v
iverilog	ivtest/ivltests/ca_real_logical.v	stimuli/sv/subs/iverilog/ivtest/ivltests/ca_real_logical.v
iverilog	ivtest/ivltests/ca_time.v	stimuli/sv/subs/iverilog/ivtest/ivltests/ca_time.v
iverilog	ivtest/ivltests/ca_time_real.v	stimuli/sv/subs/iverilog/ivtest/ivltests/ca_time_real.v
iverilog	ivtest/ivltests/case1.v	stimuli/sv/subs/iverilog/ivtest/ivltests/case1.v
iverilog	ivtest/ivltests/case2.v	stimuli/sv/subs/iverilog/ivtest/ivltests/case2.v
iverilog	ivtest/ivltests/case3.8A.v	stimuli/sv/subs/iverilog/ivtest/ivltests/case3.8A.v
iverilog	ivtest/ivltests/case3.8B.v	stimuli/sv/subs/iverilog/ivtest/ivltests/case3.8B.v
iverilog	ivtest/ivltests/case3.8C.v	stimuli/sv/subs/iverilog/ivtest/ivltests/case3.8C.v
iverilog	ivtest/ivltests/case3.8D.v	stimuli/sv/subs/iverilog/ivtest/ivltests/case3.8D.v
iverilog	ivtest/ivltests/case3.v	stimuli/sv/subs/iverilog/ivtest/ivltests/case3.v
iverilog	ivtest/ivltests/case_mux_array_word.v	stimuli/sv/subs/iverilog/ivtest/ivltests/case_mux_array_word.v
iverilog	ivtest/ivltests/casex3.9A.v	stimuli/sv/subs/iverilog/ivtest/ivltests/casex3.9A.v
iverilog	ivtest/ivltests/casex3.9B.v	stimuli/sv/subs/iverilog/ivtest/ivltests/casex3.9B.v
iverilog	ivtest/ivltests/casex3.9C.v	stimuli/sv/subs/iverilog/ivtest/ivltests/casex3.9C.v
iverilog	ivtest/ivltests/casex3.9D.v	stimuli/sv/subs/iverilog/ivtest/ivltests/casex3.9D.v
iverilog	ivtest/ivltests/casex3.9E.v	stimuli/sv/subs/iverilog/ivtest/ivltests/casex3.9E.v
iverilog	ivtest/ivltests/casex_synth.v	stimuli/sv/subs/iverilog/ivtest/ivltests/casex_synth.v
iverilog	ivtest/ivltests/casez3.10A.v	stimuli/sv/subs/iverilog/ivtest/ivltests/casez3.10A.v
iverilog	ivtest/ivltests/casez3.10B.v	stimuli/sv/subs/iverilog/ivtest/ivltests/casez3.10B.v
iverilog	ivtest/ivltests/casez3.10C.v	stimuli/sv/subs/iverilog/ivtest/ivltests/casez3.10C.v
iverilog	ivtest/ivltests/casez3.10D.v	stimuli/sv/subs/iverilog/ivtest/ivltests/casez3.10D.v
iverilog	ivtest/ivltests/casez3.10E.v	stimuli/sv/subs/iverilog/ivtest/ivltests/casez3.10E.v
iverilog	ivtest/ivltests/cast_int.v	stimuli/sv/subs/iverilog/ivtest/ivltests/cast_int.v
iverilog	ivtest/ivltests/check_constant_1.v	stimuli/sv/subs/iverilog/ivtest/ivltests/check_constant_1.v
iverilog	ivtest/ivltests/check_constant_10.v	stimuli/sv/subs/iverilog/ivtest/ivltests/check_constant_10.v
iverilog	ivtest/ivltests/check_constant_11.v	stimuli/sv/subs/iverilog/ivtest/ivltests/check_constant_11.v
iverilog	ivtest/ivltests/check_constant_12.v	stimuli/sv/subs/iverilog/ivtest/ivltests/check_constant_12.v
iverilog	ivtest/ivltests/check_constant_13.v	stimuli/sv/subs/iverilog/ivtest/ivltests/check_constant_13.v
iverilog	ivtest/ivltests/check_constant_14.v	stimuli/sv/subs/iverilog/ivtest/ivltests/check_constant_14.v
iverilog	ivtest/ivltests/check_constant_15.v	stimuli/sv/subs/iverilog/ivtest/ivltests/check_constant_15.v
iverilog	ivtest/ivltests/check_constant_16.v	stimuli/sv/subs/iverilog/ivtest/ivltests/check_constant_16.v
iverilog	ivtest/ivltests/check_constant_17.v	stimuli/sv/subs/iverilog/ivtest/ivltests/check_constant_17.v
iverilog	ivtest/ivltests/check_constant_18.v	stimuli/sv/subs/iverilog/ivtest/ivltests/check_constant_18.v
iverilog	ivtest/ivltests/check_constant_19.v	stimuli/sv/subs/iverilog/ivtest/ivltests/check_constant_19.v
iverilog	ivtest/ivltests/check_constant_2.v	stimuli/sv/subs/iverilog/ivtest/ivltests/check_constant_2.v
iverilog	ivtest/ivltests/check_constant_20.v	stimuli/sv/subs/iverilog/ivtest/ivltests/check_constant_20.v
iverilog	ivtest/ivltests/check_constant_3.v	stimuli/sv/subs/iverilog/ivtest/ivltests/check_constant_3.v
iverilog	ivtest/ivltests/check_constant_4.v	stimuli/sv/subs/iverilog/ivtest/ivltests/check_constant_4.v
iverilog	ivtest/ivltests/check_constant_5.v	stimuli/sv/subs/iverilog/ivtest/ivltests/check_constant_5.v
iverilog	ivtest/ivltests/check_constant_6.v	stimuli/sv/subs/iverilog/ivtest/ivltests/check_constant_6.v
iverilog	ivtest/ivltests/check_constant_7.v	stimuli/sv/subs/iverilog/ivtest/ivltests/check_constant_7.v
iverilog	ivtest/ivltests/check_constant_8.v	stimuli/sv/subs/iverilog/ivtest/ivltests/check_constant_8.v
iverilog	ivtest/ivltests/check_constant_9.v	stimuli/sv/subs/iverilog/ivtest/ivltests/check_constant_9.v
iverilog	ivtest/ivltests/cmos.v	stimuli/sv/subs/iverilog/ivtest/ivltests/cmos.v
iverilog	ivtest/ivltests/cmpi.v	stimuli/sv/subs/iverilog/ivtest/ivltests/cmpi.v
iverilog	ivtest/ivltests/comment1.v	stimuli/sv/subs/iverilog/ivtest/ivltests/comment1.v
iverilog	ivtest/ivltests/comp1000.v	stimuli/sv/subs/iverilog/ivtest/ivltests/comp1000.v
iverilog	ivtest/ivltests/comp1001.v	stimuli/sv/subs/iverilog/ivtest/ivltests/comp1001.v
iverilog	ivtest/ivltests/comp1001_fail3.v	stimuli/sv/subs/iverilog/ivtest/ivltests/comp1001_fail3.v
iverilog	ivtest/ivltests/comp1001_fail4.v	stimuli/sv/subs/iverilog/ivtest/ivltests/comp1001_fail4.v
iverilog	ivtest/ivltests/comp1001_fail5.v	stimuli/sv/subs/iverilog/ivtest/ivltests/comp1001_fail5.v
iverilog	ivtest/ivltests/complex_lidx.v	stimuli/sv/subs/iverilog/ivtest/ivltests/complex_lidx.v
iverilog	ivtest/ivltests/con_tri.v	stimuli/sv/subs/iverilog/ivtest/ivltests/con_tri.v
iverilog	ivtest/ivltests/concat3.v	stimuli/sv/subs/iverilog/ivtest/ivltests/concat3.v
iverilog	ivtest/ivltests/concat4.v	stimuli/sv/subs/iverilog/ivtest/ivltests/concat4.v
iverilog	ivtest/ivltests/concat_zero_wid_fail.v	stimuli/sv/subs/iverilog/ivtest/ivltests/concat_zero_wid_fail.v
iverilog	ivtest/ivltests/concat_zero_wid_fail2.v	stimuli/sv/subs/iverilog/ivtest/ivltests/concat_zero_wid_fail2.v
iverilog	ivtest/ivltests/cond_band.v	stimuli/sv/subs/iverilog/ivtest/ivltests/cond_band.v
iverilog	ivtest/ivltests/cond_wide.v	stimuli/sv/subs/iverilog/ivtest/ivltests/cond_wide.v
iverilog	ivtest/ivltests/cond_wide2.v	stimuli/sv/subs/iverilog/ivtest/ivltests/cond_wide2.v
iverilog	ivtest/ivltests/const.v	stimuli/sv/subs/iverilog/ivtest/ivltests/const.v
iverilog	ivtest/ivltests/const2.v	stimuli/sv/subs/iverilog/ivtest/ivltests/const2.v
iverilog	ivtest/ivltests/const3.v	stimuli/sv/subs/iverilog/ivtest/ivltests/const3.v
iverilog	ivtest/ivltests/const4.v	stimuli/sv/subs/iverilog/ivtest/ivltests/const4.v
iverilog	ivtest/ivltests/constadd.v	stimuli/sv/subs/iverilog/ivtest/ivltests/constadd.v
iverilog	ivtest/ivltests/constadd2.v	stimuli/sv/subs/iverilog/ivtest/ivltests/constadd2.v
iverilog	ivtest/ivltests/constadd3.v	stimuli/sv/subs/iverilog/ivtest/ivltests/constadd3.v
iverilog	ivtest/ivltests/constfunc1.v	stimuli/sv/subs/iverilog/ivtest/ivltests/constfunc1.v
iverilog	ivtest/ivltests/constfunc10.v	stimuli/sv/subs/iverilog/ivtest/ivltests/constfunc10.v
iverilog	ivtest/ivltests/constfunc11.v	stimuli/sv/subs/iverilog/ivtest/ivltests/constfunc11.v
iverilog	ivtest/ivltests/constfunc12.v	stimuli/sv/subs/iverilog/ivtest/ivltests/constfunc12.v
iverilog	ivtest/ivltests/constfunc13.v	stimuli/sv/subs/iverilog/ivtest/ivltests/constfunc13.v
iverilog	ivtest/ivltests/constfunc14.v	stimuli/sv/subs/iverilog/ivtest/ivltests/constfunc14.v
iverilog	ivtest/ivltests/constfunc15.v	stimuli/sv/subs/iverilog/ivtest/ivltests/constfunc15.v
iverilog	ivtest/ivltests/constfunc2.v	stimuli/sv/subs/iverilog/ivtest/ivltests/constfunc2.v
iverilog	ivtest/ivltests/constfunc3.v	stimuli/sv/subs/iverilog/ivtest/ivltests/constfunc3.v
iverilog	ivtest/ivltests/constfunc4.v	stimuli/sv/subs/iverilog/ivtest/ivltests/constfunc4.v
iverilog	ivtest/ivltests/constfunc5.v	stimuli/sv/subs/iverilog/ivtest/ivltests/constfunc5.v
iverilog	ivtest/ivltests/constfunc6.v	stimuli/sv/subs/iverilog/ivtest/ivltests/constfunc6.v
iverilog	ivtest/ivltests/constfunc6_ams.v	stimuli/sv/subs/iverilog/ivtest/ivltests/constfunc6_ams.v
iverilog	ivtest/ivltests/constfunc7.v	stimuli/sv/subs/iverilog/ivtest/ivltests/constfunc7.v
iverilog	ivtest/ivltests/constfunc9.v	stimuli/sv/subs/iverilog/ivtest/ivltests/constfunc9.v
iverilog	ivtest/ivltests/constfunccall1.v	stimuli/sv/subs/iverilog/ivtest/ivltests/constfunccall1.v
iverilog	ivtest/ivltests/constfunccall3.v	stimuli/sv/subs/iverilog/ivtest/ivltests/constfunccall3.v
iverilog	ivtest/ivltests/constmult.v	stimuli/sv/subs/iverilog/ivtest/ivltests/constmult.v
iverilog	ivtest/ivltests/consttern.v	stimuli/sv/subs/iverilog/ivtest/ivltests/consttern.v
iverilog	ivtest/ivltests/contrib8.1.v	stimuli/sv/subs/iverilog/ivtest/ivltests/contrib8.1.v
iverilog	ivtest/ivltests/contrib8.2.v	stimuli/sv/subs/iverilog/ivtest/ivltests/contrib8.2.v
iverilog	ivtest/ivltests/contrib8.3.v	stimuli/sv/subs/iverilog/ivtest/ivltests/contrib8.3.v
iverilog	ivtest/ivltests/contrib8.4.v	stimuli/sv/subs/iverilog/ivtest/ivltests/contrib8.4.v
iverilog	ivtest/ivltests/contrib8.5.v	stimuli/sv/subs/iverilog/ivtest/ivltests/contrib8.5.v
iverilog	ivtest/ivltests/countdrivers1.v	stimuli/sv/subs/iverilog/ivtest/ivltests/countdrivers1.v
iverilog	ivtest/ivltests/countdrivers2.v	stimuli/sv/subs/iverilog/ivtest/ivltests/countdrivers2.v
iverilog	ivtest/ivltests/countdrivers3.v	stimuli/sv/subs/iverilog/ivtest/ivltests/countdrivers3.v
iverilog	ivtest/ivltests/countdrivers4.v	stimuli/sv/subs/iverilog/ivtest/ivltests/countdrivers4.v
iverilog	ivtest/ivltests/countdrivers5.v	stimuli/sv/subs/iverilog/ivtest/ivltests/countdrivers5.v
iverilog	ivtest/ivltests/cprop.v	stimuli/sv/subs/iverilog/ivtest/ivltests/cprop.v
iverilog	ivtest/ivltests/credence20041209.v	stimuli/sv/subs/iverilog/ivtest/ivltests/credence20041209.v
iverilog	ivtest/ivltests/dangling_port.v	stimuli/sv/subs/iverilog/ivtest/ivltests/dangling_port.v
iverilog	ivtest/ivltests/dcomp1.v	stimuli/sv/subs/iverilog/ivtest/ivltests/dcomp1.v
iverilog	ivtest/ivltests/deassign3.4A.v	stimuli/sv/subs/iverilog/ivtest/ivltests/deassign3.4A.v
iverilog	ivtest/ivltests/decl_assign1.v	stimuli/sv/subs/iverilog/ivtest/ivltests/decl_assign1.v
iverilog	ivtest/ivltests/decl_before_use1.v	stimuli/sv/subs/iverilog/ivtest/ivltests/decl_before_use1.v
iverilog	ivtest/ivltests/decl_before_use2.v	stimuli/sv/subs/iverilog/ivtest/ivltests/decl_before_use2.v
iverilog	ivtest/ivltests/decl_before_use3.v	stimuli/sv/subs/iverilog/ivtest/ivltests/decl_before_use3.v
iverilog	ivtest/ivltests/decl_before_use4.v	stimuli/sv/subs/iverilog/ivtest/ivltests/decl_before_use4.v
iverilog	ivtest/ivltests/decl_before_use5.v	stimuli/sv/subs/iverilog/ivtest/ivltests/decl_before_use5.v
iverilog	ivtest/ivltests/decl_before_use6.v	stimuli/sv/subs/iverilog/ivtest/ivltests/decl_before_use6.v
iverilog	ivtest/ivltests/def_nettype.v	stimuli/sv/subs/iverilog/ivtest/ivltests/def_nettype.v
iverilog	ivtest/ivltests/def_nettype_none.v	stimuli/sv/subs/iverilog/ivtest/ivltests/def_nettype_none.v
iverilog	ivtest/ivltests/define1.v	stimuli/sv/subs/iverilog/ivtest/ivltests/define1.v
iverilog	ivtest/ivltests/defparam.v	stimuli/sv/subs/iverilog/ivtest/ivltests/defparam.v
iverilog	ivtest/ivltests/defparam2.v	stimuli/sv/subs/iverilog/ivtest/ivltests/defparam2.v
iverilog	ivtest/ivltests/defparam3.5.v	stimuli/sv/subs/iverilog/ivtest/ivltests/defparam3.5.v
iverilog	ivtest/ivltests/defparam3.v	stimuli/sv/subs/iverilog/ivtest/ivltests/defparam3.v
iverilog	ivtest/ivltests/defparam4.v	stimuli/sv/subs/iverilog/ivtest/ivltests/defparam4.v
iverilog	ivtest/ivltests/delay.v	stimuli/sv/subs/iverilog/ivtest/ivltests/delay.v
iverilog	ivtest/ivltests/delay2.v	stimuli/sv/subs/iverilog/ivtest/ivltests/delay2.v
iverilog	ivtest/ivltests/delay3.v	stimuli/sv/subs/iverilog/ivtest/ivltests/delay3.v
iverilog	ivtest/ivltests/delay4.v	stimuli/sv/subs/iverilog/ivtest/ivltests/delay4.v
iverilog	ivtest/ivltests/delay5.v	stimuli/sv/subs/iverilog/ivtest/ivltests/delay5.v
iverilog	ivtest/ivltests/delay_assign_nb.v	stimuli/sv/subs/iverilog/ivtest/ivltests/delay_assign_nb.v
iverilog	ivtest/ivltests/delay_assign_nb2.v	stimuli/sv/subs/iverilog/ivtest/ivltests/delay_assign_nb2.v
iverilog	ivtest/ivltests/delay_var.v	stimuli/sv/subs/iverilog/ivtest/ivltests/delay_var.v
iverilog	ivtest/ivltests/delayed_comp_reduct.v	stimuli/sv/subs/iverilog/ivtest/ivltests/delayed_comp_reduct.v
iverilog	ivtest/ivltests/delayed_sfunc.v	stimuli/sv/subs/iverilog/ivtest/ivltests/delayed_sfunc.v
iverilog	ivtest/ivltests/dff1.v	stimuli/sv/subs/iverilog/ivtest/ivltests/dff1.v
iverilog	ivtest/ivltests/dffsynth.v	stimuli/sv/subs/iverilog/ivtest/ivltests/dffsynth.v
iverilog	ivtest/ivltests/dffsynth10.v	stimuli/sv/subs/iverilog/ivtest/ivltests/dffsynth10.v
iverilog	ivtest/ivltests/dffsynth11.v	stimuli/sv/subs/iverilog/ivtest/ivltests/dffsynth11.v
iverilog	ivtest/ivltests/dffsynth2.v	stimuli/sv/subs/iverilog/ivtest/ivltests/dffsynth2.v
iverilog	ivtest/ivltests/dffsynth3.v	stimuli/sv/subs/iverilog/ivtest/ivltests/dffsynth3.v
iverilog	ivtest/ivltests/dffsynth4.v	stimuli/sv/subs/iverilog/ivtest/ivltests/dffsynth4.v
iverilog	ivtest/ivltests/dffsynth5.v	stimuli/sv/subs/iverilog/ivtest/ivltests/dffsynth5.v
iverilog	ivtest/ivltests/dffsynth6.v	stimuli/sv/subs/iverilog/ivtest/ivltests/dffsynth6.v
iverilog	ivtest/ivltests/dffsynth7.v	stimuli/sv/subs/iverilog/ivtest/ivltests/dffsynth7.v
iverilog	ivtest/ivltests/dffsynth8.v	stimuli/sv/subs/iverilog/ivtest/ivltests/dffsynth8.v
iverilog	ivtest/ivltests/dffsynth9.v	stimuli/sv/subs/iverilog/ivtest/ivltests/dffsynth9.v
iverilog	ivtest/ivltests/disable3.6A.v	stimuli/sv/subs/iverilog/ivtest/ivltests/disable3.6A.v
iverilog	ivtest/ivltests/disable3.6B.v	stimuli/sv/subs/iverilog/ivtest/ivltests/disable3.6B.v
iverilog	ivtest/ivltests/disable_cleanup.v	stimuli/sv/subs/iverilog/ivtest/ivltests/disable_cleanup.v
iverilog	ivtest/ivltests/disable_fork.v	stimuli/sv/subs/iverilog/ivtest/ivltests/disable_fork.v
iverilog	ivtest/ivltests/disblock.v	stimuli/sv/subs/iverilog/ivtest/ivltests/disblock.v
iverilog	ivtest/ivltests/disblock2.v	stimuli/sv/subs/iverilog/ivtest/ivltests/disblock2.v
iverilog	ivtest/ivltests/disp_dec.v	stimuli/sv/subs/iverilog/ivtest/ivltests/disp_dec.v
iverilog	ivtest/ivltests/disp_dec2.v	stimuli/sv/subs/iverilog/ivtest/ivltests/disp_dec2.v
iverilog	ivtest/ivltests/disp_leading_z.v	stimuli/sv/subs/iverilog/ivtest/ivltests/disp_leading_z.v
iverilog	ivtest/ivltests/disp_parm.v	stimuli/sv/subs/iverilog/ivtest/ivltests/disp_parm.v
iverilog	ivtest/ivltests/disp_part.v	stimuli/sv/subs/iverilog/ivtest/ivltests/disp_part.v
iverilog	ivtest/ivltests/dotinid.v	stimuli/sv/subs/iverilog/ivtest/ivltests/dotinid.v
iverilog	ivtest/ivltests/drive_strength.v	stimuli/sv/subs/iverilog/ivtest/ivltests/drive_strength.v
iverilog	ivtest/ivltests/drive_strength1.v	stimuli/sv/subs/iverilog/ivtest/ivltests/drive_strength1.v
iverilog	ivtest/ivltests/drive_strength2.v	stimuli/sv/subs/iverilog/ivtest/ivltests/drive_strength2.v
iverilog	ivtest/ivltests/drive_strength3.v	stimuli/sv/subs/iverilog/ivtest/ivltests/drive_strength3.v
iverilog	ivtest/ivltests/drive_strength4.v	stimuli/sv/subs/iverilog/ivtest/ivltests/drive_strength4.v
iverilog	ivtest/ivltests/dummy7.v	stimuli/sv/subs/iverilog/ivtest/ivltests/dummy7.v
iverilog	ivtest/ivltests/dump_memword.v	stimuli/sv/subs/iverilog/ivtest/ivltests/dump_memword.v
iverilog	ivtest/ivltests/dumpfile.v	stimuli/sv/subs/iverilog/ivtest/ivltests/dumpfile.v
iverilog	ivtest/ivltests/dumpvars.v	stimuli/sv/subs/iverilog/ivtest/ivltests/dumpvars.v
iverilog	ivtest/ivltests/early_sig_elab1.v	stimuli/sv/subs/iverilog/ivtest/ivltests/early_sig_elab1.v
iverilog	ivtest/ivltests/early_sig_elab2.v	stimuli/sv/subs/iverilog/ivtest/ivltests/early_sig_elab2.v
iverilog	ivtest/ivltests/early_sig_elab3.v	stimuli/sv/subs/iverilog/ivtest/ivltests/early_sig_elab3.v
iverilog	ivtest/ivltests/eeq.v	stimuli/sv/subs/iverilog/ivtest/ivltests/eeq.v
iverilog	ivtest/ivltests/else1.v	stimuli/sv/subs/iverilog/ivtest/ivltests/else1.v
iverilog	ivtest/ivltests/else2.v	stimuli/sv/subs/iverilog/ivtest/ivltests/else2.v
iverilog	ivtest/ivltests/else3.v	stimuli/sv/subs/iverilog/ivtest/ivltests/else3.v
iverilog	ivtest/ivltests/elsif_test.v	stimuli/sv/subs/iverilog/ivtest/ivltests/elsif_test.v
iverilog	ivtest/ivltests/eofmt_percent.v	stimuli/sv/subs/iverilog/ivtest/ivltests/eofmt_percent.v
iverilog	ivtest/ivltests/eq.v	stimuli/sv/subs/iverilog/ivtest/ivltests/eq.v
iverilog	ivtest/ivltests/escape1.v	stimuli/sv/subs/iverilog/ivtest/ivltests/escape1.v
iverilog	ivtest/ivltests/escape2a.v	stimuli/sv/subs/iverilog/ivtest/ivltests/escape2a.v
iverilog	ivtest/ivltests/escape2b.v	stimuli/sv/subs/iverilog/ivtest/ivltests/escape2b.v
iverilog	ivtest/ivltests/escape2c.v	stimuli/sv/subs/iverilog/ivtest/ivltests/escape2c.v
iverilog	ivtest/ivltests/escape3.v	stimuli/sv/subs/iverilog/ivtest/ivltests/escape3.v
iverilog	ivtest/ivltests/escape4.v	stimuli/sv/subs/iverilog/ivtest/ivltests/escape4.v
iverilog	ivtest/ivltests/escape4b.v	stimuli/sv/subs/iverilog/ivtest/ivltests/escape4b.v
iverilog	ivtest/ivltests/event2.v	stimuli/sv/subs/iverilog/ivtest/ivltests/event2.v
iverilog	ivtest/ivltests/event3.15.v	stimuli/sv/subs/iverilog/ivtest/ivltests/event3.15.v
iverilog	ivtest/ivltests/event3.v	stimuli/sv/subs/iverilog/ivtest/ivltests/event3.v
iverilog	ivtest/ivltests/event_array.v	stimuli/sv/subs/iverilog/ivtest/ivltests/event_array.v
iverilog	ivtest/ivltests/event_list.v	stimuli/sv/subs/iverilog/ivtest/ivltests/event_list.v
iverilog	ivtest/ivltests/event_list2.v	stimuli/sv/subs/iverilog/ivtest/ivltests/event_list2.v
iverilog	ivtest/ivltests/event_list3.v	stimuli/sv/subs/iverilog/ivtest/ivltests/event_list3.v
iverilog	ivtest/ivltests/extend.v	stimuli/sv/subs/iverilog/ivtest/ivltests/extend.v
iverilog	ivtest/ivltests/fdisplay1.v	stimuli/sv/subs/iverilog/ivtest/ivltests/fdisplay1.v
iverilog	ivtest/ivltests/fdisplay2.v	stimuli/sv/subs/iverilog/ivtest/ivltests/fdisplay2.v
iverilog	ivtest/ivltests/fdisplay3.v	stimuli/sv/subs/iverilog/ivtest/ivltests/fdisplay3.v
iverilog	ivtest/ivltests/fdisplay_fail_fd.v	stimuli/sv/subs/iverilog/ivtest/ivltests/fdisplay_fail_fd.v
iverilog	ivtest/ivltests/fdisplay_fail_mcd.v	stimuli/sv/subs/iverilog/ivtest/ivltests/fdisplay_fail_mcd.v
iverilog	ivtest/ivltests/fmonitor1.v	stimuli/sv/subs/iverilog/ivtest/ivltests/fmonitor1.v
iverilog	ivtest/ivltests/fmonitor2.v	stimuli/sv/subs/iverilog/ivtest/ivltests/fmonitor2.v
iverilog	ivtest/ivltests/fopen1.v	stimuli/sv/subs/iverilog/ivtest/ivltests/fopen1.v
iverilog	ivtest/ivltests/fopen2.v	stimuli/sv/subs/iverilog/ivtest/ivltests/fopen2.v
iverilog	ivtest/ivltests/for3.16A.v	stimuli/sv/subs/iverilog/ivtest/ivltests/for3.16A.v
iverilog	ivtest/ivltests/force1.v	stimuli/sv/subs/iverilog/ivtest/ivltests/force1.v
iverilog	ivtest/ivltests/force2.v	stimuli/sv/subs/iverilog/ivtest/ivltests/force2.v
iverilog	ivtest/ivltests/force3.17A.v	stimuli/sv/subs/iverilog/ivtest/ivltests/force3.17A.v
iverilog	ivtest/ivltests/force3.17B.v	stimuli/sv/subs/iverilog/ivtest/ivltests/force3.17B.v
iverilog	ivtest/ivltests/force3.17C.v	stimuli/sv/subs/iverilog/ivtest/ivltests/force3.17C.v
iverilog	ivtest/ivltests/force_lval_part.v	stimuli/sv/subs/iverilog/ivtest/ivltests/force_lval_part.v
iverilog	ivtest/ivltests/force_release_reg_pv.v	stimuli/sv/subs/iverilog/ivtest/ivltests/force_release_reg_pv.v
iverilog	ivtest/ivltests/force_release_wire8_pv.v	stimuli/sv/subs/iverilog/ivtest/ivltests/force_release_wire8_pv.v
iverilog	ivtest/ivltests/force_release_wire_pv.v	stimuli/sv/subs/iverilog/ivtest/ivltests/force_release_wire_pv.v
iverilog	ivtest/ivltests/fork1.v	stimuli/sv/subs/iverilog/ivtest/ivltests/fork1.v
iverilog	ivtest/ivltests/fork3.19A.v	stimuli/sv/subs/iverilog/ivtest/ivltests/fork3.19A.v
iverilog	ivtest/ivltests/fork3.19B.v	stimuli/sv/subs/iverilog/ivtest/ivltests/fork3.19B.v
iverilog	ivtest/ivltests/format.v	stimuli/sv/subs/iverilog/ivtest/ivltests/format.v
iverilog	ivtest/ivltests/fr47.v	stimuli/sv/subs/iverilog/ivtest/ivltests/fr47.v
iverilog	ivtest/ivltests/fread-error.v	stimuli/sv/subs/iverilog/ivtest/ivltests/fread-error.v
iverilog	ivtest/ivltests/fread.v	stimuli/sv/subs/iverilog/ivtest/ivltests/fread.v
iverilog	ivtest/ivltests/fscanf_u.v	stimuli/sv/subs/iverilog/ivtest/ivltests/fscanf_u.v
iverilog	ivtest/ivltests/fscanf_u_warn.v	stimuli/sv/subs/iverilog/ivtest/ivltests/fscanf_u_warn.v
iverilog	ivtest/ivltests/fscanf_z.v	stimuli/sv/subs/iverilog/ivtest/ivltests/fscanf_z.v
iverilog	ivtest/ivltests/fscanf_z_warn.v	stimuli/sv/subs/iverilog/ivtest/ivltests/fscanf_z_warn.v
iverilog	ivtest/ivltests/func_nested_block_nb_fail.v	stimuli/sv/subs/iverilog/ivtest/ivltests/func_nested_block_nb_fail.v
iverilog	ivtest/ivltests/function1.v	stimuli/sv/subs/iverilog/ivtest/ivltests/function1.v
iverilog	ivtest/ivltests/function2.v	stimuli/sv/subs/iverilog/ivtest/ivltests/function2.v
iverilog	ivtest/ivltests/function3.11B.v	stimuli/sv/subs/iverilog/ivtest/ivltests/function3.11B.v
iverilog	ivtest/ivltests/function3.11C.v	stimuli/sv/subs/iverilog/ivtest/ivltests/function3.11C.v
iverilog	ivtest/ivltests/function3.11D.v	stimuli/sv/subs/iverilog/ivtest/ivltests/function3.11D.v
iverilog	ivtest/ivltests/function3.11F.v	stimuli/sv/subs/iverilog/ivtest/ivltests/function3.11F.v
iverilog	ivtest/ivltests/function3.v	stimuli/sv/subs/iverilog/ivtest/ivltests/function3.v
iverilog	ivtest/ivltests/function4.v	stimuli/sv/subs/iverilog/ivtest/ivltests/function4.v
iverilog	ivtest/ivltests/function5.v	stimuli/sv/subs/iverilog/ivtest/ivltests/function5.v
iverilog	ivtest/ivltests/function6.v	stimuli/sv/subs/iverilog/ivtest/ivltests/function6.v
iverilog	ivtest/ivltests/function7.v	stimuli/sv/subs/iverilog/ivtest/ivltests/function7.v
iverilog	ivtest/ivltests/function8.v	stimuli/sv/subs/iverilog/ivtest/ivltests/function8.v
iverilog	ivtest/ivltests/function9.v	stimuli/sv/subs/iverilog/ivtest/ivltests/function9.v
iverilog	ivtest/ivltests/function_exp.v	stimuli/sv/subs/iverilog/ivtest/ivltests/function_exp.v
iverilog	ivtest/ivltests/ga_and.v	stimuli/sv/subs/iverilog/ivtest/ivltests/ga_and.v
iverilog	ivtest/ivltests/ga_mod.v	stimuli/sv/subs/iverilog/ivtest/ivltests/ga_mod.v
iverilog	ivtest/ivltests/ga_mod1.v	stimuli/sv/subs/iverilog/ivtest/ivltests/ga_mod1.v
iverilog	ivtest/ivltests/ga_mod2.v	stimuli/sv/subs/iverilog/ivtest/ivltests/ga_mod2.v
iverilog	ivtest/ivltests/ga_nand.v	stimuli/sv/subs/iverilog/ivtest/ivltests/ga_nand.v
iverilog	ivtest/ivltests/ga_nor.v	stimuli/sv/subs/iverilog/ivtest/ivltests/ga_nor.v
iverilog	ivtest/ivltests/ga_or.v	stimuli/sv/subs/iverilog/ivtest/ivltests/ga_or.v
iverilog	ivtest/ivltests/ga_xnor.v	stimuli/sv/subs/iverilog/ivtest/ivltests/ga_xnor.v
iverilog	ivtest/ivltests/ga_xor.v	stimuli/sv/subs/iverilog/ivtest/ivltests/ga_xor.v
iverilog	ivtest/ivltests/galan.v	stimuli/sv/subs/iverilog/ivtest/ivltests/galan.v
iverilog	ivtest/ivltests/gate_connect1.v	stimuli/sv/subs/iverilog/ivtest/ivltests/gate_connect1.v
iverilog	ivtest/ivltests/gate_connect2.v	stimuli/sv/subs/iverilog/ivtest/ivltests/gate_connect2.v
iverilog	ivtest/ivltests/gen_case_opt1.v	stimuli/sv/subs/iverilog/ivtest/ivltests/gen_case_opt1.v
iverilog	ivtest/ivltests/gen_case_opt2.v	stimuli/sv/subs/iverilog/ivtest/ivltests/gen_case_opt2.v
iverilog	ivtest/ivltests/gen_case_opt3.v	stimuli/sv/subs/iverilog/ivtest/ivltests/gen_case_opt3.v
iverilog	ivtest/ivltests/generate_case.v	stimuli/sv/subs/iverilog/ivtest/ivltests/generate_case.v
iverilog	ivtest/ivltests/generate_case2.v	stimuli/sv/subs/iverilog/ivtest/ivltests/generate_case2.v
iverilog	ivtest/ivltests/generate_case3.v	stimuli/sv/subs/iverilog/ivtest/ivltests/generate_case3.v
iverilog	ivtest/ivltests/generate_multi_loop.v	stimuli/sv/subs/iverilog/ivtest/ivltests/generate_multi_loop.v
iverilog	ivtest/ivltests/generate_specify.v	stimuli/sv/subs/iverilog/ivtest/ivltests/generate_specify.v
iverilog	ivtest/ivltests/generate_specparam.v	stimuli/sv/subs/iverilog/ivtest/ivltests/generate_specparam.v
iverilog	ivtest/ivltests/genloop.v	stimuli/sv/subs/iverilog/ivtest/ivltests/genloop.v
iverilog	ivtest/ivltests/genvar_scopes.v	stimuli/sv/subs/iverilog/ivtest/ivltests/genvar_scopes.v
iverilog	ivtest/ivltests/hello1.v	stimuli/sv/subs/iverilog/ivtest/ivltests/hello1.v
iverilog	ivtest/ivltests/hier_ref_error.v	stimuli/sv/subs/iverilog/ivtest/ivltests/hier_ref_error.v
iverilog	ivtest/ivltests/hierspace.v	stimuli/sv/subs/iverilog/ivtest/ivltests/hierspace.v
iverilog	ivtest/ivltests/idiv1.v	stimuli/sv/subs/iverilog/ivtest/ivltests/idiv1.v
iverilog	ivtest/ivltests/idiv2.v	stimuli/sv/subs/iverilog/ivtest/ivltests/idiv2.v
iverilog	ivtest/ivltests/idiv3.v	stimuli/sv/subs/iverilog/ivtest/ivltests/idiv3.v
iverilog	ivtest/ivltests/ifdef1.v	stimuli/sv/subs/iverilog/ivtest/ivltests/ifdef1.v
iverilog	ivtest/ivltests/ifdef2.v	stimuli/sv/subs/iverilog/ivtest/ivltests/ifdef2.v
iverilog	ivtest/ivltests/ifdef3.v	stimuli/sv/subs/iverilog/ivtest/ivltests/ifdef3.v
iverilog	ivtest/ivltests/ifdef4.v	stimuli/sv/subs/iverilog/ivtest/ivltests/ifdef4.v
iverilog	ivtest/ivltests/ifdef_fail.v	stimuli/sv/subs/iverilog/ivtest/ivltests/ifdef_fail.v
iverilog	ivtest/ivltests/include1.v	stimuli/sv/subs/iverilog/ivtest/ivltests/include1.v
iverilog	ivtest/ivltests/include2.v	stimuli/sv/subs/iverilog/ivtest/ivltests/include2.v
iverilog	ivtest/ivltests/include3.v	stimuli/sv/subs/iverilog/ivtest/ivltests/include3.v
iverilog	ivtest/ivltests/indef_width_concat.v	stimuli/sv/subs/iverilog/ivtest/ivltests/indef_width_concat.v
iverilog	ivtest/ivltests/initmod.v	stimuli/sv/subs/iverilog/ivtest/ivltests/initmod.v
iverilog	ivtest/ivltests/initmod2.v	stimuli/sv/subs/iverilog/ivtest/ivltests/initmod2.v
iverilog	ivtest/ivltests/inout.v	stimuli/sv/subs/iverilog/ivtest/ivltests/inout.v
iverilog	ivtest/ivltests/inout2.v	stimuli/sv/subs/iverilog/ivtest/ivltests/inout2.v
iverilog	ivtest/ivltests/inout3.v	stimuli/sv/subs/iverilog/ivtest/ivltests/inout3.v
iverilog	ivtest/ivltests/inout4.v	stimuli/sv/subs/iverilog/ivtest/ivltests/inout4.v
iverilog	ivtest/ivltests/int_not_signext.v	stimuli/sv/subs/iverilog/ivtest/ivltests/int_not_signext.v
iverilog	ivtest/ivltests/integer1lt.v	stimuli/sv/subs/iverilog/ivtest/ivltests/integer1lt.v
iverilog	ivtest/ivltests/integer2le.v	stimuli/sv/subs/iverilog/ivtest/ivltests/integer2le.v
iverilog	ivtest/ivltests/integer3gt.v	stimuli/sv/subs/iverilog/ivtest/ivltests/integer3gt.v
iverilog	ivtest/ivltests/integer4ge.v	stimuli/sv/subs/iverilog/ivtest/ivltests/integer4ge.v
iverilog	ivtest/ivltests/integer5.v	stimuli/sv/subs/iverilog/ivtest/ivltests/integer5.v
iverilog	ivtest/ivltests/itor_rtoi.v	stimuli/sv/subs/iverilog/ivtest/ivltests/itor_rtoi.v
iverilog	ivtest/ivltests/land2.v	stimuli/sv/subs/iverilog/ivtest/ivltests/land2.v
iverilog	ivtest/ivltests/land3.v	stimuli/sv/subs/iverilog/ivtest/ivltests/land3.v
iverilog	ivtest/ivltests/land4.v	stimuli/sv/subs/iverilog/ivtest/ivltests/land4.v
iverilog	ivtest/ivltests/landor1.v	stimuli/sv/subs/iverilog/ivtest/ivltests/landor1.v
iverilog	ivtest/ivltests/ldelay1.v	stimuli/sv/subs/iverilog/ivtest/ivltests/ldelay1.v
iverilog	ivtest/ivltests/ldelay2.v	stimuli/sv/subs/iverilog/ivtest/ivltests/ldelay2.v
iverilog	ivtest/ivltests/ldelay3.v	stimuli/sv/subs/iverilog/ivtest/ivltests/ldelay3.v
iverilog	ivtest/ivltests/ldelay4.v	stimuli/sv/subs/iverilog/ivtest/ivltests/ldelay4.v
iverilog	ivtest/ivltests/ldelay5.v	stimuli/sv/subs/iverilog/ivtest/ivltests/ldelay5.v
iverilog	ivtest/ivltests/lh_catadd.v	stimuli/sv/subs/iverilog/ivtest/ivltests/lh_catadd.v
iverilog	ivtest/ivltests/lh_memcat.v	stimuli/sv/subs/iverilog/ivtest/ivltests/lh_memcat.v
iverilog	ivtest/ivltests/lh_memcat2.v	stimuli/sv/subs/iverilog/ivtest/ivltests/lh_memcat2.v
iverilog	ivtest/ivltests/lh_memcat3.v	stimuli/sv/subs/iverilog/ivtest/ivltests/lh_memcat3.v
iverilog	ivtest/ivltests/lh_varindx.v	stimuli/sv/subs/iverilog/ivtest/ivltests/lh_varindx.v
iverilog	ivtest/ivltests/lh_varindx2.v	stimuli/sv/subs/iverilog/ivtest/ivltests/lh_varindx2.v
iverilog	ivtest/ivltests/lh_varindx4.v	stimuli/sv/subs/iverilog/ivtest/ivltests/lh_varindx4.v
iverilog	ivtest/ivltests/lh_varindx5.v	stimuli/sv/subs/iverilog/ivtest/ivltests/lh_varindx5.v
iverilog	ivtest/ivltests/localparam_type.v	stimuli/sv/subs/iverilog/ivtest/ivltests/localparam_type.v
iverilog	ivtest/ivltests/long_div.v	stimuli/sv/subs/iverilog/ivtest/ivltests/long_div.v
iverilog	ivtest/ivltests/macro2.v	stimuli/sv/subs/iverilog/ivtest/ivltests/macro2.v
iverilog	ivtest/ivltests/macro_args.v	stimuli/sv/subs/iverilog/ivtest/ivltests/macro_args.v
iverilog	ivtest/ivltests/macro_comment1.v	stimuli/sv/subs/iverilog/ivtest/ivltests/macro_comment1.v
iverilog	ivtest/ivltests/macro_comment2.v	stimuli/sv/subs/iverilog/ivtest/ivltests/macro_comment2.v
iverilog	ivtest/ivltests/macro_comment3.v	stimuli/sv/subs/iverilog/ivtest/ivltests/macro_comment3.v
iverilog	ivtest/ivltests/macro_comment_multiline.v	stimuli/sv/subs/iverilog/ivtest/ivltests/macro_comment_multiline.v
iverilog	ivtest/ivltests/macro_redefinition.v	stimuli/sv/subs/iverilog/ivtest/ivltests/macro_redefinition.v
iverilog	ivtest/ivltests/macro_replacement.v	stimuli/sv/subs/iverilog/ivtest/ivltests/macro_replacement.v
iverilog	ivtest/ivltests/macro_str_esc.v	stimuli/sv/subs/iverilog/ivtest/ivltests/macro_str_esc.v
iverilog	ivtest/ivltests/macsub.v	stimuli/sv/subs/iverilog/ivtest/ivltests/macsub.v
iverilog	ivtest/ivltests/mangle.v	stimuli/sv/subs/iverilog/ivtest/ivltests/mangle.v
iverilog	ivtest/ivltests/mangle_1.v	stimuli/sv/subs/iverilog/ivtest/ivltests/mangle_1.v
iverilog	ivtest/ivltests/many_drivers.v	stimuli/sv/subs/iverilog/ivtest/ivltests/many_drivers.v
iverilog	ivtest/ivltests/mcl2.v	stimuli/sv/subs/iverilog/ivtest/ivltests/mcl2.v
iverilog	ivtest/ivltests/mem1.v	stimuli/sv/subs/iverilog/ivtest/ivltests/mem1.v
iverilog	ivtest/ivltests/mem2port.v	stimuli/sv/subs/iverilog/ivtest/ivltests/mem2port.v
iverilog	ivtest/ivltests/memassign.v	stimuli/sv/subs/iverilog/ivtest/ivltests/memassign.v
iverilog	ivtest/ivltests/memidx.v	stimuli/sv/subs/iverilog/ivtest/ivltests/memidx.v
iverilog	ivtest/ivltests/memidxrng.v	stimuli/sv/subs/iverilog/ivtest/ivltests/memidxrng.v
iverilog	ivtest/ivltests/meminit.v	stimuli/sv/subs/iverilog/ivtest/ivltests/meminit.v
iverilog	ivtest/ivltests/meminit2.v	stimuli/sv/subs/iverilog/ivtest/ivltests/meminit2.v
iverilog	ivtest/ivltests/memport_bs.v	stimuli/sv/subs/iverilog/ivtest/ivltests/memport_bs.v
iverilog	ivtest/ivltests/memref.v	stimuli/sv/subs/iverilog/ivtest/ivltests/memref.v
iverilog	ivtest/ivltests/memsynth1.v	stimuli/sv/subs/iverilog/ivtest/ivltests/memsynth1.v
iverilog	ivtest/ivltests/memsynth2.v	stimuli/sv/subs/iverilog/ivtest/ivltests/memsynth2.v
iverilog	ivtest/ivltests/memsynth3.v	stimuli/sv/subs/iverilog/ivtest/ivltests/memsynth3.v
iverilog	ivtest/ivltests/memsynth4.v	stimuli/sv/subs/iverilog/ivtest/ivltests/memsynth4.v
iverilog	ivtest/ivltests/memsynth5.v	stimuli/sv/subs/iverilog/ivtest/ivltests/memsynth5.v
iverilog	ivtest/ivltests/memsynth6.v	stimuli/sv/subs/iverilog/ivtest/ivltests/memsynth6.v
iverilog	ivtest/ivltests/memsynth7.v	stimuli/sv/subs/iverilog/ivtest/ivltests/memsynth7.v
iverilog	ivtest/ivltests/memsynth9.v	stimuli/sv/subs/iverilog/ivtest/ivltests/memsynth9.v
iverilog	ivtest/ivltests/mhead_task.v	stimuli/sv/subs/iverilog/ivtest/ivltests/mhead_task.v
iverilog	ivtest/ivltests/mix_reset.v	stimuli/sv/subs/iverilog/ivtest/ivltests/mix_reset.v
iverilog	ivtest/ivltests/mixed_type_div_mod.v	stimuli/sv/subs/iverilog/ivtest/ivltests/mixed_type_div_mod.v
iverilog	ivtest/ivltests/mixed_width_case.v	stimuli/sv/subs/iverilog/ivtest/ivltests/mixed_width_case.v
iverilog	ivtest/ivltests/modparam.v	stimuli/sv/subs/iverilog/ivtest/ivltests/modparam.v
iverilog	ivtest/ivltests/module3.12A.v	stimuli/sv/subs/iverilog/ivtest/ivltests/module3.12A.v
iverilog	ivtest/ivltests/module3.12B.v	stimuli/sv/subs/iverilog/ivtest/ivltests/module3.12B.v
iverilog	ivtest/ivltests/module_inout_port_list_def.v	stimuli/sv/subs/iverilog/ivtest/ivltests/module_inout_port_list_def.v
iverilog	ivtest/ivltests/module_inout_port_type.v	stimuli/sv/subs/iverilog/ivtest/ivltests/module_inout_port_type.v
iverilog	ivtest/ivltests/module_input_port_list_def.v	stimuli/sv/subs/iverilog/ivtest/ivltests/module_input_port_list_def.v
iverilog	ivtest/ivltests/module_input_port_type.v	stimuli/sv/subs/iverilog/ivtest/ivltests/module_input_port_type.v
iverilog	ivtest/ivltests/module_nonansi_fail1.v	stimuli/sv/subs/iverilog/ivtest/ivltests/module_nonansi_fail1.v
iverilog	ivtest/ivltests/module_nonansi_fail10.v	stimuli/sv/subs/iverilog/ivtest/ivltests/module_nonansi_fail10.v
iverilog	ivtest/ivltests/module_nonansi_fail11.v	stimuli/sv/subs/iverilog/ivtest/ivltests/module_nonansi_fail11.v
iverilog	ivtest/ivltests/module_nonansi_fail12.v	stimuli/sv/subs/iverilog/ivtest/ivltests/module_nonansi_fail12.v
iverilog	ivtest/ivltests/module_nonansi_fail13.v	stimuli/sv/subs/iverilog/ivtest/ivltests/module_nonansi_fail13.v
iverilog	ivtest/ivltests/module_nonansi_fail2.v	stimuli/sv/subs/iverilog/ivtest/ivltests/module_nonansi_fail2.v
iverilog	ivtest/ivltests/module_nonansi_fail3.v	stimuli/sv/subs/iverilog/ivtest/ivltests/module_nonansi_fail3.v
iverilog	ivtest/ivltests/module_nonansi_fail4.v	stimuli/sv/subs/iverilog/ivtest/ivltests/module_nonansi_fail4.v
iverilog	ivtest/ivltests/module_nonansi_fail5.v	stimuli/sv/subs/iverilog/ivtest/ivltests/module_nonansi_fail5.v
iverilog	ivtest/ivltests/module_nonansi_fail6.v	stimuli/sv/subs/iverilog/ivtest/ivltests/module_nonansi_fail6.v
iverilog	ivtest/ivltests/module_nonansi_fail7.v	stimuli/sv/subs/iverilog/ivtest/ivltests/module_nonansi_fail7.v
iverilog	ivtest/ivltests/module_nonansi_fail8.v	stimuli/sv/subs/iverilog/ivtest/ivltests/module_nonansi_fail8.v
iverilog	ivtest/ivltests/module_nonansi_fail9.v	stimuli/sv/subs/iverilog/ivtest/ivltests/module_nonansi_fail9.v
iverilog	ivtest/ivltests/module_nonansi_integer1.v	stimuli/sv/subs/iverilog/ivtest/ivltests/module_nonansi_integer1.v
iverilog	ivtest/ivltests/module_nonansi_integer2.v	stimuli/sv/subs/iverilog/ivtest/ivltests/module_nonansi_integer2.v
iverilog	ivtest/ivltests/module_nonansi_integer_fail.v	stimuli/sv/subs/iverilog/ivtest/ivltests/module_nonansi_integer_fail.v
iverilog	ivtest/ivltests/module_nonansi_time1.v	stimuli/sv/subs/iverilog/ivtest/ivltests/module_nonansi_time1.v
iverilog	ivtest/ivltests/module_nonansi_time2.v	stimuli/sv/subs/iverilog/ivtest/ivltests/module_nonansi_time2.v
iverilog	ivtest/ivltests/module_nonansi_time_fail.v	stimuli/sv/subs/iverilog/ivtest/ivltests/module_nonansi_time_fail.v
iverilog	ivtest/ivltests/module_nonansi_vec1.v	stimuli/sv/subs/iverilog/ivtest/ivltests/module_nonansi_vec1.v
iverilog	ivtest/ivltests/module_nonansi_vec2.v	stimuli/sv/subs/iverilog/ivtest/ivltests/module_nonansi_vec2.v
iverilog	ivtest/ivltests/module_nonansi_vec_fail1.v	stimuli/sv/subs/iverilog/ivtest/ivltests/module_nonansi_vec_fail1.v
iverilog	ivtest/ivltests/module_nonansi_vec_fail2.v	stimuli/sv/subs/iverilog/ivtest/ivltests/module_nonansi_vec_fail2.v
iverilog	ivtest/ivltests/module_nonansi_vec_fail3.v	stimuli/sv/subs/iverilog/ivtest/ivltests/module_nonansi_vec_fail3.v
iverilog	ivtest/ivltests/module_ordered_list2.v	stimuli/sv/subs/iverilog/ivtest/ivltests/module_ordered_list2.v
iverilog	ivtest/ivltests/module_output_port_list_def.v	stimuli/sv/subs/iverilog/ivtest/ivltests/module_output_port_list_def.v
iverilog	ivtest/ivltests/module_output_port_var1.v	stimuli/sv/subs/iverilog/ivtest/ivltests/module_output_port_var1.v
iverilog	ivtest/ivltests/module_output_port_var2.v	stimuli/sv/subs/iverilog/ivtest/ivltests/module_output_port_var2.v
iverilog	ivtest/ivltests/module_port_range_mismatch.v	stimuli/sv/subs/iverilog/ivtest/ivltests/module_port_range_mismatch.v
iverilog	ivtest/ivltests/modulus.v	stimuli/sv/subs/iverilog/ivtest/ivltests/modulus.v
iverilog	ivtest/ivltests/modulus2.v	stimuli/sv/subs/iverilog/ivtest/ivltests/modulus2.v
iverilog	ivtest/ivltests/monitor.v	stimuli/sv/subs/iverilog/ivtest/ivltests/monitor.v
iverilog	ivtest/ivltests/monitor2.v	stimuli/sv/subs/iverilog/ivtest/ivltests/monitor2.v
iverilog	ivtest/ivltests/monitor3.v	stimuli/sv/subs/iverilog/ivtest/ivltests/monitor3.v
iverilog	ivtest/ivltests/monitor4.v	stimuli/sv/subs/iverilog/ivtest/ivltests/monitor4.v
iverilog	ivtest/ivltests/mult1.v	stimuli/sv/subs/iverilog/ivtest/ivltests/mult1.v
iverilog	ivtest/ivltests/mult2.v	stimuli/sv/subs/iverilog/ivtest/ivltests/mult2.v
iverilog	ivtest/ivltests/multi_bit_strength.v	stimuli/sv/subs/iverilog/ivtest/ivltests/multi_bit_strength.v
iverilog	ivtest/ivltests/multi_driver_delay.v	stimuli/sv/subs/iverilog/ivtest/ivltests/multi_driver_delay.v
iverilog	ivtest/ivltests/multiply_large.v	stimuli/sv/subs/iverilog/ivtest/ivltests/multiply_large.v
iverilog	ivtest/ivltests/muxtest.v	stimuli/sv/subs/iverilog/ivtest/ivltests/muxtest.v
iverilog	ivtest/ivltests/named_event_negedge_fail.v	stimuli/sv/subs/iverilog/ivtest/ivltests/named_event_negedge_fail.v
iverilog	ivtest/ivltests/named_event_posedge_fail.v	stimuli/sv/subs/iverilog/ivtest/ivltests/named_event_posedge_fail.v
iverilog	ivtest/ivltests/nb_assign.v	stimuli/sv/subs/iverilog/ivtest/ivltests/nb_assign.v
iverilog	ivtest/ivltests/nb_delay.v	stimuli/sv/subs/iverilog/ivtest/ivltests/nb_delay.v
iverilog	ivtest/ivltests/nb_ec_concat.v	stimuli/sv/subs/iverilog/ivtest/ivltests/nb_ec_concat.v
iverilog	ivtest/ivltests/nb_ec_multi_ev.v	stimuli/sv/subs/iverilog/ivtest/ivltests/nb_ec_multi_ev.v
iverilog	ivtest/ivltests/nb_ec_repeat_auto.v	stimuli/sv/subs/iverilog/ivtest/ivltests/nb_ec_repeat_auto.v
iverilog	ivtest/ivltests/nblkorder.v	stimuli/sv/subs/iverilog/ivtest/ivltests/nblkorder.v
iverilog	ivtest/ivltests/negative_genvar.v	stimuli/sv/subs/iverilog/ivtest/ivltests/negative_genvar.v
iverilog	ivtest/ivltests/negvalue.v	stimuli/sv/subs/iverilog/ivtest/ivltests/negvalue.v
iverilog	ivtest/ivltests/neq1.v	stimuli/sv/subs/iverilog/ivtest/ivltests/neq1.v
iverilog	ivtest/ivltests/nested_func.v	stimuli/sv/subs/iverilog/ivtest/ivltests/nested_func.v
iverilog	ivtest/ivltests/nested_impl_event1.v	stimuli/sv/subs/iverilog/ivtest/ivltests/nested_impl_event1.v
iverilog	ivtest/ivltests/nested_impl_event2.v	stimuli/sv/subs/iverilog/ivtest/ivltests/nested_impl_event2.v
iverilog	ivtest/ivltests/no_if_statement.v	stimuli/sv/subs/iverilog/ivtest/ivltests/no_if_statement.v
iverilog	ivtest/ivltests/no_timescale_in_module.v	stimuli/sv/subs/iverilog/ivtest/ivltests/no_timescale_in_module.v
iverilog	ivtest/ivltests/non-polymorphic-abs.v	stimuli/sv/subs/iverilog/ivtest/ivltests/non-polymorphic-abs.v
iverilog	ivtest/ivltests/npmos.v	stimuli/sv/subs/iverilog/ivtest/ivltests/npmos.v
iverilog	ivtest/ivltests/npmos2.v	stimuli/sv/subs/iverilog/ivtest/ivltests/npmos2.v
iverilog	ivtest/ivltests/p_monta.v	stimuli/sv/subs/iverilog/ivtest/ivltests/p_monta.v
iverilog	ivtest/ivltests/par_mismatch.v	stimuli/sv/subs/iverilog/ivtest/ivltests/par_mismatch.v
iverilog	ivtest/ivltests/param-extend.v	stimuli/sv/subs/iverilog/ivtest/ivltests/param-extend.v
iverilog	ivtest/ivltests/param-width.v	stimuli/sv/subs/iverilog/ivtest/ivltests/param-width.v
iverilog	ivtest/ivltests/param_add.v	stimuli/sv/subs/iverilog/ivtest/ivltests/param_add.v
iverilog	ivtest/ivltests/param_and.v	stimuli/sv/subs/iverilog/ivtest/ivltests/param_and.v
iverilog	ivtest/ivltests/param_and2.v	stimuli/sv/subs/iverilog/ivtest/ivltests/param_and2.v
iverilog	ivtest/ivltests/param_band.v	stimuli/sv/subs/iverilog/ivtest/ivltests/param_band.v
iverilog	ivtest/ivltests/param_binv.v	stimuli/sv/subs/iverilog/ivtest/ivltests/param_binv.v
iverilog	ivtest/ivltests/param_bor.v	stimuli/sv/subs/iverilog/ivtest/ivltests/param_bor.v
iverilog	ivtest/ivltests/param_concat.v	stimuli/sv/subs/iverilog/ivtest/ivltests/param_concat.v
iverilog	ivtest/ivltests/param_eq3.v	stimuli/sv/subs/iverilog/ivtest/ivltests/param_eq3.v
iverilog	ivtest/ivltests/param_expr.v	stimuli/sv/subs/iverilog/ivtest/ivltests/param_expr.v
iverilog	ivtest/ivltests/param_mod.v	stimuli/sv/subs/iverilog/ivtest/ivltests/param_mod.v
iverilog	ivtest/ivltests/param_select.v	stimuli/sv/subs/iverilog/ivtest/ivltests/param_select.v
iverilog	ivtest/ivltests/param_select2.v	stimuli/sv/subs/iverilog/ivtest/ivltests/param_select2.v
iverilog	ivtest/ivltests/param_select3.v	stimuli/sv/subs/iverilog/ivtest/ivltests/param_select3.v
iverilog	ivtest/ivltests/param_string.v	stimuli/sv/subs/iverilog/ivtest/ivltests/param_string.v
iverilog	ivtest/ivltests/param_tern.v	stimuli/sv/subs/iverilog/ivtest/ivltests/param_tern.v
iverilog	ivtest/ivltests/param_tern2.v	stimuli/sv/subs/iverilog/ivtest/ivltests/param_tern2.v
iverilog	ivtest/ivltests/param_test1.v	stimuli/sv/subs/iverilog/ivtest/ivltests/param_test1.v
iverilog	ivtest/ivltests/param_test2.v	stimuli/sv/subs/iverilog/ivtest/ivltests/param_test2.v
iverilog	ivtest/ivltests/param_test3.v	stimuli/sv/subs/iverilog/ivtest/ivltests/param_test3.v
iverilog	ivtest/ivltests/param_test4.v	stimuli/sv/subs/iverilog/ivtest/ivltests/param_test4.v
iverilog	ivtest/ivltests/param_times.v	stimuli/sv/subs/iverilog/ivtest/ivltests/param_times.v
iverilog	ivtest/ivltests/parameter_1bit.v	stimuli/sv/subs/iverilog/ivtest/ivltests/parameter_1bit.v
iverilog	ivtest/ivltests/parameter_in_generate1.v	stimuli/sv/subs/iverilog/ivtest/ivltests/parameter_in_generate1.v
iverilog	ivtest/ivltests/parameter_omit1.v	stimuli/sv/subs/iverilog/ivtest/ivltests/parameter_omit1.v
iverilog	ivtest/ivltests/parameter_omit2.v	stimuli/sv/subs/iverilog/ivtest/ivltests/parameter_omit2.v
iverilog	ivtest/ivltests/parameter_omit3.v	stimuli/sv/subs/iverilog/ivtest/ivltests/parameter_omit3.v
iverilog	ivtest/ivltests/parameter_omit_invalid1.v	stimuli/sv/subs/iverilog/ivtest/ivltests/parameter_omit_invalid1.v
iverilog	ivtest/ivltests/parameter_omit_invalid2.v	stimuli/sv/subs/iverilog/ivtest/ivltests/parameter_omit_invalid2.v
iverilog	ivtest/ivltests/parameter_omit_invalid3.v	stimuli/sv/subs/iverilog/ivtest/ivltests/parameter_omit_invalid3.v
iverilog	ivtest/ivltests/parameter_override_invalid1.v	stimuli/sv/subs/iverilog/ivtest/ivltests/parameter_override_invalid1.v
iverilog	ivtest/ivltests/parameter_override_invalid2.v	stimuli/sv/subs/iverilog/ivtest/ivltests/parameter_override_invalid2.v
iverilog	ivtest/ivltests/parameter_override_invalid3.v	stimuli/sv/subs/iverilog/ivtest/ivltests/parameter_override_invalid3.v
iverilog	ivtest/ivltests/parameter_override_invalid4.v	stimuli/sv/subs/iverilog/ivtest/ivltests/parameter_override_invalid4.v
iverilog	ivtest/ivltests/parameter_override_invalid5.v	stimuli/sv/subs/iverilog/ivtest/ivltests/parameter_override_invalid5.v
iverilog	ivtest/ivltests/parameter_override_invalid6.v	stimuli/sv/subs/iverilog/ivtest/ivltests/parameter_override_invalid6.v
iverilog	ivtest/ivltests/parameter_type.v	stimuli/sv/subs/iverilog/ivtest/ivltests/parameter_type.v
iverilog	ivtest/ivltests/partsel_invalid_idx1.v	stimuli/sv/subs/iverilog/ivtest/ivltests/partsel_invalid_idx1.v
iverilog	ivtest/ivltests/partsel_invalid_idx2.v	stimuli/sv/subs/iverilog/ivtest/ivltests/partsel_invalid_idx2.v
iverilog	ivtest/ivltests/partsel_invalid_idx3.v	stimuli/sv/subs/iverilog/ivtest/ivltests/partsel_invalid_idx3.v
iverilog	ivtest/ivltests/partsel_invalid_idx4.v	stimuli/sv/subs/iverilog/ivtest/ivltests/partsel_invalid_idx4.v
iverilog	ivtest/ivltests/partsel_invalid_idx5.v	stimuli/sv/subs/iverilog/ivtest/ivltests/partsel_invalid_idx5.v
iverilog	ivtest/ivltests/partsel_invalid_idx6.v	stimuli/sv/subs/iverilog/ivtest/ivltests/partsel_invalid_idx6.v
iverilog	ivtest/ivltests/partsel_outside_const.v	stimuli/sv/subs/iverilog/ivtest/ivltests/partsel_outside_const.v
iverilog	ivtest/ivltests/partsel_outside_expr.v	stimuli/sv/subs/iverilog/ivtest/ivltests/partsel_outside_expr.v
iverilog	ivtest/ivltests/partsel_reversed_idx1.v	stimuli/sv/subs/iverilog/ivtest/ivltests/partsel_reversed_idx1.v
iverilog	ivtest/ivltests/partsel_reversed_idx2.v	stimuli/sv/subs/iverilog/ivtest/ivltests/partsel_reversed_idx2.v
iverilog	ivtest/ivltests/partsel_reversed_idx3.v	stimuli/sv/subs/iverilog/ivtest/ivltests/partsel_reversed_idx3.v
iverilog	ivtest/ivltests/partsel_reversed_idx4.v	stimuli/sv/subs/iverilog/ivtest/ivltests/partsel_reversed_idx4.v
iverilog	ivtest/ivltests/partsel_reversed_idx5.v	stimuli/sv/subs/iverilog/ivtest/ivltests/partsel_reversed_idx5.v
iverilog	ivtest/ivltests/partsel_reversed_idx6.v	stimuli/sv/subs/iverilog/ivtest/ivltests/partsel_reversed_idx6.v
iverilog	ivtest/ivltests/patch1268.v	stimuli/sv/subs/iverilog/ivtest/ivltests/patch1268.v
iverilog	ivtest/ivltests/pca1.v	stimuli/sv/subs/iverilog/ivtest/ivltests/pca1.v
iverilog	ivtest/ivltests/port-test2.v	stimuli/sv/subs/iverilog/ivtest/ivltests/port-test2.v
iverilog	ivtest/ivltests/port-test3.v	stimuli/sv/subs/iverilog/ivtest/ivltests/port-test3.v
iverilog	ivtest/ivltests/port-test4a.v	stimuli/sv/subs/iverilog/ivtest/ivltests/port-test4a.v
iverilog	ivtest/ivltests/port-test4b.v	stimuli/sv/subs/iverilog/ivtest/ivltests/port-test4b.v
iverilog	ivtest/ivltests/port-test5.v	stimuli/sv/subs/iverilog/ivtest/ivltests/port-test5.v
iverilog	ivtest/ivltests/port-test6.v	stimuli/sv/subs/iverilog/ivtest/ivltests/port-test6.v
iverilog	ivtest/ivltests/port-test7.v	stimuli/sv/subs/iverilog/ivtest/ivltests/port-test7.v
iverilog	ivtest/ivltests/posedge.v	stimuli/sv/subs/iverilog/ivtest/ivltests/posedge.v
iverilog	ivtest/ivltests/pow-ca.v	stimuli/sv/subs/iverilog/ivtest/ivltests/pow-ca.v
iverilog	ivtest/ivltests/pow-const.v	stimuli/sv/subs/iverilog/ivtest/ivltests/pow-const.v
iverilog	ivtest/ivltests/pow-proc.v	stimuli/sv/subs/iverilog/ivtest/ivltests/pow-proc.v
iverilog	ivtest/ivltests/pow_ca_signed.v	stimuli/sv/subs/iverilog/ivtest/ivltests/pow_ca_signed.v
iverilog	ivtest/ivltests/pow_ca_unsigned.v	stimuli/sv/subs/iverilog/ivtest/ivltests/pow_ca_unsigned.v
iverilog	ivtest/ivltests/pow_reg_signed.v	stimuli/sv/subs/iverilog/ivtest/ivltests/pow_reg_signed.v
iverilog	ivtest/ivltests/pow_reg_unsigned.v	stimuli/sv/subs/iverilog/ivtest/ivltests/pow_reg_unsigned.v
iverilog	ivtest/ivltests/pow_signed.v	stimuli/sv/subs/iverilog/ivtest/ivltests/pow_signed.v
iverilog	ivtest/ivltests/pow_unsigned.v	stimuli/sv/subs/iverilog/ivtest/ivltests/pow_unsigned.v
iverilog	ivtest/ivltests/pr1002.v	stimuli/sv/subs/iverilog/ivtest/ivltests/pr1002.v
iverilog	ivtest/ivltests/pr1002a.v	stimuli/sv/subs/iverilog/ivtest/ivltests/pr1002a.v
iverilog	ivtest/ivltests/pr1007.v	stimuli/sv/subs/iverilog/ivtest/ivltests/pr1007.v
iverilog	ivtest/ivltests/pr1008.v	stimuli/sv/subs/iverilog/ivtest/ivltests/pr1008.v
iverilog	ivtest/ivltests/pr1022.v	stimuli/sv/subs/iverilog/ivtest/ivltests/pr1022.v
iverilog	ivtest/ivltests/pr1024.v	stimuli/sv/subs/iverilog/ivtest/ivltests/pr1024.v
iverilog	ivtest/ivltests/pr1026.v	stimuli/sv/subs/iverilog/ivtest/ivltests/pr1026.v
iverilog	ivtest/ivltests/pr1029.v	stimuli/sv/subs/iverilog/ivtest/ivltests/pr1029.v
iverilog	ivtest/ivltests/pr1032.v	stimuli/sv/subs/iverilog/ivtest/ivltests/pr1032.v
iverilog	ivtest/ivltests/pr1033.v	stimuli/sv/subs/iverilog/ivtest/ivltests/pr1033.v
iverilog	ivtest/ivltests/pr1065.v	stimuli/sv/subs/iverilog/ivtest/ivltests/pr1065.v
iverilog	ivtest/ivltests/pr1072.v	stimuli/sv/subs/iverilog/ivtest/ivltests/pr1072.v
iverilog	ivtest/ivltests/pr1077.v	stimuli/sv/subs/iverilog/ivtest/ivltests/pr1077.v
iverilog	ivtest/ivltests/pr1087.v	stimuli/sv/subs/iverilog/ivtest/ivltests/pr1087.v
iverilog	ivtest/ivltests/pr1101.v	stimuli/sv/subs/iverilog/ivtest/ivltests/pr1101.v
iverilog	ivtest/ivltests/pr1115.v	stimuli/sv/subs/iverilog/ivtest/ivltests/pr1115.v
iverilog	ivtest/ivltests/pr1353345.v	stimuli/sv/subs/iverilog/ivtest/ivltests/pr1353345.v
iverilog	ivtest/ivltests/pr1353345b.v	stimuli/sv/subs/iverilog/ivtest/ivltests/pr1353345b.v
iverilog	ivtest/ivltests/pr136.v	stimuli/sv/subs/iverilog/ivtest/ivltests/pr136.v
iverilog	ivtest/ivltests/pr1367855.v	stimuli/sv/subs/iverilog/ivtest/ivltests/pr1367855.v
iverilog	ivtest/ivltests/pr1380261.v	stimuli/sv/subs/iverilog/ivtest/ivltests/pr1380261.v
iverilog	ivtest/ivltests/pr1388974.v	stimuli/sv/subs/iverilog/ivtest/ivltests/pr1388974.v
iverilog	ivtest/ivltests/pr1403406.v	stimuli/sv/subs/iverilog/ivtest/ivltests/pr1403406.v
iverilog	ivtest/ivltests/pr1403406a.v	stimuli/sv/subs/iverilog/ivtest/ivltests/pr1403406a.v
iverilog	ivtest/ivltests/pr1403406b.v	stimuli/sv/subs/iverilog/ivtest/ivltests/pr1403406b.v
iverilog	ivtest/ivltests/pr142.v	stimuli/sv/subs/iverilog/ivtest/ivltests/pr142.v
iverilog	ivtest/ivltests/pr1421777.v	stimuli/sv/subs/iverilog/ivtest/ivltests/pr1421777.v
iverilog	ivtest/ivltests/pr1444055.v	stimuli/sv/subs/iverilog/ivtest/ivltests/pr1444055.v
iverilog	ivtest/ivltests/pr1449749a.v	stimuli/sv/subs/iverilog/ivtest/ivltests/pr1449749a.v
iverilog	ivtest/ivltests/pr1455873.v	stimuli/sv/subs/iverilog/ivtest/ivltests/pr1455873.v
iverilog	ivtest/ivltests/pr1465769.v	stimuli/sv/subs/iverilog/ivtest/ivltests/pr1465769.v
iverilog	ivtest/ivltests/pr1467825.v	stimuli/sv/subs/iverilog/ivtest/ivltests/pr1467825.v
iverilog	ivtest/ivltests/pr1474283.v	stimuli/sv/subs/iverilog/ivtest/ivltests/pr1474283.v
iverilog	ivtest/ivltests/pr1474316.v	stimuli/sv/subs/iverilog/ivtest/ivltests/pr1474316.v
iverilog	ivtest/ivltests/pr1474318.v	stimuli/sv/subs/iverilog/ivtest/ivltests/pr1474318.v
iverilog	ivtest/ivltests/pr1476440.v	stimuli/sv/subs/iverilog/ivtest/ivltests/pr1476440.v
iverilog	ivtest/ivltests/pr1477190.v	stimuli/sv/subs/iverilog/ivtest/ivltests/pr1477190.v
iverilog	ivtest/ivltests/pr1478121.v	stimuli/sv/subs/iverilog/ivtest/ivltests/pr1478121.v
iverilog	ivtest/ivltests/pr1478988.v	stimuli/sv/subs/iverilog/ivtest/ivltests/pr1478988.v
iverilog	ivtest/ivltests/pr1489568.v	stimuli/sv/subs/iverilog/ivtest/ivltests/pr1489568.v
iverilog	ivtest/ivltests/pr1489570.v	stimuli/sv/subs/iverilog/ivtest/ivltests/pr1489570.v
iverilog	ivtest/ivltests/pr1491355.v	stimuli/sv/subs/iverilog/ivtest/ivltests/pr1491355.v
iverilog	ivtest/ivltests/pr1492075.v	stimuli/sv/subs/iverilog/ivtest/ivltests/pr1492075.v
iverilog	ivtest/ivltests/pr1508882.v	stimuli/sv/subs/iverilog/ivtest/ivltests/pr1508882.v
iverilog	ivtest/ivltests/pr1510724.v	stimuli/sv/subs/iverilog/ivtest/ivltests/pr1510724.v
iverilog	ivtest/ivltests/pr1515168.v	stimuli/sv/subs/iverilog/ivtest/ivltests/pr1515168.v
iverilog	ivtest/ivltests/pr1520314.v	stimuli/sv/subs/iverilog/ivtest/ivltests/pr1520314.v
iverilog	ivtest/ivltests/pr1522570.v	stimuli/sv/subs/iverilog/ivtest/ivltests/pr1522570.v
iverilog	ivtest/ivltests/pr1530426.v	stimuli/sv/subs/iverilog/ivtest/ivltests/pr1530426.v
iverilog	ivtest/ivltests/pr1561597.v	stimuli/sv/subs/iverilog/ivtest/ivltests/pr1561597.v
iverilog	ivtest/ivltests/pr1565544.v	stimuli/sv/subs/iverilog/ivtest/ivltests/pr1565544.v
iverilog	ivtest/ivltests/pr1565699b.v	stimuli/sv/subs/iverilog/ivtest/ivltests/pr1565699b.v
iverilog	ivtest/ivltests/pr1570451.v	stimuli/sv/subs/iverilog/ivtest/ivltests/pr1570451.v
iverilog	ivtest/ivltests/pr1570451b.v	stimuli/sv/subs/iverilog/ivtest/ivltests/pr1570451b.v
iverilog	ivtest/ivltests/pr1570635.v	stimuli/sv/subs/iverilog/ivtest/ivltests/pr1570635.v
iverilog	ivtest/ivltests/pr1570635b.v	stimuli/sv/subs/iverilog/ivtest/ivltests/pr1570635b.v
iverilog	ivtest/ivltests/pr1574175.v	stimuli/sv/subs/iverilog/ivtest/ivltests/pr1574175.v
iverilog	ivtest/ivltests/pr1581580.v	stimuli/sv/subs/iverilog/ivtest/ivltests/pr1581580.v
iverilog	ivtest/ivltests/pr1587634.v	stimuli/sv/subs/iverilog/ivtest/ivltests/pr1587634.v
iverilog	ivtest/ivltests/pr1587669.v	stimuli/sv/subs/iverilog/ivtest/ivltests/pr1587669.v
iverilog	ivtest/ivltests/pr1589497.v	stimuli/sv/subs/iverilog/ivtest/ivltests/pr1589497.v
iverilog	ivtest/ivltests/pr1598445.v	stimuli/sv/subs/iverilog/ivtest/ivltests/pr1598445.v
iverilog	ivtest/ivltests/pr1601896.v	stimuli/sv/subs/iverilog/ivtest/ivltests/pr1601896.v
iverilog	ivtest/ivltests/pr1601898.v	stimuli/sv/subs/iverilog/ivtest/ivltests/pr1601898.v
iverilog	ivtest/ivltests/pr1603313.v	stimuli/sv/subs/iverilog/ivtest/ivltests/pr1603313.v
iverilog	ivtest/ivltests/pr1603918.v	stimuli/sv/subs/iverilog/ivtest/ivltests/pr1603918.v
iverilog	ivtest/ivltests/pr1612693.v	stimuli/sv/subs/iverilog/ivtest/ivltests/pr1612693.v
iverilog	ivtest/ivltests/pr1623097.v	stimuli/sv/subs/iverilog/ivtest/ivltests/pr1623097.v
iverilog	ivtest/ivltests/pr1625912.v	stimuli/sv/subs/iverilog/ivtest/ivltests/pr1625912.v
iverilog	ivtest/ivltests/pr1628288.v	stimuli/sv/subs/iverilog/ivtest/ivltests/pr1628288.v
iverilog	ivtest/ivltests/pr1628300.v	stimuli/sv/subs/iverilog/ivtest/ivltests/pr1628300.v
iverilog	ivtest/ivltests/pr1629683.v	stimuli/sv/subs/iverilog/ivtest/ivltests/pr1629683.v
iverilog	ivtest/ivltests/pr1632861.v	stimuli/sv/subs/iverilog/ivtest/ivltests/pr1632861.v
iverilog	ivtest/ivltests/pr1634526.v	stimuli/sv/subs/iverilog/ivtest/ivltests/pr1634526.v
iverilog	ivtest/ivltests/pr1636409.v	stimuli/sv/subs/iverilog/ivtest/ivltests/pr1636409.v
iverilog	ivtest/ivltests/pr1637208.v	stimuli/sv/subs/iverilog/ivtest/ivltests/pr1637208.v
iverilog	ivtest/ivltests/pr1638985.v	stimuli/sv/subs/iverilog/ivtest/ivltests/pr1638985.v
iverilog	ivtest/ivltests/pr1639060.v	stimuli/sv/subs/iverilog/ivtest/ivltests/pr1639060.v
iverilog	ivtest/ivltests/pr1639064.v	stimuli/sv/subs/iverilog/ivtest/ivltests/pr1639064.v
iverilog	ivtest/ivltests/pr1639064b.v	stimuli/sv/subs/iverilog/ivtest/ivltests/pr1639064b.v
iverilog	ivtest/ivltests/pr1639968.v	stimuli/sv/subs/iverilog/ivtest/ivltests/pr1639968.v
iverilog	ivtest/ivltests/pr1639971.v	stimuli/sv/subs/iverilog/ivtest/ivltests/pr1639971.v
iverilog	ivtest/ivltests/pr1645277.v	stimuli/sv/subs/iverilog/ivtest/ivltests/pr1645277.v
iverilog	ivtest/ivltests/pr1645518.v	stimuli/sv/subs/iverilog/ivtest/ivltests/pr1645518.v
iverilog	ivtest/ivltests/pr1648365.v	stimuli/sv/subs/iverilog/ivtest/ivltests/pr1648365.v
iverilog	ivtest/ivltests/pr1650842.v	stimuli/sv/subs/iverilog/ivtest/ivltests/pr1650842.v
iverilog	ivtest/ivltests/pr1657307.v	stimuli/sv/subs/iverilog/ivtest/ivltests/pr1657307.v
iverilog	ivtest/ivltests/pr1661640.v	stimuli/sv/subs/iverilog/ivtest/ivltests/pr1661640.v
iverilog	ivtest/ivltests/pr1662508.v	stimuli/sv/subs/iverilog/ivtest/ivltests/pr1662508.v
iverilog	ivtest/ivltests/pr1664684.v	stimuli/sv/subs/iverilog/ivtest/ivltests/pr1664684.v
iverilog	ivtest/ivltests/pr1675789.v	stimuli/sv/subs/iverilog/ivtest/ivltests/pr1675789.v
iverilog	ivtest/ivltests/pr1675789b.v	stimuli/sv/subs/iverilog/ivtest/ivltests/pr1675789b.v
iverilog	ivtest/ivltests/pr1676071.v	stimuli/sv/subs/iverilog/ivtest/ivltests/pr1676071.v
iverilog	ivtest/ivltests/pr1676836.v	stimuli/sv/subs/iverilog/ivtest/ivltests/pr1676836.v
iverilog	ivtest/ivltests/pr1682887.v	stimuli/sv/subs/iverilog/ivtest/ivltests/pr1682887.v
iverilog	ivtest/ivltests/pr1687193.v	stimuli/sv/subs/iverilog/ivtest/ivltests/pr1687193.v
iverilog	ivtest/ivltests/pr1688717.v	stimuli/sv/subs/iverilog/ivtest/ivltests/pr1688717.v
iverilog	ivtest/ivltests/pr1690058.v	stimuli/sv/subs/iverilog/ivtest/ivltests/pr1690058.v
iverilog	ivtest/ivltests/pr1691599b.v	stimuli/sv/subs/iverilog/ivtest/ivltests/pr1691599b.v
iverilog	ivtest/ivltests/pr1691709.v	stimuli/sv/subs/iverilog/ivtest/ivltests/pr1691709.v
iverilog	ivtest/ivltests/pr1693890.v	stimuli/sv/subs/iverilog/ivtest/ivltests/pr1693890.v
iverilog	ivtest/ivltests/pr1693921.v	stimuli/sv/subs/iverilog/ivtest/ivltests/pr1693921.v
iverilog	ivtest/ivltests/pr1694413.v	stimuli/sv/subs/iverilog/ivtest/ivltests/pr1694413.v
iverilog	ivtest/ivltests/pr1694427.v	stimuli/sv/subs/iverilog/ivtest/ivltests/pr1694427.v
iverilog	ivtest/ivltests/pr1695257.v	stimuli/sv/subs/iverilog/ivtest/ivltests/pr1695257.v
iverilog	ivtest/ivltests/pr1695309.v	stimuli/sv/subs/iverilog/ivtest/ivltests/pr1695309.v
iverilog	ivtest/ivltests/pr1695322.v	stimuli/sv/subs/iverilog/ivtest/ivltests/pr1695322.v
iverilog	ivtest/ivltests/pr1695334.v	stimuli/sv/subs/iverilog/ivtest/ivltests/pr1695334.v
iverilog	ivtest/ivltests/pr1696137.v	stimuli/sv/subs/iverilog/ivtest/ivltests/pr1696137.v
iverilog	ivtest/ivltests/pr1697250.v	stimuli/sv/subs/iverilog/ivtest/ivltests/pr1697250.v
iverilog	ivtest/ivltests/pr1697732.v	stimuli/sv/subs/iverilog/ivtest/ivltests/pr1697732.v
iverilog	ivtest/ivltests/pr1698499.v	stimuli/sv/subs/iverilog/ivtest/ivltests/pr1698499.v
iverilog	ivtest/ivltests/pr1698658.v	stimuli/sv/subs/iverilog/ivtest/ivltests/pr1698658.v
iverilog	ivtest/ivltests/pr1698659.v	stimuli/sv/subs/iverilog/ivtest/ivltests/pr1698659.v
iverilog	ivtest/ivltests/pr1698820.v	stimuli/sv/subs/iverilog/ivtest/ivltests/pr1698820.v
iverilog	ivtest/ivltests/pr1699444.v	stimuli/sv/subs/iverilog/ivtest/ivltests/pr1699444.v
iverilog	ivtest/ivltests/pr1699519.v	stimuli/sv/subs/iverilog/ivtest/ivltests/pr1699519.v
iverilog	ivtest/ivltests/pr1701855.v	stimuli/sv/subs/iverilog/ivtest/ivltests/pr1701855.v
iverilog	ivtest/ivltests/pr1701855b.v	stimuli/sv/subs/iverilog/ivtest/ivltests/pr1701855b.v
iverilog	ivtest/ivltests/pr1701889.v	stimuli/sv/subs/iverilog/ivtest/ivltests/pr1701889.v
iverilog	ivtest/ivltests/pr1701890.v	stimuli/sv/subs/iverilog/ivtest/ivltests/pr1701890.v
iverilog	ivtest/ivltests/pr1701921.v	stimuli/sv/subs/iverilog/ivtest/ivltests/pr1701921.v
iverilog	ivtest/ivltests/pr1702593.v	stimuli/sv/subs/iverilog/ivtest/ivltests/pr1702593.v
iverilog	ivtest/ivltests/pr1703120.v	stimuli/sv/subs/iverilog/ivtest/ivltests/pr1703120.v
iverilog	ivtest/ivltests/pr1703346.v	stimuli/sv/subs/iverilog/ivtest/ivltests/pr1703346.v
iverilog	ivtest/ivltests/pr1703959.v	stimuli/sv/subs/iverilog/ivtest/ivltests/pr1703959.v
iverilog	ivtest/ivltests/pr1704013.v	stimuli/sv/subs/iverilog/ivtest/ivltests/pr1704013.v
iverilog	ivtest/ivltests/pr1704726a.v	stimuli/sv/subs/iverilog/ivtest/ivltests/pr1704726a.v
iverilog	ivtest/ivltests/pr1704726b.v	stimuli/sv/subs/iverilog/ivtest/ivltests/pr1704726b.v
iverilog	ivtest/ivltests/pr1704726c.v	stimuli/sv/subs/iverilog/ivtest/ivltests/pr1704726c.v
iverilog	ivtest/ivltests/pr1704726d.v	stimuli/sv/subs/iverilog/ivtest/ivltests/pr1704726d.v
iverilog	ivtest/ivltests/pr1705027.v	stimuli/sv/subs/iverilog/ivtest/ivltests/pr1705027.v
iverilog	ivtest/ivltests/pr1716276.v	stimuli/sv/subs/iverilog/ivtest/ivltests/pr1716276.v
iverilog	ivtest/ivltests/pr1717361.v	stimuli/sv/subs/iverilog/ivtest/ivltests/pr1717361.v
iverilog	ivtest/ivltests/pr1719055.v	stimuli/sv/subs/iverilog/ivtest/ivltests/pr1719055.v
iverilog	ivtest/ivltests/pr1723367.v	stimuli/sv/subs/iverilog/ivtest/ivltests/pr1723367.v
iverilog	ivtest/ivltests/pr1735724.v	stimuli/sv/subs/iverilog/ivtest/ivltests/pr1735724.v
iverilog	ivtest/ivltests/pr1735822.v	stimuli/sv/subs/iverilog/ivtest/ivltests/pr1735822.v
iverilog	ivtest/ivltests/pr1735836.v	stimuli/sv/subs/iverilog/ivtest/ivltests/pr1735836.v
iverilog	ivtest/ivltests/pr1740476b.v	stimuli/sv/subs/iverilog/ivtest/ivltests/pr1740476b.v
iverilog	ivtest/ivltests/pr1742910.v	stimuli/sv/subs/iverilog/ivtest/ivltests/pr1742910.v
iverilog	ivtest/ivltests/pr1745005.v	stimuli/sv/subs/iverilog/ivtest/ivltests/pr1745005.v
iverilog	ivtest/ivltests/pr1746401.v	stimuli/sv/subs/iverilog/ivtest/ivltests/pr1746401.v
iverilog	ivtest/ivltests/pr1746848.v	stimuli/sv/subs/iverilog/ivtest/ivltests/pr1746848.v
iverilog	ivtest/ivltests/pr1752353.v	stimuli/sv/subs/iverilog/ivtest/ivltests/pr1752353.v
iverilog	ivtest/ivltests/pr1752823a.v	stimuli/sv/subs/iverilog/ivtest/ivltests/pr1752823a.v
iverilog	ivtest/ivltests/pr1752823b.v	stimuli/sv/subs/iverilog/ivtest/ivltests/pr1752823b.v
iverilog	ivtest/ivltests/pr1755593.v	stimuli/sv/subs/iverilog/ivtest/ivltests/pr1755593.v
iverilog	ivtest/ivltests/pr1755629.v	stimuli/sv/subs/iverilog/ivtest/ivltests/pr1755629.v
iverilog	ivtest/ivltests/pr1758122.v	stimuli/sv/subs/iverilog/ivtest/ivltests/pr1758122.v
iverilog	ivtest/ivltests/pr1758135.v	stimuli/sv/subs/iverilog/ivtest/ivltests/pr1758135.v
iverilog	ivtest/ivltests/pr1763333.v	stimuli/sv/subs/iverilog/ivtest/ivltests/pr1763333.v
iverilog	ivtest/ivltests/pr1770199.v	stimuli/sv/subs/iverilog/ivtest/ivltests/pr1770199.v
iverilog	ivtest/ivltests/pr1776485.v	stimuli/sv/subs/iverilog/ivtest/ivltests/pr1776485.v
iverilog	ivtest/ivltests/pr1777103.v	stimuli/sv/subs/iverilog/ivtest/ivltests/pr1777103.v
iverilog	ivtest/ivltests/pr1780480.v	stimuli/sv/subs/iverilog/ivtest/ivltests/pr1780480.v
iverilog	ivtest/ivltests/pr1784984.v	stimuli/sv/subs/iverilog/ivtest/ivltests/pr1784984.v
iverilog	ivtest/ivltests/pr1787394a.v	stimuli/sv/subs/iverilog/ivtest/ivltests/pr1787394a.v
iverilog	ivtest/ivltests/pr1787394b.v	stimuli/sv/subs/iverilog/ivtest/ivltests/pr1787394b.v
iverilog	ivtest/ivltests/pr1787423.v	stimuli/sv/subs/iverilog/ivtest/ivltests/pr1787423.v
iverilog	ivtest/ivltests/pr1787423b.v	stimuli/sv/subs/iverilog/ivtest/ivltests/pr1787423b.v
iverilog	ivtest/ivltests/pr1787423c.v	stimuli/sv/subs/iverilog/ivtest/ivltests/pr1787423c.v
iverilog	ivtest/ivltests/pr1792108.v	stimuli/sv/subs/iverilog/ivtest/ivltests/pr1792108.v
iverilog	ivtest/ivltests/pr1792152.v	stimuli/sv/subs/iverilog/ivtest/ivltests/pr1792152.v
iverilog	ivtest/ivltests/pr1792734.v	stimuli/sv/subs/iverilog/ivtest/ivltests/pr1792734.v
iverilog	ivtest/ivltests/pr1793157.v	stimuli/sv/subs/iverilog/ivtest/ivltests/pr1793157.v
iverilog	ivtest/ivltests/pr1794362.v	stimuli/sv/subs/iverilog/ivtest/ivltests/pr1794362.v
iverilog	ivtest/ivltests/pr1795005a.v	stimuli/sv/subs/iverilog/ivtest/ivltests/pr1795005a.v
iverilog	ivtest/ivltests/pr1795005b.v	stimuli/sv/subs/iverilog/ivtest/ivltests/pr1795005b.v
iverilog	ivtest/ivltests/pr1799904.v	stimuli/sv/subs/iverilog/ivtest/ivltests/pr1799904.v
iverilog	ivtest/ivltests/pr1804877.v	stimuli/sv/subs/iverilog/ivtest/ivltests/pr1804877.v
iverilog	ivtest/ivltests/pr1805837.v	stimuli/sv/subs/iverilog/ivtest/ivltests/pr1805837.v
iverilog	ivtest/ivltests/pr1812297.v	stimuli/sv/subs/iverilog/ivtest/ivltests/pr1812297.v
iverilog	ivtest/ivltests/pr1819452.v	stimuli/sv/subs/iverilog/ivtest/ivltests/pr1819452.v
iverilog	ivtest/ivltests/pr1820472.v	stimuli/sv/subs/iverilog/ivtest/ivltests/pr1820472.v
iverilog	ivtest/ivltests/pr1822658.v	stimuli/sv/subs/iverilog/ivtest/ivltests/pr1822658.v
iverilog	ivtest/ivltests/pr1823732.v	stimuli/sv/subs/iverilog/ivtest/ivltests/pr1823732.v
iverilog	ivtest/ivltests/pr1828642.v	stimuli/sv/subs/iverilog/ivtest/ivltests/pr1828642.v
iverilog	ivtest/ivltests/pr183.v	stimuli/sv/subs/iverilog/ivtest/ivltests/pr183.v
iverilog	ivtest/ivltests/pr1830834.v	stimuli/sv/subs/iverilog/ivtest/ivltests/pr1830834.v
iverilog	ivtest/ivltests/pr1831724.v	stimuli/sv/subs/iverilog/ivtest/ivltests/pr1831724.v
iverilog	ivtest/ivltests/pr1832097a.v	stimuli/sv/subs/iverilog/ivtest/ivltests/pr1832097a.v
iverilog	ivtest/ivltests/pr1832097b.v	stimuli/sv/subs/iverilog/ivtest/ivltests/pr1832097b.v
iverilog	ivtest/ivltests/pr1833024.v	stimuli/sv/subs/iverilog/ivtest/ivltests/pr1833024.v
iverilog	ivtest/ivltests/pr1833754.v	stimuli/sv/subs/iverilog/ivtest/ivltests/pr1833754.v
iverilog	ivtest/ivltests/pr1841300.v	stimuli/sv/subs/iverilog/ivtest/ivltests/pr1841300.v
iverilog	ivtest/ivltests/pr1845683.v	stimuli/sv/subs/iverilog/ivtest/ivltests/pr1845683.v
iverilog	ivtest/ivltests/pr1851310.v	stimuli/sv/subs/iverilog/ivtest/ivltests/pr1851310.v
iverilog	ivtest/ivltests/pr1855504.v	stimuli/sv/subs/iverilog/ivtest/ivltests/pr1855504.v
iverilog	ivtest/ivltests/pr1861212a.v	stimuli/sv/subs/iverilog/ivtest/ivltests/pr1861212a.v
iverilog	ivtest/ivltests/pr1862744a.v	stimuli/sv/subs/iverilog/ivtest/ivltests/pr1862744a.v
iverilog	ivtest/ivltests/pr1862744b.v	stimuli/sv/subs/iverilog/ivtest/ivltests/pr1862744b.v
iverilog	ivtest/ivltests/pr1864110a.v	stimuli/sv/subs/iverilog/ivtest/ivltests/pr1864110a.v
iverilog	ivtest/ivltests/pr1864110b.v	stimuli/sv/subs/iverilog/ivtest/ivltests/pr1864110b.v
iverilog	ivtest/ivltests/pr1864115.v	stimuli/sv/subs/iverilog/ivtest/ivltests/pr1864115.v
iverilog	ivtest/ivltests/pr1866215.v	stimuli/sv/subs/iverilog/ivtest/ivltests/pr1866215.v
iverilog	ivtest/ivltests/pr1866215b.v	stimuli/sv/subs/iverilog/ivtest/ivltests/pr1866215b.v
iverilog	ivtest/ivltests/pr1867161a.v	stimuli/sv/subs/iverilog/ivtest/ivltests/pr1867161a.v
iverilog	ivtest/ivltests/pr1867161b.v	stimuli/sv/subs/iverilog/ivtest/ivltests/pr1867161b.v
iverilog	ivtest/ivltests/pr1867332.v	stimuli/sv/subs/iverilog/ivtest/ivltests/pr1867332.v
iverilog	ivtest/ivltests/pr1868792.v	stimuli/sv/subs/iverilog/ivtest/ivltests/pr1868792.v
iverilog	ivtest/ivltests/pr1868991a.v	stimuli/sv/subs/iverilog/ivtest/ivltests/pr1868991a.v
iverilog	ivtest/ivltests/pr1868991b.v	stimuli/sv/subs/iverilog/ivtest/ivltests/pr1868991b.v
iverilog	ivtest/ivltests/pr1869769.v	stimuli/sv/subs/iverilog/ivtest/ivltests/pr1869769.v
iverilog	ivtest/ivltests/pr1869772.v	stimuli/sv/subs/iverilog/ivtest/ivltests/pr1869772.v
iverilog	ivtest/ivltests/pr1869781.v	stimuli/sv/subs/iverilog/ivtest/ivltests/pr1869781.v
iverilog	ivtest/ivltests/pr1873146.v	stimuli/sv/subs/iverilog/ivtest/ivltests/pr1873146.v
iverilog	ivtest/ivltests/pr1875866.v	stimuli/sv/subs/iverilog/ivtest/ivltests/pr1875866.v
iverilog	ivtest/ivltests/pr1875866b.v	stimuli/sv/subs/iverilog/ivtest/ivltests/pr1875866b.v
iverilog	ivtest/ivltests/pr1876798.v	stimuli/sv/subs/iverilog/ivtest/ivltests/pr1876798.v
iverilog	ivtest/ivltests/pr1877740.v	stimuli/sv/subs/iverilog/ivtest/ivltests/pr1877740.v
iverilog	ivtest/ivltests/pr1877743.v	stimuli/sv/subs/iverilog/ivtest/ivltests/pr1877743.v
iverilog	ivtest/ivltests/pr1878909.v	stimuli/sv/subs/iverilog/ivtest/ivltests/pr1878909.v
iverilog	ivtest/ivltests/pr1879226.v	stimuli/sv/subs/iverilog/ivtest/ivltests/pr1879226.v
iverilog	ivtest/ivltests/pr1883052.v	stimuli/sv/subs/iverilog/ivtest/ivltests/pr1883052.v
iverilog	ivtest/ivltests/pr1883052b.v	stimuli/sv/subs/iverilog/ivtest/ivltests/pr1883052b.v
iverilog	ivtest/ivltests/pr1885847.v	stimuli/sv/subs/iverilog/ivtest/ivltests/pr1885847.v
iverilog	ivtest/ivltests/pr1887168.v	stimuli/sv/subs/iverilog/ivtest/ivltests/pr1887168.v
iverilog	ivtest/ivltests/pr1892959.v	stimuli/sv/subs/iverilog/ivtest/ivltests/pr1892959.v
iverilog	ivtest/ivltests/pr1892959b.v	stimuli/sv/subs/iverilog/ivtest/ivltests/pr1892959b.v
iverilog	ivtest/ivltests/pr1898983.v	stimuli/sv/subs/iverilog/ivtest/ivltests/pr1898983.v
iverilog	ivtest/ivltests/pr1901125.v	stimuli/sv/subs/iverilog/ivtest/ivltests/pr1901125.v
iverilog	ivtest/ivltests/pr1903157.v	stimuli/sv/subs/iverilog/ivtest/ivltests/pr1903157.v
iverilog	ivtest/ivltests/pr1903324.v	stimuli/sv/subs/iverilog/ivtest/ivltests/pr1903324.v
iverilog	ivtest/ivltests/pr1903343.v	stimuli/sv/subs/iverilog/ivtest/ivltests/pr1903343.v
iverilog	ivtest/ivltests/pr1903520.v	stimuli/sv/subs/iverilog/ivtest/ivltests/pr1903520.v
iverilog	ivtest/ivltests/pr1907192.v	stimuli/sv/subs/iverilog/ivtest/ivltests/pr1907192.v
iverilog	ivtest/ivltests/pr1909940.v	stimuli/sv/subs/iverilog/ivtest/ivltests/pr1909940.v
iverilog	ivtest/ivltests/pr1909940b.v	stimuli/sv/subs/iverilog/ivtest/ivltests/pr1909940b.v
iverilog	ivtest/ivltests/pr1912843.v	stimuli/sv/subs/iverilog/ivtest/ivltests/pr1912843.v
iverilog	ivtest/ivltests/pr1913918a.v	stimuli/sv/subs/iverilog/ivtest/ivltests/pr1913918a.v
iverilog	ivtest/ivltests/pr1913918b.v	stimuli/sv/subs/iverilog/ivtest/ivltests/pr1913918b.v
iverilog	ivtest/ivltests/pr1913918c.v	stimuli/sv/subs/iverilog/ivtest/ivltests/pr1913918c.v
iverilog	ivtest/ivltests/pr1913937.v	stimuli/sv/subs/iverilog/ivtest/ivltests/pr1913937.v
iverilog	ivtest/ivltests/pr1916261.v	stimuli/sv/subs/iverilog/ivtest/ivltests/pr1916261.v
iverilog	ivtest/ivltests/pr1916261a.v	stimuli/sv/subs/iverilog/ivtest/ivltests/pr1916261a.v
iverilog	ivtest/ivltests/pr1921332.v	stimuli/sv/subs/iverilog/ivtest/ivltests/pr1921332.v
iverilog	ivtest/ivltests/pr1924845.v	stimuli/sv/subs/iverilog/ivtest/ivltests/pr1924845.v
iverilog	ivtest/ivltests/pr1925356.v	stimuli/sv/subs/iverilog/ivtest/ivltests/pr1925356.v
iverilog	ivtest/ivltests/pr1925363a.v	stimuli/sv/subs/iverilog/ivtest/ivltests/pr1925363a.v
iverilog	ivtest/ivltests/pr1925363b.v	stimuli/sv/subs/iverilog/ivtest/ivltests/pr1925363b.v
iverilog	ivtest/ivltests/pr1932444.v	stimuli/sv/subs/iverilog/ivtest/ivltests/pr1932444.v
iverilog	ivtest/ivltests/pr1934744.v	stimuli/sv/subs/iverilog/ivtest/ivltests/pr1934744.v
iverilog	ivtest/ivltests/pr1936363.v	stimuli/sv/subs/iverilog/ivtest/ivltests/pr1936363.v
iverilog	ivtest/ivltests/pr1938138.v	stimuli/sv/subs/iverilog/ivtest/ivltests/pr1938138.v
iverilog	ivtest/ivltests/pr1939165.v	stimuli/sv/subs/iverilog/ivtest/ivltests/pr1939165.v
iverilog	ivtest/ivltests/pr1946411.v	stimuli/sv/subs/iverilog/ivtest/ivltests/pr1946411.v
iverilog	ivtest/ivltests/pr1948110.v	stimuli/sv/subs/iverilog/ivtest/ivltests/pr1948110.v
iverilog	ivtest/ivltests/pr1948342.v	stimuli/sv/subs/iverilog/ivtest/ivltests/pr1948342.v
iverilog	ivtest/ivltests/pr1949025.v	stimuli/sv/subs/iverilog/ivtest/ivltests/pr1949025.v
iverilog	ivtest/ivltests/pr1950282.v	stimuli/sv/subs/iverilog/ivtest/ivltests/pr1950282.v
iverilog	ivtest/ivltests/pr1956211.v	stimuli/sv/subs/iverilog/ivtest/ivltests/pr1956211.v
iverilog	ivtest/ivltests/pr1958801.v	stimuli/sv/subs/iverilog/ivtest/ivltests/pr1958801.v
iverilog	ivtest/ivltests/pr1960545.v	stimuli/sv/subs/iverilog/ivtest/ivltests/pr1960545.v
iverilog	ivtest/ivltests/pr1960548.v	stimuli/sv/subs/iverilog/ivtest/ivltests/pr1960548.v
iverilog	ivtest/ivltests/pr1960558.v	stimuli/sv/subs/iverilog/ivtest/ivltests/pr1960558.v
iverilog	ivtest/ivltests/pr1960575.v	stimuli/sv/subs/iverilog/ivtest/ivltests/pr1960575.v
iverilog	ivtest/ivltests/pr1960596.v	stimuli/sv/subs/iverilog/ivtest/ivltests/pr1960596.v
iverilog	ivtest/ivltests/pr1960619.v	stimuli/sv/subs/iverilog/ivtest/ivltests/pr1960619.v
iverilog	ivtest/ivltests/pr1960625.v	stimuli/sv/subs/iverilog/ivtest/ivltests/pr1960625.v
iverilog	ivtest/ivltests/pr1960633.v	stimuli/sv/subs/iverilog/ivtest/ivltests/pr1960633.v
iverilog	ivtest/ivltests/pr1963240.v	stimuli/sv/subs/iverilog/ivtest/ivltests/pr1963240.v
iverilog	ivtest/ivltests/pr1963960.v	stimuli/sv/subs/iverilog/ivtest/ivltests/pr1963960.v
iverilog	ivtest/ivltests/pr1963962.v	stimuli/sv/subs/iverilog/ivtest/ivltests/pr1963962.v
iverilog	ivtest/ivltests/pr1971662a.v	stimuli/sv/subs/iverilog/ivtest/ivltests/pr1971662a.v
iverilog	ivtest/ivltests/pr1971662b.v	stimuli/sv/subs/iverilog/ivtest/ivltests/pr1971662b.v
iverilog	ivtest/ivltests/pr1978358.v	stimuli/sv/subs/iverilog/ivtest/ivltests/pr1978358.v
iverilog	ivtest/ivltests/pr1978358b.v	stimuli/sv/subs/iverilog/ivtest/ivltests/pr1978358b.v
iverilog	ivtest/ivltests/pr1978358c.v	stimuli/sv/subs/iverilog/ivtest/ivltests/pr1978358c.v
iverilog	ivtest/ivltests/pr1978358d.v	stimuli/sv/subs/iverilog/ivtest/ivltests/pr1978358d.v
iverilog	ivtest/ivltests/pr1983762.v	stimuli/sv/subs/iverilog/ivtest/ivltests/pr1983762.v
iverilog	ivtest/ivltests/pr1985582.v	stimuli/sv/subs/iverilog/ivtest/ivltests/pr1985582.v
iverilog	ivtest/ivltests/pr1988302.v	stimuli/sv/subs/iverilog/ivtest/ivltests/pr1988302.v
iverilog	ivtest/ivltests/pr1988302b.v	stimuli/sv/subs/iverilog/ivtest/ivltests/pr1988302b.v
iverilog	ivtest/ivltests/pr1988310.v	stimuli/sv/subs/iverilog/ivtest/ivltests/pr1988310.v
iverilog	ivtest/ivltests/pr1990029.v	stimuli/sv/subs/iverilog/ivtest/ivltests/pr1990029.v
iverilog	ivtest/ivltests/pr1990164.v	stimuli/sv/subs/iverilog/ivtest/ivltests/pr1990164.v
iverilog	ivtest/ivltests/pr1990269.v	stimuli/sv/subs/iverilog/ivtest/ivltests/pr1990269.v
iverilog	ivtest/ivltests/pr1992244.v	stimuli/sv/subs/iverilog/ivtest/ivltests/pr1992244.v
iverilog	ivtest/ivltests/pr1992729.v	stimuli/sv/subs/iverilog/ivtest/ivltests/pr1992729.v
iverilog	ivtest/ivltests/pr1993479.v	stimuli/sv/subs/iverilog/ivtest/ivltests/pr1993479.v
iverilog	ivtest/ivltests/pr2001162.v	stimuli/sv/subs/iverilog/ivtest/ivltests/pr2001162.v
iverilog	ivtest/ivltests/pr2011429.v	stimuli/sv/subs/iverilog/ivtest/ivltests/pr2011429.v
iverilog	ivtest/ivltests/pr2013758.v	stimuli/sv/subs/iverilog/ivtest/ivltests/pr2013758.v
iverilog	ivtest/ivltests/pr2014673.v	stimuli/sv/subs/iverilog/ivtest/ivltests/pr2014673.v
iverilog	ivtest/ivltests/pr2015466.v	stimuli/sv/subs/iverilog/ivtest/ivltests/pr2015466.v
iverilog	ivtest/ivltests/pr2018235a.v	stimuli/sv/subs/iverilog/ivtest/ivltests/pr2018235a.v
iverilog	ivtest/ivltests/pr2018235b.v	stimuli/sv/subs/iverilog/ivtest/ivltests/pr2018235b.v
iverilog	ivtest/ivltests/pr2018305.v	stimuli/sv/subs/iverilog/ivtest/ivltests/pr2018305.v
iverilog	ivtest/ivltests/pr2019553.v	stimuli/sv/subs/iverilog/ivtest/ivltests/pr2019553.v
iverilog	ivtest/ivltests/pr2029336.v	stimuli/sv/subs/iverilog/ivtest/ivltests/pr2029336.v
iverilog	ivtest/ivltests/pr2030767.v	stimuli/sv/subs/iverilog/ivtest/ivltests/pr2030767.v
iverilog	ivtest/ivltests/pr2036953.v	stimuli/sv/subs/iverilog/ivtest/ivltests/pr2036953.v
iverilog	ivtest/ivltests/pr2038048.v	stimuli/sv/subs/iverilog/ivtest/ivltests/pr2038048.v
iverilog	ivtest/ivltests/pr2039632.v	stimuli/sv/subs/iverilog/ivtest/ivltests/pr2039632.v
iverilog	ivtest/ivltests/pr2039694.v	stimuli/sv/subs/iverilog/ivtest/ivltests/pr2039694.v
iverilog	ivtest/ivltests/pr2043324.v	stimuli/sv/subs/iverilog/ivtest/ivltests/pr2043324.v
iverilog	ivtest/ivltests/pr2043585.v	stimuli/sv/subs/iverilog/ivtest/ivltests/pr2043585.v
iverilog	ivtest/ivltests/pr2051694.v	stimuli/sv/subs/iverilog/ivtest/ivltests/pr2051694.v
iverilog	ivtest/ivltests/pr2051975.v	stimuli/sv/subs/iverilog/ivtest/ivltests/pr2051975.v
iverilog	ivtest/ivltests/pr2053944.v	stimuli/sv/subs/iverilog/ivtest/ivltests/pr2053944.v
iverilog	ivtest/ivltests/pr2076363.v	stimuli/sv/subs/iverilog/ivtest/ivltests/pr2076363.v
iverilog	ivtest/ivltests/pr2076391.v	stimuli/sv/subs/iverilog/ivtest/ivltests/pr2076391.v
iverilog	ivtest/ivltests/pr2076425.v	stimuli/sv/subs/iverilog/ivtest/ivltests/pr2076425.v
iverilog	ivtest/ivltests/pr2085984.v	stimuli/sv/subs/iverilog/ivtest/ivltests/pr2085984.v
iverilog	ivtest/ivltests/pr2091455.v	stimuli/sv/subs/iverilog/ivtest/ivltests/pr2091455.v
iverilog	ivtest/ivltests/pr2109179.v	stimuli/sv/subs/iverilog/ivtest/ivltests/pr2109179.v
iverilog	ivtest/ivltests/pr2117473.v	stimuli/sv/subs/iverilog/ivtest/ivltests/pr2117473.v
iverilog	ivtest/ivltests/pr2117488.v	stimuli/sv/subs/iverilog/ivtest/ivltests/pr2117488.v
iverilog	ivtest/ivltests/pr2119622.v	stimuli/sv/subs/iverilog/ivtest/ivltests/pr2119622.v
iverilog	ivtest/ivltests/pr2121536.v	stimuli/sv/subs/iverilog/ivtest/ivltests/pr2121536.v
iverilog	ivtest/ivltests/pr2121536b.v	stimuli/sv/subs/iverilog/ivtest/ivltests/pr2121536b.v
iverilog	ivtest/ivltests/pr2123190.v	stimuli/sv/subs/iverilog/ivtest/ivltests/pr2123190.v
iverilog	ivtest/ivltests/pr2132552.v	stimuli/sv/subs/iverilog/ivtest/ivltests/pr2132552.v
iverilog	ivtest/ivltests/pr2136787.v	stimuli/sv/subs/iverilog/ivtest/ivltests/pr2136787.v
iverilog	ivtest/ivltests/pr2138682.v	stimuli/sv/subs/iverilog/ivtest/ivltests/pr2138682.v
iverilog	ivtest/ivltests/pr2138979.v	stimuli/sv/subs/iverilog/ivtest/ivltests/pr2138979.v
iverilog	ivtest/ivltests/pr2138979b.v	stimuli/sv/subs/iverilog/ivtest/ivltests/pr2138979b.v
iverilog	ivtest/ivltests/pr2138979c.v	stimuli/sv/subs/iverilog/ivtest/ivltests/pr2138979c.v
iverilog	ivtest/ivltests/pr2138979d.v	stimuli/sv/subs/iverilog/ivtest/ivltests/pr2138979d.v
iverilog	ivtest/ivltests/pr2139593.v	stimuli/sv/subs/iverilog/ivtest/ivltests/pr2139593.v
iverilog	ivtest/ivltests/pr2146620.v	stimuli/sv/subs/iverilog/ivtest/ivltests/pr2146620.v
iverilog	ivtest/ivltests/pr2146620b.v	stimuli/sv/subs/iverilog/ivtest/ivltests/pr2146620b.v
iverilog	ivtest/ivltests/pr2146620c.v	stimuli/sv/subs/iverilog/ivtest/ivltests/pr2146620c.v
iverilog	ivtest/ivltests/pr2146824.v	stimuli/sv/subs/iverilog/ivtest/ivltests/pr2146824.v
iverilog	ivtest/ivltests/pr2148401.v	stimuli/sv/subs/iverilog/ivtest/ivltests/pr2148401.v
iverilog	ivtest/ivltests/pr2152011.v	stimuli/sv/subs/iverilog/ivtest/ivltests/pr2152011.v
iverilog	ivtest/ivltests/pr2159630.v	stimuli/sv/subs/iverilog/ivtest/ivltests/pr2159630.v
iverilog	ivtest/ivltests/pr2166188.v	stimuli/sv/subs/iverilog/ivtest/ivltests/pr2166188.v
iverilog	ivtest/ivltests/pr2166311.v	stimuli/sv/subs/iverilog/ivtest/ivltests/pr2166311.v
iverilog	ivtest/ivltests/pr2169870.v	stimuli/sv/subs/iverilog/ivtest/ivltests/pr2169870.v
iverilog	ivtest/ivltests/pr2172606.v	stimuli/sv/subs/iverilog/ivtest/ivltests/pr2172606.v
iverilog	ivtest/ivltests/pr2172606b.v	stimuli/sv/subs/iverilog/ivtest/ivltests/pr2172606b.v
iverilog	ivtest/ivltests/pr2181249.v	stimuli/sv/subs/iverilog/ivtest/ivltests/pr2181249.v
iverilog	ivtest/ivltests/pr2190323.v	stimuli/sv/subs/iverilog/ivtest/ivltests/pr2190323.v
iverilog	ivtest/ivltests/pr2201909.v	stimuli/sv/subs/iverilog/ivtest/ivltests/pr2201909.v
iverilog	ivtest/ivltests/pr2201909b.v	stimuli/sv/subs/iverilog/ivtest/ivltests/pr2201909b.v
iverilog	ivtest/ivltests/pr2202706.v	stimuli/sv/subs/iverilog/ivtest/ivltests/pr2202706.v
iverilog	ivtest/ivltests/pr2202706b.v	stimuli/sv/subs/iverilog/ivtest/ivltests/pr2202706b.v
iverilog	ivtest/ivltests/pr2202706c.v	stimuli/sv/subs/iverilog/ivtest/ivltests/pr2202706c.v
iverilog	ivtest/ivltests/pr2202846a.v	stimuli/sv/subs/iverilog/ivtest/ivltests/pr2202846a.v
iverilog	ivtest/ivltests/pr2202846b.v	stimuli/sv/subs/iverilog/ivtest/ivltests/pr2202846b.v
iverilog	ivtest/ivltests/pr2202846c.v	stimuli/sv/subs/iverilog/ivtest/ivltests/pr2202846c.v
iverilog	ivtest/ivltests/pr2208681.v	stimuli/sv/subs/iverilog/ivtest/ivltests/pr2208681.v
iverilog	ivtest/ivltests/pr2215342.v	stimuli/sv/subs/iverilog/ivtest/ivltests/pr2215342.v
iverilog	ivtest/ivltests/pr2219441.v	stimuli/sv/subs/iverilog/ivtest/ivltests/pr2219441.v
iverilog	ivtest/ivltests/pr2219441b.v	stimuli/sv/subs/iverilog/ivtest/ivltests/pr2219441b.v
iverilog	ivtest/ivltests/pr2224845.v	stimuli/sv/subs/iverilog/ivtest/ivltests/pr2224845.v
iverilog	ivtest/ivltests/pr2224949.v	stimuli/sv/subs/iverilog/ivtest/ivltests/pr2224949.v
iverilog	ivtest/ivltests/pr2233180.v	stimuli/sv/subs/iverilog/ivtest/ivltests/pr2233180.v
iverilog	ivtest/ivltests/pr2233180b.v	stimuli/sv/subs/iverilog/ivtest/ivltests/pr2233180b.v
iverilog	ivtest/ivltests/pr2233180c.v	stimuli/sv/subs/iverilog/ivtest/ivltests/pr2233180c.v
iverilog	ivtest/ivltests/pr2233192.v	stimuli/sv/subs/iverilog/ivtest/ivltests/pr2233192.v
iverilog	ivtest/ivltests/pr2233192b.v	stimuli/sv/subs/iverilog/ivtest/ivltests/pr2233192b.v
iverilog	ivtest/ivltests/pr2233192c.v	stimuli/sv/subs/iverilog/ivtest/ivltests/pr2233192c.v
iverilog	ivtest/ivltests/pr224.v	stimuli/sv/subs/iverilog/ivtest/ivltests/pr224.v
iverilog	ivtest/ivltests/pr2248925.v	stimuli/sv/subs/iverilog/ivtest/ivltests/pr2248925.v
iverilog	ivtest/ivltests/pr224a.v	stimuli/sv/subs/iverilog/ivtest/ivltests/pr224a.v
iverilog	ivtest/ivltests/pr2251119.v	stimuli/sv/subs/iverilog/ivtest/ivltests/pr2251119.v
iverilog	ivtest/ivltests/pr2257003.v	stimuli/sv/subs/iverilog/ivtest/ivltests/pr2257003.v
iverilog	ivtest/ivltests/pr2257003b.v	stimuli/sv/subs/iverilog/ivtest/ivltests/pr2257003b.v
iverilog	ivtest/ivltests/pr2270035.v	stimuli/sv/subs/iverilog/ivtest/ivltests/pr2270035.v
iverilog	ivtest/ivltests/pr2276163.v	stimuli/sv/subs/iverilog/ivtest/ivltests/pr2276163.v
iverilog	ivtest/ivltests/pr2281479.v	stimuli/sv/subs/iverilog/ivtest/ivltests/pr2281479.v
iverilog	ivtest/ivltests/pr2305307.v	stimuli/sv/subs/iverilog/ivtest/ivltests/pr2305307.v
iverilog	ivtest/ivltests/pr2305307b.v	stimuli/sv/subs/iverilog/ivtest/ivltests/pr2305307b.v
iverilog	ivtest/ivltests/pr2305307c.v	stimuli/sv/subs/iverilog/ivtest/ivltests/pr2305307c.v
iverilog	ivtest/ivltests/pr2306259.v	stimuli/sv/subs/iverilog/ivtest/ivltests/pr2306259.v
iverilog	ivtest/ivltests/pr2350934.v	stimuli/sv/subs/iverilog/ivtest/ivltests/pr2350934.v
iverilog	ivtest/ivltests/pr2350934b.v	stimuli/sv/subs/iverilog/ivtest/ivltests/pr2350934b.v
iverilog	ivtest/ivltests/pr2350988.v	stimuli/sv/subs/iverilog/ivtest/ivltests/pr2350988.v
iverilog	ivtest/ivltests/pr2352834.v	stimuli/sv/subs/iverilog/ivtest/ivltests/pr2352834.v
iverilog	ivtest/ivltests/pr2355304.v	stimuli/sv/subs/iverilog/ivtest/ivltests/pr2355304.v
iverilog	ivtest/ivltests/pr2355304b.v	stimuli/sv/subs/iverilog/ivtest/ivltests/pr2355304b.v
iverilog	ivtest/ivltests/pr2358264.v	stimuli/sv/subs/iverilog/ivtest/ivltests/pr2358264.v
iverilog	ivtest/ivltests/pr2358848.v	stimuli/sv/subs/iverilog/ivtest/ivltests/pr2358848.v
iverilog	ivtest/ivltests/pr2395378a.v	stimuli/sv/subs/iverilog/ivtest/ivltests/pr2395378a.v
iverilog	ivtest/ivltests/pr2395378b.v	stimuli/sv/subs/iverilog/ivtest/ivltests/pr2395378b.v
iverilog	ivtest/ivltests/pr2395378c.v	stimuli/sv/subs/iverilog/ivtest/ivltests/pr2395378c.v
iverilog	ivtest/ivltests/pr2395835.v	stimuli/sv/subs/iverilog/ivtest/ivltests/pr2395835.v
iverilog	ivtest/ivltests/pr2425055a.v	stimuli/sv/subs/iverilog/ivtest/ivltests/pr2425055a.v
iverilog	ivtest/ivltests/pr2425055b.v	stimuli/sv/subs/iverilog/ivtest/ivltests/pr2425055b.v
iverilog	ivtest/ivltests/pr2425055c.v	stimuli/sv/subs/iverilog/ivtest/ivltests/pr2425055c.v
iverilog	ivtest/ivltests/pr2428890.v	stimuli/sv/subs/iverilog/ivtest/ivltests/pr2428890.v
iverilog	ivtest/ivltests/pr2428890b.v	stimuli/sv/subs/iverilog/ivtest/ivltests/pr2428890b.v
iverilog	ivtest/ivltests/pr243.v	stimuli/sv/subs/iverilog/ivtest/ivltests/pr243.v
iverilog	ivtest/ivltests/pr2434688.v	stimuli/sv/subs/iverilog/ivtest/ivltests/pr2434688.v
iverilog	ivtest/ivltests/pr2434688b.v	stimuli/sv/subs/iverilog/ivtest/ivltests/pr2434688b.v
iverilog	ivtest/ivltests/pr245.v	stimuli/sv/subs/iverilog/ivtest/ivltests/pr245.v
iverilog	ivtest/ivltests/pr2450244.v	stimuli/sv/subs/iverilog/ivtest/ivltests/pr2450244.v
iverilog	ivtest/ivltests/pr2453002.v	stimuli/sv/subs/iverilog/ivtest/ivltests/pr2453002.v
iverilog	ivtest/ivltests/pr2459681.v	stimuli/sv/subs/iverilog/ivtest/ivltests/pr2459681.v
iverilog	ivtest/ivltests/pr245_std.v	stimuli/sv/subs/iverilog/ivtest/ivltests/pr245_std.v
iverilog	ivtest/ivltests/pr2470181a.v	stimuli/sv/subs/iverilog/ivtest/ivltests/pr2470181a.v
iverilog	ivtest/ivltests/pr2470181b.v	stimuli/sv/subs/iverilog/ivtest/ivltests/pr2470181b.v
iverilog	ivtest/ivltests/pr2503208.v	stimuli/sv/subs/iverilog/ivtest/ivltests/pr2503208.v
iverilog	ivtest/ivltests/pr2509349a.v	stimuli/sv/subs/iverilog/ivtest/ivltests/pr2509349a.v
iverilog	ivtest/ivltests/pr2509349b.v	stimuli/sv/subs/iverilog/ivtest/ivltests/pr2509349b.v
iverilog	ivtest/ivltests/pr2528915.v	stimuli/sv/subs/iverilog/ivtest/ivltests/pr2528915.v
iverilog	ivtest/ivltests/pr2533175.v	stimuli/sv/subs/iverilog/ivtest/ivltests/pr2533175.v
iverilog	ivtest/ivltests/pr2579479.v	stimuli/sv/subs/iverilog/ivtest/ivltests/pr2579479.v
iverilog	ivtest/ivltests/pr2580730.v	stimuli/sv/subs/iverilog/ivtest/ivltests/pr2580730.v
iverilog	ivtest/ivltests/pr2593733.v	stimuli/sv/subs/iverilog/ivtest/ivltests/pr2593733.v
iverilog	ivtest/ivltests/pr2597278.v	stimuli/sv/subs/iverilog/ivtest/ivltests/pr2597278.v
iverilog	ivtest/ivltests/pr2597278b.v	stimuli/sv/subs/iverilog/ivtest/ivltests/pr2597278b.v
iverilog	ivtest/ivltests/pr2605006.v	stimuli/sv/subs/iverilog/ivtest/ivltests/pr2605006.v
iverilog	ivtest/ivltests/pr2673846.v	stimuli/sv/subs/iverilog/ivtest/ivltests/pr2673846.v
iverilog	ivtest/ivltests/pr2688910.v	stimuli/sv/subs/iverilog/ivtest/ivltests/pr2688910.v
iverilog	ivtest/ivltests/pr2709097.v	stimuli/sv/subs/iverilog/ivtest/ivltests/pr2709097.v
iverilog	ivtest/ivltests/pr2715547.v	stimuli/sv/subs/iverilog/ivtest/ivltests/pr2715547.v
iverilog	ivtest/ivltests/pr2715558.v	stimuli/sv/subs/iverilog/ivtest/ivltests/pr2715558.v
iverilog	ivtest/ivltests/pr2715558b.v	stimuli/sv/subs/iverilog/ivtest/ivltests/pr2715558b.v
iverilog	ivtest/ivltests/pr2721213.v	stimuli/sv/subs/iverilog/ivtest/ivltests/pr2721213.v
iverilog	ivtest/ivltests/pr2722330a.v	stimuli/sv/subs/iverilog/ivtest/ivltests/pr2722330a.v
iverilog	ivtest/ivltests/pr2722330b.v	stimuli/sv/subs/iverilog/ivtest/ivltests/pr2722330b.v
iverilog	ivtest/ivltests/pr2722339a.v	stimuli/sv/subs/iverilog/ivtest/ivltests/pr2722339a.v
iverilog	ivtest/ivltests/pr2722339b.v	stimuli/sv/subs/iverilog/ivtest/ivltests/pr2722339b.v
iverilog	ivtest/ivltests/pr2723712.v	stimuli/sv/subs/iverilog/ivtest/ivltests/pr2723712.v
iverilog	ivtest/ivltests/pr2725700a.v	stimuli/sv/subs/iverilog/ivtest/ivltests/pr2725700a.v
iverilog	ivtest/ivltests/pr2725700b.v	stimuli/sv/subs/iverilog/ivtest/ivltests/pr2725700b.v
iverilog	ivtest/ivltests/pr2725700c.v	stimuli/sv/subs/iverilog/ivtest/ivltests/pr2725700c.v
iverilog	ivtest/ivltests/pr2728032.v	stimuli/sv/subs/iverilog/ivtest/ivltests/pr2728032.v
iverilog	ivtest/ivltests/pr2728547.v	stimuli/sv/subs/iverilog/ivtest/ivltests/pr2728547.v
iverilog	ivtest/ivltests/pr2728812a.v	stimuli/sv/subs/iverilog/ivtest/ivltests/pr2728812a.v
iverilog	ivtest/ivltests/pr2728812b.v	stimuli/sv/subs/iverilog/ivtest/ivltests/pr2728812b.v
iverilog	ivtest/ivltests/pr2728812c.v	stimuli/sv/subs/iverilog/ivtest/ivltests/pr2728812c.v
iverilog	ivtest/ivltests/pr273.v	stimuli/sv/subs/iverilog/ivtest/ivltests/pr273.v
iverilog	ivtest/ivltests/pr2745281.v	stimuli/sv/subs/iverilog/ivtest/ivltests/pr2745281.v
iverilog	ivtest/ivltests/pr2781595.v	stimuli/sv/subs/iverilog/ivtest/ivltests/pr2781595.v
iverilog	ivtest/ivltests/pr2785294.v	stimuli/sv/subs/iverilog/ivtest/ivltests/pr2785294.v
iverilog	ivtest/ivltests/pr2788686.v	stimuli/sv/subs/iverilog/ivtest/ivltests/pr2788686.v
iverilog	ivtest/ivltests/pr2790236.v	stimuli/sv/subs/iverilog/ivtest/ivltests/pr2790236.v
iverilog	ivtest/ivltests/pr2792883.v	stimuli/sv/subs/iverilog/ivtest/ivltests/pr2792883.v
iverilog	ivtest/ivltests/pr2792897.v	stimuli/sv/subs/iverilog/ivtest/ivltests/pr2792897.v
iverilog	ivtest/ivltests/pr2794144.v	stimuli/sv/subs/iverilog/ivtest/ivltests/pr2794144.v
iverilog	ivtest/ivltests/pr2800985a.v	stimuli/sv/subs/iverilog/ivtest/ivltests/pr2800985a.v
iverilog	ivtest/ivltests/pr2800985b.v	stimuli/sv/subs/iverilog/ivtest/ivltests/pr2800985b.v
iverilog	ivtest/ivltests/pr2801134.v	stimuli/sv/subs/iverilog/ivtest/ivltests/pr2801134.v
iverilog	ivtest/ivltests/pr2801662.v	stimuli/sv/subs/iverilog/ivtest/ivltests/pr2801662.v
iverilog	ivtest/ivltests/pr2809288.v	stimuli/sv/subs/iverilog/ivtest/ivltests/pr2809288.v
iverilog	ivtest/ivltests/pr2815398a.v	stimuli/sv/subs/iverilog/ivtest/ivltests/pr2815398a.v
iverilog	ivtest/ivltests/pr2815398a_std.v	stimuli/sv/subs/iverilog/ivtest/ivltests/pr2815398a_std.v
iverilog	ivtest/ivltests/pr2815398b.v	stimuli/sv/subs/iverilog/ivtest/ivltests/pr2815398b.v
iverilog	ivtest/ivltests/pr2818823.v	stimuli/sv/subs/iverilog/ivtest/ivltests/pr2818823.v
iverilog	ivtest/ivltests/pr2823414.v	stimuli/sv/subs/iverilog/ivtest/ivltests/pr2823414.v
iverilog	ivtest/ivltests/pr2823711.v	stimuli/sv/subs/iverilog/ivtest/ivltests/pr2823711.v
iverilog	ivtest/ivltests/pr2824189.v	stimuli/sv/subs/iverilog/ivtest/ivltests/pr2824189.v
iverilog	ivtest/ivltests/pr2829776.v	stimuli/sv/subs/iverilog/ivtest/ivltests/pr2829776.v
iverilog	ivtest/ivltests/pr2829776b.v	stimuli/sv/subs/iverilog/ivtest/ivltests/pr2829776b.v
iverilog	ivtest/ivltests/pr2832234.v	stimuli/sv/subs/iverilog/ivtest/ivltests/pr2832234.v
iverilog	ivtest/ivltests/pr2834340.v	stimuli/sv/subs/iverilog/ivtest/ivltests/pr2834340.v
iverilog	ivtest/ivltests/pr2834340b.v	stimuli/sv/subs/iverilog/ivtest/ivltests/pr2834340b.v
iverilog	ivtest/ivltests/pr2835632a.v	stimuli/sv/subs/iverilog/ivtest/ivltests/pr2835632a.v
iverilog	ivtest/ivltests/pr2835632b.v	stimuli/sv/subs/iverilog/ivtest/ivltests/pr2835632b.v
iverilog	ivtest/ivltests/pr2837451.v	stimuli/sv/subs/iverilog/ivtest/ivltests/pr2837451.v
iverilog	ivtest/ivltests/pr2842185.v	stimuli/sv/subs/iverilog/ivtest/ivltests/pr2842185.v
iverilog	ivtest/ivltests/pr2842621.v	stimuli/sv/subs/iverilog/ivtest/ivltests/pr2842621.v
iverilog	ivtest/ivltests/pr2842621_std.v	stimuli/sv/subs/iverilog/ivtest/ivltests/pr2842621_std.v
iverilog	ivtest/ivltests/pr2848986.v	stimuli/sv/subs/iverilog/ivtest/ivltests/pr2848986.v
iverilog	ivtest/ivltests/pr2849783.v	stimuli/sv/subs/iverilog/ivtest/ivltests/pr2849783.v
iverilog	ivtest/ivltests/pr2865563.v	stimuli/sv/subs/iverilog/ivtest/ivltests/pr2865563.v
iverilog	ivtest/ivltests/pr2877564.v	stimuli/sv/subs/iverilog/ivtest/ivltests/pr2877564.v
iverilog	ivtest/ivltests/pr2883958.v	stimuli/sv/subs/iverilog/ivtest/ivltests/pr2883958.v
iverilog	ivtest/ivltests/pr2885048.v	stimuli/sv/subs/iverilog/ivtest/ivltests/pr2885048.v
iverilog	ivtest/ivltests/pr2890322.v	stimuli/sv/subs/iverilog/ivtest/ivltests/pr2890322.v
iverilog	ivtest/ivltests/pr2901556.v	stimuli/sv/subs/iverilog/ivtest/ivltests/pr2901556.v
iverilog	ivtest/ivltests/pr2909386a.v	stimuli/sv/subs/iverilog/ivtest/ivltests/pr2909386a.v
iverilog	ivtest/ivltests/pr2909386b.v	stimuli/sv/subs/iverilog/ivtest/ivltests/pr2909386b.v
iverilog	ivtest/ivltests/pr2909414.v	stimuli/sv/subs/iverilog/ivtest/ivltests/pr2909414.v
iverilog	ivtest/ivltests/pr2909555.v	stimuli/sv/subs/iverilog/ivtest/ivltests/pr2909555.v
iverilog	ivtest/ivltests/pr2913404.v	stimuli/sv/subs/iverilog/ivtest/ivltests/pr2913404.v
iverilog	ivtest/ivltests/pr2913416.v	stimuli/sv/subs/iverilog/ivtest/ivltests/pr2913416.v
iverilog	ivtest/ivltests/pr2913438a.v	stimuli/sv/subs/iverilog/ivtest/ivltests/pr2913438a.v
iverilog	ivtest/ivltests/pr2913438b.v	stimuli/sv/subs/iverilog/ivtest/ivltests/pr2913438b.v
iverilog	ivtest/ivltests/pr2913927.v	stimuli/sv/subs/iverilog/ivtest/ivltests/pr2913927.v
iverilog	ivtest/ivltests/pr2918095.v	stimuli/sv/subs/iverilog/ivtest/ivltests/pr2918095.v
iverilog	ivtest/ivltests/pr2922063.v	stimuli/sv/subs/iverilog/ivtest/ivltests/pr2922063.v
iverilog	ivtest/ivltests/pr2922063a.v	stimuli/sv/subs/iverilog/ivtest/ivltests/pr2922063a.v
iverilog	ivtest/ivltests/pr2922063b.v	stimuli/sv/subs/iverilog/ivtest/ivltests/pr2922063b.v
iverilog	ivtest/ivltests/pr2924354.v	stimuli/sv/subs/iverilog/ivtest/ivltests/pr2924354.v
iverilog	ivtest/ivltests/pr2929913.v	stimuli/sv/subs/iverilog/ivtest/ivltests/pr2929913.v
iverilog	ivtest/ivltests/pr2930506.v	stimuli/sv/subs/iverilog/ivtest/ivltests/pr2930506.v
iverilog	ivtest/ivltests/pr2937417.v	stimuli/sv/subs/iverilog/ivtest/ivltests/pr2937417.v
iverilog	ivtest/ivltests/pr2937417b.v	stimuli/sv/subs/iverilog/ivtest/ivltests/pr2937417b.v
iverilog	ivtest/ivltests/pr2937417c.v	stimuli/sv/subs/iverilog/ivtest/ivltests/pr2937417c.v
iverilog	ivtest/ivltests/pr2941939.v	stimuli/sv/subs/iverilog/ivtest/ivltests/pr2941939.v
iverilog	ivtest/ivltests/pr2943394.v	stimuli/sv/subs/iverilog/ivtest/ivltests/pr2943394.v
iverilog	ivtest/ivltests/pr2951657.v	stimuli/sv/subs/iverilog/ivtest/ivltests/pr2951657.v
iverilog	ivtest/ivltests/pr2969724.v	stimuli/sv/subs/iverilog/ivtest/ivltests/pr2969724.v
iverilog	ivtest/ivltests/pr2971207.v	stimuli/sv/subs/iverilog/ivtest/ivltests/pr2971207.v
iverilog	ivtest/ivltests/pr2972866.v	stimuli/sv/subs/iverilog/ivtest/ivltests/pr2972866.v
iverilog	ivtest/ivltests/pr2973532.v	stimuli/sv/subs/iverilog/ivtest/ivltests/pr2973532.v
iverilog	ivtest/ivltests/pr2974051.v	stimuli/sv/subs/iverilog/ivtest/ivltests/pr2974051.v
iverilog	ivtest/ivltests/pr2974216.v	stimuli/sv/subs/iverilog/ivtest/ivltests/pr2974216.v
iverilog	ivtest/ivltests/pr2974216b.v	stimuli/sv/subs/iverilog/ivtest/ivltests/pr2974216b.v
iverilog	ivtest/ivltests/pr2974294.v	stimuli/sv/subs/iverilog/ivtest/ivltests/pr2974294.v
iverilog	ivtest/ivltests/pr298.v	stimuli/sv/subs/iverilog/ivtest/ivltests/pr298.v
iverilog	ivtest/ivltests/pr2985542.v	stimuli/sv/subs/iverilog/ivtest/ivltests/pr2985542.v
iverilog	ivtest/ivltests/pr2986497.v	stimuli/sv/subs/iverilog/ivtest/ivltests/pr2986497.v
iverilog	ivtest/ivltests/pr2986528.v	stimuli/sv/subs/iverilog/ivtest/ivltests/pr2986528.v
iverilog	ivtest/ivltests/pr2991457.v	stimuli/sv/subs/iverilog/ivtest/ivltests/pr2991457.v
iverilog	ivtest/ivltests/pr2991457b.v	stimuli/sv/subs/iverilog/ivtest/ivltests/pr2991457b.v
iverilog	ivtest/ivltests/pr2994193.v	stimuli/sv/subs/iverilog/ivtest/ivltests/pr2994193.v
iverilog	ivtest/ivltests/pr2998515.v	stimuli/sv/subs/iverilog/ivtest/ivltests/pr2998515.v
iverilog	ivtest/ivltests/pr3011327.v	stimuli/sv/subs/iverilog/ivtest/ivltests/pr3011327.v
iverilog	ivtest/ivltests/pr3012758.v	stimuli/sv/subs/iverilog/ivtest/ivltests/pr3012758.v
iverilog	ivtest/ivltests/pr3015421.v	stimuli/sv/subs/iverilog/ivtest/ivltests/pr3015421.v
iverilog	ivtest/ivltests/pr3022502.v	stimuli/sv/subs/iverilog/ivtest/ivltests/pr3022502.v
iverilog	ivtest/ivltests/pr3024131.v	stimuli/sv/subs/iverilog/ivtest/ivltests/pr3024131.v
iverilog	ivtest/ivltests/pr3039548.v	stimuli/sv/subs/iverilog/ivtest/ivltests/pr3039548.v
iverilog	ivtest/ivltests/pr304.v	stimuli/sv/subs/iverilog/ivtest/ivltests/pr304.v
iverilog	ivtest/ivltests/pr3044843.v	stimuli/sv/subs/iverilog/ivtest/ivltests/pr3044843.v
iverilog	ivtest/ivltests/pr3054101a.v	stimuli/sv/subs/iverilog/ivtest/ivltests/pr3054101a.v
iverilog	ivtest/ivltests/pr3054101b.v	stimuli/sv/subs/iverilog/ivtest/ivltests/pr3054101b.v
iverilog	ivtest/ivltests/pr3054101c.v	stimuli/sv/subs/iverilog/ivtest/ivltests/pr3054101c.v
iverilog	ivtest/ivltests/pr3054101d.v	stimuli/sv/subs/iverilog/ivtest/ivltests/pr3054101d.v
iverilog	ivtest/ivltests/pr3054101e.v	stimuli/sv/subs/iverilog/ivtest/ivltests/pr3054101e.v
iverilog	ivtest/ivltests/pr3054101f.v	stimuli/sv/subs/iverilog/ivtest/ivltests/pr3054101f.v
iverilog	ivtest/ivltests/pr3054101g.v	stimuli/sv/subs/iverilog/ivtest/ivltests/pr3054101g.v
iverilog	ivtest/ivltests/pr3054101h.v	stimuli/sv/subs/iverilog/ivtest/ivltests/pr3054101h.v
iverilog	ivtest/ivltests/pr3061015a.v	stimuli/sv/subs/iverilog/ivtest/ivltests/pr3061015a.v
iverilog	ivtest/ivltests/pr3061015b.v	stimuli/sv/subs/iverilog/ivtest/ivltests/pr3061015b.v
iverilog	ivtest/ivltests/pr3061015c.v	stimuli/sv/subs/iverilog/ivtest/ivltests/pr3061015c.v
iverilog	ivtest/ivltests/pr3064375.v	stimuli/sv/subs/iverilog/ivtest/ivltests/pr3064375.v
iverilog	ivtest/ivltests/pr3064511.v	stimuli/sv/subs/iverilog/ivtest/ivltests/pr3064511.v
iverilog	ivtest/ivltests/pr307.v	stimuli/sv/subs/iverilog/ivtest/ivltests/pr307.v
iverilog	ivtest/ivltests/pr3077640.v	stimuli/sv/subs/iverilog/ivtest/ivltests/pr3077640.v
iverilog	ivtest/ivltests/pr3078759.v	stimuli/sv/subs/iverilog/ivtest/ivltests/pr3078759.v
iverilog	ivtest/ivltests/pr307a.v	stimuli/sv/subs/iverilog/ivtest/ivltests/pr307a.v
iverilog	ivtest/ivltests/pr3098439.v	stimuli/sv/subs/iverilog/ivtest/ivltests/pr3098439.v
iverilog	ivtest/ivltests/pr3098439a.v	stimuli/sv/subs/iverilog/ivtest/ivltests/pr3098439a.v
iverilog	ivtest/ivltests/pr3098439b.v	stimuli/sv/subs/iverilog/ivtest/ivltests/pr3098439b.v
iverilog	ivtest/ivltests/pr3103880.v	stimuli/sv/subs/iverilog/ivtest/ivltests/pr3103880.v
iverilog	ivtest/ivltests/pr3104254.v	stimuli/sv/subs/iverilog/ivtest/ivltests/pr3104254.v
iverilog	ivtest/ivltests/pr3112073a.v	stimuli/sv/subs/iverilog/ivtest/ivltests/pr3112073a.v
iverilog	ivtest/ivltests/pr312.v	stimuli/sv/subs/iverilog/ivtest/ivltests/pr312.v
iverilog	ivtest/ivltests/pr3149494.v	stimuli/sv/subs/iverilog/ivtest/ivltests/pr3149494.v
iverilog	ivtest/ivltests/pr3190941.v	stimuli/sv/subs/iverilog/ivtest/ivltests/pr3190941.v
iverilog	ivtest/ivltests/pr3190948.v	stimuli/sv/subs/iverilog/ivtest/ivltests/pr3190948.v
iverilog	ivtest/ivltests/pr3194155.v	stimuli/sv/subs/iverilog/ivtest/ivltests/pr3194155.v
iverilog	ivtest/ivltests/pr3197861.v	stimuli/sv/subs/iverilog/ivtest/ivltests/pr3197861.v
iverilog	ivtest/ivltests/pr3197917.v	stimuli/sv/subs/iverilog/ivtest/ivltests/pr3197917.v
iverilog	ivtest/ivltests/pr3270320.v	stimuli/sv/subs/iverilog/ivtest/ivltests/pr3270320.v
iverilog	ivtest/ivltests/pr3270320_ams.v	stimuli/sv/subs/iverilog/ivtest/ivltests/pr3270320_ams.v
iverilog	ivtest/ivltests/pr3284821.v	stimuli/sv/subs/iverilog/ivtest/ivltests/pr3284821.v
iverilog	ivtest/ivltests/pr3292735.v	stimuli/sv/subs/iverilog/ivtest/ivltests/pr3292735.v
iverilog	ivtest/ivltests/pr3296466a.v	stimuli/sv/subs/iverilog/ivtest/ivltests/pr3296466a.v
iverilog	ivtest/ivltests/pr3296466b.v	stimuli/sv/subs/iverilog/ivtest/ivltests/pr3296466b.v
iverilog	ivtest/ivltests/pr3296466c.v	stimuli/sv/subs/iverilog/ivtest/ivltests/pr3296466c.v
iverilog	ivtest/ivltests/pr3296466d.v	stimuli/sv/subs/iverilog/ivtest/ivltests/pr3296466d.v
iverilog	ivtest/ivltests/pr3306516.v	stimuli/sv/subs/iverilog/ivtest/ivltests/pr3306516.v
iverilog	ivtest/ivltests/pr3309391.v	stimuli/sv/subs/iverilog/ivtest/ivltests/pr3309391.v
iverilog	ivtest/ivltests/pr3368642.v	stimuli/sv/subs/iverilog/ivtest/ivltests/pr3368642.v
iverilog	ivtest/ivltests/pr338.v	stimuli/sv/subs/iverilog/ivtest/ivltests/pr338.v
iverilog	ivtest/ivltests/pr3409749.v	stimuli/sv/subs/iverilog/ivtest/ivltests/pr3409749.v
iverilog	ivtest/ivltests/pr3437290a.v	stimuli/sv/subs/iverilog/ivtest/ivltests/pr3437290a.v
iverilog	ivtest/ivltests/pr3437290b.v	stimuli/sv/subs/iverilog/ivtest/ivltests/pr3437290b.v
iverilog	ivtest/ivltests/pr3437290c.v	stimuli/sv/subs/iverilog/ivtest/ivltests/pr3437290c.v
iverilog	ivtest/ivltests/pr3441576.v	stimuli/sv/subs/iverilog/ivtest/ivltests/pr3441576.v
iverilog	ivtest/ivltests/pr3445452.v	stimuli/sv/subs/iverilog/ivtest/ivltests/pr3445452.v
iverilog	ivtest/ivltests/pr3452808.v	stimuli/sv/subs/iverilog/ivtest/ivltests/pr3452808.v
iverilog	ivtest/ivltests/pr3465541.v	stimuli/sv/subs/iverilog/ivtest/ivltests/pr3465541.v
iverilog	ivtest/ivltests/pr3477107.v	stimuli/sv/subs/iverilog/ivtest/ivltests/pr3477107.v
iverilog	ivtest/ivltests/pr3499807.v	stimuli/sv/subs/iverilog/ivtest/ivltests/pr3499807.v
iverilog	ivtest/ivltests/pr3522653.v	stimuli/sv/subs/iverilog/ivtest/ivltests/pr3522653.v
iverilog	ivtest/ivltests/pr3527022.v	stimuli/sv/subs/iverilog/ivtest/ivltests/pr3527022.v
iverilog	ivtest/ivltests/pr3527694.v	stimuli/sv/subs/iverilog/ivtest/ivltests/pr3527694.v
iverilog	ivtest/ivltests/pr3534422.v	stimuli/sv/subs/iverilog/ivtest/ivltests/pr3534422.v
iverilog	ivtest/ivltests/pr3539372.v	stimuli/sv/subs/iverilog/ivtest/ivltests/pr3539372.v
iverilog	ivtest/ivltests/pr3549328.v	stimuli/sv/subs/iverilog/ivtest/ivltests/pr3549328.v
iverilog	ivtest/ivltests/pr355.v	stimuli/sv/subs/iverilog/ivtest/ivltests/pr355.v
iverilog	ivtest/ivltests/pr3557493.v	stimuli/sv/subs/iverilog/ivtest/ivltests/pr3557493.v
iverilog	ivtest/ivltests/pr3561350.v	stimuli/sv/subs/iverilog/ivtest/ivltests/pr3561350.v
iverilog	ivtest/ivltests/pr3563412.v	stimuli/sv/subs/iverilog/ivtest/ivltests/pr3563412.v
iverilog	ivtest/ivltests/pr3571573.v	stimuli/sv/subs/iverilog/ivtest/ivltests/pr3571573.v
iverilog	ivtest/ivltests/pr3582052.v	stimuli/sv/subs/iverilog/ivtest/ivltests/pr3582052.v
iverilog	ivtest/ivltests/pr3587570.v	stimuli/sv/subs/iverilog/ivtest/ivltests/pr3587570.v
iverilog	ivtest/ivltests/pr3592746.v	stimuli/sv/subs/iverilog/ivtest/ivltests/pr3592746.v
iverilog	ivtest/ivltests/pr377.v	stimuli/sv/subs/iverilog/ivtest/ivltests/pr377.v
iverilog	ivtest/ivltests/pr434.v	stimuli/sv/subs/iverilog/ivtest/ivltests/pr434.v
iverilog	ivtest/ivltests/pr445.v	stimuli/sv/subs/iverilog/ivtest/ivltests/pr445.v
iverilog	ivtest/ivltests/pr478.v	stimuli/sv/subs/iverilog/ivtest/ivltests/pr478.v
iverilog	ivtest/ivltests/pr487.v	stimuli/sv/subs/iverilog/ivtest/ivltests/pr487.v
iverilog	ivtest/ivltests/pr492.v	stimuli/sv/subs/iverilog/ivtest/ivltests/pr492.v
iverilog	ivtest/ivltests/pr498b.v	stimuli/sv/subs/iverilog/ivtest/ivltests/pr498b.v
iverilog	ivtest/ivltests/pr508.v	stimuli/sv/subs/iverilog/ivtest/ivltests/pr508.v
iverilog	ivtest/ivltests/pr509.v	stimuli/sv/subs/iverilog/ivtest/ivltests/pr509.v
iverilog	ivtest/ivltests/pr509b.v	stimuli/sv/subs/iverilog/ivtest/ivltests/pr509b.v
iverilog	ivtest/ivltests/pr511.v	stimuli/sv/subs/iverilog/ivtest/ivltests/pr511.v
iverilog	ivtest/ivltests/pr513.v	stimuli/sv/subs/iverilog/ivtest/ivltests/pr513.v
iverilog	ivtest/ivltests/pr522.v	stimuli/sv/subs/iverilog/ivtest/ivltests/pr522.v
iverilog	ivtest/ivltests/pr524.v	stimuli/sv/subs/iverilog/ivtest/ivltests/pr524.v
iverilog	ivtest/ivltests/pr527.v	stimuli/sv/subs/iverilog/ivtest/ivltests/pr527.v
iverilog	ivtest/ivltests/pr528.v	stimuli/sv/subs/iverilog/ivtest/ivltests/pr528.v
iverilog	ivtest/ivltests/pr528b.v	stimuli/sv/subs/iverilog/ivtest/ivltests/pr528b.v
iverilog	ivtest/ivltests/pr529.v	stimuli/sv/subs/iverilog/ivtest/ivltests/pr529.v
iverilog	ivtest/ivltests/pr530a.v	stimuli/sv/subs/iverilog/ivtest/ivltests/pr530a.v
iverilog	ivtest/ivltests/pr530b.v	stimuli/sv/subs/iverilog/ivtest/ivltests/pr530b.v
iverilog	ivtest/ivltests/pr530c.v	stimuli/sv/subs/iverilog/ivtest/ivltests/pr530c.v
iverilog	ivtest/ivltests/pr531a.v	stimuli/sv/subs/iverilog/ivtest/ivltests/pr531a.v
iverilog	ivtest/ivltests/pr531b.v	stimuli/sv/subs/iverilog/ivtest/ivltests/pr531b.v
iverilog	ivtest/ivltests/pr532.v	stimuli/sv/subs/iverilog/ivtest/ivltests/pr532.v
iverilog	ivtest/ivltests/pr532b.v	stimuli/sv/subs/iverilog/ivtest/ivltests/pr532b.v
iverilog	ivtest/ivltests/pr533.v	stimuli/sv/subs/iverilog/ivtest/ivltests/pr533.v
iverilog	ivtest/ivltests/pr538.v	stimuli/sv/subs/iverilog/ivtest/ivltests/pr538.v
iverilog	ivtest/ivltests/pr540.v	stimuli/sv/subs/iverilog/ivtest/ivltests/pr540.v
iverilog	ivtest/ivltests/pr540b.v	stimuli/sv/subs/iverilog/ivtest/ivltests/pr540b.v
iverilog	ivtest/ivltests/pr540c.v	stimuli/sv/subs/iverilog/ivtest/ivltests/pr540c.v
iverilog	ivtest/ivltests/pr541.v	stimuli/sv/subs/iverilog/ivtest/ivltests/pr541.v
iverilog	ivtest/ivltests/pr542.v	stimuli/sv/subs/iverilog/ivtest/ivltests/pr542.v
iverilog	ivtest/ivltests/pr544.v	stimuli/sv/subs/iverilog/ivtest/ivltests/pr544.v
iverilog	ivtest/ivltests/pr547.v	stimuli/sv/subs/iverilog/ivtest/ivltests/pr547.v
iverilog	ivtest/ivltests/pr556.v	stimuli/sv/subs/iverilog/ivtest/ivltests/pr556.v
iverilog	ivtest/ivltests/pr564.v	stimuli/sv/subs/iverilog/ivtest/ivltests/pr564.v
iverilog	ivtest/ivltests/pr569.v	stimuli/sv/subs/iverilog/ivtest/ivltests/pr569.v
iverilog	ivtest/ivltests/pr572.v	stimuli/sv/subs/iverilog/ivtest/ivltests/pr572.v
iverilog	ivtest/ivltests/pr572b.v	stimuli/sv/subs/iverilog/ivtest/ivltests/pr572b.v
iverilog	ivtest/ivltests/pr578.v	stimuli/sv/subs/iverilog/ivtest/ivltests/pr578.v
iverilog	ivtest/ivltests/pr584.v	stimuli/sv/subs/iverilog/ivtest/ivltests/pr584.v
iverilog	ivtest/ivltests/pr585.v	stimuli/sv/subs/iverilog/ivtest/ivltests/pr585.v
iverilog	ivtest/ivltests/pr587.v	stimuli/sv/subs/iverilog/ivtest/ivltests/pr587.v
iverilog	ivtest/ivltests/pr590.v	stimuli/sv/subs/iverilog/ivtest/ivltests/pr590.v
iverilog	ivtest/ivltests/pr594.v	stimuli/sv/subs/iverilog/ivtest/ivltests/pr594.v
iverilog	ivtest/ivltests/pr596.v	stimuli/sv/subs/iverilog/ivtest/ivltests/pr596.v
iverilog	ivtest/ivltests/pr602.v	stimuli/sv/subs/iverilog/ivtest/ivltests/pr602.v
iverilog	ivtest/ivltests/pr617.v	stimuli/sv/subs/iverilog/ivtest/ivltests/pr617.v
iverilog	ivtest/ivltests/pr632.v	stimuli/sv/subs/iverilog/ivtest/ivltests/pr632.v
iverilog	ivtest/ivltests/pr673.v	stimuli/sv/subs/iverilog/ivtest/ivltests/pr673.v
iverilog	ivtest/ivltests/pr675.v	stimuli/sv/subs/iverilog/ivtest/ivltests/pr675.v
iverilog	ivtest/ivltests/pr678.v	stimuli/sv/subs/iverilog/ivtest/ivltests/pr678.v
iverilog	ivtest/ivltests/pr690.v	stimuli/sv/subs/iverilog/ivtest/ivltests/pr690.v
iverilog	ivtest/ivltests/pr693.v	stimuli/sv/subs/iverilog/ivtest/ivltests/pr693.v
iverilog	ivtest/ivltests/pr699.v	stimuli/sv/subs/iverilog/ivtest/ivltests/pr699.v
iverilog	ivtest/ivltests/pr699b.v	stimuli/sv/subs/iverilog/ivtest/ivltests/pr699b.v
iverilog	ivtest/ivltests/pr704.v	stimuli/sv/subs/iverilog/ivtest/ivltests/pr704.v
iverilog	ivtest/ivltests/pr707.v	stimuli/sv/subs/iverilog/ivtest/ivltests/pr707.v
iverilog	ivtest/ivltests/pr708.v	stimuli/sv/subs/iverilog/ivtest/ivltests/pr708.v
iverilog	ivtest/ivltests/pr710.v	stimuli/sv/subs/iverilog/ivtest/ivltests/pr710.v
iverilog	ivtest/ivltests/pr718.v	stimuli/sv/subs/iverilog/ivtest/ivltests/pr718.v
iverilog	ivtest/ivltests/pr722.v	stimuli/sv/subs/iverilog/ivtest/ivltests/pr722.v
iverilog	ivtest/ivltests/pr729.v	stimuli/sv/subs/iverilog/ivtest/ivltests/pr729.v
iverilog	ivtest/ivltests/pr734.v	stimuli/sv/subs/iverilog/ivtest/ivltests/pr734.v
iverilog	ivtest/ivltests/pr735.v	stimuli/sv/subs/iverilog/ivtest/ivltests/pr735.v
iverilog	ivtest/ivltests/pr748.v	stimuli/sv/subs/iverilog/ivtest/ivltests/pr748.v
iverilog	ivtest/ivltests/pr751.v	stimuli/sv/subs/iverilog/ivtest/ivltests/pr751.v
iverilog	ivtest/ivltests/pr757.v	stimuli/sv/subs/iverilog/ivtest/ivltests/pr757.v
iverilog	ivtest/ivltests/pr772.v	stimuli/sv/subs/iverilog/ivtest/ivltests/pr772.v
iverilog	ivtest/ivltests/pr810.v	stimuli/sv/subs/iverilog/ivtest/ivltests/pr810.v
iverilog	ivtest/ivltests/pr812.v	stimuli/sv/subs/iverilog/ivtest/ivltests/pr812.v
iverilog	ivtest/ivltests/pr820.v	stimuli/sv/subs/iverilog/ivtest/ivltests/pr820.v
iverilog	ivtest/ivltests/pr823.v	stimuli/sv/subs/iverilog/ivtest/ivltests/pr823.v
iverilog	ivtest/ivltests/pr841.v	stimuli/sv/subs/iverilog/ivtest/ivltests/pr841.v
iverilog	ivtest/ivltests/pr842.v	stimuli/sv/subs/iverilog/ivtest/ivltests/pr842.v
iverilog	ivtest/ivltests/pr848.v	stimuli/sv/subs/iverilog/ivtest/ivltests/pr848.v
iverilog	ivtest/ivltests/pr856.v	stimuli/sv/subs/iverilog/ivtest/ivltests/pr856.v
iverilog	ivtest/ivltests/pr859.v	stimuli/sv/subs/iverilog/ivtest/ivltests/pr859.v
iverilog	ivtest/ivltests/pr860.v	stimuli/sv/subs/iverilog/ivtest/ivltests/pr860.v
iverilog	ivtest/ivltests/pr872.v	stimuli/sv/subs/iverilog/ivtest/ivltests/pr872.v
iverilog	ivtest/ivltests/pr902.v	stimuli/sv/subs/iverilog/ivtest/ivltests/pr902.v
iverilog	ivtest/ivltests/pr903.v	stimuli/sv/subs/iverilog/ivtest/ivltests/pr903.v
iverilog	ivtest/ivltests/pr905.v	stimuli/sv/subs/iverilog/ivtest/ivltests/pr905.v
iverilog	ivtest/ivltests/pr910.v	stimuli/sv/subs/iverilog/ivtest/ivltests/pr910.v
iverilog	ivtest/ivltests/pr913.v	stimuli/sv/subs/iverilog/ivtest/ivltests/pr913.v
iverilog	ivtest/ivltests/pr923.v	stimuli/sv/subs/iverilog/ivtest/ivltests/pr923.v
iverilog	ivtest/ivltests/pr938.v	stimuli/sv/subs/iverilog/ivtest/ivltests/pr938.v
iverilog	ivtest/ivltests/pr938b.v	stimuli/sv/subs/iverilog/ivtest/ivltests/pr938b.v
iverilog	ivtest/ivltests/pr938b_std.v	stimuli/sv/subs/iverilog/ivtest/ivltests/pr938b_std.v
iverilog	ivtest/ivltests/pr941.v	stimuli/sv/subs/iverilog/ivtest/ivltests/pr941.v
iverilog	ivtest/ivltests/pr973.v	stimuli/sv/subs/iverilog/ivtest/ivltests/pr973.v
iverilog	ivtest/ivltests/pr978.v	stimuli/sv/subs/iverilog/ivtest/ivltests/pr978.v
iverilog	ivtest/ivltests/pr985.v	stimuli/sv/subs/iverilog/ivtest/ivltests/pr985.v
iverilog	ivtest/ivltests/pr987.v	stimuli/sv/subs/iverilog/ivtest/ivltests/pr987.v
iverilog	ivtest/ivltests/pr990.v	stimuli/sv/subs/iverilog/ivtest/ivltests/pr990.v
iverilog	ivtest/ivltests/pr991.v	stimuli/sv/subs/iverilog/ivtest/ivltests/pr991.v
iverilog	ivtest/ivltests/pr993.v	stimuli/sv/subs/iverilog/ivtest/ivltests/pr993.v
iverilog	ivtest/ivltests/pr995.v	stimuli/sv/subs/iverilog/ivtest/ivltests/pr995.v
iverilog	ivtest/ivltests/prng.v	stimuli/sv/subs/iverilog/ivtest/ivltests/prng.v
iverilog	ivtest/ivltests/ptest001.v	stimuli/sv/subs/iverilog/ivtest/ivltests/ptest001.v
iverilog	ivtest/ivltests/ptest002.v	stimuli/sv/subs/iverilog/ivtest/ivltests/ptest002.v
iverilog	ivtest/ivltests/ptest003.v	stimuli/sv/subs/iverilog/ivtest/ivltests/ptest003.v
iverilog	ivtest/ivltests/ptest004.v	stimuli/sv/subs/iverilog/ivtest/ivltests/ptest004.v
iverilog	ivtest/ivltests/ptest005.v	stimuli/sv/subs/iverilog/ivtest/ivltests/ptest005.v
iverilog	ivtest/ivltests/ptest006.v	stimuli/sv/subs/iverilog/ivtest/ivltests/ptest006.v
iverilog	ivtest/ivltests/ptest007.v	stimuli/sv/subs/iverilog/ivtest/ivltests/ptest007.v
iverilog	ivtest/ivltests/ptest008.v	stimuli/sv/subs/iverilog/ivtest/ivltests/ptest008.v
iverilog	ivtest/ivltests/ptest009.v	stimuli/sv/subs/iverilog/ivtest/ivltests/ptest009.v
iverilog	ivtest/ivltests/ptest010.v	stimuli/sv/subs/iverilog/ivtest/ivltests/ptest010.v
iverilog	ivtest/ivltests/ptest011.v	stimuli/sv/subs/iverilog/ivtest/ivltests/ptest011.v
iverilog	ivtest/ivltests/pullupdown.v	stimuli/sv/subs/iverilog/ivtest/ivltests/pullupdown.v
iverilog	ivtest/ivltests/pullupdown2.v	stimuli/sv/subs/iverilog/ivtest/ivltests/pullupdown2.v
iverilog	ivtest/ivltests/pullupdown3.v	stimuli/sv/subs/iverilog/ivtest/ivltests/pullupdown3.v
iverilog	ivtest/ivltests/pv_undef_sig_sel.v	stimuli/sv/subs/iverilog/ivtest/ivltests/pv_undef_sig_sel.v
iverilog	ivtest/ivltests/pv_wr_fn_vec4.v	stimuli/sv/subs/iverilog/ivtest/ivltests/pv_wr_fn_vec4.v
iverilog	ivtest/ivltests/pv_wr_vec4.v	stimuli/sv/subs/iverilog/ivtest/ivltests/pv_wr_vec4.v
iverilog	ivtest/ivltests/pv_wr_vec4_nb.v	stimuli/sv/subs/iverilog/ivtest/ivltests/pv_wr_vec4_nb.v
iverilog	ivtest/ivltests/pv_wr_vec4_nb_ec.v	stimuli/sv/subs/iverilog/ivtest/ivltests/pv_wr_vec4_nb_ec.v
iverilog	ivtest/ivltests/pv_wr_vec4a.v	stimuli/sv/subs/iverilog/ivtest/ivltests/pv_wr_vec4a.v
iverilog	ivtest/ivltests/pv_wr_vec4a_nb.v	stimuli/sv/subs/iverilog/ivtest/ivltests/pv_wr_vec4a_nb.v
iverilog	ivtest/ivltests/pv_wr_vec4a_nb_ec.v	stimuli/sv/subs/iverilog/ivtest/ivltests/pv_wr_vec4a_nb_ec.v
iverilog	ivtest/ivltests/qmark.v	stimuli/sv/subs/iverilog/ivtest/ivltests/qmark.v
iverilog	ivtest/ivltests/qmark1.v	stimuli/sv/subs/iverilog/ivtest/ivltests/qmark1.v
iverilog	ivtest/ivltests/qmark3.v	stimuli/sv/subs/iverilog/ivtest/ivltests/qmark3.v
iverilog	ivtest/ivltests/qmark5.v	stimuli/sv/subs/iverilog/ivtest/ivltests/qmark5.v
iverilog	ivtest/ivltests/qmark6.v	stimuli/sv/subs/iverilog/ivtest/ivltests/qmark6.v
iverilog	ivtest/ivltests/queue.v	stimuli/sv/subs/iverilog/ivtest/ivltests/queue.v
iverilog	ivtest/ivltests/queue_stat.v	stimuli/sv/subs/iverilog/ivtest/ivltests/queue_stat.v
iverilog	ivtest/ivltests/ram16x1.v	stimuli/sv/subs/iverilog/ivtest/ivltests/ram16x1.v
iverilog	ivtest/ivltests/random.v	stimuli/sv/subs/iverilog/ivtest/ivltests/random.v
iverilog	ivtest/ivltests/readmem-error.v	stimuli/sv/subs/iverilog/ivtest/ivltests/readmem-error.v
iverilog	ivtest/ivltests/readmem-invalid.v	stimuli/sv/subs/iverilog/ivtest/ivltests/readmem-invalid.v
iverilog	ivtest/ivltests/readmemb1.v	stimuli/sv/subs/iverilog/ivtest/ivltests/readmemb1.v
iverilog	ivtest/ivltests/readmemb2.v	stimuli/sv/subs/iverilog/ivtest/ivltests/readmemb2.v
iverilog	ivtest/ivltests/readmemb3.v	stimuli/sv/subs/iverilog/ivtest/ivltests/readmemb3.v
iverilog	ivtest/ivltests/readmemh1.v	stimuli/sv/subs/iverilog/ivtest/ivltests/readmemh1.v
iverilog	ivtest/ivltests/readmemh1a.v	stimuli/sv/subs/iverilog/ivtest/ivltests/readmemh1a.v
iverilog	ivtest/ivltests/readmemh2.v	stimuli/sv/subs/iverilog/ivtest/ivltests/readmemh2.v
iverilog	ivtest/ivltests/readmemh3.v	stimuli/sv/subs/iverilog/ivtest/ivltests/readmemh3.v
iverilog	ivtest/ivltests/readmemh4.v	stimuli/sv/subs/iverilog/ivtest/ivltests/readmemh4.v
iverilog	ivtest/ivltests/readmemh5.v	stimuli/sv/subs/iverilog/ivtest/ivltests/readmemh5.v
iverilog	ivtest/ivltests/real.v	stimuli/sv/subs/iverilog/ivtest/ivltests/real.v
iverilog	ivtest/ivltests/real10.v	stimuli/sv/subs/iverilog/ivtest/ivltests/real10.v
iverilog	ivtest/ivltests/real11.v	stimuli/sv/subs/iverilog/ivtest/ivltests/real11.v
iverilog	ivtest/ivltests/real2.v	stimuli/sv/subs/iverilog/ivtest/ivltests/real2.v
iverilog	ivtest/ivltests/real3.v	stimuli/sv/subs/iverilog/ivtest/ivltests/real3.v
iverilog	ivtest/ivltests/real5.v	stimuli/sv/subs/iverilog/ivtest/ivltests/real5.v
iverilog	ivtest/ivltests/real6.v	stimuli/sv/subs/iverilog/ivtest/ivltests/real6.v
iverilog	ivtest/ivltests/real7.v	stimuli/sv/subs/iverilog/ivtest/ivltests/real7.v
iverilog	ivtest/ivltests/real9.v	stimuli/sv/subs/iverilog/ivtest/ivltests/real9.v
iverilog	ivtest/ivltests/real_array_multi_dim.v	stimuli/sv/subs/iverilog/ivtest/ivltests/real_array_multi_dim.v
iverilog	ivtest/ivltests/real_array_store_after_cmp.v	stimuli/sv/subs/iverilog/ivtest/ivltests/real_array_store_after_cmp.v
iverilog	ivtest/ivltests/real_assign_deassign.v	stimuli/sv/subs/iverilog/ivtest/ivltests/real_assign_deassign.v
iverilog	ivtest/ivltests/real_concat_invalid2.v	stimuli/sv/subs/iverilog/ivtest/ivltests/real_concat_invalid2.v
iverilog	ivtest/ivltests/real_delay.v	stimuli/sv/subs/iverilog/ivtest/ivltests/real_delay.v
iverilog	ivtest/ivltests/real_delay_assign.v	stimuli/sv/subs/iverilog/ivtest/ivltests/real_delay_assign.v
iverilog	ivtest/ivltests/real_events.v	stimuli/sv/subs/iverilog/ivtest/ivltests/real_events.v
iverilog	ivtest/ivltests/real_force_rel.v	stimuli/sv/subs/iverilog/ivtest/ivltests/real_force_rel.v
iverilog	ivtest/ivltests/real_invalid_ops.v	stimuli/sv/subs/iverilog/ivtest/ivltests/real_invalid_ops.v
iverilog	ivtest/ivltests/real_logical.v	stimuli/sv/subs/iverilog/ivtest/ivltests/real_logical.v
iverilog	ivtest/ivltests/real_negative_zero.v	stimuli/sv/subs/iverilog/ivtest/ivltests/real_negative_zero.v
iverilog	ivtest/ivltests/real_reg_force_rel.v	stimuli/sv/subs/iverilog/ivtest/ivltests/real_reg_force_rel.v
iverilog	ivtest/ivltests/real_unary_minus_inf.v	stimuli/sv/subs/iverilog/ivtest/ivltests/real_unary_minus_inf.v
iverilog	ivtest/ivltests/real_unary_minus_nan.v	stimuli/sv/subs/iverilog/ivtest/ivltests/real_unary_minus_nan.v
iverilog	ivtest/ivltests/real_unary_minus_zero.v	stimuli/sv/subs/iverilog/ivtest/ivltests/real_unary_minus_zero.v
iverilog	ivtest/ivltests/recursive_func1.v	stimuli/sv/subs/iverilog/ivtest/ivltests/recursive_func1.v
iverilog	ivtest/ivltests/recursive_func_const1.v	stimuli/sv/subs/iverilog/ivtest/ivltests/recursive_func_const1.v
iverilog	ivtest/ivltests/recursive_task.v	stimuli/sv/subs/iverilog/ivtest/ivltests/recursive_task.v
iverilog	ivtest/ivltests/redef_net_error.v	stimuli/sv/subs/iverilog/ivtest/ivltests/redef_net_error.v
iverilog	ivtest/ivltests/redef_reg_error.v	stimuli/sv/subs/iverilog/ivtest/ivltests/redef_reg_error.v
iverilog	ivtest/ivltests/repeat2.v	stimuli/sv/subs/iverilog/ivtest/ivltests/repeat2.v
iverilog	ivtest/ivltests/repeat_expr_probe.v	stimuli/sv/subs/iverilog/ivtest/ivltests/repeat_expr_probe.v
iverilog	ivtest/ivltests/repl_zero_wid_fail.v	stimuli/sv/subs/iverilog/ivtest/ivltests/repl_zero_wid_fail.v
iverilog	ivtest/ivltests/repl_zero_wid_pass.v	stimuli/sv/subs/iverilog/ivtest/ivltests/repl_zero_wid_pass.v
iverilog	ivtest/ivltests/resetall.v	stimuli/sv/subs/iverilog/ivtest/ivltests/resetall.v
iverilog	ivtest/ivltests/resetall2.v	stimuli/sv/subs/iverilog/ivtest/ivltests/resetall2.v
iverilog	ivtest/ivltests/resolv1.v	stimuli/sv/subs/iverilog/ivtest/ivltests/resolv1.v
iverilog	ivtest/ivltests/rise_fall_decay1.v	stimuli/sv/subs/iverilog/ivtest/ivltests/rise_fall_decay1.v
iverilog	ivtest/ivltests/rise_fall_decay2.v	stimuli/sv/subs/iverilog/ivtest/ivltests/rise_fall_decay2.v
iverilog	ivtest/ivltests/rise_fall_delay1.v	stimuli/sv/subs/iverilog/ivtest/ivltests/rise_fall_delay1.v
iverilog	ivtest/ivltests/rise_fall_delay2.v	stimuli/sv/subs/iverilog/ivtest/ivltests/rise_fall_delay2.v
iverilog	ivtest/ivltests/rise_fall_delay3.v	stimuli/sv/subs/iverilog/ivtest/ivltests/rise_fall_delay3.v
iverilog	ivtest/ivltests/rl_pow.v	stimuli/sv/subs/iverilog/ivtest/ivltests/rl_pow.v
iverilog	ivtest/ivltests/rnpmos.v	stimuli/sv/subs/iverilog/ivtest/ivltests/rnpmos.v
iverilog	ivtest/ivltests/rnpmos2.v	stimuli/sv/subs/iverilog/ivtest/ivltests/rnpmos2.v
iverilog	ivtest/ivltests/rop.v	stimuli/sv/subs/iverilog/ivtest/ivltests/rop.v
iverilog	ivtest/ivltests/rptconcat.v	stimuli/sv/subs/iverilog/ivtest/ivltests/rptconcat.v
iverilog	ivtest/ivltests/rtran.v	stimuli/sv/subs/iverilog/ivtest/ivltests/rtran.v
iverilog	ivtest/ivltests/rtranif0.v	stimuli/sv/subs/iverilog/ivtest/ivltests/rtranif0.v
iverilog	ivtest/ivltests/rtranif1.v	stimuli/sv/subs/iverilog/ivtest/ivltests/rtranif1.v
iverilog	ivtest/ivltests/scan-invalid.v	stimuli/sv/subs/iverilog/ivtest/ivltests/scan-invalid.v
iverilog	ivtest/ivltests/scanf.v	stimuli/sv/subs/iverilog/ivtest/ivltests/scanf.v
iverilog	ivtest/ivltests/scanf2.v	stimuli/sv/subs/iverilog/ivtest/ivltests/scanf2.v
iverilog	ivtest/ivltests/scanf3.v	stimuli/sv/subs/iverilog/ivtest/ivltests/scanf3.v
iverilog	ivtest/ivltests/scanf4.v	stimuli/sv/subs/iverilog/ivtest/ivltests/scanf4.v
iverilog	ivtest/ivltests/sched1.v	stimuli/sv/subs/iverilog/ivtest/ivltests/sched1.v
iverilog	ivtest/ivltests/sched2.v	stimuli/sv/subs/iverilog/ivtest/ivltests/sched2.v
iverilog	ivtest/ivltests/schedule.v	stimuli/sv/subs/iverilog/ivtest/ivltests/schedule.v
iverilog	ivtest/ivltests/scope1.v	stimuli/sv/subs/iverilog/ivtest/ivltests/scope1.v
iverilog	ivtest/ivltests/scope2.v	stimuli/sv/subs/iverilog/ivtest/ivltests/scope2.v
iverilog	ivtest/ivltests/scope2b.v	stimuli/sv/subs/iverilog/ivtest/ivltests/scope2b.v
iverilog	ivtest/ivltests/scope4.v	stimuli/sv/subs/iverilog/ivtest/ivltests/scope4.v
iverilog	ivtest/ivltests/scope5.v	stimuli/sv/subs/iverilog/ivtest/ivltests/scope5.v
iverilog	ivtest/ivltests/scoped_events.v	stimuli/sv/subs/iverilog/ivtest/ivltests/scoped_events.v
iverilog	ivtest/ivltests/sdf1.v	stimuli/sv/subs/iverilog/ivtest/ivltests/sdf1.v
iverilog	ivtest/ivltests/sdf2.v	stimuli/sv/subs/iverilog/ivtest/ivltests/sdf2.v
iverilog	ivtest/ivltests/sdf3.v	stimuli/sv/subs/iverilog/ivtest/ivltests/sdf3.v
iverilog	ivtest/ivltests/sdf4.v	stimuli/sv/subs/iverilog/ivtest/ivltests/sdf4.v
iverilog	ivtest/ivltests/sdf5.v	stimuli/sv/subs/iverilog/ivtest/ivltests/sdf5.v
iverilog	ivtest/ivltests/sdf6.v	stimuli/sv/subs/iverilog/ivtest/ivltests/sdf6.v
iverilog	ivtest/ivltests/sdf7.v	stimuli/sv/subs/iverilog/ivtest/ivltests/sdf7.v
iverilog	ivtest/ivltests/sdf8.v	stimuli/sv/subs/iverilog/ivtest/ivltests/sdf8.v
iverilog	ivtest/ivltests/sdf_del_max.v	stimuli/sv/subs/iverilog/ivtest/ivltests/sdf_del_max.v
iverilog	ivtest/ivltests/sdf_del_min.v	stimuli/sv/subs/iverilog/ivtest/ivltests/sdf_del_min.v
iverilog	ivtest/ivltests/sdf_del_typ.v	stimuli/sv/subs/iverilog/ivtest/ivltests/sdf_del_typ.v
iverilog	ivtest/ivltests/sdf_esc_id.v	stimuli/sv/subs/iverilog/ivtest/ivltests/sdf_esc_id.v
iverilog	ivtest/ivltests/sdf_header.v	stimuli/sv/subs/iverilog/ivtest/ivltests/sdf_header.v
iverilog	ivtest/ivltests/sdf_interconnect1.v	stimuli/sv/subs/iverilog/ivtest/ivltests/sdf_interconnect1.v
iverilog	ivtest/ivltests/sdf_interconnect2.v	stimuli/sv/subs/iverilog/ivtest/ivltests/sdf_interconnect2.v
iverilog	ivtest/ivltests/sdf_interconnect3.v	stimuli/sv/subs/iverilog/ivtest/ivltests/sdf_interconnect3.v
iverilog	ivtest/ivltests/sdf_interconnect4.v	stimuli/sv/subs/iverilog/ivtest/ivltests/sdf_interconnect4.v
iverilog	ivtest/ivltests/sdw_always1.v	stimuli/sv/subs/iverilog/ivtest/ivltests/sdw_always1.v
iverilog	ivtest/ivltests/sdw_always2.v	stimuli/sv/subs/iverilog/ivtest/ivltests/sdw_always2.v
iverilog	ivtest/ivltests/sdw_always3.v	stimuli/sv/subs/iverilog/ivtest/ivltests/sdw_always3.v
iverilog	ivtest/ivltests/sdw_array.v	stimuli/sv/subs/iverilog/ivtest/ivltests/sdw_array.v
iverilog	ivtest/ivltests/sdw_assign.v	stimuli/sv/subs/iverilog/ivtest/ivltests/sdw_assign.v
iverilog	ivtest/ivltests/sdw_dsbl.v	stimuli/sv/subs/iverilog/ivtest/ivltests/sdw_dsbl.v
iverilog	ivtest/ivltests/sdw_force.v	stimuli/sv/subs/iverilog/ivtest/ivltests/sdw_force.v
iverilog	ivtest/ivltests/sdw_function1.v	stimuli/sv/subs/iverilog/ivtest/ivltests/sdw_function1.v
iverilog	ivtest/ivltests/sdw_function2.v	stimuli/sv/subs/iverilog/ivtest/ivltests/sdw_function2.v
iverilog	ivtest/ivltests/sdw_function3.v	stimuli/sv/subs/iverilog/ivtest/ivltests/sdw_function3.v
iverilog	ivtest/ivltests/sdw_function4.v	stimuli/sv/subs/iverilog/ivtest/ivltests/sdw_function4.v
iverilog	ivtest/ivltests/sdw_function5.v	stimuli/sv/subs/iverilog/ivtest/ivltests/sdw_function5.v
iverilog	ivtest/ivltests/sdw_instmod1.v	stimuli/sv/subs/iverilog/ivtest/ivltests/sdw_instmod1.v
iverilog	ivtest/ivltests/sdw_instmod2.v	stimuli/sv/subs/iverilog/ivtest/ivltests/sdw_instmod2.v
iverilog	ivtest/ivltests/sdw_int.v	stimuli/sv/subs/iverilog/ivtest/ivltests/sdw_int.v
iverilog	ivtest/ivltests/sdw_lvalconcat.v	stimuli/sv/subs/iverilog/ivtest/ivltests/sdw_lvalconcat.v
iverilog	ivtest/ivltests/sdw_param1.v	stimuli/sv/subs/iverilog/ivtest/ivltests/sdw_param1.v
iverilog	ivtest/ivltests/sdw_param2.v	stimuli/sv/subs/iverilog/ivtest/ivltests/sdw_param2.v
iverilog	ivtest/ivltests/sdw_release.v	stimuli/sv/subs/iverilog/ivtest/ivltests/sdw_release.v
iverilog	ivtest/ivltests/sdw_stmt002.v	stimuli/sv/subs/iverilog/ivtest/ivltests/sdw_stmt002.v
iverilog	ivtest/ivltests/sdw_task1.v	stimuli/sv/subs/iverilog/ivtest/ivltests/sdw_task1.v
iverilog	ivtest/ivltests/sdw_task2.v	stimuli/sv/subs/iverilog/ivtest/ivltests/sdw_task2.v
iverilog	ivtest/ivltests/sel_rval_bit_ob.v	stimuli/sv/subs/iverilog/ivtest/ivltests/sel_rval_bit_ob.v
iverilog	ivtest/ivltests/sel_rval_part_ob.v	stimuli/sv/subs/iverilog/ivtest/ivltests/sel_rval_part_ob.v
iverilog	ivtest/ivltests/select.v	stimuli/sv/subs/iverilog/ivtest/ivltests/select.v
iverilog	ivtest/ivltests/select2.v	stimuli/sv/subs/iverilog/ivtest/ivltests/select2.v
iverilog	ivtest/ivltests/select3.v	stimuli/sv/subs/iverilog/ivtest/ivltests/select3.v
iverilog	ivtest/ivltests/select4.v	stimuli/sv/subs/iverilog/ivtest/ivltests/select4.v
iverilog	ivtest/ivltests/select5.v	stimuli/sv/subs/iverilog/ivtest/ivltests/select5.v
iverilog	ivtest/ivltests/select6.v	stimuli/sv/subs/iverilog/ivtest/ivltests/select6.v
iverilog	ivtest/ivltests/select7.v	stimuli/sv/subs/iverilog/ivtest/ivltests/select7.v
iverilog	ivtest/ivltests/select8.v	stimuli/sv/subs/iverilog/ivtest/ivltests/select8.v
iverilog	ivtest/ivltests/select_padding.v	stimuli/sv/subs/iverilog/ivtest/ivltests/select_padding.v
iverilog	ivtest/ivltests/shellho1.v	stimuli/sv/subs/iverilog/ivtest/ivltests/shellho1.v
iverilog	ivtest/ivltests/shift1.v	stimuli/sv/subs/iverilog/ivtest/ivltests/shift1.v
iverilog	ivtest/ivltests/shift2.v	stimuli/sv/subs/iverilog/ivtest/ivltests/shift2.v
iverilog	ivtest/ivltests/shift3.v	stimuli/sv/subs/iverilog/ivtest/ivltests/shift3.v
iverilog	ivtest/ivltests/shift4.v	stimuli/sv/subs/iverilog/ivtest/ivltests/shift4.v
iverilog	ivtest/ivltests/shift5.v	stimuli/sv/subs/iverilog/ivtest/ivltests/shift5.v
iverilog	ivtest/ivltests/shift6.v	stimuli/sv/subs/iverilog/ivtest/ivltests/shift6.v
iverilog	ivtest/ivltests/shift_pad.v	stimuli/sv/subs/iverilog/ivtest/ivltests/shift_pad.v
iverilog	ivtest/ivltests/signed1.v	stimuli/sv/subs/iverilog/ivtest/ivltests/signed1.v
iverilog	ivtest/ivltests/signed10.v	stimuli/sv/subs/iverilog/ivtest/ivltests/signed10.v
iverilog	ivtest/ivltests/signed11.v	stimuli/sv/subs/iverilog/ivtest/ivltests/signed11.v
iverilog	ivtest/ivltests/signed12.v	stimuli/sv/subs/iverilog/ivtest/ivltests/signed12.v
iverilog	ivtest/ivltests/signed13.v	stimuli/sv/subs/iverilog/ivtest/ivltests/signed13.v
iverilog	ivtest/ivltests/signed2.v	stimuli/sv/subs/iverilog/ivtest/ivltests/signed2.v
iverilog	ivtest/ivltests/signed3.v	stimuli/sv/subs/iverilog/ivtest/ivltests/signed3.v
iverilog	ivtest/ivltests/signed4.v	stimuli/sv/subs/iverilog/ivtest/ivltests/signed4.v
iverilog	ivtest/ivltests/signed5.v	stimuli/sv/subs/iverilog/ivtest/ivltests/signed5.v
iverilog	ivtest/ivltests/signed6.v	stimuli/sv/subs/iverilog/ivtest/ivltests/signed6.v
iverilog	ivtest/ivltests/signed7.v	stimuli/sv/subs/iverilog/ivtest/ivltests/signed7.v
iverilog	ivtest/ivltests/signed8.v	stimuli/sv/subs/iverilog/ivtest/ivltests/signed8.v
iverilog	ivtest/ivltests/signed9.v	stimuli/sv/subs/iverilog/ivtest/ivltests/signed9.v
iverilog	ivtest/ivltests/signed_a.v	stimuli/sv/subs/iverilog/ivtest/ivltests/signed_a.v
iverilog	ivtest/ivltests/signed_equality.v	stimuli/sv/subs/iverilog/ivtest/ivltests/signed_equality.v
iverilog	ivtest/ivltests/signed_net_display.v	stimuli/sv/subs/iverilog/ivtest/ivltests/signed_net_display.v
iverilog	ivtest/ivltests/signed_part.v	stimuli/sv/subs/iverilog/ivtest/ivltests/signed_part.v
iverilog	ivtest/ivltests/signed_pv.v	stimuli/sv/subs/iverilog/ivtest/ivltests/signed_pv.v
iverilog	ivtest/ivltests/single_element_array.v	stimuli/sv/subs/iverilog/ivtest/ivltests/single_element_array.v
iverilog	ivtest/ivltests/sp2.v	stimuli/sv/subs/iverilog/ivtest/ivltests/sp2.v
iverilog	ivtest/ivltests/specify1.v	stimuli/sv/subs/iverilog/ivtest/ivltests/specify1.v
iverilog	ivtest/ivltests/specify2.v	stimuli/sv/subs/iverilog/ivtest/ivltests/specify2.v
iverilog	ivtest/ivltests/specify3.v	stimuli/sv/subs/iverilog/ivtest/ivltests/specify3.v
iverilog	ivtest/ivltests/specify4.v	stimuli/sv/subs/iverilog/ivtest/ivltests/specify4.v
iverilog	ivtest/ivltests/specify5.v	stimuli/sv/subs/iverilog/ivtest/ivltests/specify5.v
iverilog	ivtest/ivltests/specify_01.v	stimuli/sv/subs/iverilog/ivtest/ivltests/specify_01.v
iverilog	ivtest/ivltests/sqrt32.v	stimuli/sv/subs/iverilog/ivtest/ivltests/sqrt32.v
iverilog	ivtest/ivltests/sscanf_u.v	stimuli/sv/subs/iverilog/ivtest/ivltests/sscanf_u.v
iverilog	ivtest/ivltests/sscanf_z.v	stimuli/sv/subs/iverilog/ivtest/ivltests/sscanf_z.v
iverilog	ivtest/ivltests/stask_parm1.v	stimuli/sv/subs/iverilog/ivtest/ivltests/stask_parm1.v
iverilog	ivtest/ivltests/stask_parm2.v	stimuli/sv/subs/iverilog/ivtest/ivltests/stask_parm2.v
iverilog	ivtest/ivltests/stask_sens_null_arg.v	stimuli/sv/subs/iverilog/ivtest/ivltests/stask_sens_null_arg.v
iverilog	ivtest/ivltests/string1.v	stimuli/sv/subs/iverilog/ivtest/ivltests/string1.v
iverilog	ivtest/ivltests/string10.v	stimuli/sv/subs/iverilog/ivtest/ivltests/string10.v
iverilog	ivtest/ivltests/string11.v	stimuli/sv/subs/iverilog/ivtest/ivltests/string11.v
iverilog	ivtest/ivltests/string12.v	stimuli/sv/subs/iverilog/ivtest/ivltests/string12.v
iverilog	ivtest/ivltests/string13.v	stimuli/sv/subs/iverilog/ivtest/ivltests/string13.v
iverilog	ivtest/ivltests/string14.v	stimuli/sv/subs/iverilog/ivtest/ivltests/string14.v
iverilog	ivtest/ivltests/string2.v	stimuli/sv/subs/iverilog/ivtest/ivltests/string2.v
iverilog	ivtest/ivltests/string3.v	stimuli/sv/subs/iverilog/ivtest/ivltests/string3.v
iverilog	ivtest/ivltests/string4.v	stimuli/sv/subs/iverilog/ivtest/ivltests/string4.v
iverilog	ivtest/ivltests/string5.v	stimuli/sv/subs/iverilog/ivtest/ivltests/string5.v
iverilog	ivtest/ivltests/string7.v	stimuli/sv/subs/iverilog/ivtest/ivltests/string7.v
iverilog	ivtest/ivltests/string8.v	stimuli/sv/subs/iverilog/ivtest/ivltests/string8.v
iverilog	ivtest/ivltests/string9.v	stimuli/sv/subs/iverilog/ivtest/ivltests/string9.v
iverilog	ivtest/ivltests/supply1.v	stimuli/sv/subs/iverilog/ivtest/ivltests/supply1.v
iverilog	ivtest/ivltests/supply2.v	stimuli/sv/subs/iverilog/ivtest/ivltests/supply2.v
iverilog	ivtest/ivltests/sv_lval_concat_uarray1.v	stimuli/sv/subs/iverilog/ivtest/ivltests/sv_lval_concat_uarray1.v
iverilog	ivtest/ivltests/sv_lval_concat_uarray2.v	stimuli/sv/subs/iverilog/ivtest/ivltests/sv_lval_concat_uarray2.v
iverilog	ivtest/ivltests/sv_lval_idx_part_invalid_base_down_fail.v	stimuli/sv/subs/iverilog/ivtest/ivltests/sv_lval_idx_part_invalid_base_down_fail.v
iverilog	ivtest/ivltests/switch_primitives.v	stimuli/sv/subs/iverilog/ivtest/ivltests/switch_primitives.v
iverilog	ivtest/ivltests/sys_func_task_error.v	stimuli/sv/subs/iverilog/ivtest/ivltests/sys_func_task_error.v
iverilog	ivtest/ivltests/talu.v	stimuli/sv/subs/iverilog/ivtest/ivltests/talu.v
iverilog	ivtest/ivltests/task-scope.v	stimuli/sv/subs/iverilog/ivtest/ivltests/task-scope.v
iverilog	ivtest/ivltests/task3.14A.v	stimuli/sv/subs/iverilog/ivtest/ivltests/task3.14A.v
iverilog	ivtest/ivltests/task3.14B.v	stimuli/sv/subs/iverilog/ivtest/ivltests/task3.14B.v
iverilog	ivtest/ivltests/task3.14C.v	stimuli/sv/subs/iverilog/ivtest/ivltests/task3.14C.v
iverilog	ivtest/ivltests/task3.14D.v	stimuli/sv/subs/iverilog/ivtest/ivltests/task3.14D.v
iverilog	ivtest/ivltests/task3.14E.v	stimuli/sv/subs/iverilog/ivtest/ivltests/task3.14E.v
iverilog	ivtest/ivltests/task3.14F.v	stimuli/sv/subs/iverilog/ivtest/ivltests/task3.14F.v
iverilog	ivtest/ivltests/task_bypath.v	stimuli/sv/subs/iverilog/ivtest/ivltests/task_bypath.v
iverilog	ivtest/ivltests/task_in_expr_fail.v	stimuli/sv/subs/iverilog/ivtest/ivltests/task_in_expr_fail.v
iverilog	ivtest/ivltests/task_inpad.v	stimuli/sv/subs/iverilog/ivtest/ivltests/task_inpad.v
iverilog	ivtest/ivltests/task_iotypes.v	stimuli/sv/subs/iverilog/ivtest/ivltests/task_iotypes.v
iverilog	ivtest/ivltests/task_iotypes2.v	stimuli/sv/subs/iverilog/ivtest/ivltests/task_iotypes2.v
iverilog	ivtest/ivltests/task_mem.v	stimuli/sv/subs/iverilog/ivtest/ivltests/task_mem.v
iverilog	ivtest/ivltests/task_nonansi_fail1.v	stimuli/sv/subs/iverilog/ivtest/ivltests/task_nonansi_fail1.v
iverilog	ivtest/ivltests/task_nonansi_fail10.v	stimuli/sv/subs/iverilog/ivtest/ivltests/task_nonansi_fail10.v
iverilog	ivtest/ivltests/task_nonansi_fail11.v	stimuli/sv/subs/iverilog/ivtest/ivltests/task_nonansi_fail11.v
iverilog	ivtest/ivltests/task_nonansi_fail2.v	stimuli/sv/subs/iverilog/ivtest/ivltests/task_nonansi_fail2.v
iverilog	ivtest/ivltests/task_nonansi_fail3.v	stimuli/sv/subs/iverilog/ivtest/ivltests/task_nonansi_fail3.v
iverilog	ivtest/ivltests/task_nonansi_fail4.v	stimuli/sv/subs/iverilog/ivtest/ivltests/task_nonansi_fail4.v
iverilog	ivtest/ivltests/task_nonansi_fail5.v	stimuli/sv/subs/iverilog/ivtest/ivltests/task_nonansi_fail5.v
iverilog	ivtest/ivltests/task_nonansi_fail6.v	stimuli/sv/subs/iverilog/ivtest/ivltests/task_nonansi_fail6.v
iverilog	ivtest/ivltests/task_nonansi_fail7.v	stimuli/sv/subs/iverilog/ivtest/ivltests/task_nonansi_fail7.v
iverilog	ivtest/ivltests/task_nonansi_fail8.v	stimuli/sv/subs/iverilog/ivtest/ivltests/task_nonansi_fail8.v
iverilog	ivtest/ivltests/task_nonansi_fail9.v	stimuli/sv/subs/iverilog/ivtest/ivltests/task_nonansi_fail9.v
iverilog	ivtest/ivltests/task_nonansi_integer1.v	stimuli/sv/subs/iverilog/ivtest/ivltests/task_nonansi_integer1.v
iverilog	ivtest/ivltests/task_nonansi_integer2.v	stimuli/sv/subs/iverilog/ivtest/ivltests/task_nonansi_integer2.v
iverilog	ivtest/ivltests/task_nonansi_integer_fail.v	stimuli/sv/subs/iverilog/ivtest/ivltests/task_nonansi_integer_fail.v
iverilog	ivtest/ivltests/task_nonansi_real1.v	stimuli/sv/subs/iverilog/ivtest/ivltests/task_nonansi_real1.v
iverilog	ivtest/ivltests/task_nonansi_real2.v	stimuli/sv/subs/iverilog/ivtest/ivltests/task_nonansi_real2.v
iverilog	ivtest/ivltests/task_nonansi_real_fail.v	stimuli/sv/subs/iverilog/ivtest/ivltests/task_nonansi_real_fail.v
iverilog	ivtest/ivltests/task_nonansi_time1.v	stimuli/sv/subs/iverilog/ivtest/ivltests/task_nonansi_time1.v
iverilog	ivtest/ivltests/task_nonansi_time2.v	stimuli/sv/subs/iverilog/ivtest/ivltests/task_nonansi_time2.v
iverilog	ivtest/ivltests/task_nonansi_time_fail.v	stimuli/sv/subs/iverilog/ivtest/ivltests/task_nonansi_time_fail.v
iverilog	ivtest/ivltests/task_nonansi_vec1.v	stimuli/sv/subs/iverilog/ivtest/ivltests/task_nonansi_vec1.v
iverilog	ivtest/ivltests/task_nonansi_vec2.v	stimuli/sv/subs/iverilog/ivtest/ivltests/task_nonansi_vec2.v
iverilog	ivtest/ivltests/task_nonansi_vec_fail1.v	stimuli/sv/subs/iverilog/ivtest/ivltests/task_nonansi_vec_fail1.v
iverilog	ivtest/ivltests/task_nonansi_vec_fail2.v	stimuli/sv/subs/iverilog/ivtest/ivltests/task_nonansi_vec_fail2.v
iverilog	ivtest/ivltests/task_nonansi_vec_fail3.v	stimuli/sv/subs/iverilog/ivtest/ivltests/task_nonansi_vec_fail3.v
iverilog	ivtest/ivltests/task_noop.v	stimuli/sv/subs/iverilog/ivtest/ivltests/task_noop.v
iverilog	ivtest/ivltests/task_noop2.v	stimuli/sv/subs/iverilog/ivtest/ivltests/task_noop2.v
iverilog	ivtest/ivltests/task_omemw2.v	stimuli/sv/subs/iverilog/ivtest/ivltests/task_omemw2.v
iverilog	ivtest/ivltests/task_omemw3.v	stimuli/sv/subs/iverilog/ivtest/ivltests/task_omemw3.v
iverilog	ivtest/ivltests/task_port_range_mismatch.v	stimuli/sv/subs/iverilog/ivtest/ivltests/task_port_range_mismatch.v
iverilog	ivtest/ivltests/task_port_size.v	stimuli/sv/subs/iverilog/ivtest/ivltests/task_port_size.v
iverilog	ivtest/ivltests/task_scope.v	stimuli/sv/subs/iverilog/ivtest/ivltests/task_scope.v
iverilog	ivtest/ivltests/tern1.v	stimuli/sv/subs/iverilog/ivtest/ivltests/tern1.v
iverilog	ivtest/ivltests/tern10.v	stimuli/sv/subs/iverilog/ivtest/ivltests/tern10.v
iverilog	ivtest/ivltests/tern2.v	stimuli/sv/subs/iverilog/ivtest/ivltests/tern2.v
iverilog	ivtest/ivltests/tern4.v	stimuli/sv/subs/iverilog/ivtest/ivltests/tern4.v
iverilog	ivtest/ivltests/tern5.v	stimuli/sv/subs/iverilog/ivtest/ivltests/tern5.v
iverilog	ivtest/ivltests/tern6.v	stimuli/sv/subs/iverilog/ivtest/ivltests/tern6.v
iverilog	ivtest/ivltests/tern7.v	stimuli/sv/subs/iverilog/ivtest/ivltests/tern7.v
iverilog	ivtest/ivltests/tern9.v	stimuli/sv/subs/iverilog/ivtest/ivltests/tern9.v
iverilog	ivtest/ivltests/test_bufif0.v	stimuli/sv/subs/iverilog/ivtest/ivltests/test_bufif0.v
iverilog	ivtest/ivltests/test_bufif1.v	stimuli/sv/subs/iverilog/ivtest/ivltests/test_bufif1.v
iverilog	ivtest/ivltests/test_disphob.v	stimuli/sv/subs/iverilog/ivtest/ivltests/test_disphob.v
iverilog	ivtest/ivltests/test_dispwided.v	stimuli/sv/subs/iverilog/ivtest/ivltests/test_dispwided.v
iverilog	ivtest/ivltests/test_extended.v	stimuli/sv/subs/iverilog/ivtest/ivltests/test_extended.v
iverilog	ivtest/ivltests/test_mos_strength_reduction.v	stimuli/sv/subs/iverilog/ivtest/ivltests/test_mos_strength_reduction.v
iverilog	ivtest/ivltests/test_nmos.v	stimuli/sv/subs/iverilog/ivtest/ivltests/test_nmos.v
iverilog	ivtest/ivltests/test_notif0.v	stimuli/sv/subs/iverilog/ivtest/ivltests/test_notif0.v
iverilog	ivtest/ivltests/test_notif1.v	stimuli/sv/subs/iverilog/ivtest/ivltests/test_notif1.v
iverilog	ivtest/ivltests/test_pmos.v	stimuli/sv/subs/iverilog/ivtest/ivltests/test_pmos.v
iverilog	ivtest/ivltests/test_rnmos.v	stimuli/sv/subs/iverilog/ivtest/ivltests/test_rnmos.v
iverilog	ivtest/ivltests/test_rpmos.v	stimuli/sv/subs/iverilog/ivtest/ivltests/test_rpmos.v
iverilog	ivtest/ivltests/test_va_math.v	stimuli/sv/subs/iverilog/ivtest/ivltests/test_va_math.v
iverilog	ivtest/ivltests/test_width.v	stimuli/sv/subs/iverilog/ivtest/ivltests/test_width.v
iverilog	ivtest/ivltests/time1.v	stimuli/sv/subs/iverilog/ivtest/ivltests/time1.v
iverilog	ivtest/ivltests/time2.v	stimuli/sv/subs/iverilog/ivtest/ivltests/time2.v
iverilog	ivtest/ivltests/time3.v	stimuli/sv/subs/iverilog/ivtest/ivltests/time3.v
iverilog	ivtest/ivltests/time4.v	stimuli/sv/subs/iverilog/ivtest/ivltests/time4.v
iverilog	ivtest/ivltests/time5.v	stimuli/sv/subs/iverilog/ivtest/ivltests/time5.v
iverilog	ivtest/ivltests/time7.v	stimuli/sv/subs/iverilog/ivtest/ivltests/time7.v
iverilog	ivtest/ivltests/time8.v	stimuli/sv/subs/iverilog/ivtest/ivltests/time8.v
iverilog	ivtest/ivltests/timeform1.v	stimuli/sv/subs/iverilog/ivtest/ivltests/timeform1.v
iverilog	ivtest/ivltests/timeform2.v	stimuli/sv/subs/iverilog/ivtest/ivltests/timeform2.v
iverilog	ivtest/ivltests/timescale1.v	stimuli/sv/subs/iverilog/ivtest/ivltests/timescale1.v
iverilog	ivtest/ivltests/timescale2.v	stimuli/sv/subs/iverilog/ivtest/ivltests/timescale2.v
iverilog	ivtest/ivltests/timescale3.v	stimuli/sv/subs/iverilog/ivtest/ivltests/timescale3.v
iverilog	ivtest/ivltests/timing_check_delayed_signals.v	stimuli/sv/subs/iverilog/ivtest/ivltests/timing_check_delayed_signals.v
iverilog	ivtest/ivltests/timing_check_syntax.v	stimuli/sv/subs/iverilog/ivtest/ivltests/timing_check_syntax.v
iverilog	ivtest/ivltests/tran-keeper.v	stimuli/sv/subs/iverilog/ivtest/ivltests/tran-keeper.v
iverilog	ivtest/ivltests/tran.v	stimuli/sv/subs/iverilog/ivtest/ivltests/tran.v
iverilog	ivtest/ivltests/tranif0.v	stimuli/sv/subs/iverilog/ivtest/ivltests/tranif0.v
iverilog	ivtest/ivltests/tranif1.v	stimuli/sv/subs/iverilog/ivtest/ivltests/tranif1.v
iverilog	ivtest/ivltests/tri0.v	stimuli/sv/subs/iverilog/ivtest/ivltests/tri0.v
iverilog	ivtest/ivltests/tri0b.v	stimuli/sv/subs/iverilog/ivtest/ivltests/tri0b.v
iverilog	ivtest/ivltests/tri1.v	stimuli/sv/subs/iverilog/ivtest/ivltests/tri1.v
iverilog	ivtest/ivltests/tri2.v	stimuli/sv/subs/iverilog/ivtest/ivltests/tri2.v
iverilog	ivtest/ivltests/tri3.v	stimuli/sv/subs/iverilog/ivtest/ivltests/tri3.v
iverilog	ivtest/ivltests/triand.v	stimuli/sv/subs/iverilog/ivtest/ivltests/triand.v
iverilog	ivtest/ivltests/trior.v	stimuli/sv/subs/iverilog/ivtest/ivltests/trior.v
iverilog	ivtest/ivltests/types1.v	stimuli/sv/subs/iverilog/ivtest/ivltests/types1.v
iverilog	ivtest/ivltests/udp_ansi_initial_nonreg_fail.v	stimuli/sv/subs/iverilog/ivtest/ivltests/udp_ansi_initial_nonreg_fail.v
iverilog	ivtest/ivltests/udp_ansi_initial_reg.v	stimuli/sv/subs/iverilog/ivtest/ivltests/udp_ansi_initial_reg.v
iverilog	ivtest/ivltests/udp_bufg.v	stimuli/sv/subs/iverilog/ivtest/ivltests/udp_bufg.v
iverilog	ivtest/ivltests/udp_bufg2.v	stimuli/sv/subs/iverilog/ivtest/ivltests/udp_bufg2.v
iverilog	ivtest/ivltests/udp_bx.v	stimuli/sv/subs/iverilog/ivtest/ivltests/udp_bx.v
iverilog	ivtest/ivltests/udp_delay_fail.v	stimuli/sv/subs/iverilog/ivtest/ivltests/udp_delay_fail.v
iverilog	ivtest/ivltests/udp_dff.v	stimuli/sv/subs/iverilog/ivtest/ivltests/udp_dff.v
iverilog	ivtest/ivltests/udp_dff_std.v	stimuli/sv/subs/iverilog/ivtest/ivltests/udp_dff_std.v
iverilog	ivtest/ivltests/udp_empty_table_fail.v	stimuli/sv/subs/iverilog/ivtest/ivltests/udp_empty_table_fail.v
iverilog	ivtest/ivltests/udp_eval_arg.v	stimuli/sv/subs/iverilog/ivtest/ivltests/udp_eval_arg.v
iverilog	ivtest/ivltests/udp_initial_nonreg_fail.v	stimuli/sv/subs/iverilog/ivtest/ivltests/udp_initial_nonreg_fail.v
iverilog	ivtest/ivltests/udp_jkff.v	stimuli/sv/subs/iverilog/ivtest/ivltests/udp_jkff.v
iverilog	ivtest/ivltests/udp_output_reg.v	stimuli/sv/subs/iverilog/ivtest/ivltests/udp_output_reg.v
iverilog	ivtest/ivltests/udp_port_decl_conflict_fail.v	stimuli/sv/subs/iverilog/ivtest/ivltests/udp_port_decl_conflict_fail.v
iverilog	ivtest/ivltests/udp_real_delay.v	stimuli/sv/subs/iverilog/ivtest/ivltests/udp_real_delay.v
iverilog	ivtest/ivltests/udp_sched.v	stimuli/sv/subs/iverilog/ivtest/ivltests/udp_sched.v
iverilog	ivtest/ivltests/udp_x.v	stimuli/sv/subs/iverilog/ivtest/ivltests/udp_x.v
iverilog	ivtest/ivltests/unary_and.v	stimuli/sv/subs/iverilog/ivtest/ivltests/unary_and.v
iverilog	ivtest/ivltests/unary_lnot1.v	stimuli/sv/subs/iverilog/ivtest/ivltests/unary_lnot1.v
iverilog	ivtest/ivltests/unary_lnot2.v	stimuli/sv/subs/iverilog/ivtest/ivltests/unary_lnot2.v
iverilog	ivtest/ivltests/unary_lnot3.v	stimuli/sv/subs/iverilog/ivtest/ivltests/unary_lnot3.v
iverilog	ivtest/ivltests/unary_minus.v	stimuli/sv/subs/iverilog/ivtest/ivltests/unary_minus.v
iverilog	ivtest/ivltests/unary_minus1.v	stimuli/sv/subs/iverilog/ivtest/ivltests/unary_minus1.v
iverilog	ivtest/ivltests/unary_minus2.v	stimuli/sv/subs/iverilog/ivtest/ivltests/unary_minus2.v
iverilog	ivtest/ivltests/unary_minus3.v	stimuli/sv/subs/iverilog/ivtest/ivltests/unary_minus3.v
iverilog	ivtest/ivltests/unary_minus4.v	stimuli/sv/subs/iverilog/ivtest/ivltests/unary_minus4.v
iverilog	ivtest/ivltests/unary_nand.v	stimuli/sv/subs/iverilog/ivtest/ivltests/unary_nand.v
iverilog	ivtest/ivltests/unary_nand2.v	stimuli/sv/subs/iverilog/ivtest/ivltests/unary_nand2.v
iverilog	ivtest/ivltests/unary_nor.v	stimuli/sv/subs/iverilog/ivtest/ivltests/unary_nor.v
iverilog	ivtest/ivltests/unary_nor2.v	stimuli/sv/subs/iverilog/ivtest/ivltests/unary_nor2.v
iverilog	ivtest/ivltests/unary_not.v	stimuli/sv/subs/iverilog/ivtest/ivltests/unary_not.v
iverilog	ivtest/ivltests/unary_or.v	stimuli/sv/subs/iverilog/ivtest/ivltests/unary_or.v
iverilog	ivtest/ivltests/unary_xnor1.v	stimuli/sv/subs/iverilog/ivtest/ivltests/unary_xnor1.v
iverilog	ivtest/ivltests/unary_xnor2.v	stimuli/sv/subs/iverilog/ivtest/ivltests/unary_xnor2.v
iverilog	ivtest/ivltests/unary_xor.v	stimuli/sv/subs/iverilog/ivtest/ivltests/unary_xor.v
iverilog	ivtest/ivltests/uncon_drive.v	stimuli/sv/subs/iverilog/ivtest/ivltests/uncon_drive.v
iverilog	ivtest/ivltests/undef.v	stimuli/sv/subs/iverilog/ivtest/ivltests/undef.v
iverilog	ivtest/ivltests/undef_lval_select.v	stimuli/sv/subs/iverilog/ivtest/ivltests/undef_lval_select.v
iverilog	ivtest/ivltests/undef_lval_select2.v	stimuli/sv/subs/iverilog/ivtest/ivltests/undef_lval_select2.v
iverilog	ivtest/ivltests/undef_lval_select3a.v	stimuli/sv/subs/iverilog/ivtest/ivltests/undef_lval_select3a.v
iverilog	ivtest/ivltests/undef_lval_select3b.v	stimuli/sv/subs/iverilog/ivtest/ivltests/undef_lval_select3b.v
iverilog	ivtest/ivltests/undef_lval_select3c.v	stimuli/sv/subs/iverilog/ivtest/ivltests/undef_lval_select3c.v
iverilog	ivtest/ivltests/undef_lval_select4a.v	stimuli/sv/subs/iverilog/ivtest/ivltests/undef_lval_select4a.v
iverilog	ivtest/ivltests/undef_lval_select4b.v	stimuli/sv/subs/iverilog/ivtest/ivltests/undef_lval_select4b.v
iverilog	ivtest/ivltests/undef_lval_select4c.v	stimuli/sv/subs/iverilog/ivtest/ivltests/undef_lval_select4c.v
iverilog	ivtest/ivltests/undef_lval_select5.v	stimuli/sv/subs/iverilog/ivtest/ivltests/undef_lval_select5.v
iverilog	ivtest/ivltests/undefined_shift.v	stimuli/sv/subs/iverilog/ivtest/ivltests/undefined_shift.v
iverilog	ivtest/ivltests/unnamed_block_var_decl.v	stimuli/sv/subs/iverilog/ivtest/ivltests/unnamed_block_var_decl.v
iverilog	ivtest/ivltests/unnamed_fork_var_decl.v	stimuli/sv/subs/iverilog/ivtest/ivltests/unnamed_fork_var_decl.v
iverilog	ivtest/ivltests/urand_r.v	stimuli/sv/subs/iverilog/ivtest/ivltests/urand_r.v
iverilog	ivtest/ivltests/urand_r2.v	stimuli/sv/subs/iverilog/ivtest/ivltests/urand_r2.v
iverilog	ivtest/ivltests/urand_r3.v	stimuli/sv/subs/iverilog/ivtest/ivltests/urand_r3.v
iverilog	ivtest/ivltests/uwire.v	stimuli/sv/subs/iverilog/ivtest/ivltests/uwire.v
iverilog	ivtest/ivltests/uwire2.v	stimuli/sv/subs/iverilog/ivtest/ivltests/uwire2.v
iverilog	ivtest/ivltests/uwire_fail.v	stimuli/sv/subs/iverilog/ivtest/ivltests/uwire_fail.v
iverilog	ivtest/ivltests/uwire_fail2.v	stimuli/sv/subs/iverilog/ivtest/ivltests/uwire_fail2.v
iverilog	ivtest/ivltests/uwire_fail3.v	stimuli/sv/subs/iverilog/ivtest/ivltests/uwire_fail3.v
iverilog	ivtest/ivltests/uwire_fail4.v	stimuli/sv/subs/iverilog/ivtest/ivltests/uwire_fail4.v
iverilog	ivtest/ivltests/va_math.v	stimuli/sv/subs/iverilog/ivtest/ivltests/va_math.v
iverilog	ivtest/ivltests/vardly.v	stimuli/sv/subs/iverilog/ivtest/ivltests/vardly.v
iverilog	ivtest/ivltests/vardly_undefined_vec.v	stimuli/sv/subs/iverilog/ivtest/ivltests/vardly_undefined_vec.v
iverilog	ivtest/ivltests/varlsfht.v	stimuli/sv/subs/iverilog/ivtest/ivltests/varlsfht.v
iverilog	ivtest/ivltests/varlsfht1.v	stimuli/sv/subs/iverilog/ivtest/ivltests/varlsfht1.v
iverilog	ivtest/ivltests/varlsfht2.v	stimuli/sv/subs/iverilog/ivtest/ivltests/varlsfht2.v
iverilog	ivtest/ivltests/varrshft.v	stimuli/sv/subs/iverilog/ivtest/ivltests/varrshft.v
iverilog	ivtest/ivltests/varrshft1.v	stimuli/sv/subs/iverilog/ivtest/ivltests/varrshft1.v
iverilog	ivtest/ivltests/varrshft2.v	stimuli/sv/subs/iverilog/ivtest/ivltests/varrshft2.v
iverilog	ivtest/ivltests/vcd-dup.v	stimuli/sv/subs/iverilog/ivtest/ivltests/vcd-dup.v
iverilog	ivtest/ivltests/vector.v	stimuli/sv/subs/iverilog/ivtest/ivltests/vector.v
iverilog	ivtest/ivltests/verify_two_var_delays.v	stimuli/sv/subs/iverilog/ivtest/ivltests/verify_two_var_delays.v
iverilog	ivtest/ivltests/vvp_quiet_mode.v	stimuli/sv/subs/iverilog/ivtest/ivltests/vvp_quiet_mode.v
iverilog	ivtest/ivltests/vvp_scalar_value.v	stimuli/sv/subs/iverilog/ivtest/ivltests/vvp_scalar_value.v
iverilog	ivtest/ivltests/wait1.v	stimuli/sv/subs/iverilog/ivtest/ivltests/wait1.v
iverilog	ivtest/ivltests/wait2.v	stimuli/sv/subs/iverilog/ivtest/ivltests/wait2.v
iverilog	ivtest/ivltests/wait3.v	stimuli/sv/subs/iverilog/ivtest/ivltests/wait3.v
iverilog	ivtest/ivltests/warn_opt_sys_tf.v	stimuli/sv/subs/iverilog/ivtest/ivltests/warn_opt_sys_tf.v
iverilog	ivtest/ivltests/wildsense.v	stimuli/sv/subs/iverilog/ivtest/ivltests/wildsense.v
iverilog	ivtest/ivltests/wildsense2.v	stimuli/sv/subs/iverilog/ivtest/ivltests/wildsense2.v
iverilog	ivtest/ivltests/wireadd1.v	stimuli/sv/subs/iverilog/ivtest/ivltests/wireadd1.v
iverilog	ivtest/ivltests/wireeq.v	stimuli/sv/subs/iverilog/ivtest/ivltests/wireeq.v
iverilog	ivtest/ivltests/wirege.v	stimuli/sv/subs/iverilog/ivtest/ivltests/wirege.v
iverilog	ivtest/ivltests/wireland.v	stimuli/sv/subs/iverilog/ivtest/ivltests/wireland.v
iverilog	ivtest/ivltests/wirele.v	stimuli/sv/subs/iverilog/ivtest/ivltests/wirele.v
iverilog	ivtest/ivltests/wiremod1.v	stimuli/sv/subs/iverilog/ivtest/ivltests/wiremod1.v
iverilog	ivtest/ivltests/wiresl.v	stimuli/sv/subs/iverilog/ivtest/ivltests/wiresl.v
iverilog	ivtest/ivltests/wiresl2.v	stimuli/sv/subs/iverilog/ivtest/ivltests/wiresl2.v
iverilog	ivtest/ivltests/wiresr.v	stimuli/sv/subs/iverilog/ivtest/ivltests/wiresr.v
iverilog	ivtest/ivltests/wiresub1.v	stimuli/sv/subs/iverilog/ivtest/ivltests/wiresub1.v
iverilog	ivtest/ivltests/wirexor1.v	stimuli/sv/subs/iverilog/ivtest/ivltests/wirexor1.v
iverilog	ivtest/ivltests/writemem-error.v	stimuli/sv/subs/iverilog/ivtest/ivltests/writemem-error.v
iverilog	ivtest/ivltests/writemem-invalid.v	stimuli/sv/subs/iverilog/ivtest/ivltests/writemem-invalid.v
iverilog	ivtest/ivltests/writememb1.v	stimuli/sv/subs/iverilog/ivtest/ivltests/writememb1.v
iverilog	ivtest/ivltests/writememb2.v	stimuli/sv/subs/iverilog/ivtest/ivltests/writememb2.v
iverilog	ivtest/ivltests/writememh1.v	stimuli/sv/subs/iverilog/ivtest/ivltests/writememh1.v
iverilog	ivtest/ivltests/writememh2.v	stimuli/sv/subs/iverilog/ivtest/ivltests/writememh2.v
iverilog	ivtest/ivltests/xnor_test.v	stimuli/sv/subs/iverilog/ivtest/ivltests/xnor_test.v
iverilog	ivtest/ivltests/z1.v	stimuli/sv/subs/iverilog/ivtest/ivltests/z1.v
iverilog	ivtest/ivltests/z2.v	stimuli/sv/subs/iverilog/ivtest/ivltests/z2.v
iverilog	ivtest/ivltests/zero_repl.v	stimuli/sv/subs/iverilog/ivtest/ivltests/zero_repl.v
iverilog	ivtest/ivltests/zero_repl_fail.v	stimuli/sv/subs/iverilog/ivtest/ivltests/zero_repl_fail.v
sv2v	test/basic/flatten_tb.v	stimuli/sv/subs/sv2v/test/basic/flatten_tb.v
sv2v	test/basic/flatten_three_tb.v	stimuli/sv/subs/sv2v/test/basic/flatten_three_tb.v
sv2v	test/basic/string_param_plain_tb.v	stimuli/sv/subs/sv2v/test/basic/string_param_plain_tb.v
sv2v	test/core/always_attr.v	stimuli/sv/subs/sv2v/test/core/always_attr.v
sv2v	test/core/always_comb.v	stimuli/sv/subs/sv2v/test/core/always_comb.v
sv2v	test/core/always_latch.v	stimuli/sv/subs/sv2v/test/core/always_latch.v
sv2v	test/core/always_latch_tb.v	stimuli/sv/subs/sv2v/test/core/always_latch_tb.v
sv2v	test/core/always_prefix.v	stimuli/sv/subs/sv2v/test/core/always_prefix.v
sv2v	test/core/always_prefix_tb.v	stimuli/sv/subs/sv2v/test/core/always_prefix_tb.v
sv2v	test/core/always_sense.v	stimuli/sv/subs/sv2v/test/core/always_sense.v
sv2v	test/core/always_sense_tb.v	stimuli/sv/subs/sv2v/test/core/always_sense_tb.v
sv2v	test/core/always_spin.v	stimuli/sv/subs/sv2v/test/core/always_spin.v
sv2v	test/core/ambiguous_tore.v	stimuli/sv/subs/sv2v/test/core/ambiguous_tore.v
sv2v	test/core/array.v	stimuli/sv/subs/sv2v/test/core/array.v
sv2v	test/core/array_in_package.v	stimuli/sv/subs/sv2v/test/core/array_in_package.v
sv2v	test/core/asgn_expr.v	stimuli/sv/subs/sv2v/test/core/asgn_expr.v
sv2v	test/core/asgn_sense_lhs.v	stimuli/sv/subs/sv2v/test/core/asgn_sense_lhs.v
sv2v	test/core/asgn_sense_lhs_tb.v	stimuli/sv/subs/sv2v/test/core/asgn_sense_lhs_tb.v
sv2v	test/core/assert.v	stimuli/sv/subs/sv2v/test/core/assert.v
sv2v	test/core/assert_tb.v	stimuli/sv/subs/sv2v/test/core/assert_tb.v
sv2v	test/core/bit.v	stimuli/sv/subs/sv2v/test/core/bit.v
sv2v	test/core/bits_scope.v	stimuli/sv/subs/sv2v/test/core/bits_scope.v
sv2v	test/core/case_inside_cast.v	stimuli/sv/subs/sv2v/test/core/case_inside_cast.v
sv2v	test/core/case_violation_checks.v	stimuli/sv/subs/sv2v/test/core/case_violation_checks.v
sv2v	test/core/case_violation_checks_tb.v	stimuli/sv/subs/sv2v/test/core/case_violation_checks_tb.v
sv2v	test/core/cast.v	stimuli/sv/subs/sv2v/test/core/cast.v
sv2v	test/core/cast_conflict.v	stimuli/sv/subs/sv2v/test/core/cast_conflict.v
sv2v	test/core/cast_literal.v	stimuli/sv/subs/sv2v/test/core/cast_literal.v
sv2v	test/core/cast_nest.v	stimuli/sv/subs/sv2v/test/core/cast_nest.v
sv2v	test/core/cast_nettype.v	stimuli/sv/subs/sv2v/test/core/cast_nettype.v
sv2v	test/core/cast_procedure.v	stimuli/sv/subs/sv2v/test/core/cast_procedure.v
sv2v	test/core/cast_struct_nested.v	stimuli/sv/subs/sv2v/test/core/cast_struct_nested.v
sv2v	test/core/cast_top_item.v	stimuli/sv/subs/sv2v/test/core/cast_top_item.v
sv2v	test/core/cast_top_item_tb.v	stimuli/sv/subs/sv2v/test/core/cast_top_item_tb.v
sv2v	test/core/class_ident.v	stimuli/sv/subs/sv2v/test/core/class_ident.v
sv2v	test/core/class_param_nest.v	stimuli/sv/subs/sv2v/test/core/class_param_nest.v
sv2v	test/core/const.v	stimuli/sv/subs/sv2v/test/core/const.v
sv2v	test/core/constexpr.v	stimuli/sv/subs/sv2v/test/core/constexpr.v
sv2v	test/core/dangling_else.v	stimuli/sv/subs/sv2v/test/core/dangling_else.v
sv2v	test/core/data_lifetime.v	stimuli/sv/subs/sv2v/test/core/data_lifetime.v
sv2v	test/core/decl_scope.v	stimuli/sv/subs/sv2v/test/core/decl_scope.v
sv2v	test/core/default_nettype.v	stimuli/sv/subs/sv2v/test/core/default_nettype.v
sv2v	test/core/delay.v	stimuli/sv/subs/sv2v/test/core/delay.v
sv2v	test/core/dimensions.v	stimuli/sv/subs/sv2v/test/core/dimensions.v
sv2v	test/core/do_while.v	stimuli/sv/subs/sv2v/test/core/do_while.v
sv2v	test/core/duplicate_cast.v	stimuli/sv/subs/sv2v/test/core/duplicate_cast.v
sv2v	test/core/edge.v	stimuli/sv/subs/sv2v/test/core/edge.v
sv2v	test/core/edge_tb.v	stimuli/sv/subs/sv2v/test/core/edge_tb.v
sv2v	test/core/elab_task.v	stimuli/sv/subs/sv2v/test/core/elab_task.v
sv2v	test/core/empty_args.v	stimuli/sv/subs/sv2v/test/core/empty_args.v
sv2v	test/core/empty_args_hier.v	stimuli/sv/subs/sv2v/test/core/empty_args_hier.v
sv2v	test/core/empty_constructs.v	stimuli/sv/subs/sv2v/test/core/empty_constructs.v
sv2v	test/core/end_labels.v	stimuli/sv/subs/sv2v/test/core/end_labels.v
sv2v	test/core/enum.v	stimuli/sv/subs/sv2v/test/core/enum.v
sv2v	test/core/enum_dupe.v	stimuli/sv/subs/sv2v/test/core/enum_dupe.v
sv2v	test/core/enum_dupe_tb.v	stimuli/sv/subs/sv2v/test/core/enum_dupe_tb.v
sv2v	test/core/enum_int.v	stimuli/sv/subs/sv2v/test/core/enum_int.v
sv2v	test/core/enum_scope.v	stimuli/sv/subs/sv2v/test/core/enum_scope.v
sv2v	test/core/enum_typedef_keep.v	stimuli/sv/subs/sv2v/test/core/enum_typedef_keep.v
sv2v	test/core/for_decl.v	stimuli/sv/subs/sv2v/test/core/for_decl.v
sv2v	test/core/for_incrs.v	stimuli/sv/subs/sv2v/test/core/for_incrs.v
sv2v	test/core/for_loop_inits.v	stimuli/sv/subs/sv2v/test/core/for_loop_inits.v
sv2v	test/core/foreach.v	stimuli/sv/subs/sv2v/test/core/foreach.v
sv2v	test/core/func_no_asgn.v	stimuli/sv/subs/sv2v/test/core/func_no_asgn.v
sv2v	test/core/function_implicit_dir.v	stimuli/sv/subs/sv2v/test/core/function_implicit_dir.v
sv2v	test/core/function_range_cast.v	stimuli/sv/subs/sv2v/test/core/function_range_cast.v
sv2v	test/core/function_ret_unpacked.v	stimuli/sv/subs/sv2v/test/core/function_ret_unpacked.v
sv2v	test/core/function_ret_unpacked_tb.v	stimuli/sv/subs/sv2v/test/core/function_ret_unpacked_tb.v
sv2v	test/core/function_void.v	stimuli/sv/subs/sv2v/test/core/function_void.v
sv2v	test/core/gate_array.v	stimuli/sv/subs/sv2v/test/core/gate_array.v
sv2v	test/core/gate_array_tb.v	stimuli/sv/subs/sv2v/test/core/gate_array_tb.v
sv2v	test/core/generate_if_scope.v	stimuli/sv/subs/sv2v/test/core/generate_if_scope.v
sv2v	test/core/header_import.v	stimuli/sv/subs/sv2v/test/core/header_import.v
sv2v	test/core/implicit_net.v	stimuli/sv/subs/sv2v/test/core/implicit_net.v
sv2v	test/core/implicit_net_reset.v	stimuli/sv/subs/sv2v/test/core/implicit_net_reset.v
sv2v	test/core/import_no_reorder.v	stimuli/sv/subs/sv2v/test/core/import_no_reorder.v
sv2v	test/core/inc.v	stimuli/sv/subs/sv2v/test/core/inc.v
sv2v	test/core/input_int.v	stimuli/sv/subs/sv2v/test/core/input_int.v
sv2v	test/core/input_int_tb.v	stimuli/sv/subs/sv2v/test/core/input_int_tb.v
sv2v	test/core/input_reg.v	stimuli/sv/subs/sv2v/test/core/input_reg.v
sv2v	test/core/input_reg_tb.v	stimuli/sv/subs/sv2v/test/core/input_reg_tb.v
sv2v	test/core/inside_exhaust.v	stimuli/sv/subs/sv2v/test/core/inside_exhaust.v
sv2v	test/core/inside_expr.v	stimuli/sv/subs/sv2v/test/core/inside_expr.v
sv2v	test/core/instance_array.v	stimuli/sv/subs/sv2v/test/core/instance_array.v
sv2v	test/core/integer_array.v	stimuli/sv/subs/sv2v/test/core/integer_array.v
sv2v	test/core/interface_array.v	stimuli/sv/subs/sv2v/test/core/interface_array.v
sv2v	test/core/interface_array_indirect.v	stimuli/sv/subs/sv2v/test/core/interface_array_indirect.v
sv2v	test/core/interface_array_multi.v	stimuli/sv/subs/sv2v/test/core/interface_array_multi.v
sv2v	test/core/interface_array_output.v	stimuli/sv/subs/sv2v/test/core/interface_array_output.v
sv2v	test/core/interface_array_single.v	stimuli/sv/subs/sv2v/test/core/interface_array_single.v
sv2v	test/core/interface_array_slice.v	stimuli/sv/subs/sv2v/test/core/interface_array_slice.v
sv2v	test/core/interface_array_slice_tb.v	stimuli/sv/subs/sv2v/test/core/interface_array_slice_tb.v
sv2v	test/core/interface_based_typedef.v	stimuli/sv/subs/sv2v/test/core/interface_based_typedef.v
sv2v	test/core/interface_based_typedef_delay.v	stimuli/sv/subs/sv2v/test/core/interface_based_typedef_delay.v
sv2v	test/core/interface_bundle.v	stimuli/sv/subs/sv2v/test/core/interface_bundle.v
sv2v	test/core/interface_check_extra.v	stimuli/sv/subs/sv2v/test/core/interface_check_extra.v
sv2v	test/core/interface_check_same.v	stimuli/sv/subs/sv2v/test/core/interface_check_same.v
sv2v	test/core/interface_delay_1.v	stimuli/sv/subs/sv2v/test/core/interface_delay_1.v
sv2v	test/core/interface_delay_2.v	stimuli/sv/subs/sv2v/test/core/interface_delay_2.v
sv2v	test/core/interface_func.v	stimuli/sv/subs/sv2v/test/core/interface_func.v
sv2v	test/core/interface_generate.v	stimuli/sv/subs/sv2v/test/core/interface_generate.v
sv2v	test/core/interface_generic.v	stimuli/sv/subs/sv2v/test/core/interface_generic.v
sv2v	test/core/interface_genvar_shadow.v	stimuli/sv/subs/sv2v/test/core/interface_genvar_shadow.v
sv2v	test/core/interface_infer.v	stimuli/sv/subs/sv2v/test/core/interface_infer.v
sv2v	test/core/interface_input_type.v	stimuli/sv/subs/sv2v/test/core/interface_input_type.v
sv2v	test/core/interface_modport.v	stimuli/sv/subs/sv2v/test/core/interface_modport.v
sv2v	test/core/interface_modport_tb.v	stimuli/sv/subs/sv2v/test/core/interface_modport_tb.v
sv2v	test/core/interface_module.v	stimuli/sv/subs/sv2v/test/core/interface_module.v
sv2v	test/core/interface_name_shadow.v	stimuli/sv/subs/sv2v/test/core/interface_name_shadow.v
sv2v	test/core/interface_nested.v	stimuli/sv/subs/sv2v/test/core/interface_nested.v
sv2v	test/core/interface_nested_array.v	stimuli/sv/subs/sv2v/test/core/interface_nested_array.v
sv2v	test/core/interface_param.v	stimuli/sv/subs/sv2v/test/core/interface_param.v
sv2v	test/core/interface_shadow.v	stimuli/sv/subs/sv2v/test/core/interface_shadow.v
sv2v	test/core/interface_similar.v	stimuli/sv/subs/sv2v/test/core/interface_similar.v
sv2v	test/core/interface_star.v	stimuli/sv/subs/sv2v/test/core/interface_star.v
sv2v	test/core/interface_struct.v	stimuli/sv/subs/sv2v/test/core/interface_struct.v
sv2v	test/core/interface_struct_label.v	stimuli/sv/subs/sv2v/test/core/interface_struct_label.v
sv2v	test/core/interface_struct_param.v	stimuli/sv/subs/sv2v/test/core/interface_struct_param.v
sv2v	test/core/interface_task.v	stimuli/sv/subs/sv2v/test/core/interface_task.v
sv2v	test/core/interface_type_param.v	stimuli/sv/subs/sv2v/test/core/interface_type_param.v
sv2v	test/core/interface_typeof.v	stimuli/sv/subs/sv2v/test/core/interface_typeof.v
sv2v	test/core/interface_unbound.v	stimuli/sv/subs/sv2v/test/core/interface_unbound.v
sv2v	test/core/jump.v	stimuli/sv/subs/sv2v/test/core/jump.v
sv2v	test/core/kwargs.v	stimuli/sv/subs/sv2v/test/core/kwargs.v
sv2v	test/core/large_mux.v	stimuli/sv/subs/sv2v/test/core/large_mux.v
sv2v	test/core/local_cast.v	stimuli/sv/subs/sv2v/test/core/local_cast.v
sv2v	test/core/localparamtype.v	stimuli/sv/subs/sv2v/test/core/localparamtype.v
sv2v	test/core/log_op.v	stimuli/sv/subs/sv2v/test/core/log_op.v
sv2v	test/core/logic_cond.v	stimuli/sv/subs/sv2v/test/core/logic_cond.v
sv2v	test/core/logic_cond_tb.v	stimuli/sv/subs/sv2v/test/core/logic_cond_tb.v
sv2v	test/core/logic_struct_select.v	stimuli/sv/subs/sv2v/test/core/logic_struct_select.v
sv2v	test/core/logic_struct_select_tb.v	stimuli/sv/subs/sv2v/test/core/logic_struct_select_tb.v
sv2v	test/core/logic_tf.v	stimuli/sv/subs/sv2v/test/core/logic_tf.v
sv2v	test/core/multi_array_decl.v	stimuli/sv/subs/sv2v/test/core/multi_array_decl.v
sv2v	test/core/multipack.v	stimuli/sv/subs/sv2v/test/core/multipack.v
sv2v	test/core/multipack_delayed.v	stimuli/sv/subs/sv2v/test/core/multipack_delayed.v
sv2v	test/core/multipack_delayed_tb.v	stimuli/sv/subs/sv2v/test/core/multipack_delayed_tb.v
sv2v	test/core/multipack_expr_in_lhs.v	stimuli/sv/subs/sv2v/test/core/multipack_expr_in_lhs.v
sv2v	test/core/multipack_ident_scope.v	stimuli/sv/subs/sv2v/test/core/multipack_ident_scope.v
sv2v	test/core/multipack_inline.v	stimuli/sv/subs/sv2v/test/core/multipack_inline.v
sv2v	test/core/multipack_port.v	stimuli/sv/subs/sv2v/test/core/multipack_port.v
sv2v	test/core/multipack_struct_cast.v	stimuli/sv/subs/sv2v/test/core/multipack_struct_cast.v
sv2v	test/core/multipack_tb.v	stimuli/sv/subs/sv2v/test/core/multipack_tb.v
sv2v	test/core/named_block.v	stimuli/sv/subs/sv2v/test/core/named_block.v
sv2v	test/core/named_genblk_cascade.v	stimuli/sv/subs/sv2v/test/core/named_genblk_cascade.v
sv2v	test/core/named_genblk_cascade_tb.v	stimuli/sv/subs/sv2v/test/core/named_genblk_cascade_tb.v
sv2v	test/core/nest_order.v	stimuli/sv/subs/sv2v/test/core/nest_order.v
sv2v	test/core/net_base_type.v	stimuli/sv/subs/sv2v/test/core/net_base_type.v
sv2v	test/core/net_or_var.v	stimuli/sv/subs/sv2v/test/core/net_or_var.v
sv2v	test/core/no_default_param.v	stimuli/sv/subs/sv2v/test/core/no_default_param.v
sv2v	test/core/non_ansi_port_decl.v	stimuli/sv/subs/sv2v/test/core/non_ansi_port_decl.v
sv2v	test/core/non_ansi_port_decl_order.v	stimuli/sv/subs/sv2v/test/core/non_ansi_port_decl_order.v
sv2v	test/core/non_ansi_port_decl_order_tb.v	stimuli/sv/subs/sv2v/test/core/non_ansi_port_decl_order_tb.v
sv2v	test/core/non_ansi_port_decl_tf.v	stimuli/sv/subs/sv2v/test/core/non_ansi_port_decl_tf.v
sv2v	test/core/number_concat.v	stimuli/sv/subs/sv2v/test/core/number_concat.v
sv2v	test/core/output_bound_reg.v	stimuli/sv/subs/sv2v/test/core/output_bound_reg.v
sv2v	test/core/output_bound_reg_tb.v	stimuli/sv/subs/sv2v/test/core/output_bound_reg_tb.v
sv2v	test/core/output_implicit.v	stimuli/sv/subs/sv2v/test/core/output_implicit.v
sv2v	test/core/output_implicit_tb.v	stimuli/sv/subs/sv2v/test/core/output_implicit_tb.v
sv2v	test/core/package.v	stimuli/sv/subs/sv2v/test/core/package.v
sv2v	test/core/package_constrain.v	stimuli/sv/subs/sv2v/test/core/package_constrain.v
sv2v	test/core/package_constrain_tb.v	stimuli/sv/subs/sv2v/test/core/package_constrain_tb.v
sv2v	test/core/package_decl_init.v	stimuli/sv/subs/sv2v/test/core/package_decl_init.v
sv2v	test/core/package_decl_reorder.v	stimuli/sv/subs/sv2v/test/core/package_decl_reorder.v
sv2v	test/core/package_enum_1.v	stimuli/sv/subs/sv2v/test/core/package_enum_1.v
sv2v	test/core/package_enum_2.v	stimuli/sv/subs/sv2v/test/core/package_enum_2.v
sv2v	test/core/package_enum_3.v	stimuli/sv/subs/sv2v/test/core/package_enum_3.v
sv2v	test/core/package_enum_4.v	stimuli/sv/subs/sv2v/test/core/package_enum_4.v
sv2v	test/core/package_enum_5.v	stimuli/sv/subs/sv2v/test/core/package_enum_5.v
sv2v	test/core/package_export_first.v	stimuli/sv/subs/sv2v/test/core/package_export_first.v
sv2v	test/core/package_export_nothing.v	stimuli/sv/subs/sv2v/test/core/package_export_nothing.v
sv2v	test/core/package_export_wildcard.v	stimuli/sv/subs/sv2v/test/core/package_export_wildcard.v
sv2v	test/core/package_function_cast.v	stimuli/sv/subs/sv2v/test/core/package_function_cast.v
sv2v	test/core/package_global.v	stimuli/sv/subs/sv2v/test/core/package_global.v
sv2v	test/core/package_ident.v	stimuli/sv/subs/sv2v/test/core/package_ident.v
sv2v	test/core/package_implied.v	stimuli/sv/subs/sv2v/test/core/package_implied.v
sv2v	test/core/package_order.v	stimuli/sv/subs/sv2v/test/core/package_order.v
sv2v	test/core/package_param.v	stimuli/sv/subs/sv2v/test/core/package_param.v
sv2v	test/core/package_param_tb.v	stimuli/sv/subs/sv2v/test/core/package_param_tb.v
sv2v	test/core/package_pattern.v	stimuli/sv/subs/sv2v/test/core/package_pattern.v
sv2v	test/core/package_scope.v	stimuli/sv/subs/sv2v/test/core/package_scope.v
sv2v	test/core/package_self_reference.v	stimuli/sv/subs/sv2v/test/core/package_self_reference.v
sv2v	test/core/package_self_reference_import.v	stimuli/sv/subs/sv2v/test/core/package_self_reference_import.v
sv2v	test/core/package_self_reference_shadow.v	stimuli/sv/subs/sv2v/test/core/package_self_reference_shadow.v
sv2v	test/core/package_shadow.v	stimuli/sv/subs/sv2v/test/core/package_shadow.v
sv2v	test/core/package_typedef.v	stimuli/sv/subs/sv2v/test/core/package_typedef.v
sv2v	test/core/package_typedef_nested.v	stimuli/sv/subs/sv2v/test/core/package_typedef_nested.v
sv2v	test/core/package_unique.v	stimuli/sv/subs/sv2v/test/core/package_unique.v
sv2v	test/core/packed_array.v	stimuli/sv/subs/sv2v/test/core/packed_array.v
sv2v	test/core/param_list.v	stimuli/sv/subs/sv2v/test/core/param_list.v
sv2v	test/core/param_list_unpacked.v	stimuli/sv/subs/sv2v/test/core/param_list_unpacked.v
sv2v	test/core/param_shorthand.v	stimuli/sv/subs/sv2v/test/core/param_shorthand.v
sv2v	test/core/param_typeof.v	stimuli/sv/subs/sv2v/test/core/param_typeof.v
sv2v	test/core/param_typeof_tb.v	stimuli/sv/subs/sv2v/test/core/param_typeof_tb.v
sv2v	test/core/parameterized_data_types.v	stimuli/sv/subs/sv2v/test/core/parameterized_data_types.v
sv2v	test/core/paramtype.v	stimuli/sv/subs/sv2v/test/core/paramtype.v
sv2v	test/core/paramtype_bits.v	stimuli/sv/subs/sv2v/test/core/paramtype_bits.v
sv2v	test/core/paramtype_deep_nest.v	stimuli/sv/subs/sv2v/test/core/paramtype_deep_nest.v
sv2v	test/core/paramtype_delay.v	stimuli/sv/subs/sv2v/test/core/paramtype_delay.v
sv2v	test/core/paramtype_expr.v	stimuli/sv/subs/sv2v/test/core/paramtype_expr.v
sv2v	test/core/paramtype_hier.v	stimuli/sv/subs/sv2v/test/core/paramtype_hier.v
sv2v	test/core/paramtype_param.v	stimuli/sv/subs/sv2v/test/core/paramtype_param.v
sv2v	test/core/paramtype_param_default.v	stimuli/sv/subs/sv2v/test/core/paramtype_param_default.v
sv2v	test/core/paramtype_recurse.v	stimuli/sv/subs/sv2v/test/core/paramtype_recurse.v
sv2v	test/core/paramtype_stagger.v	stimuli/sv/subs/sv2v/test/core/paramtype_stagger.v
sv2v	test/core/paramtype_struct_default.v	stimuli/sv/subs/sv2v/test/core/paramtype_struct_default.v
sv2v	test/core/part_select.v	stimuli/sv/subs/sv2v/test/core/part_select.v
sv2v	test/core/part_select_bits.v	stimuli/sv/subs/sv2v/test/core/part_select_bits.v
sv2v	test/core/pattern.v	stimuli/sv/subs/sv2v/test/core/pattern.v
sv2v	test/core/pattern_resolve.v	stimuli/sv/subs/sv2v/test/core/pattern_resolve.v
sv2v	test/core/pattern_revised.v	stimuli/sv/subs/sv2v/test/core/pattern_revised.v
sv2v	test/core/port_default.v	stimuli/sv/subs/sv2v/test/core/port_default.v
sv2v	test/core/port_typename.v	stimuli/sv/subs/sv2v/test/core/port_typename.v
sv2v	test/core/reorder.v	stimuli/sv/subs/sv2v/test/core/reorder.v
sv2v	test/core/reorder_shadow.v	stimuli/sv/subs/sv2v/test/core/reorder_shadow.v
sv2v	test/core/severity_task.v	stimuli/sv/subs/sv2v/test/core/severity_task.v
sv2v	test/core/shadow_recurse.v	stimuli/sv/subs/sv2v/test/core/shadow_recurse.v
sv2v	test/core/sign_cast.v	stimuli/sv/subs/sv2v/test/core/sign_cast.v
sv2v	test/core/simple_loop_jump.v	stimuli/sv/subs/sv2v/test/core/simple_loop_jump.v
sv2v	test/core/simplify_func.v	stimuli/sv/subs/sv2v/test/core/simplify_func.v
sv2v	test/core/size_cast.v	stimuli/sv/subs/sv2v/test/core/size_cast.v
sv2v	test/core/stream.v	stimuli/sv/subs/sv2v/test/core/stream.v
sv2v	test/core/stream_exhaust.v	stimuli/sv/subs/sv2v/test/core/stream_exhaust.v
sv2v	test/core/stream_exhaust_tb.v	stimuli/sv/subs/sv2v/test/core/stream_exhaust_tb.v
sv2v	test/core/stream_unit.v	stimuli/sv/subs/sv2v/test/core/stream_unit.v
sv2v	test/core/string.v	stimuli/sv/subs/sv2v/test/core/string.v
sv2v	test/core/string_byte_order.v	stimuli/sv/subs/sv2v/test/core/string_byte_order.v
sv2v	test/core/string_cast.v	stimuli/sv/subs/sv2v/test/core/string_cast.v
sv2v	test/core/string_cast_tb.v	stimuli/sv/subs/sv2v/test/core/string_cast_tb.v
sv2v	test/core/string_param.v	stimuli/sv/subs/sv2v/test/core/string_param.v
sv2v	test/core/string_type.v	stimuli/sv/subs/sv2v/test/core/string_type.v
sv2v	test/core/struct_array.v	stimuli/sv/subs/sv2v/test/core/struct_array.v
sv2v	test/core/struct_array_field.v	stimuli/sv/subs/sv2v/test/core/struct_array_field.v
sv2v	test/core/struct_array_inline.v	stimuli/sv/subs/sv2v/test/core/struct_array_inline.v
sv2v	test/core/struct_array_param.v	stimuli/sv/subs/sv2v/test/core/struct_array_param.v
sv2v	test/core/struct_array_tb.v	stimuli/sv/subs/sv2v/test/core/struct_array_tb.v
sv2v	test/core/struct_bit_struct.v	stimuli/sv/subs/sv2v/test/core/struct_bit_struct.v
sv2v	test/core/struct_bit_struct_tb.v	stimuli/sv/subs/sv2v/test/core/struct_bit_struct_tb.v
sv2v	test/core/struct_cast_dot.v	stimuli/sv/subs/sv2v/test/core/struct_cast_dot.v
sv2v	test/core/struct_const.v	stimuli/sv/subs/sv2v/test/core/struct_const.v
sv2v	test/core/struct_default.v	stimuli/sv/subs/sv2v/test/core/struct_default.v
sv2v	test/core/struct_hier_bit.v	stimuli/sv/subs/sv2v/test/core/struct_hier_bit.v
sv2v	test/core/struct_hier_nocast.v	stimuli/sv/subs/sv2v/test/core/struct_hier_nocast.v
sv2v	test/core/struct_hier_shadow.v	stimuli/sv/subs/sv2v/test/core/struct_hier_shadow.v
sv2v	test/core/struct_ident_scope.v	stimuli/sv/subs/sv2v/test/core/struct_ident_scope.v
sv2v	test/core/struct_integer.v	stimuli/sv/subs/sv2v/test/core/struct_integer.v
sv2v	test/core/struct_nested_cast.v	stimuli/sv/subs/sv2v/test/core/struct_nested_cast.v
sv2v	test/core/struct_param.v	stimuli/sv/subs/sv2v/test/core/struct_param.v
sv2v	test/core/struct_part_select.v	stimuli/sv/subs/sv2v/test/core/struct_part_select.v
sv2v	test/core/struct_part_select_param.v	stimuli/sv/subs/sv2v/test/core/struct_part_select_param.v
sv2v	test/core/struct_pattern_cast.v	stimuli/sv/subs/sv2v/test/core/struct_pattern_cast.v
sv2v	test/core/struct_scope.v	stimuli/sv/subs/sv2v/test/core/struct_scope.v
sv2v	test/core/struct_shadow.v	stimuli/sv/subs/sv2v/test/core/struct_shadow.v
sv2v	test/core/struct_tern.v	stimuli/sv/subs/sv2v/test/core/struct_tern.v
sv2v	test/core/struct_tern_tb.v	stimuli/sv/subs/sv2v/test/core/struct_tern_tb.v
sv2v	test/core/struct_unit_array.v	stimuli/sv/subs/sv2v/test/core/struct_unit_array.v
sv2v	test/core/subroutine.v	stimuli/sv/subs/sv2v/test/core/subroutine.v
sv2v	test/core/task_implicit_dir.v	stimuli/sv/subs/sv2v/test/core/task_implicit_dir.v
sv2v	test/core/tf_block.v	stimuli/sv/subs/sv2v/test/core/tf_block.v
sv2v	test/core/tf_typedef.v	stimuli/sv/subs/sv2v/test/core/tf_typedef.v
sv2v	test/core/tf_unpacked_input.v	stimuli/sv/subs/sv2v/test/core/tf_unpacked_input.v
sv2v	test/core/time.v	stimuli/sv/subs/sv2v/test/core/time.v
sv2v	test/core/top_tf.v	stimuli/sv/subs/sv2v/test/core/top_tf.v
sv2v	test/core/trailing_commas.v	stimuli/sv/subs/sv2v/test/core/trailing_commas.v
sv2v	test/core/typedef_ident_scope.v	stimuli/sv/subs/sv2v/test/core/typedef_ident_scope.v
sv2v	test/core/typedef_scope.v	stimuli/sv/subs/sv2v/test/core/typedef_scope.v
sv2v	test/core/typename_cast.v	stimuli/sv/subs/sv2v/test/core/typename_cast.v
sv2v	test/core/typename_deep.v	stimuli/sv/subs/sv2v/test/core/typename_deep.v
sv2v	test/core/typename_lhs_nest.v	stimuli/sv/subs/sv2v/test/core/typename_lhs_nest.v
sv2v	test/core/typeof.v	stimuli/sv/subs/sv2v/test/core/typeof.v
sv2v	test/core/typeof_alias.v	stimuli/sv/subs/sv2v/test/core/typeof_alias.v
sv2v	test/core/typeof_port.v	stimuli/sv/subs/sv2v/test/core/typeof_port.v
sv2v	test/core/typeof_port_tb.v	stimuli/sv/subs/sv2v/test/core/typeof_port_tb.v
sv2v	test/core/typeof_signed.v	stimuli/sv/subs/sv2v/test/core/typeof_signed.v
sv2v	test/core/unbased_unsized.v	stimuli/sv/subs/sv2v/test/core/unbased_unsized.v
sv2v	test/core/unbased_unsized_default.v	stimuli/sv/subs/sv2v/test/core/unbased_unsized_default.v
sv2v	test/core/unbased_unsized_function.v	stimuli/sv/subs/sv2v/test/core/unbased_unsized_function.v
sv2v	test/core/unbound_port.v	stimuli/sv/subs/sv2v/test/core/unbound_port.v
sv2v	test/core/union.v	stimuli/sv/subs/sv2v/test/core/union.v
sv2v	test/core/union_tb.v	stimuli/sv/subs/sv2v/test/core/union_tb.v
sv2v	test/core/uniop_prec.v	stimuli/sv/subs/sv2v/test/core/uniop_prec.v
sv2v	test/core/uniop_prec_tb.v	stimuli/sv/subs/sv2v/test/core/uniop_prec_tb.v
sv2v	test/core/unnamed_block_shadow.v	stimuli/sv/subs/sv2v/test/core/unnamed_block_shadow.v
sv2v	test/core/unnamed_genblk_zeroes.v	stimuli/sv/subs/sv2v/test/core/unnamed_genblk_zeroes.v
sv2v	test/core/unneeded_scope.v	stimuli/sv/subs/sv2v/test/core/unneeded_scope.v
sv2v	test/core/unpacked_array_depth.v	stimuli/sv/subs/sv2v/test/core/unpacked_array_depth.v
sv2v	test/core/unpacked_localparam.v	stimuli/sv/subs/sv2v/test/core/unpacked_localparam.v
sv2v	test/core/unsigned.v	stimuli/sv/subs/sv2v/test/core/unsigned.v
sv2v	test/core/unused_imports.v	stimuli/sv/subs/sv2v/test/core/unused_imports.v
sv2v	test/core/wire_reg.v	stimuli/sv/subs/sv2v/test/core/wire_reg.v
sv2v	test/define/main.v	stimuli/sv/subs/sv2v/test/define/main.v
sv2v	test/lex/begin_keywords.v	stimuli/sv/subs/sv2v/test/lex/begin_keywords.v
sv2v	test/lex/block_comment.v	stimuli/sv/subs/sv2v/test/lex/block_comment.v
sv2v	test/lex/line.v	stimuli/sv/subs/sv2v/test/lex/line.v
sv2v	test/lex/macro.v	stimuli/sv/subs/sv2v/test/lex/macro.v
sv2v	test/lex/macro_arg_comment.v	stimuli/sv/subs/sv2v/test/lex/macro_arg_comment.v
sv2v	test/lex/macro_arg_invoke.v	stimuli/sv/subs/sv2v/test/lex/macro_arg_invoke.v
sv2v	test/lex/macro_macro.v	stimuli/sv/subs/sv2v/test/lex/macro_macro.v
sv2v	test/lex/number_literal_whitespace.v	stimuli/sv/subs/sv2v/test/lex/number_literal_whitespace.v
sv2v	test/lex/string_macro.v	stimuli/sv/subs/sv2v/test/lex/string_macro.v
sv2v	test/lex/undefineall.v	stimuli/sv/subs/sv2v/test/lex/undefineall.v
sv2v	test/lib/empty.v	stimuli/sv/subs/sv2v/test/lib/empty.v
sv2v	test/lib/tb_dumper.v	stimuli/sv/subs/sv2v/test/lib/tb_dumper.v
sv2v	test/relong/alu.v	stimuli/sv/subs/sv2v/test/relong/alu.v
sv2v	test/relong/alu_tb.v	stimuli/sv/subs/sv2v/test/relong/alu_tb.v
sv2v	test/relong/array.v	stimuli/sv/subs/sv2v/test/relong/array.v
sv2v	test/relong/array_tb.v	stimuli/sv/subs/sv2v/test/relong/array_tb.v
sv2v	test/relong/cache_request.v	stimuli/sv/subs/sv2v/test/relong/cache_request.v
sv2v	test/relong/cache_request_tb.v	stimuli/sv/subs/sv2v/test/relong/cache_request_tb.v
sv2v	test/relong/case.v	stimuli/sv/subs/sv2v/test/relong/case.v
sv2v	test/relong/case_tb.v	stimuli/sv/subs/sv2v/test/relong/case_tb.v
sv2v	test/relong/complex_interface.v	stimuli/sv/subs/sv2v/test/relong/complex_interface.v
sv2v	test/relong/complex_interface_tb.v	stimuli/sv/subs/sv2v/test/relong/complex_interface_tb.v
sv2v	test/relong/double_clock.v	stimuli/sv/subs/sv2v/test/relong/double_clock.v
sv2v	test/relong/double_clock_tb.v	stimuli/sv/subs/sv2v/test/relong/double_clock_tb.v
sv2v	test/relong/enum.v	stimuli/sv/subs/sv2v/test/relong/enum.v
sv2v	test/relong/enum_tb.v	stimuli/sv/subs/sv2v/test/relong/enum_tb.v
sv2v	test/relong/fsm.v	stimuli/sv/subs/sv2v/test/relong/fsm.v
sv2v	test/relong/fsm_tb.v	stimuli/sv/subs/sv2v/test/relong/fsm_tb.v
sv2v	test/relong/functions.v	stimuli/sv/subs/sv2v/test/relong/functions.v
sv2v	test/relong/functions_tb.v	stimuli/sv/subs/sv2v/test/relong/functions_tb.v
sv2v	test/relong/gen_struct.v	stimuli/sv/subs/sv2v/test/relong/gen_struct.v
sv2v	test/relong/gen_struct_tb.v	stimuli/sv/subs/sv2v/test/relong/gen_struct_tb.v
sv2v	test/relong/inline_concat.v	stimuli/sv/subs/sv2v/test/relong/inline_concat.v
sv2v	test/relong/inline_concat_tb.v	stimuli/sv/subs/sv2v/test/relong/inline_concat_tb.v
sv2v	test/relong/module_struct.v	stimuli/sv/subs/sv2v/test/relong/module_struct.v
sv2v	test/relong/module_struct_tb.v	stimuli/sv/subs/sv2v/test/relong/module_struct_tb.v
sv2v	test/relong/port_connections.v	stimuli/sv/subs/sv2v/test/relong/port_connections.v
sv2v	test/relong/port_connections_tb.v	stimuli/sv/subs/sv2v/test/relong/port_connections_tb.v
sv2v	test/relong/simple_interface.v	stimuli/sv/subs/sv2v/test/relong/simple_interface.v
sv2v	test/relong/simple_interface_tb.v	stimuli/sv/subs/sv2v/test/relong/simple_interface_tb.v
sv2v	test/relong/split_ports.v	stimuli/sv/subs/sv2v/test/relong/split_ports.v
sv2v	test/relong/split_ports_tb.v	stimuli/sv/subs/sv2v/test/relong/split_ports_tb.v
sv2v	test/relong/split_struct.v	stimuli/sv/subs/sv2v/test/relong/split_struct.v
sv2v	test/relong/split_struct_tb.v	stimuli/sv/subs/sv2v/test/relong/split_struct_tb.v
sv2v	test/relong/struct.v	stimuli/sv/subs/sv2v/test/relong/struct.v
sv2v	test/relong/struct_tb.v	stimuli/sv/subs/sv2v/test/relong/struct_tb.v
sv2v	test/relong/typedef.v	stimuli/sv/subs/sv2v/test/relong/typedef.v
sv2v	test/relong/typedef_tb.v	stimuli/sv/subs/sv2v/test/relong/typedef_tb.v
sv2v	test/siloed/reference.v	stimuli/sv/subs/sv2v/test/siloed/reference.v
sv2v	test/truncate/template.v	stimuli/sv/subs/sv2v/test/truncate/template.v
