class	suite	relpath	verdict	stuck_tick	furthest	stuck	surface	first_tick	last_tick	fail_line	first_tick_line	bytes	snippet
conditional	Surelog	tests/FuncStructVal/dut.sv	STUCK-ON-SVPP-TOKEN	ifndef	14565	14565	4792	14565	14929	417	417	24713	ragma translate_off `ifndef VERILATOR assert (Cfg.RASDepth > 0); assert
conditional	Surelog	tests/PPComment/dut.sv	STUCK-ON-SVPP-TOKEN	define	13	19	0	19	171	3	3	189	module top(); `define USE_BOOTMODE_TEST `ifdef USE_BOOTMODE_TEST
conditional	Surelog	tests/PoundParam/dut.v	STUCK-ON-SVPP-TOKEN	ifdef	383	385	49	385	654	20	20	1191	eg [SIZE-1:0] q ; `ifdef NO_SCAN always @ (posedge clk) q[SIZE-1:0] <= ((rst
conditional	ispras-sv-tests	ieee-1800-2012/05/05.06.04_01.sv	STUCK-ON-SVPP-TOKEN	ifdef	200	205	173	155	337	12	8	360	initial begin `ifdef wordsize $display("`wordsize is defined (even i
conditional	ispras-sv-tests	ieee-1800-2012/22/22.06_01.sv	STUCK-ON-SVPP-TOKEN	ifdef	170	174	123	174	244	12	12	262	a; input b, c; `ifdef behavioral wire a = b & c; `else and a1 (a,
conditional	ispras-sv-tests	ieee-1800-2012/22/22.06_02.sv	STUCK-ON-SVPP-TOKEN	define	154	157	123	157	773	10	10	791	); output out; `define wow `define nest_one `define second_nest `defi
conditional	ispras-sv-tests	ieee-1800-2012/22/22.06_03.sv	STUCK-ON-SVPP-TOKEN	ifdef	134	138	123	138	764	9	9	782	IVE module top; `ifdef first_block `ifndef second_nest initial $di
conditional	iverilog	ivtest/ivltests/br_gh112c.v	STUCK-ON-SVPP-TOKEN	ifdef	258	260	73	0	527	20	1	1207	= 256) failed = 1; `ifdef SUPPORT_CONST_OUT_OF_RANGE_IN_IVTEST i = $bits(arra
conditional	iverilog	ivtest/ivltests/br_gh112d.v	STUCK-ON-SVPP-TOKEN	ifdef	258	260	73	0	527	20	1	1207	= 256) failed = 1; `ifdef SUPPORT_CONST_OUT_OF_RANGE_IN_IVTEST i = $bits(arra
conditional	iverilog	ivtest/ivltests/br_gh337.v	STUCK-ON-SVPP-TOKEN	ifdef	137	139	69	0	228	13	1	573	nt x); endfunction `ifdef SUPPORT_TWO_STATE_NETS_IN_IVTEST wire int w2 = y2(x2)
conditional	iverilog	ivtest/ivltests/cfunc_assign_op_mixed.v	STUCK-ON-SVPP-TOKEN	ifdef	476	477	67	0	1215	37	1	2552	t integer x); begin `ifdef SUPPORT_REAL_MODULUS_IN_IVTEST x %= 2.0; `else x
conditional	iverilog	ivtest/ivltests/cfunc_assign_op_real.v	STUCK-ON-SVPP-TOKEN	ifdef	875	877	67	0	3522	69	1	3614	x; end endfunction `ifdef SUPPORT_REAL_MODULUS_IN_IVTEST function real mod2(inp
conditional	iverilog	ivtest/ivltests/implicit_cast12.v	STUCK-ON-SVPP-TOKEN	ifdef	1653	1655	1417	57	8977	70	3	11108	d [7:0] src_sx; `ifdef SUPPORT_REAL_NETS_IN_IVTEST wire real
conditional	iverilog	ivtest/ivltests/implicit_cast13.v	STUCK-ON-SVPP-TOKEN	ifdef	1110	1112	874	58	9097	50	3	11228	d [7:0] src_sx; `ifdef SUPPORT_REAL_NETS_IN_IVTEST wire real
conditional	iverilog	ivtest/ivltests/implicit_cast4.v	STUCK-ON-SVPP-TOKEN	ifdef	415	417	179	72	4299	21	3	7046	d [7:0] src_sx; `ifdef SUPPORT_REAL_NETS_IN_IVTEST wire real
conditional	iverilog	ivtest/ivltests/implicit_cast5.v	STUCK-ON-SVPP-TOKEN	ifdef	403	405	167	60	6096	21	3	8227	d [7:0] src_sx; `ifdef SUPPORT_REAL_NETS_IN_IVTEST wire real
conditional	iverilog	ivtest/ivltests/implicit_cast6.v	STUCK-ON-SVPP-TOKEN	ifdef	398	400	162	55	7246	21	3	9377	d [7:0] src_sx; `ifdef SUPPORT_REAL_NETS_IN_IVTEST wire real
conditional	iverilog	ivtest/ivltests/undef_lval_select_SV.v	STUCK-ON-SVPP-TOKEN	ifdef	221	222	73	0	291	15	1	577	vec[-1] = 4'bxxxx; `ifdef SUPPORT_CONST_OUT_OF_RANGE_IN_IVTEST vec[1'bx] =
conditional	slang	tests/regression/driver/different-tops.sv	STUCK-ON-SVPP-TOKEN	ifndef	352	354	311	354	534	14	14	541	j; int j = 1; `ifndef FOOBAR int blah = unknown; `endif endmodule mod
conditional	slang	tests/unittests/data/test4.sv	STUCK-ON-SVPP-TOKEN	ifndef	41	43	0	43	223	5	5	230	j; int j = 1; `ifndef FOOBAR int blah = unknown; `endif endmodule mod
conditional	sv-tests	tests/generic/class/class_test_59.sv	STUCK-ON-SVPP-TOKEN	ifdef	316	317	301	317	333	16	16	373	*/ class pp_class; `ifdef DEBUGGER `endif endclass module test; endmodule
conditional	sv-tests	tests/generic/class/class_test_60.sv	STUCK-ON-SVPP-TOKEN	ifdef	316	317	301	317	355	16	16	395	*/ class pp_class; `ifdef DEBUGGER `ifdef VERBOSE `endif `endif endclass modul
conditional	sv-tests	tests/generic/class/class_test_61.sv	STUCK-ON-SVPP-TOKEN	ifndef	316	317	301	317	334	16	16	374	*/ class pp_class; `ifndef DEBUGGER `endif endclass module test; endmodule
conditional	sv-tests	tests/generic/class/class_test_62.sv	STUCK-ON-SVPP-TOKEN	ifdef	335	336	301	336	352	17	17	411	int num_packets; `ifdef DEBUGGER `endif int router_size; endclass module t
conditional	sv-tests	tests/generic/class/class_test_63.sv	STUCK-ON-SVPP-TOKEN	ifdef	335	336	301	336	374	17	17	433	int num_packets; `ifdef DEBUGGER string source_name; `endif int router_si
conditional	sv-tests	tests/generic/class/class_test_64.sv	STUCK-ON-SVPP-TOKEN	ifdef	335	336	301	336	394	17	17	453	int num_packets; `ifdef DEBUGGER string source_name; string dest_name; `e
conditional	sv-tests	tests/generic/class/class_test_65.sv	STUCK-ON-SVPP-TOKEN	ifdef	335	336	301	336	400	17	17	459	int num_packets; `ifdef DEBUGGER string source_name; string dest_name; `e
conditional	sv-tests	tests/generic/class/class_test_66.sv	STUCK-ON-SVPP-TOKEN	ifdef	335	336	301	336	406	17	17	465	int num_packets; `ifdef DEBUGGER string source_name; string dest_name; `e
conditional	sv-tests	tests/generic/class/class_test_67.sv	STUCK-ON-SVPP-TOKEN	ifdef	335	336	301	336	406	17	17	465	int num_packets; `ifdef DEBUGGER `elsif LAZY string source_name; string d
conditional	sv-tests	tests/generic/class/class_test_68.sv	STUCK-ON-SVPP-TOKEN	ifdef	335	336	301	336	419	17	17	478	int num_packets; `ifdef DEBUGGER `elsif BORED string source_name; string
conditional	sv-tests	tests/generic/class/class_test_69.sv	STUCK-ON-SVPP-TOKEN	ifdef	335	336	301	336	413	17	17	472	int num_packets; `ifdef DEBUGGER `elsif BORED `else string source_name; s
conditional	sv-tests	tests/generic/typedef/typedef_test_25.sv	STUCK-ON-SVPP-TOKEN	ifndef	433	434	369	434	466	23	23	566	reg [D-1:0] data; `ifndef FOO reg [E-1:0] ecc; `endif // `ifndef FOO reg
conditional	sv-tests	tests/generic/typedef/typedef_test_25__bad.sv	STUCK-ON-SVPP-TOKEN	ifndef	490	491	426	491	523	23	23	623	reg [D-1:0] data; `ifndef FOO reg [E-1:0] ecc; `endif // `ifndef FOO reg
conditional	sv-tests	tests/generic/typedef/typedef_test_26.sv	STUCK-ON-SVPP-TOKEN	ifdef	313	314	299	314	359	16	16	416	8 */ typedef enum { `ifdef TWO Global = 2, `else Global = 1, `endif Local
conditional	sv-tests	tests/generic/typedef/typedef_test_27.sv	STUCK-ON-SVPP-TOKEN	ifdef	327	328	299	328	369	17	17	414	num { Global = 2, `ifdef TWO Local = 2 `else Local = 1 `endif } myenum_fwd
conditional	verible	verible/verilog/tools/lint/testdata/endif_comment.sv	STUCK-ON-SVPP-TOKEN	ifdef	22	23	0	23	61	2	2	79	kage endif_comment; `ifdef FOOBAR localparam int P = 4; `endif endpackage
conditional	verilator	test_regress/t/t_alias_cyclic_bad.v	STUCK-ON-SVPP-TOKEN	ifdef	462	463	274	463	521	23	23	630	(posedge clk) begin `ifdef TEST_VERBOSE $write("a = %x, b = %x\n", a, b); `e
conditional	verilator	test_regress/t/t_alias_transitive.v	STUCK-ON-SVPP-TOKEN	ifdef	453	454	274	454	523	22	22	700	(posedge clk) begin `ifdef TEST_VERBOSE $write("a = %x, b = %x, c = %x\n", a
conditional	verilator	test_regress/t/t_always_split_cond.v	STUCK-ON-SVPP-TOKEN	ifdef	641	643	213	643	920	33	33	1134	reg [1:0] ry; `ifdef NOT_DEF // This way works rx = sel == 2'b10 ?
conditional	verilator	test_regress/t/t_array_compare.v	STUCK-ON-SVPP-TOKEN	ifdef	1058	1059	217	1059	1199	45	45	1440	rand = & array_1; `ifdef TEST_VERBOSE $write("array_1_ne_array2==%0d\n", a
conditional	verilator	test_regress/t/t_array_query.v	STUCK-ON-SVPP-TOKEN	ifdef	909	911	549	911	1005	52	52	1244	s = $size(a); `ifdef TEST_VERBOSE $write("$left (a) = %d, $right (a) =
conditional	verilator	test_regress/t/t_array_rev.v	STUCK-ON-SVPP-TOKEN	ifdef	584	585	203	585	849	29	29	1153	localbkw = arrd; `ifdef TEST_VERBOSE $write("localbkw[0]=%b\n", localbkw[
conditional	verilator	test_regress/t/t_assert_basic.v	STUCK-ON-SVPP-TOKEN	ifdef	779	780	203	780	1457	31	31	1595	if (cyc == 9) begin `ifdef FAILING_ASSERTIONS assert (0) else $i
conditional	verilator	test_regress/t/t_assert_disable_iff.v	STUCK-ON-SVPP-TOKEN	ifdef	566	568	517	568	676	36	36	1301	input int cyc ); `ifdef FAIL_ASSERT_1 assert property (@(posedge clk) disab
conditional	verilator	test_regress/t/t_assert_elab.v	STUCK-ON-SVPP-TOKEN	ifdef	451	453	201	453	557	15	15	719	k"); endfunction `ifdef FAILING_ASSERTIONS localparam X = checkParameter(5)
conditional	verilator	test_regress/t/t_assert_iff.v	STUCK-ON-SVPP-TOKEN	ifdef	337	338	202	338	431	18	18	904	cyc <= cyc + 1; `ifdef FAIL1 enable[0] <= 1; `endif enable[1] <= 1;
conditional	verilator	test_regress/t/t_assert_implication.v	STUCK-ON-SVPP-TOKEN	ifdef	425	426	203	426	1395	23	23	2233	cyc <= cyc + 1; `ifdef TEST_VERBOSE $display("cyc=%0d", cyc); `endif
conditional	verilator	test_regress/t/t_assert_implication_coverage.v	STUCK-ON-SVPP-TOKEN	ifdef	422	423	203	423	475	24	24	2297	cyc <= cyc + 1; `ifdef TEST_VERBOSE $display("cyc=%0d", cyc); `endif
conditional	verilator	test_regress/t/t_assert_synth.v	STUCK-ON-SVPP-TOKEN	ifdef	748	748	203	748	2176	27	27	2462	rectives on casez's `ifdef ATTRIBUTES case ({a,b_fc}) // synopsys full_case
conditional	verilator	test_regress/t/t_assert_unique_case_bad.v	STUCK-ON-SVPP-TOKEN	ifdef	899	901	209	901	1164	45	45	1182	endcase end `ifdef NO_STOP_FAIL always_comb begin unique case (s)
conditional	verilator	test_regress/t/t_assign_inline.v	STUCK-ON-SVPP-TOKEN	ifdef	730	731	200	731	852	36	36	1056	c_q_r <= c_d_r + 1; `ifdef TEST_VERBOSE $display("[%0t] a_r=%0d, b_r=%0d",
conditional	verilator	test_regress/t/t_case_nest.v	STUCK-ON-SVPP-TOKEN	ifdef	402	403	203	403	504	23	23	3929	(posedge clk) begin `ifdef TEST_VERBOSE $write("[%0t] cyc==%0d crc=%x sum=%x
conditional	verilator	test_regress/t/t_case_unique_overlap.v	STUCK-ON-SVPP-TOKEN	ifdef	671	672	205	672	744	33	33	1104	(posedge clk) begin `ifdef TEST_VERBOSE $write("[%0t] in=%x out=%x\n", $time
conditional	verilator	test_regress/t/t_castdyn_enum.v	STUCK-ON-SVPP-TOKEN	ifdef	714	715	271	715	799	40	40	1400	i = $cast(en, cyc); `ifdef TEST_VERBOSE $write("[%0t] cyc==%0d i=%0d en=%0d\
conditional	verilator	test_regress/t/t_checker.v	STUCK-ON-SVPP-TOKEN	ifdef	411	412	203	412	549	21	21	1101	(posedge clk) begin `ifdef TEST_VERBOSE $write("[%0t] cyc==%0d cyc_d1=0x%0x
conditional	verilator	test_regress/t/t_checker_unsup.v	STUCK-ON-SVPP-TOKEN	ifdef	298	299	203	299	363	15	15	1502	(posedge clk) begin `ifdef TEST_VERBOSE $write("[%0t] cyc==%0d\n", $time, cy
conditional	verilator	test_regress/t/t_class_extern2.v	STUCK-ON-SVPP-TOKEN	ifdef	491	492	365	492	689	20	20	1257	ate(VALUE_T value); `ifdef NEVER // works ok if put function directly here s
conditional	verilator	test_regress/t/t_class_param_subtype.v	STUCK-ON-SVPP-TOKEN	ifdef	661	662	652	416	825	35	23	974	e `endif module t; `ifdef BAD_PAREN CParam::type_t val_0 = 100; `else CPara
conditional	verilator	test_regress/t/t_class_uses_this.v	STUCK-ON-SVPP-TOKEN	ifdef	1049	1050	928	1050	1118	54	54	1487	(); bar.set(4); `ifdef TEST_VERBOSE $display(bar.addr); $display(baz
conditional	verilator	test_regress/t/t_clk_concat.v	STUCK-ON-SVPP-TOKEN	ifdef	662	663	560	544	1315	34	25	1608	odule some_module ( `ifdef BROKEN .wrclk(i_clks[3]) `else .wrclk(i_c
conditional	verilator	test_regress/t/t_clk_concat2.v	STUCK-ON-SVPP-TOKEN	ifdef	662	663	560	544	728	34	25	1689	odule some_module ( `ifdef BROKEN .wrclk(i_clks[3]) `else .wrclk(i_c
conditional	verilator	test_regress/t/t_clk_concat3.v	STUCK-ON-SVPP-TOKEN	ifdef	699	700	594	578	767	35	26	1648	odule some_module ( `ifdef BROKEN .wrclk(i_clks[-12]) `else .wrclk(i
conditional	verilator	test_regress/t/t_clk_concat4.v	STUCK-ON-SVPP-TOKEN	ifdef	750	751	560	544	824	37	25	1721	odule some_module ( `ifdef BROKEN .wrclk(i_clks[3]) `else .w
conditional	verilator	test_regress/t/t_clk_first.v	STUCK-ON-SVPP-TOKEN	ifdef	1364	1365	623	1365	2873	67	67	4588	(posedge clk) begin `ifdef TEST_VERBOSE $write("[%0t] CLK1 %x\n", $time, res
conditional	verilator	test_regress/t/t_clk_gen.v	STUCK-ON-SVPP-TOKEN	ifdef	2236	2236	203	2236	2342	80	80	2414	lue of gendlydata_r `ifdef verilator `else // V3.2 races... technically legal
conditional	verilator	test_regress/t/t_clk_latchgate.v	STUCK-ON-SVPP-TOKEN	ifdef	1899	1900	892	778	3903	71	19	4793	(posedge clk) begin `ifdef TEST_VERBOSE $write("[%0t] cyc==%0d crc=%x ", $ti
conditional	verilator	test_regress/t/t_clk_powerdn.v	STUCK-ON-SVPP-TOKEN	ifdef	1248	1249	203	1249	1390	62	62	3429	(posedge clk) begin `ifdef TEST_VERBOSE $write("[%0t] rs %x cyc %d cg1f %x c
conditional	verilator	test_regress/t/t_clocking_sched.v	STUCK-ON-SVPP-TOKEN	ifdef	736	737	202	737	1708	31	31	1839	b; output #0 x; `ifdef VERILATOR_TIMING output #2 z; `endif endclockin
conditional	verilator	test_regress/t/t_cover_hier.v	STUCK-ON-SVPP-TOKEN	ifdef	301	302	235	302	385	12	12	1340	output reg seen ); `ifdef INLINE_CHILD //verilator inline_module `else //veri
conditional	verilator	test_regress/t/t_cover_line.v	STUCK-ON-SVPP-TOKEN	ifdef	2690	2691	203	2691	4025	114	114	8217	e if (cyc==5) begin `ifdef VERILATOR $c("this->call_task();"); `else
conditional	verilator	test_regress/t/t_cover_per_instance.v	STUCK-ON-SVPP-TOKEN	ifdef	324	325	246	325	408	13	13	1537	lk, input en ); `ifdef INLINE_CHILD //verilator inline_module `else //veri
conditional	verilator	test_regress/t/t_detectarray_1.v	STUCK-ON-SVPP-TOKEN	ifdef	494	496	234	496	553	28	28	671	negedge clk) begin `ifdef TEST_VERBOSE $write("tsb.id = %x\n", tsb.id); `en
conditional	verilator	test_regress/t/t_detectarray_2.v	STUCK-ON-SVPP-TOKEN	ifdef	455	457	234	457	514	26	26	632	negedge clk) begin `ifdef TEST_VERBOSE $write("tsb.id = %x\n", tsb.id); `en
conditional	verilator	test_regress/t/t_display_merge.v	STUCK-ON-SVPP-TOKEN	ifdef	224	225	203	225	268	9	9	2677	dule t; int one = `ifdef verilator $c32(1) `else 1 `endif ;
conditional	verilator	test_regress/t/t_dpi_export.v	STUCK-ON-SVPP-TOKEN	ifndef	2592	2593	445	375	2644	65	10	3288	); o = ~i; endtask `ifndef NO_TIME export "DPI-C" task dpix_t_time; `endif
conditional	verilator	test_regress/t/t_dpi_import.v	STUCK-ON-SVPP-TOKEN	ifndef	2244	2245	551	375	9740	52	10	10361	ut real i); `ifndef NO_SHORTREAL import "DPI-C" pure function shortrea
conditional	verilator	test_regress/t/t_embed1.v	STUCK-ON-SVPP-TOKEN	ifdef	3230	3231	203	3231	3374	82	82	3970	(posedge clk) begin `ifdef TEST_VERBOSE $write("[%0t] cyc==%0d crc=%x result
conditional	verilator	test_regress/t/t_enum_type_pins.v	STUCK-ON-SVPP-TOKEN	ifdef	2878	2880	2678	2880	3115	83	83	3249	posedge clk) begin `ifdef TEST_VERBOSE $write("Enumeration has %d members\n
conditional	verilator	test_regress/t/t_flag_compiler.v	STUCK-ON-SVPP-TOKEN	ifdef	698	699	203	699	785	34	34	1457	(posedge clk) begin `ifdef TEST_VERBOSE $write("[%0t] cyc==%0d in=%x out=%x\
conditional	verilator	test_regress/t/t_flag_main_top_name.v	STUCK-ON-SVPP-TOKEN	ifdef	486	487	371	487	588	14	14	662	\n", $time, scope); `ifdef MAIN_TOP_NAME_EMPTY if (scope != "top") $stop; `e
conditional	verilator	test_regress/t/t_flag_names.v	STUCK-ON-SVPP-TOKEN	ifdef	384	385	238	385	487	17	17	561	\n", $time, scope); `ifdef VERILATOR if (scope != "top.l2Name.sub") $stop; `
conditional	verilator	test_regress/t/t_flag_xinitial_0.v	STUCK-ON-SVPP-TOKEN	ifdef	299	300	203	300	438	15	15	512	e; initial begin `ifdef VERILATOR // Default is all ones, so we assume th
conditional	verilator	test_regress/t/t_func_complex.v	STUCK-ON-SVPP-TOKEN	ifdef	277	278	203	278	1109	11	11	1520	eue_set(ref q_t q); `ifdef TEST_NOINLINE // verilator no_inline_task `endif
conditional	verilator	test_regress/t/t_func_const.v	STUCK-ON-SVPP-TOKEN	ifdef	977	978	291	978	1063	36	36	3503	); initial begin `ifdef TEST_VERBOSE $display("P5=%0d P8=%0d P16=%0d P18=
conditional	verilator	test_regress/t/t_func_endian.v	STUCK-ON-SVPP-TOKEN	ifdef	1069	1070	203	1070	1164	39	39	2549	(posedge clk) begin `ifdef TEST_VERBOSE $write("[%0t] cyc==%0d crc=%x result
conditional	verilator	test_regress/t/t_func_graphcirc.v	STUCK-ON-SVPP-TOKEN	ifndef	461	462	203	462	1015	23	23	1061	$finish; end `ifndef verilator DispContDisps; `endif end task Re
conditional	verilator	test_regress/t/t_func_io_order.v	STUCK-ON-SVPP-TOKEN	ifdef	675	676	203	676	752	33	33	1487	(posedge clk) begin `ifdef TEST_VERBOSE $write("[%0t] cyc==%0d crc=%x\n", $t
conditional	verilator	test_regress/t/t_func_link.v	STUCK-ON-SVPP-TOKEN	ifdef	604	605	203	605	669	28	28	1070	(posedge clk) begin `ifdef TEST_VERBOSE $write("[%0t] cyc==%0d\n", $time, cy
conditional	verilator	test_regress/t/t_func_public.v	STUCK-ON-SVPP-TOKEN	ifdef	468	469	203	469	5968	26	26	5986	if (cyc == 1) begin `ifdef verilator $c("this->publicTop();"); `endif
conditional	verilator	test_regress/t/t_func_ref_arg_default.v	STUCK-ON-SVPP-TOKEN	ifdef	605	606	430	606	883	18	18	1364	ef int r = shared); `ifdef TEST_NOINLINE // verilator no_inline_task `endif
conditional	verilator	test_regress/t/t_func_v.v	STUCK-ON-SVPP-TOKEN	ifdef	228	229	219	229	636	10	10	672	e bug569 module t; `ifdef T_FUNC_V_NOINL // verilator no_inline_module `endif
conditional	verilator	test_regress/t/t_gate_basic.v	STUCK-ON-SVPP-TOKEN	ifdef	932	934	226	934	1619	41	41	2770	BITS-1:0] (ba, a); `ifdef verilator specparam RAW_SP = 1; specify endspe
conditional	verilator	test_regress/t/t_gate_elim.v	STUCK-ON-SVPP-TOKEN	ifdef	808	809	203	809	871	54	54	2380	(posedge clk) begin `ifdef TEST_VERBOSE $display("%b", {qa, qb, qc, qd, qe})
conditional	verilator	test_regress/t/t_gen_assign.v	STUCK-ON-SVPP-TOKEN	ifdef	530	531	222	531	617	28	28	1298	(posedge clk) begin `ifdef TEST_VERBOSE $write("[%0t] cyc==%0d crc=%x q=%x\n
conditional	verilator	test_regress/t/t_gen_for_overlap.v	STUCK-ON-SVPP-TOKEN	ifdef	811	812	747	812	987	37	37	1004	rameter FLAVOR = 1; `ifdef TEST_VERBOSE initial $display("%m"); `endif endmodu
conditional	verilator	test_regress/t/t_gen_forif.v	STUCK-ON-SVPP-TOKEN	ifdef	564	565	203	565	664	30	30	2517	(posedge clk) begin `ifdef TEST_VERBOSE $write("[%0t] cyc==%0d crc=%x %x %x\
conditional	verilator	test_regress/t/t_gen_inc.v	STUCK-ON-SVPP-TOKEN	ifdef	2045	2046	203	2046	2923	56	56	5711	if (cyc == 3) begin `ifdef TEST_VERBOSE $write("gen_pre_PLUSPLUS %b\n"
conditional	verilator	test_regress/t/t_gen_intdot.v	STUCK-ON-SVPP-TOKEN	ifndef	1423	1425	1344	208	1891	81	7	2071	; output result; `ifndef ATSIM // else unsupported `ifndef NC // else unsu
conditional	verilator	test_regress/t/t_initial_edge.v	STUCK-ON-SVPP-TOKEN	ifdef	1668	1669	1125	1669	1751	61	61	2271	nd else begin `ifdef TEST_VERBOSE $write("FAILED: res = %b, res_n
conditional	verilator	test_regress/t/t_inside_unbounded.v	STUCK-ON-SVPP-TOKEN	ifdef	1889	1890	221	1890	1961	73	73	2016	ntime_value(int v); `ifdef VERILATOR runtime_val = $c32(v); `else runtim
conditional	verilator	test_regress/t/t_inst_array_connect.v	STUCK-ON-SVPP-TOKEN	ifdef	1110	1112	220	1112	1408	55	55	1705	!= 0) $stop; `ifdef TEST_VERBOSE $display("%d %d %d %d", cval1[0], cv
conditional	verilator	test_regress/t/t_inst_ccall.v	STUCK-ON-SVPP-TOKEN	ifdef	1107	1107	962	1107	1285	52	52	1302	lator public_module `ifdef verilator assign longout = $c32("(", narrow, "+1)")
conditional	verilator	test_regress/t/t_inst_dtree.v	STUCK-ON-SVPP-TOKEN	ifdef	230	232	203	232	1342	11	11	1528	( input clk ); `ifdef INLINE_A //verilator inline_module `else //verilato
conditional	verilator	test_regress/t/t_inst_signed.v	STUCK-ON-SVPP-TOKEN	ifdef	616	617	203	617	1593	31	31	1617	(posedge clk) begin `ifdef TEST_VERBOSE $write("out: 'b%b 'b%b\n", sgn_wide,
conditional	verilator	test_regress/t/t_inst_v2k.v	STUCK-ON-SVPP-TOKEN	ifdef	350	352	203	352	438	20	20	1514	e; reg ionewire; `ifdef never_just_for_verilog_mode wire oonewire; // From
conditional	verilator	test_regress/t/t_interface1_modport.v	STUCK-ON-SVPP-TOKEN	ifdef	749	750	739	750	952	39	39	1020	dmodule module sub `ifdef NANSI // bug868 ( isub, i_value ); ifc.out_m
conditional	verilator	test_regress/t/t_interface2.v	STUCK-ON-SVPP-TOKEN	ifdef	614	615	203	615	2758	24	24	2765	.i_value(4'h2)); `ifdef VERILATOR counter_ansi `else counter_nansi `endif /
conditional	verilator	test_regress/t/t_interface_derived_type.v	STUCK-ON-SVPP-TOKEN	ifdef	692	692	217	692	791	18	18	1517	`define SHOW_2D_BUG `ifdef SHOW_2D_BUG logic [arr[0][0]-1:0] other_data; `else
conditional	verilator	test_regress/t/t_interface_down.v	STUCK-ON-SVPP-TOKEN	ifdef	276	277	249	277	1442	14	14	1509	( input clk ); `ifdef INLINE_A //verilator inline_module `else //verilato
conditional	verilator	test_regress/t/t_interface_gen2.v	STUCK-ON-SVPP-TOKEN	ifdef	467	468	251	468	574	28	28	1677	(posedge clk) begin `ifdef TEST_VERBOSE $write("[%0t] cyc==%0d result=%b %b
conditional	verilator	test_regress/t/t_interface_gen3.v	STUCK-ON-SVPP-TOKEN	ifdef	491	492	251	492	598	28	28	1701	(posedge clk) begin `ifdef TEST_VERBOSE $write("[%0t] cyc==%0d result=%b %b
conditional	verilator	test_regress/t/t_interface_modport.v	STUCK-ON-SVPP-TOKEN	ifdef	1348	1349	1051	1349	3895	61	61	3902	.i_value(4'h1)); `ifdef VERILATOR counter_ansi `else counter_nansi `endif /
conditional	verilator	test_regress/t/t_math_cmp.v	STUCK-ON-SVPP-TOKEN	ifdef	2781	2782	1529	2782	2938	132	132	4376	if (cyc > 2) begin `ifdef TEST_VERBOSE $write("results[%d][%d] = 8'b%b_%b
conditional	verilator	test_regress/t/t_math_concat.v	STUCK-ON-SVPP-TOKEN	ifdef	2631	2632	203	2632	2683	57	57	3275	cyc <= cyc + 1; `ifdef TEST_VERBOSE $write("%x %x\n", q, i); `endif
conditional	verilator	test_regress/t/t_math_concat64.v	STUCK-ON-SVPP-TOKEN	ifdef	5799	5800	203	5800	5852	101	101	6822	cyc <= cyc + 1; `ifdef TEST_VERBOSE $write("%x %x\n", q1, i); `endif
conditional	verilator	test_regress/t/t_math_div.v	STUCK-ON-SVPP-TOKEN	ifdef	3327	3328	203	3328	3503	105	105	3790	f (cyc == 10) begin `ifdef verilator if (qq !== {61{1'b0}}) $stop;
conditional	verilator	test_regress/t/t_math_divw.v	STUCK-ON-SVPP-TOKEN	ifdef	6754	6755	226	6755	7472	102	102	7777	end if (bad `ifdef TEST_VERBOSE || 1 `endif ) begin
conditional	verilator	test_regress/t/t_math_imm.v	STUCK-ON-SVPP-TOKEN	ifdef	1477	1478	417	1478	1695	50	50	3235	, crc[4], crc[3]}}; `ifdef TEST_VERBOSE $write("[%0t] cyc==%0d crc=%b %d.%d,
conditional	verilator	test_regress/t/t_math_insert_bound.v	STUCK-ON-SVPP-TOKEN	ifdef	864	866	560	866	970	31	31	2743	cyc <= cyc - 1; `ifdef TEST_VERBOSE $write("used [4'd%2d], free [4'd%2d]
conditional	verilator	test_regress/t/t_math_mul.v	STUCK-ON-SVPP-TOKEN	ifdef	468	469	203	469	579	26	26	1561	(posedge clk) begin `ifdef TEST_VERBOSE $write("[%0t] cyc==%0d crc=%x sum=%x
conditional	verilator	test_regress/t/t_math_pow4.v	STUCK-ON-SVPP-TOKEN	ifdef	422	423	203	423	503	24	24	1424	(posedge clk) begin `ifdef TEST_VERBOSE $write("[%0t] cyc==%0d a=%x y=%x\n",
conditional	verilator	test_regress/t/t_math_pow5.v	STUCK-ON-SVPP-TOKEN	ifdef	917	918	203	918	1002	39	39	1772	cyc <= cyc + 1; `ifdef TEST_VERBOSE $write("%d %x %x %x %x\n", cyc, le
conditional	verilator	test_regress/t/t_math_repl.v	STUCK-ON-SVPP-TOKEN	ifdef	1746	1747	203	1747	1883	60	60	3410	cyc <= cyc + 1; `ifdef TEST_VERBOSE $write("cyc=%0d d=%x %x %x %x %x %
conditional	verilator	test_regress/t/t_math_shift.v	STUCK-ON-SVPP-TOKEN	ifdef	3891	3892	203	3892	4002	123	123	8283	^ crc[2] ^ crc[0]}; `ifdef TEST_VERBOSE $write("%d %x %x %x %x %x %x\n", c
conditional	verilator	test_regress/t/t_math_shortreal.v	STUCK-ON-SVPP-TOKEN	ifdef	2626	2627	436	352	2691	90	9	4242	(posedge clk) begin `ifdef TEST_VERBOSE $write("[%0t] cyc==%0d\n", $time, cy
conditional	verilator	test_regress/t/t_math_sign_extend.v	STUCK-ON-SVPP-TOKEN	ifdef	1506	1507	323	1507	3481	50	50	4559	1; initial begin `ifdef TEST_VERBOSE $display("one1_lp : %x %d", one1_lp,
conditional	verilator	test_regress/t/t_math_signed.v	STUCK-ON-SVPP-TOKEN	ifdef	2882	2883	203	2883	2977	106	106	5976	cyc <= cyc + 1; `ifdef TEST_VERBOSE $write("%x %x %x %x %x %x %x\n", c
conditional	verilator	test_regress/t/t_math_signed2.v	STUCK-ON-SVPP-TOKEN	ifdef	621	622	204	622	1449	30	30	1641	in = in + 8; `ifdef TEST_VERBOSE $write("filtered_data: %d\n", filt
conditional	verilator	test_regress/t/t_math_signed_calc.v	STUCK-ON-SVPP-TOKEN	ifdef	540	541	322	541	633	29	29	1024	(posedge clk) begin `ifdef TEST_VERBOSE $display("[%0t] clk @ out 'h%0x, exp
conditional	verilator	test_regress/t/t_math_signed_wire.v	STUCK-ON-SVPP-TOKEN	ifdef	364	365	213	365	436	20	20	1027	(posedge clk) begin `ifdef TEST_VERBOSE $write("[%0t] result=%x %x\n", $time
conditional	verilator	test_regress/t/t_math_svl2.v	STUCK-ON-SVPP-TOKEN	ifndef	548	549	203	549	777	22	22	950	{66{1'bz}}) $stop; `ifndef NC // NC-Verilog 5.50-s09 chokes on this test
conditional	verilator	test_regress/t/t_math_wide_inc.v	STUCK-ON-SVPP-TOKEN	ifdef	547	548	352	548	612	24	24	2418	(posedge clk) begin `ifdef TEST_VERBOSE $write("[%0t] cyc==%0d\n", $time, cy
conditional	verilator	test_regress/t/t_mem_packed.v	STUCK-ON-SVPP-TOKEN	ifdef	444	445	203	445	2187	19	19	4724	initial cyc = 0; `ifdef IVERILOG reg [7:0] arr[3:0]; wire [7:0] arr_w[3:0
conditional	verilator	test_regress/t/t_mem_packed_assign.v	STUCK-ON-SVPP-TOKEN	ifdef	536	537	203	537	670	27	27	815	arr2 <= arr2 + 1; `ifdef TEST_VERBOSE $write("cyc%0d c:%0x a0:%0x a1:%0x a
conditional	verilator	test_regress/t/t_opt_const_cond_redundant.v	STUCK-ON-SVPP-TOKEN	ifdef	545	546	215	546	600	31	31	1060	f (idx > 100) begin `ifdef TEST_VERBOSE $write("ups = %0d\n", ups); `endif
conditional	verilator	test_regress/t/t_opt_subst.v	STUCK-ON-SVPP-TOKEN	ifdef	497	498	352	498	562	21	21	1432	(posedge clk) begin `ifdef TEST_VERBOSE $write("[%0t] cyc==%0d\n", $time, cy
conditional	verilator	test_regress/t/t_order_comboloop.v	STUCK-ON-SVPP-TOKEN	ifdef	572	573	203	573	652	26	26	1385	if (cyc == 1) begin `ifdef verilator if (runner != 0) $stop; // Initial
conditional	verilator	test_regress/t/t_order_multidriven.v	STUCK-ON-SVPP-TOKEN	ifdef	539	541	288	259	2261	30	8	3510	wr; wire clk_rd; `ifdef MULTI_CLK assign clk_wr = i_clk_wr; assign clk_rd
conditional	verilator	test_regress/t/t_package_export.v	STUCK-ON-SVPP-TOKEN	ifdef	380	380	307	380	878	18	18	1360	/ Ignore if already `ifdef T_PACKAGE_EXPORT export * ::*; // Not supported on
conditional	verilator	test_regress/t/t_param_array6.v	STUCK-ON-SVPP-TOKEN	ifdef	1136	1137	545	1137	1249	51	51	1546	<= test_f(random); `ifdef TEST_VERBOSE $display("rand: %h / Values -> val_1
conditional	verilator	test_regress/t/t_param_in_func.v	STUCK-ON-SVPP-TOKEN	ifdef	2458	2459	2400	2459	3887	70	70	4055	ked(logic [3:0] d); `ifdef NO_INLINE /* verilator no_inline_task */ `endif l
conditional	verilator	test_regress/t/t_param_public.v	STUCK-ON-SVPP-TOKEN	ifdef	476	477	392	477	710	25	25	806	f (ONE != 1) $stop; `ifdef VERILATOR initial if ($c32("this->ONE") != 1) $stop
conditional	verilator	test_regress/t/t_property.v	STUCK-ON-SVPP-TOKEN	ifdef	606	608	554	608	928	37	37	1182	nput [31:0] cyc ); `ifdef FAIL_ASSERT_1 assert property (@(posedge clk) cyc =
conditional	verilator	test_regress/t/t_property_pexpr_unsup.v	STUCK-ON-SVPP-TOKEN	ifdef	333	335	203	335	1933	20	20	2199	<= cyc + 1; end `ifdef PARSING_TIME // NOTE this grammar hasn't been check
conditional	verilator	test_regress/t/t_randc.v	STUCK-ON-SVPP-TOKEN	ifdef	651	652	203	652	2355	23	23	3017	esult !== 1) $stop; `ifdef TEST_VERBOSE $display("w%0d i=%0d m_var=%x",
conditional	verilator	test_regress/t/t_randstate_func.v	STUCK-ON-SVPP-TOKEN	ifdef	635	637	203	637	731	29	29	893	; v2 = length; `ifdef VERILATOR // About half of the other simulators fail
conditional	verilator	test_regress/t/t_randstate_obj.v	STUCK-ON-SVPP-TOKEN	ifdef	558	560	243	560	654	32	32	729	v2 = c.length; `ifdef VERILATOR // About half of the other simulators fail
conditional	verilator	test_regress/t/t_savable.v	STUCK-ON-SVPP-TOKEN	ifdef	1041	1042	598	1042	1106	50	50	2867	(posedge clk) begin `ifdef TEST_VERBOSE $write("[%0t] cyc==%0d\n", $time, cy
conditional	verilator	test_regress/t/t_select_bad_range2.v	STUCK-ON-SVPP-TOKEN	ifdef	655	656	203	656	748	30	30	1071	n in <= in + 1; `ifdef TEST_VERBOSE $write("[%0t] in=%d out32=%d out10=%
conditional	verilator	test_regress/t/t_select_lhs_oob.v	STUCK-ON-SVPP-TOKEN	ifdef	1377	1378	203	1378	1493	58	58	2237	(posedge clk) begin `ifdef TEST_VERBOSE $write("[%0t] cyc==%0d reg2d[%0d]=%0
conditional	verilator	test_regress/t/t_select_loop.v	STUCK-ON-SVPP-TOKEN	ifdef	626	627	203	627	685	33	33	1369	cyc <= cyc + 1; `ifdef TEST_VERBOSE $write("%x/%x %x\n", q, qq, a); `e
conditional	verilator	test_regress/t/t_select_runtime_range.v	STUCK-ON-SVPP-TOKEN	ifdef	453	454	203	454	787	21	21	1915	] !== 2'b01) $stop; `ifdef VERILATOR // verilator lint_off SELRANGE if (
conditional	verilator	test_regress/t/t_select_set.v	STUCK-ON-SVPP-TOKEN	ifdef	336	337	203	337	391	17	17	1289	(posedge clk) begin `ifdef TEST_VERBOSE $write("%x %x\n", cyc, addr); `endif
conditional	verilator	test_regress/t/t_slice_init.v	STUCK-ON-SVPP-TOKEN	ifdef	757	759	203	759	1147	30	30	1816	d1, 8'h19, 8'h39}; `ifdef TEST_VERBOSE $display("D=%x %x %x %x -> 39 19 x x
conditional	verilator	test_regress/t/t_split_var_0.v	STUCK-ON-SVPP-TOKEN	ifdef	469	470	264	470	615	13	13	17965	lparam OFFSET = -3; `ifdef TEST_ATTRIBUTES logic [WIDTH-1:0] tmp[DEPTH+OFFSET:
conditional	verilator	test_regress/t/t_split_var_issue.v	STUCK-ON-SVPP-TOKEN	ifndef	319	320	203	320	390	13	13	922	_comb bar[0] = foo; `ifndef NO_ASSERT assert property (@(posedge clk) (foo ==
conditional	verilator	test_regress/t/t_std_identifier.v	STUCK-ON-SVPP-TOKEN	ifdef	214	215	202	215	283	8	8	349	0-1.0 package foo; `ifdef TEST_DECLARE_STD class std; static int bar; e
conditional	verilator	test_regress/t/t_std_process_self.v	STUCK-ON-SVPP-TOKEN	ifdef	242	243	202	243	306	9	9	476	ask do_something(); `ifdef USE_STD_PREFIX std::process p; `else process
conditional	verilator	test_regress/t/t_stream_integer_type.v	STUCK-ON-SVPP-TOKEN	ifdef	2436	2437	731	2437	2610	96	96	15350	eger_type_1(error); `ifdef TEST_VERBOSE print_all_data("test_integer_type_1"
conditional	verilator	test_regress/t/t_string_dyn_num.v	STUCK-ON-SVPP-TOKEN	ifdef	343	344	203	344	440	19	19	1411	(posedge clk) begin `ifdef TEST_VERBOSE $write("[%0t] cyc==%0d istr='%s' sst
conditional	verilator	test_regress/t/t_struct_init.v	STUCK-ON-SVPP-TOKEN	ifdef	1232	1234	203	1234	1337	54	54	3312	pack2_t arr[2]; `ifdef T_STRUCT_INIT_BAD const b4_t b4_const_c = '{b1: 1'b
conditional	verilator	test_regress/t/t_struct_pat_width.v	STUCK-ON-SVPP-TOKEN	ifdef	587	588	203	588	683	26	26	883	(posedge clk) begin `ifdef TEST_VERBOSE $display("param: %d, %d, %b, %d", pa
conditional	verilator	test_regress/t/t_sv_conditional.v	STUCK-ON-SVPP-TOKEN	ifdef	2715	2716	1330	2716	2856	127	127	13195	if (i < 50) begin `ifdef TEST_VERBOSE $display("%x", simple_test_3_i.cnt
conditional	verilator	test_regress/t/t_sv_cpu.v	STUCK-ON-SVPP-TOKEN	ifdef	1355	1356	383	1356	2467	58	58	3311	** initial begin `ifdef TEST_VERBOSE $display("[testbench] - Start of sim
conditional	verilator	test_regress/t/t_sys_plusargs.v	STUCK-ON-SVPP-TOKEN	ifdef	772	773	203	773	3154	27	27	3711	sv_in = "PLUS"; `ifdef VERILATOR if ($c1(0)) sv_in = "NEVER"; // Preven
conditional	verilator	test_regress/t/t_sys_psprintf.v	STUCK-ON-SVPP-TOKEN	ifdef	474	475	202	475	525	22	22	676	w=%s", n, q, wide); `ifdef TEST_VERBOSE $display("str=%0s", str); `endif
conditional	verilator	test_regress/t/t_sys_system.v	STUCK-ON-SVPP-TOKEN	ifndef	255	256	203	256	754	13	13	830	s; initial begin `ifndef VERILATOR `ifndef VCS `ifndef NC $system(); //
conditional	verilator	test_regress/t/t_timing_clkgen1.v	STUCK-ON-SVPP-TOKEN	ifdef	476	477	360	477	540	24	24	850	cyc <= cyc + 1; `ifdef TEST_VERBOSE $display("[%0t] cyc=%0d", $time, cyc
conditional	verilator	test_regress/t/t_timing_fork_comb.v	STUCK-ON-SVPP-TOKEN	ifdef	307	308	202	308	924	15	15	1193	gin a <= a + 1; `ifdef TEST_VERBOSE $display("a=%0d, b=%0d, c=%0d, d=%0d
conditional	verilator	test_regress/t/t_timing_nba_1.v	STUCK-ON-SVPP-TOKEN	ifdef	401	402	202	402	682	20	20	866	if (cyc == 1) begin `ifdef TEST_VERBOSE $write("a = %x\n", a); `endif
conditional	verilator	test_regress/t/t_timing_nba_2.v	STUCK-ON-SVPP-TOKEN	ifdef	427	428	197	428	985	19	19	1024	if (x != 0) $stop; `ifdef TEST_VERBOSE $display("[%0t] clk1 | x=%0d cyc=%0d
conditional	verilator	test_regress/t/t_timing_pong.v	STUCK-ON-SVPP-TOKEN	ifdef	296	297	202	297	478	16	16	718	r @ping begin `ifdef TEST_VERBOSE $write("ping\n"); `endif
conditional	verilator	test_regress/t/t_timing_sched.v	STUCK-ON-SVPP-TOKEN	ifdef	543	543	202	543	1160	25	25	1421	lint_on MULTIDRIVEN `ifdef TEST_VERBOSE $display("[%0t] a2 = %0d", $time, a2
conditional	verilator	test_regress/t/t_timing_sched_if.v	STUCK-ON-SVPP-TOKEN	ifdef	618	618	202	618	1395	31	31	1655	lint_on MULTIDRIVEN `ifdef TEST_VERBOSE $display("[%0t] a2 = %0d", $time, a2
conditional	verilator	test_regress/t/t_timing_sched_nba.v	STUCK-ON-SVPP-TOKEN	ifdef	545	545	202	545	1045	25	25	1242	lint_on MULTIDRIVEN `ifdef TEST_VERBOSE $display("[%0t] a2 = %0d", $time, a2
conditional	verilator	test_regress/t/t_to_string_emitted.v	STUCK-ON-SVPP-TOKEN	ifdef	1817	1819	1316	1819	2213	136	136	2288	ew; c4.i = i3; `ifdef DISPLAY_OBJECTS $display("struct: '%p'", s);
conditional	verilator	test_regress/t/t_trace_basic.v	STUCK-ON-SVPP-TOKEN	ifndef	254	255	236	255	372	9	9	2214	module t ( clk `ifndef SYSTEMC ,fst_inout ,state `endif ); input
conditional	verilator	test_regress/t/t_trace_interface_ref.v	STUCK-ON-SVPP-TOKEN	ifdef	1623	1625	1579	1625	2010	84	84	2362	intf_for_check ); `ifdef NO_INLINE_A //verilator no_inline_module `endif
conditional	verilator	test_regress/t/t_trace_primitive.v	STUCK-ON-SVPP-TOKEN	ifdef	562	563	517	563	662	35	35	759	utput b; input a; `ifdef VERILATOR assign b = ~a; `else table //b a
conditional	verilator	test_regress/t/t_trace_public.v	STUCK-ON-SVPP-TOKEN	ifdef	621	622	607	622	843	34	34	1411	ule module glbl(); `ifdef PUB_FUNC reg GSR; task setGSR; `ifdef ATTRIBUTES
conditional	verilator	test_regress/t/t_tri_various.v	STUCK-ON-SVPP-TOKEN	ifdef	1227	1228	201	1228	3881	77	77	4940	state <= state + 1; `ifdef TEST_VERBOSE $write("[%0t] state=%d Z1=%b 2=%b 3=
conditional	verilator	test_regress/t/t_typedef_fwd.v	STUCK-ON-SVPP-TOKEN	ifndef	213	214	203	214	388	8	8	1085	CC0-1.0 package P; `ifndef TEST_NO_TYPEDEFS typedef enum enum_t; typedef st
conditional	verilator	test_regress/t/t_udp_noname.v	STUCK-ON-SVPP-TOKEN	ifdef	738	739	695	739	832	42	42	852	tput o; input a; `ifdef verilator wire o = ~a; `else table //o a
conditional	verilator	test_regress/t/t_uniqueif.v	STUCK-ON-SVPP-TOKEN	ifdef	1223	1223	203	1223	2087	53	53	2200	=================== `ifdef FAILING_ASSERTION1 $display("testing fail 1: %d",
conditional	verilator	test_regress/t/t_unopt_combo.v	STUCK-ON-SVPP-TOKEN	ifdef	329	331	203	331	2857	17	17	3329	reg [63:0] sum; `ifdef ALLOW_UNOPT /*verilator lint_off UNOPTFLAT*/ `endif
conditional	verilator	test_regress/t/t_unopt_converge.v	STUCK-ON-SVPP-TOKEN	ifdef	273	275	203	275	329	14	14	443	Inputs clk ); `ifdef ALLOW_UNOPT /*verilator lint_off UNOPTFLAT*/ `endif
conditional	verilator	test_regress/t/t_unopt_converge_initial.v	STUCK-ON-SVPP-TOKEN	ifdef	273	275	203	275	329	14	14	466	Inputs clk ); `ifdef ALLOW_UNOPT /*verilator lint_off UNOPTFLAT*/ `endif
conditional	verilator	test_regress/t/t_unoptflat_simple.v	STUCK-ON-SVPP-TOKEN	ifdef	429	431	291	431	478	19	19	591	negedge clk) begin `ifdef TEST_VERBOSE $write("x = %x\n", x); `endif i
conditional	verilator	test_regress/t/t_unoptflat_simple_2.v	STUCK-ON-SVPP-TOKEN	ifdef	545	547	286	547	594	24	24	713	negedge clk) begin `ifdef TEST_VERBOSE $write("x = %x\n", x); `endif i
conditional	verilator	test_regress/t/t_unoptflat_simple_3.v	STUCK-ON-SVPP-TOKEN	ifdef	611	613	315	613	660	32	32	1227	negedge clk) begin `ifdef TEST_VERBOSE $write("x = %x\n", x); `endif i
conditional	verilator	test_regress/t/t_urandom.v	STUCK-ON-SVPP-TOKEN	ifndef	434	435	425	435	2187	13	13	2262	l = 0 ); module t; `ifndef VERILATOR `define PROC `endif `ifdef PROC proces
conditional	verilator	test_regress/t/t_vams_wreal.v	STUCK-ON-SVPP-TOKEN	ifdef	900	900	231	900	2628	54	54	2843	eclaration of wreal `ifdef VERILATOR wreal wreal_implicit_net; // implicit de
conditional	verilator	test_regress/t/t_var_in_assign.v	STUCK-ON-SVPP-TOKEN	ifdef	501	502	200	502	594	24	24	1399	(posedge clk) begin `ifdef TEST_VERBOSE $write("[%0t] cyc==%0d i=%x oa=%x oz
conditional	verilator	test_regress/t/t_var_types_bad.v	STUCK-ON-SVPP-TOKEN	ifndef	1036	1037	226	1037	1144	44	44	1606	// Illegal range `ifndef VERILATOR //UNSUPPORTED, it's just a 64 bit int righ
conditional	verilator	test_regress/t/t_vlt_match_error.v	STUCK-ON-SVPP-TOKEN	ifdef	378	380	205	380	526	16	16	543	endcase end `ifdef T_VLT_MATCH_ERROR_1 import hi::*; `elsif T_VLT_MATC
conditional	verilator	test_regress/t/t_vpi_dump.v	STUCK-ON-SVPP-TOKEN	ifdef	2300	2301	2256	2301	2396	119	119	2832	ig1; reg subsig2; `ifdef IVERILOG // stop icarus optimizing signals away w
conditional	verilator	test_regress/t/t_vpi_time_cb.v	STUCK-ON-SVPP-TOKEN	ifdef	637	638	438	638	711	27	27	924	(posedge clk) begin `ifdef TEST_VERBOSE $display("[%0t] clk @ count %0d", $t
conditional	verilator	test_regress/t/t_vpi_zero_time_cb.v	STUCK-ON-SVPP-TOKEN	ifdef	534	535	352	535	589	23	23	750	(posedge clk) begin `ifdef TEST_VERBOSE $display("[%0t] clk", $time); `endif
conditional	verilator	test_regress/t/t_x_rand_stability.v	STUCK-ON-SVPP-TOKEN	ifdef	323	324	217	324	1583	16	16	1995	0] x_assigned = '0; `ifdef ADD_SIGNAL logic [31:0] added; logic [31:0] x_ass
include	Surelog	tests/PreprocFunc/dut.sv	STUCK-ON-SVPP-TOKEN	define	125	127	62	1	532	9	2	665	ameter WIDTHA = 4; `define max(a,b) {(a) > (b) ? (a) : (b)} //`define min(a,b)
include	iverilog	ivtest/ivltests/br_gh782a.v	STUCK-ON-SVPP-TOKEN	__FILE__	58	59	0	59	620	4	4	647	"File %s line %0d", `__FILE__, `__LINE__); `include "ivltests/br_gh782a.vi" //
include	iverilog	ivtest/ivltests/line_directive.v	STUCK-ON-SVPP-TOKEN	define	14	16	0	16	385	3	3	412	module test(); `define MACRO \ $display("file %s line %0d", \
include	slang	tests/regression/driver/dep-files-system-include.sv	STUCK-ON-SVPP-TOKEN	FOO	415	416	391	365	416	15	12	432	e m; string s = `FOO; endmodule
include	slang	tests/regression/driver/dep-files.sv	STUCK-ON-SVPP-TOKEN	FOO	1035	1036	972	930	1101	35	29	1108	??e; string s = `FOO; begin end endmodule `ifdef FOOBAR `include "mod1
include	slang	tests/regression/driver/disable-local-includes.sv	STUCK-ON-SVPP-TOKEN	FOO	355	356	292	250	421	14	8	428	??e; string s = `FOO; begin end endmodule `ifdef FOOBAR `include "mod1
include	slang	tests/regression/driver/module-basics.sv	STUCK-ON-SVPP-TOKEN	FOO	1735	1736	1672	1630	1801	23	17	1808	??e; string s = `FOO; begin end endmodule `ifdef FOOBAR `include "mod1
include	slang	tests/regression/driver/print-macros.sv	STUCK-ON-SVPP-TOKEN	FOO	682	683	619	577	748	28	22	755	??e; string s = `FOO; begin end endmodule `ifdef FOOBAR `include "mod1
include	slang	tests/regression/driver/suppress-macro-warnings.sv	STUCK-ON-SVPP-TOKEN	FOO	270	275	242	213	275	11	7	294	logic [3:0] a; `FOO(a); endmodule
include	slang	tests/unittests/data/incdir_first_test.sv	STUCK-ON-SVPP-TOKEN	ifdef	527	528	502	472	680	12	9	697	incdir_first_test; `ifdef INCDIR_SHADOW_IS_LOCAL // Local shadow file was f
include	slang	tests/unittests/data/test.sv	STUCK-ON-SVPP-TOKEN	FOO	105	106	42	0	171	7	1	178	??e; string s = `FOO; begin end endmodule `ifdef FOOBAR `include "mod1
include	slang	tests/unittests/data/test6.sv	STUCK-ON-SVPP-TOKEN	FOO	57	62	29	0	62	5	1	81	logic [3:0] a; `FOO(a); endmodule
include	slang	tests/unittests/data/verilog.v	PAST-LAST-TICK		103	103	81	29	29	9	3	116	dule t(); wire do; endmodule
include	sv-tests	tests/chapter-16/16.10--property-local-var-uvm.sv	IN-WINDOW		1283	1283	1258	449	2609	62	20	2885	env extends uvm_env; virtual clk_gen_if m_if; function new(string name
include	sv-tests	tests/chapter-16/16.10--sequence-local-var-uvm.sv	IN-WINDOW		1283	1283	1258	449	2603	62	20	2871	env extends uvm_env; virtual clk_gen_if m_if; function new(string name
include	sv-tests	tests/chapter-16/16.11--sequence-subroutine-uvm.sv	IN-WINDOW		1279	1279	1254	445	2630	62	20	2889	env extends uvm_env; virtual clk_gen_if m_if; function new(string name
include	sv-tests	tests/chapter-16/16.12--property-interface-prec-uvm.sv	STUCK-ON-SVPP-TOKEN	uvm_error	1344	1345	1138	461	2131	69	20	2729	ad |=> write ) else `uvm_error(label, $sformatf("write after read :assert: (Fals
include	sv-tests	tests/chapter-16/16.12--property-interface-uvm.sv	STUCK-ON-SVPP-TOKEN	uvm_error	1338	1339	1132	445	2137	69	20	2735	read & write)) else `uvm_error(label, $sformatf("read and write both asserted :a
include	sv-tests	tests/chapter-16/16.12--property-prec-uvm.sv	IN-WINDOW		1319	1319	1294	441	2545	71	20	2721	env extends uvm_env; virtual mem_ctrl_if m_if; function new(string nam
include	sv-tests	tests/chapter-16/16.12--property-uvm.sv	IN-WINDOW		1303	1303	1278	425	2529	71	20	2717	env extends uvm_env; virtual mem_ctrl_if m_if; function new(string nam
include	sv-tests	tests/chapter-16/16.13--sequence-multiclock-uvm.sv	IN-WINDOW		988	988	963	450	2278	55	20	2502	env extends uvm_env; virtual clk_gen_if m_if; function new(string name
include	sv-tests	tests/chapter-16/16.14--assume-property-uvm.sv	IN-WINDOW		1317	1317	1292	439	2543	71	20	2731	env extends uvm_env; virtual mem_ctrl_if m_if; function new(string nam
include	sv-tests	tests/chapter-16/16.15--property-iff-uvm.sv	IN-WINDOW		912	912	887	454	1575	51	20	2323	env extends uvm_env; virtual clk_gen_if m_if; function new(string name
include	sv-tests	tests/chapter-16/16.17--expect-uvm.sv	IN-WINDOW		1290	1290	1265	414	2535	71	20	2716	env extends uvm_env; virtual mem_ctrl_if m_if; function new(string nam
include	sv-tests	tests/chapter-16/16.2--assert-final-uvm.sv	IN-WINDOW		718	718	693	433	1503	40	20	1901	env extends uvm_env; virtual inverter_if m_if; function new(string nam
include	sv-tests	tests/chapter-16/16.2--assert-uvm.sv	IN-WINDOW		812	812	787	421	1716	46	20	2248	env extends uvm_env; virtual adder_if m_if; function new(string name,
include	sv-tests	tests/chapter-16/16.2--assert0-uvm.sv	IN-WINDOW		703	703	678	423	1485	40	20	1883	env extends uvm_env; virtual inverter_if m_if; function new(string nam
include	sv-tests	tests/chapter-16/16.2--assume-uvm.sv	IN-WINDOW		812	812	787	421	1716	46	20	2248	env extends uvm_env; virtual adder_if m_if; function new(string name,
include	sv-tests	tests/chapter-16/16.7--sequence-and-range-uvm.sv	IN-WINDOW		1429	1429	1404	461	2754	75	20	2924	env extends uvm_env; virtual mod_if m_if; function new(string name, uv
include	sv-tests	tests/chapter-16/16.7--sequence-and-uvm.sv	IN-WINDOW		1413	1413	1388	445	2730	75	20	2900	env extends uvm_env; virtual mod_if m_if; function new(string name, uv
include	sv-tests	tests/chapter-16/16.7--sequence-intersect-uvm.sv	IN-WINDOW		1425	1425	1400	457	2737	75	20	2907	env extends uvm_env; virtual mod_if m_if; function new(string name, uv
include	sv-tests	tests/chapter-16/16.7--sequence-or-uvm.sv	IN-WINDOW		1411	1411	1386	443	2712	75	20	2882	env extends uvm_env; virtual mod_if m_if; function new(string name, uv
include	sv-tests	tests/chapter-16/16.7--sequence-throughout-uvm.sv	IN-WINDOW		1356	1356	1331	459	2707	72	20	2877	env extends uvm_env; virtual mod_if m_if; function new(string name, uv
include	sv-tests	tests/chapter-16/16.7--sequence-uvm.sv	IN-WINDOW		1296	1296	1271	418	2576	71	20	2746	env extends uvm_env; virtual mem_ctrl_if m_if; function new(string nam
include	sv-tests	tests/chapter-16/16.9--sequence-changed-uvm.sv	IN-WINDOW		976	976	951	446	2195	57	20	2455	env extends uvm_env; virtual clk_gen_if m_if; function new(string name
include	sv-tests	tests/chapter-16/16.9--sequence-fell-uvm.sv	IN-WINDOW		970	970	945	440	2186	57	20	2443	env extends uvm_env; virtual clk_gen_if m_if; function new(string name
include	sv-tests	tests/chapter-16/16.9--sequence-past-uvm.sv	IN-WINDOW		970	970	945	440	2197	57	20	2454	env extends uvm_env; virtual clk_gen_if m_if; function new(string name
include	sv-tests	tests/chapter-16/16.9--sequence-rose-uvm.sv	IN-WINDOW		970	970	945	440	2186	57	20	2443	env extends uvm_env; virtual clk_gen_if m_if; function new(string name
include	sv-tests	tests/chapter-16/16.9--sequence-stable-uvm.sv	IN-WINDOW		713	713	688	444	1931	40	20	2170	env extends uvm_env; virtual clk_gen_if m_if; function new(string name
include	sv-tests	tests/chapter-18/18.10--dynamic-constraint-modification_0.sv	IN-WINDOW		549	549	524	413	945	27	19	1205	env extends uvm_env; a obj = new; function new(string name, uvm_component
include	sv-tests	tests/chapter-18/18.11--in-line-random-variable-control_0.sv	IN-WINDOW		572	572	547	413	1064	28	19	1381	env extends uvm_env; a obj = new; function new(string name, uvm_component
include	sv-tests	tests/chapter-18/18.11--in-line-random-variable-control_1.sv	IN-WINDOW		585	585	560	413	1077	28	19	1394	env extends uvm_env; a obj = new; function new(string name, uvm_component
include	sv-tests	tests/chapter-18/18.11.1--in-line-constraint-checker_0.sv	IN-WINDOW		533	533	508	403	993	29	19	1272	env extends uvm_env; a obj = new; int ret; function new(string name, uv
include	sv-tests	tests/chapter-18/18.11.1--in-line-constraint-checker_1.sv	IN-WINDOW		546	546	521	403	1006	29	19	1285	env extends uvm_env; a obj = new; int ret; function new(string name, uv
include	sv-tests	tests/chapter-18/18.12--randomization-of-scope-variables_1.sv	IN-WINDOW		639	639	614	434	1012	29	19	1268	env extends uvm_env; a obj = new; int ret; function new(string name, uv
include	sv-tests	tests/chapter-18/18.12.1--adding-constraints-to-scope-variables_1.sv	IN-WINDOW		605	605	478	451	1064	24	19	1320	with {x > 0; x < y;}; return success; endfunction endclass class en
include	sv-tests	tests/chapter-18/18.13.1--urandom_1.sv	IN-WINDOW		560	560	535	367	940	29	19	1196	env extends uvm_env; a obj = new; int unsigned ret; function new(string
include	sv-tests	tests/chapter-18/18.13.1--urandom_3.sv	IN-WINDOW		572	572	547	367	1040	29	19	1315	env extends uvm_env; a obj = new; int unsigned ret1, ret2; int seed = 25
include	sv-tests	tests/chapter-18/18.13.2--urandom_range_1.sv	IN-WINDOW		644	644	619	379	1073	29	19	1329	env extends uvm_env; a obj = new; int unsigned max = 10, min = 1, ret;
include	sv-tests	tests/chapter-18/18.13.2--urandom_range_2.sv	IN-WINDOW		644	644	619	379	1158	29	19	1414	env extends uvm_env; a obj = new; int unsigned max = 10, min = 1, ret;
include	sv-tests	tests/chapter-18/18.13.2--urandom_range_3.sv	IN-WINDOW		615	615	590	379	1028	29	19	1284	env extends uvm_env; a obj = new; int unsigned max = 10, ret; function
include	sv-tests	tests/chapter-18/18.13.3--srandom_0.sv	IN-WINDOW		491	491	466	367	1075	26	19	1357	env extends uvm_env; a obj = new; int ret1, ret2, prev_x, seed = 20; fu
include	sv-tests	tests/chapter-18/18.13.4--get_randstate_0.sv	IN-WINDOW		466	466	441	379	939	25	19	1217	env extends uvm_env; a obj = new; string randstate; int ret; function
include	sv-tests	tests/chapter-18/18.13.5--set_randstate_0.sv	IN-WINDOW		466	466	441	379	1006	25	19	1287	env extends uvm_env; a obj = new; string randstate; int prev_x; funct
include	sv-tests	tests/chapter-18/18.14--random-stability_0.sv	IN-WINDOW		451	451	426	399	1023	21	19	1298	env extends uvm_env; int unsigned val1, val2; process p; string randstate
include	sv-tests	tests/chapter-18/18.14--random-stability_1.sv	IN-WINDOW		445	445	420	393	1022	21	19	1295	env extends uvm_env; int tab1[5] = { 1, 2, 3, 4, 5 }; int tab2[5] = { 1, 2,
include	sv-tests	tests/chapter-18/18.14--random-stability_2.sv	IN-WINDOW		446	446	421	394	919	21	19	1182	env extends uvm_env; int x, y; function new(string name, uvm_component par
include	sv-tests	tests/chapter-18/18.14--random-stability_3.sv	IN-WINDOW		446	446	421	394	1178	21	19	1441	env extends uvm_env; process p; string randstate; int x, y; function n
include	sv-tests	tests/chapter-18/18.14.2--thread-stability_0.sv	IN-WINDOW		435	435	410	383	1077	21	19	1352	env extends uvm_env; int unsigned val1, val2; process p1, p2; function n
include	sv-tests	tests/chapter-18/18.14.2--thread-stability_1.sv	IN-WINDOW		435	435	410	383	1170	21	19	1445	env extends uvm_env; int unsigned val1, val2; process p1, p2; string rand
include	sv-tests	tests/chapter-18/18.14.3--object-stability_0.sv	IN-WINDOW		507	507	482	383	1086	29	19	1369	env extends uvm_env; a1 obj1 = new(); a2 obj2 = new(); string randstate1,
include	sv-tests	tests/chapter-18/18.14.3--object-stability_1.sv	IN-WINDOW		653	653	628	383	1238	35	19	1521	env extends uvm_env; a1 obj1 = new(200); a2 obj2 = new(200); string rands
include	sv-tests	tests/chapter-18/18.15--manually-seeding-randomize_1.sv	IN-WINDOW		563	563	538	403	1036	28	19	1317	env extends uvm_env; a obj = new(100); int prev_x; function new(string n
include	sv-tests	tests/chapter-18/18.5--constraint-blocks_1.sv	IN-WINDOW		501	501	476	385	856	26	19	1112	env extends uvm_env; a obj = new; function new(string name, uvm_component
include	sv-tests	tests/chapter-18/18.5.1--explicit-external-constraint_2.sv	IN-WINDOW		548	548	523	407	903	28	19	1159	env extends uvm_env; a obj = new; function new(string name, uvm_component
include	sv-tests	tests/chapter-18/18.5.1--implicit-external-constraint_2.sv	IN-WINDOW		541	541	516	407	896	28	19	1152	env extends uvm_env; a obj = new; function new(string name, uvm_component
include	sv-tests	tests/chapter-18/18.5.11--static-constraint-blocks_1.sv	IN-WINDOW		561	561	536	399	1085	28	19	1364	env extends uvm_env; a obj1 = new; a obj2 = new; function new(string na
include	sv-tests	tests/chapter-18/18.5.12--functions-in-constraint_1.sv	IN-WINDOW		619	619	594	397	981	31	19	1243	env extends uvm_env; a obj = new; function new(string name, uvm_component
include	sv-tests	tests/chapter-18/18.5.13--constraint-guards_1.sv	IN-WINDOW		566	566	541	385	933	32	19	1197	env extends uvm_env; a obj1 = new; function new(string name, uvm_componen
include	sv-tests	tests/chapter-18/18.5.14--soft-constraints_1.sv	IN-WINDOW		537	537	512	383	909	30	19	1169	env extends uvm_env; a obj = new; function new(string name, uvm_component
include	sv-tests	tests/chapter-18/18.5.14.1--soft-constraint-priorities_1.sv	IN-WINDOW		622	622	597	403	983	33	19	1243	env extends uvm_env; a2 obj = new; function new(string name, uvm_componen
include	sv-tests	tests/chapter-18/18.5.14.1--soft-constraint-priorities_3.sv	IN-WINDOW		679	679	654	403	1040	36	19	1300	env extends uvm_env; a2 obj = new; function new(string name, uvm_componen
include	sv-tests	tests/chapter-18/18.5.14.1--soft-constraint-priorities_4.sv	IN-WINDOW		679	679	654	403	1063	37	19	1323	env extends uvm_env; a2 obj = new; function new(string name, uvm_componen
include	sv-tests	tests/chapter-18/18.5.14.2--discarding-soft-constraints_1.sv	IN-WINDOW		631	631	606	405	991	32	19	1251	env extends uvm_env; a obj = new; function new(string name, uvm_component
include	sv-tests	tests/chapter-18/18.5.14.2--discarding-soft-constraints_3.sv	IN-WINDOW		631	631	606	405	991	32	19	1251	env extends uvm_env; a obj = new; function new(string name, uvm_component
include	sv-tests	tests/chapter-18/18.5.14.2--discarding-soft-constraints_5.sv	IN-WINDOW		631	631	606	405	991	32	19	1251	env extends uvm_env; a obj = new; function new(string name, uvm_component
include	sv-tests	tests/chapter-18/18.5.2--constraint-inheritance_1.sv	IN-WINDOW		589	589	564	394	948	31	19	1206	env extends uvm_env; a2 obj = new; function new(string name, uvm_componen
include	sv-tests	tests/chapter-18/18.5.2--pure-constraint_1.sv	IN-WINDOW		560	560	535	381	919	30	19	1177	env extends uvm_env; a2 obj = new; function new(string name, uvm_componen
include	sv-tests	tests/chapter-18/18.5.3--set-membership_1.sv	IN-WINDOW		505	505	480	379	870	26	19	1126	env extends uvm_env; a obj = new; function new(string name, uvm_component
include	sv-tests	tests/chapter-18/18.5.4--distribution_1.sv	IN-WINDOW		509	509	484	375	865	26	19	1121	env extends uvm_env; a obj = new; function new(string name, uvm_component
include	sv-tests	tests/chapter-18/18.5.5--uniqueness-constraints_1.sv	IN-WINDOW		608	608	583	395	1049	28	19	1324	env extends uvm_env; a obj = new; function new(string name, uvm_component
include	sv-tests	tests/chapter-18/18.5.6--implication_1.sv	IN-WINDOW		539	539	514	373	930	27	19	1205	env extends uvm_env; a obj = new; function new(string name, uvm_component
include	sv-tests	tests/chapter-18/18.5.7--if-else-constraints_4.sv	IN-WINDOW		663	663	638	389	1022	30	19	1280	env extends uvm_env; a obj = new; function new(string name, uvm_component
include	sv-tests	tests/chapter-18/18.5.8.1--foreach-iterative-constraints_1.sv	IN-WINDOW		551	551	526	409	921	26	19	1185	env extends uvm_env; a obj = new; function new(string name, uvm_component
include	sv-tests	tests/chapter-18/18.5.8.2--array-reduction-iterative-constraints_1.sv	IN-WINDOW		550	550	525	425	919	26	19	1183	env extends uvm_env; a obj = new; function new(string name, uvm_component
include	sv-tests	tests/chapter-18/18.5.9--global-constraints_1.sv	IN-WINDOW		554	554	529	387	937	31	19	1210	env extends uvm_env; b bObj = new; function new(string name, uvm_componen
include	sv-tests	tests/chapter-18/18.6.1--randomize-method_0.sv	IN-WINDOW		502	502	477	385	877	26	19	1137	env extends uvm_env; a obj = new; function new(string name, uvm_component
include	sv-tests	tests/chapter-18/18.6.2--post-randomize_method_1.sv	IN-WINDOW		591	591	566	395	984	31	19	1263	env extends uvm_env; a obj = new; function new(string name, uvm_component
include	sv-tests	tests/chapter-18/18.6.2--pre-randomize-method_1.sv	IN-WINDOW		588	588	563	393	981	31	19	1260	env extends uvm_env; a obj = new; function new(string name, uvm_component
include	sv-tests	tests/chapter-18/18.6.3--behavior-of-randomization-methods_1.sv	IN-WINDOW		537	537	512	407	1227	26	19	1511	env extends uvm_env; a obj1 = new; a obj2 = new; function new(string na
include	sv-tests	tests/chapter-18/18.6.3--behavior-of-randomization-methods_2.sv	IN-WINDOW		656	656	631	487	1130	28	19	1419	env extends uvm_env; a obj = new; int prev_value, status; function new(
include	sv-tests	tests/chapter-18/18.6.3--behavior-of-randomization-methods_3.sv	IN-WINDOW		642	642	617	432	1040	32	19	1300	env extends uvm_env; a obj = new; int status; function new(string name,
include	sv-tests	tests/chapter-18/18.6.3--behavior-of-randomization-methods_5.sv	IN-WINDOW		719	719	694	531	1084	32	21	1344	env extends uvm_env; a obj = new; function new(string name, uvm_component
include	sv-tests	tests/chapter-18/18.7--in-line-constraints--randomize_0.sv	IN-WINDOW		546	546	521	414	988	26	19	1286	env extends uvm_env; a obj = new; function new(string name, uvm_component
include	sv-tests	tests/chapter-18/18.7--in-line-constraints--randomize_2.sv	IN-WINDOW		738	738	713	414	1260	35	19	1564	env extends uvm_env; a1 obj1 = new; a2 obj2 = new; int z; function ne
include	sv-tests	tests/chapter-18/18.7--in-line-constraints--randomize_4.sv	IN-WINDOW		596	596	571	414	995	29	19	1266	env extends uvm_env; a obj = new; int y; function new(string name, uvm_
include	sv-tests	tests/chapter-18/18.7--in-line-constraints--randomize_6.sv	IN-WINDOW		612	612	587	414	1011	30	19	1282	env extends uvm_env; a obj = new; int y; function new(string name, uvm_
include	sv-tests	tests/chapter-18/18.7.1--local-scope-resolution_1.sv	IN-WINDOW		581	581	556	397	967	29	19	1238	env extends uvm_env; a obj = new; int x; function new(string name, uvm_
include	sv-tests	tests/chapter-18/18.8--disabling-random-variables-with-rand_mode_0.sv	IN-WINDOW		525	525	500	403	994	26	19	1269	env extends uvm_env; a obj = new; int ret1, ret2; function new(string n
include	sv-tests	tests/chapter-18/18.8--disabling-random-variables-with-rand_mode_1.sv	IN-WINDOW		532	532	507	403	1001	26	19	1276	env extends uvm_env; a obj = new; int ret1, ret2; function new(string n
include	sv-tests	tests/chapter-18/18.8--disabling-random-variables-with-rand_mode_2.sv	IN-WINDOW		528	528	503	403	1067	26	19	1361	env extends uvm_env; a obj = new; int ret1, ret2; function new(string n
include	sv-tests	tests/chapter-18/18.8--disabling-random-variables-with-rand_mode_3.sv	IN-WINDOW		532	532	507	403	1024	26	19	1299	env extends uvm_env; a obj1 = new; a obj2 = new; int ret1, ret2; func
include	sv-tests	tests/chapter-18/18.8--disabling-random-variables-with-rand_mode_5.sv	IN-WINDOW		667	667	642	516	1040	30	21	1296	env extends uvm_env; a obj = new; int ret; function new(string name, uv
include	sv-tests	tests/chapter-18/18.9--controlling-constraints-with-constraint_mode_0.sv	IN-WINDOW		557	557	532	412	1085	27	19	1360	env extends uvm_env; a obj = new; int ret1, ret2; function new(string n
include	sv-tests	tests/chapter-18/18.9--controlling-constraints-with-constraint_mode_2.sv	IN-WINDOW		688	688	663	531	1065	30	21	1321	env extends uvm_env; a obj = new; int ret; function new(string name, uv
include	sv-tests	tests/testbenches/uvm_agent_active.sv	IN-WINDOW		876	876	835	458	6082	39	20	6530	ds uvm_sequence_item; logic [7:0] data; `uvm_object_utils_begin(packet_
include	sv-tests	tests/testbenches/uvm_agent_env.sv	IN-WINDOW		821	821	792	415	2119	39	20	3174	nt extends uvm_agent; virtual output_if out_vif; virtual input_if in_vi
include	sv-tests	tests/testbenches/uvm_agent_passive.sv	IN-WINDOW		864	864	822	445	4184	39	20	4799	ds uvm_sequence_item; logic [7:0] data; `uvm_object_utils_begin(packet_
include	sv-tests	tests/testbenches/uvm_driver_sequencer_env.sv	IN-WINDOW		858	858	817	440	4182	39	20	4630	ds uvm_sequence_item; logic [7:0] data; `uvm_object_utils_begin(packet_
include	sv-tests	tests/testbenches/uvm_monitor_env.sv	IN-WINDOW		839	839	797	420	3634	39	20	4249	ds uvm_sequence_item; logic [7:0] data; `uvm_object_utils_begin(packet_
include	sv-tests	tests/testbenches/uvm_resource_db_read_by_name.sv	IN-WINDOW		504	504	479	433	1066	25	20	1596	env extends uvm_env; C obj; `uvm_component_utils(env) function ne
include	sv-tests	tests/testbenches/uvm_scoreboard_env.sv	IN-WINDOW		849	849	807	430	3617	39	20	4277	ds uvm_sequence_item; logic [7:0] data; `uvm_object_utils_begin(packet_
include	sv-tests	tests/testbenches/uvm_scoreboard_monitor_agent_env.sv	IN-WINDOW		881	881	839	462	5198	39	20	5737	ds uvm_sequence_item; logic [7:0] data; `uvm_object_utils_begin(packet_
include	sv-tests	tests/testbenches/uvm_scoreboard_monitor_env.sv	IN-WINDOW		867	867	825	448	4653	39	20	5192	ds uvm_sequence_item; logic [7:0] data; `uvm_object_utils_begin(packet_
include	sv-tests	tests/testbenches/uvm_sequence.sv	IN-WINDOW		467	467	439	412	1173	22	20	1315	extends uvm_sequence; function new(string name); super.new(name);
include	sv-tests	tests/testbenches/uvm_test_run_test.sv	IN-WINDOW		508	508	474	447	957	22	20	1157	est extends uvm_test; `uvm_component_utils(simple_test) function new(st
include	sv2v	test/core/always_comb.sv	STUCK-ON-SVPP-TOKEN	include	55	61	0	61	148	6	6	212	x = 0; `include "always_comb.vh" `TEST(_comb, 1) `TEST(_com
include	sv2v	test/core/always_sense.sv	STUCK-ON-SVPP-TOKEN	INPUTS	53	54	27	0	78	3	1	1673	mod( input wire `INPUTS, output reg `OUTPUTS ); localparam ZERO = 0;
include	sv2v	test/core/always_spin.sv	STUCK-ON-SVPP-TOKEN	include	11	16	0	16	16	2	2	157	module top; `include "always_spin.vh" logic [Z - 1:0] foo; logic
include	sv2v	test/core/cast_literal.sv	IN-WINDOW		29	34	34	0	123	2	1	168	ize, literal) \ $display(`"size'(literal) = %b`", size'(literal)); module to
include	sv2v	test/core/cast_nettype.sv	IN-WINDOW		38	43	43	0	482	2	1	502	prefix, typ) \ initial begin \ localparam type T = type(prefix``typ
include	sv2v	test/core/inside_exhaust.sv	STUCK-ON-SVPP-TOKEN	include	38	43	0	43	43	3	3	485	eter WIDTH = 1; `include "inside_exhaust.vh" function [0:0] test_weq;
include	sv2v	test/core/large_mux.sv	STUCK-ON-SVPP-TOKEN	include	47	52	0	52	52	3	3	302	DE = "768x576"; `include "large_mux.vh" type(SVO_HOR_PIXELS) DOUBLE_SVO_
include	sv2v	test/core/net_or_var.sv	STUCK-ON-SVPP-TOKEN	TEST_ALL	119	125	25	0	481	8	1	516	0] b; } t; `TEST_ALL(logic, logic) `TEST_ALL(wire, wire) `TEST_
include	sv2v	test/core/string_param.sv	STUCK-ON-SVPP-TOKEN	COUNT_ONES	184	185	28	0	415	7	1	466	alparam OUT_WIDTH = `COUNT_ONES(PATTERN); input [IN_WIDTH - 1:0] inp; o
include	sv2v	test/core/typename_deep.sv	IN-WINDOW		32	37	37	0	185	2	1	214	R(expr, size) \ initial $display(`"expr %0d %0d %0d`", \ $bits(expr)
include	sv2v	test/lex/cond.sv	STUCK-ON-SVPP-TOKEN	define	42	44	0	44	1871	6	6	1894	0; integer y = 1; `define GOOD \ $display("%x %x %d", x, y, `__LINE__); \
include	sv2v	test/lex/file_line.sv	STUCK-ON-SVPP-TOKEN	include	185	186	174	0	476	9	1	483	INE__); module top; `include "file_line.vh" `EXTRA_CASE initial begin $displ
include	sv2v	test/lex/line.sv	STUCK-ON-SVPP-TOKEN	__FILE__	47	47	0	47	275	3	3	305	in $display(`__FILE__, `__LINE__); `line 101 "fake.v" 1 $display
include	sv2v	test/lex/no_newline.sv	STUCK-ON-SVPP-TOKEN	ifdef	36	37	25	0	85	3	1	102	ine.vh" module top; `ifdef A initial $display("A is defined!"); `endif endmo
include	verilator	test_regress/t/t_dfg_break_cycles.v	STUCK-ON-SVPP-TOKEN	include	260	261	250	199	15346	10	7	15500	0] name module t ( `include "portlist.vh" // Boilerplate generated by t_dfg_bre
include	verilator	test_regress/t/t_dfg_peephole.v	STUCK-ON-SVPP-TOKEN	include	274	275	264	199	25816	10	7	26597	= expr module t ( `include "portlist.vh" // Boilerplate generated by t_dfg_pee
include	verilator	test_regress/t/t_dfg_synthesis.v	STUCK-ON-SVPP-TOKEN	include	960	961	950	199	14425	38	7	14469	package module t ( `include "portlist.vh" // Boilerplate generated by t_dfg_bre
include	verilator	test_regress/t/t_dpi_accessors.v	STUCK-ON-SVPP-TOKEN	include	1006	1010	979	840	2066	38	27	2164	input clk ); `include "t_dpi_accessors_macros_inc.vh" `include "t_dpi_a
include	verilator	test_regress/t/t_flag_f.v	STUCK-ON-SVPP-TOKEN	ifndef	257	258	232	200	756	10	6	830	t; initial begin `ifndef GOT_DEF1 $write("%%Error: NO GOT_DEF1\n"); $
include	verilator	test_regress/t/t_flag_f_bad_cmt.v	STUCK-ON-SVPP-TOKEN	ifndef	257	258	232	200	756	10	6	830	t; initial begin `ifndef GOT_DEF1 $write("%%Error: NO GOT_DEF1\n"); $
include	verilator	test_regress/t/t_initial.v	STUCK-ON-SVPP-TOKEN	include	245	249	203	249	799	13	13	917	; reg _ranit; `include "t_initial_inc.vh" // surefire lint_off STMINI
include	verilator	test_regress/t/t_uvm_dpi.v	IN-WINDOW		2211	2211	1354	203	18992	62	7	19096	uvm_hdl_data_t lval; task releaseExposedContinuously(input logic [31:0] din,
include	verilator	test_regress/t/t_verilated_header.v	STUCK-ON-SVPP-TOKEN	verilator_file_descriptor	253	258	227	203	292	12	7	414	initial begin `verilator_file_descriptor i; `coverage_block_off i
macro_use	Surelog	tests/AllPackageSignal/dut.sv	IN-WINDOW		152	152	104	1	925	6	2	1058	t_static_in_package_``__name(); \ bit unused_bit [((__prop) ? 1 : -1)];
macro_use	Surelog	tests/ArianeElab/dut.sv	STUCK-ON-SVPP-TOKEN	ifndef	28632	28638	25645	28638	44422	733	733	83773	translate_off `ifndef VERILATOR assert(Cfg.RASDepth > 0);
macro_use	Surelog	tests/ArianeElab2/dut.sv	STUCK-ON-SVPP-TOKEN	ifndef	28632	28638	25645	28638	44422	733	733	86222	translate_off `ifndef VERILATOR assert(Cfg.RASDepth > 0);
macro_use	Surelog	tests/BlackBox/dut.sv	STUCK-ON-SVPP-TOKEN	define	308	310	295	310	380	27	27	415	e module top(); `define CORE0 nyuzi.core_gen[0].core nyuzi nyuzi(); a
macro_use	Surelog	tests/BlackConst/dut.sv	IN-WINDOW		267	270	270	26	7442	10	4	7606	END(sig, width) \ ({{`BSG_MAX(width-$bits(sig),0){sig[$bits(sig)-1]}}, sig[0+:
macro_use	Surelog	tests/BlockingAssignRewrite/dut.sv	STUCK-ON-SVPP-TOKEN	define	467	469	0	469	966	21	21	1750	[WIDTHB-1:0] doB; `define max(a,b) {(a) > (b) ? (a) : (b)} `define min(a,b) {(
macro_use	Surelog	tests/ClassScope/dut.sv	STUCK-ON-SVPP-TOKEN	define	863	869	760	869	2317	42	42	2366	[E * 2 - 1:0]; `define TEST(D, prefix) \ if (FLAG) begin \
macro_use	Surelog	tests/CovMacro/dut.sv	STUCK-ON-SVPP-TOKEN	SV_COV_CHECK	153	153	24	153	799	12	12	967	= $coverage_control(`SV_COV_CHECK, `SV_COV_TOGGLE, `SV_COV_HIER, $root.top);
macro_use	Surelog	tests/FuncDef2/dut.sv	STUCK-ON-SVPP-TOKEN	TNOC_DEFAULT_SIZE_X	1252	1263	745	0	12566	56	1	13467	size_x: `TNOC_DEFAULT_SIZE_X, size_y: `TNOC_DEFAULT_SI
macro_use	Surelog	tests/MacroArgDefaultSpaces/dut.sv	STUCK-ON-SVPP-TOKEN	define	255	257	174	257	449	10	10	588	[31:0] x, y, z ); `define BAR(a) a `define FOO(a = function automatic [31:0] f
macro_use	Surelog	tests/MacroArgMismatch/dut.sv	STUCK-ON-SVPP-TOKEN	D	74	75	13	0	75	5	1	94	sedge clk) d <= `D (~d); endmodule
macro_use	Surelog	tests/Moves/dut.sv	STUCK-ON-SVPP-TOKEN	BOARD	81	83	22	1	392	10	2	1786	Moves ); input `BOARD Blk; input `BOARD Wht; output `BOARD Moves; // move
macro_use	Surelog	tests/MultiConcat/dut.sv	STUCK-ON-SVPP-TOKEN	define	3128	3130	1	3130	5320	106	106	5585	NLOCKED0-(N), RAW `define TEST_UNLOCKED(idx) \ {2{ZeroTokenIdx
macro_use	Surelog	tests/PPMacro/dut.sv	STUCK-ON-SVPP-TOKEN	FOO1	47	48	20	0	115	3	1	142	op1(); assign a = `FOO1(123); endmodule `define FOO2 42 module top2(); assi
macro_use	Surelog	tests/PpLppdr/dut.sv	IN-WINDOW		338	338	330	0	613	11	1	701	csr_read(``offset``,`REG_ADR(``rname``), wdata); \
macro_use	Surelog	tests/PreProcDefine/dut.sv	STUCK-ON-SVPP-TOKEN	BAR	98	99	55	0	99	6	1	114	:0] a; assign a = `BAR; endmodule
macro_use	Surelog	tests/PreProcMacroFunc/dut.sv	IN-WINDOW		114	114	66	0	488	2	1	632	t_static_in_package_``__name(); \ bit unused_bit [((__prop) ? 1 : -1)];
macro_use	Surelog	tests/PreprocString/dut.sv	STUCK-ON-SVPP-TOKEN	define	14	16	0	16	141	3	3	185	module test(); `define message(TOTO) TATA `define MAKE_MEM_PATH(filenam
macro_use	ispras-sv-tests	ieee-1800-2012/10/10.11_07.sv	STUCK-ON-SVPP-TOKEN	LIB_DFF	677	680	440	100	680	34	7	769	r = Q_Bar = qbar; `LIB_DFF top (.*); // 'LIB_DFF' is any of 'lib1_dff', 'lib2_
macro_use	ispras-sv-tests	ieee-1800-2012/16/16.12.06_02.sv	STUCK-ON-SVPP-TOKEN	data_end_exp	343	348	208	124	348	17	8	529	@(posedge mclk) `data_end_exp |-> ##[1:2] $rose(frame) ##1 $rose(irdy); en
macro_use	ispras-sv-tests	ieee-1800-2012/17/17.03_01.sv	STUCK-ON-SVPP-TOKEN	MAX_SUM	251	252	116	95	304	13	7	968	ert property (sum < `MAX_SUM); end p1: assert property (@clk sum < `MAX_SUM
macro_use	ispras-sv-tests	ieee-1800-2012/20/20.17.04_03.sv	STUCK-ON-SVPP-TOKEN	define	212	215	201	215	293	9	9	725	TIVE module top; `define rows 4 `define cols 3 logic [1:`cols] a, mem[1:`
macro_use	ispras-sv-tests	ieee-1800-2012/21/21.06_02.sv	STUCK-ON-SVPP-TOKEN	STRING	178	182	167	130	182	11	7	423	1] module top; `STRING str; integer i1; logic [31:0] vect; real realv
macro_use	ispras-sv-tests	ieee-1800-2012/22/22.05.01_03.sv	STUCK-ON-SVPP-TOKEN	define	151	155	140	155	314	10	10	360	IVE module top; `define wordsize 8 logic [1:`wordsize] data; // define a '
macro_use	ispras-sv-tests	ieee-1800-2012/22/22.05.01_05.sv	STUCK-ON-SVPP-TOKEN	define	177	181	140	181	236	12	12	268	r n, p, q, r, s; `define max(a, b)((a) > (b) ? (a) : (b)) initial n = `max(
macro_use	ispras-sv-tests	ieee-1800-2012/22/22.05.01_06.sv	STUCK-ON-SVPP-TOKEN	define	172	175	140	175	248	11	11	279	int a, b, result; `define TOP(a, b) (a + b) initial begin result = `TOP
macro_use	ispras-sv-tests	ieee-1800-2012/22/22.05.01_07.sv	STUCK-ON-SVPP-TOKEN	define	151	155	140	155	301	10	10	330	IVE module top; `define HI Hello `define LO "`HI, world" `define H(x) "H
macro_use	ispras-sv-tests	ieee-1800-2012/22/22.13_01.sv	STUCK-ON-SVPP-TOKEN	__FILE__	286	306	208	109	317	17	7	340	`__FILE__, `__LINE__); endmodule
macro_use	ispras-sv-tests	ieee-1800-2012/23/23.10_01.sv	STUCK-ON-SVPP-TOKEN	LOG2	674	674	161	116	674	22	7	863	LSB] fifo; logic [`LOG2(DEPTH):0] depth; always @(posedge clk or posedge re
macro_use	iverilog	ivtest/ivltests/bits3.v	STUCK-ON-SVPP-TOKEN	define	94	96	62	96	579	7	7	673	bit failed = 1'b0; `define check(type, value) \ if ($bits(type) !== value) be
macro_use	iverilog	ivtest/ivltests/bits4.v	STUCK-ON-SVPP-TOKEN	define	121	125	87	125	716	7	7	829	t failed = 1'b0; `define check(expr, value) do begin \ if ($bits(expr) !=
macro_use	iverilog	ivtest/ivltests/bitsel11.v	STUCK-ON-SVPP-TOKEN	define	131	133	97	133	1135	8	8	1234	bit failed = 1'b0; `define check(val, exp) do begin \ if (val !== exp) begi
macro_use	iverilog	ivtest/ivltests/br979.v	IN-WINDOW		61	62	62	0	115	2	1	429	b``j = 8'h``a``b; \ \ module test(); `my_macro(0,1) `my_macro( 2, 3) `my_mac
macro_use	iverilog	ivtest/ivltests/br_gh105a.v	STUCK-ON-SVPP-TOKEN	my_macro	103	106	74	0	126	7	1	155	); initial begin `my_macro(world); `hello_world; end endmodule
macro_use	iverilog	ivtest/ivltests/br_gh105b.v	IN-WINDOW		79	84	84	0	287	4	1	346	def STOP_``a1 \ $display(a0); \ `elsif STOP_``a2 \ $display(a0, a1);
macro_use	iverilog	ivtest/ivltests/br_gh1321.v	STUCK-ON-SVPP-TOKEN	__LINE__	193	194	0	194	194	13	13	278	xpected 1, got %b", `__LINE__, a); end else begin $display("PASSED");
macro_use	iverilog	ivtest/ivltests/br_gh1384.v	STUCK-ON-SVPP-TOKEN	define	95	99	68	99	759	7	7	860	; reg failed; `define check(val, exp) \ if (val !== exp) begin \
macro_use	iverilog	ivtest/ivltests/br_gh1385.v	STUCK-ON-SVPP-TOKEN	define	129	133	102	133	554	8	8	657	; reg failed; `define check(val, exp) do begin \ if (val !== exp) begi
macro_use	iverilog	ivtest/ivltests/br_gh1385a.v	STUCK-ON-SVPP-TOKEN	define	122	126	95	126	527	8	8	616	; reg failed; `define check(val, exp) do begin \ if (val !== exp) begi
macro_use	iverilog	ivtest/ivltests/br_gh1385b.v	STUCK-ON-SVPP-TOKEN	define	114	118	87	118	495	8	8	662	; reg failed; `define check(val, exp) do begin \ if (val !== exp) begi
macro_use	iverilog	ivtest/ivltests/br_gh1385c.v	STUCK-ON-SVPP-TOKEN	define	122	126	95	126	584	8	8	692	; reg failed; `define check(val, exp) do begin \ if (val !== exp) begi
macro_use	iverilog	ivtest/ivltests/br_gh366.v	STUCK-ON-SVPP-TOKEN	STRINGIFY	99	100	58	0	111	7	1	136	l begin $display( `STRINGIFY(`PATH) ); end endmodule
macro_use	iverilog	ivtest/ivltests/br_gh374.v	STUCK-ON-SVPP-TOKEN	INDIRECT_OPT	152	157	126	0	181	10	1	217	initial begin `INDIRECT_OPT(OPT1) `INDIRECT_OPT(OPT2) end endmodule
macro_use	iverilog	ivtest/ivltests/br_gh670.v	STUCK-ON-SVPP-TOKEN	define	138	142	111	142	563	8	8	712	; reg failed; `define check(value, expected, error) \ if ((value) !==
macro_use	iverilog	ivtest/ivltests/br_gh72a.v	STUCK-ON-SVPP-TOKEN	define	15	16	0	16	419	2	2	457	module modname; `define macro1(arg1=d1) $display(`"arg1`"); `define macro2(a
macro_use	iverilog	ivtest/ivltests/br_gh72b.v	STUCK-ON-SVPP-TOKEN	define	15	16	0	16	153	2	2	183	module modname; `define macro1(arg1) $display(`"arg1`"); `define macro2(arg1
macro_use	iverilog	ivtest/ivltests/br_gh72b_fail.v	STUCK-ON-SVPP-TOKEN	define	15	16	0	16	292	2	2	342	module modname; `define macro1(arg1) $display(`"arg1`"); `define macro2(arg1
macro_use	iverilog	ivtest/ivltests/enum_method_signed1.v	STUCK-ON-SVPP-TOKEN	define	167	171	133	171	3065	8	8	3157	t failed = 1'b0; `define check(x) \ if (!(x)) begin \ $display("FAI
macro_use	iverilog	ivtest/ivltests/enum_method_signed3.v	STUCK-ON-SVPP-TOKEN	define	170	174	136	174	2956	8	8	3048	t failed = 1'b0; `define check(x) \ if (!(x)) begin \ $display("FAI
macro_use	iverilog	ivtest/ivltests/escaped_macro_name.v	STUCK-ON-SVPP-TOKEN	simple	248	248	207	0	378	11	1	457	al begin $display(`simple); $display(`\simple ); $display(`escaped); $di
macro_use	iverilog	ivtest/ivltests/fileline.v	STUCK-ON-SVPP-TOKEN	__FILE__	170	170	123	170	390	9	9	492	#1; $display(`__FILE__); end endmodule /* * P1800/D8 22.13 * "`__LINE_
macro_use	iverilog	ivtest/ivltests/fileline2.v	STUCK-ON-SVPP-TOKEN	define	122	124	101	124	611	8	8	673	ule aaa; reg pass; `define printfl(x) $display("%0d -> %s:%0d", x, `__FILE__, `
macro_use	iverilog	ivtest/ivltests/func_empty_arg1.v	STUCK-ON-SVPP-TOKEN	define	134	138	100	138	639	8	8	739	t failed = 1'b0; `define check(expr, val) \ if (expr !== val) begin \
macro_use	iverilog	ivtest/ivltests/func_empty_arg3.v	STUCK-ON-SVPP-TOKEN	define	234	238	200	238	772	9	9	863	t failed = 1'b0; `define check(expr, val) \ if (expr !== val) begin \
macro_use	iverilog	ivtest/ivltests/genvar_compressed.v	STUCK-ON-SVPP-TOKEN	define	1184	1186	139	1186	2085	62	62	2192	rray11[i] = i; end `define check(a) if (a[i] !== i) begin \ failed = 1; \ $
macro_use	iverilog	ivtest/ivltests/module_port_typedef_array1.v	STUCK-ON-SVPP-TOKEN	define	260	264	168	264	477	18	18	575	t failed = 1'b0; `define check(expr, val) \ if (expr !== val) begin \
macro_use	iverilog	ivtest/ivltests/module_port_typedef_vector.v	STUCK-ON-SVPP-TOKEN	define	224	228	153	228	413	16	16	508	t failed = 1'b0; `define check(expr, val) \ if (expr !== val) begin \
macro_use	iverilog	ivtest/ivltests/parameter_scalar.v	STUCK-ON-SVPP-TOKEN	define	171	175	67	175	415	10	10	507	t failed = 1'b0; `define check(expr, val) \ if (expr !== val) begin \
macro_use	iverilog	ivtest/ivltests/pv_wr_fn_vec2.v	STUCK-ON-SVPP-TOKEN	define	141	145	107	145	1598	8	8	1753	g failed = 1'b0; `define check(val, exp) \ if (exp !== val) begin \
macro_use	iverilog	ivtest/ivltests/pv_wr_vec2.v	STUCK-ON-SVPP-TOKEN	define	120	124	86	124	1582	8	8	1676	g failed = 1'b0; `define check(val, exp) \ if (exp !== val) begin \
macro_use	iverilog	ivtest/ivltests/pv_wr_vec2_nb.v	STUCK-ON-SVPP-TOKEN	define	124	128	90	128	1694	8	8	1788	g failed = 1'b0; `define check(val, exp) \ if (exp !== val) begin \
macro_use	iverilog	ivtest/ivltests/pv_wr_vec2_nb_ec.v	STUCK-ON-SVPP-TOKEN	define	141	145	107	145	1801	8	8	1895	g failed = 1'b0; `define check(val, exp) \ if (exp !== val) begin \
macro_use	iverilog	ivtest/ivltests/pv_wr_vec2a.v	STUCK-ON-SVPP-TOKEN	define	134	138	100	138	1715	8	8	1812	g failed = 1'b0; `define check(val, exp) \ if (exp !== val) begin \
macro_use	iverilog	ivtest/ivltests/pv_wr_vec2a_nb.v	STUCK-ON-SVPP-TOKEN	define	138	142	104	142	1826	8	8	1923	g failed = 1'b0; `define check(val, exp) \ if (exp !== val) begin \
macro_use	iverilog	ivtest/ivltests/pv_wr_vec2a_nb_ec.v	STUCK-ON-SVPP-TOKEN	define	155	159	121	159	1934	8	8	2031	g failed = 1'b0; `define check(val, exp) \ if (exp !== val) begin \
macro_use	iverilog	ivtest/ivltests/struct_member_signed.v	STUCK-ON-SVPP-TOKEN	define	177	181	70	181	622	12	12	717	t failed = 1'b0; `define check(x) \ if (!(x)) begin \ $display("FAI
macro_use	iverilog	ivtest/ivltests/struct_nested1.v	STUCK-ON-SVPP-TOKEN	define	109	113	75	113	1518	7	7	1629	t failed = 1'b0; `define check(expr, val) do \ if (expr !== val) begin \
macro_use	iverilog	ivtest/ivltests/struct_signed.v	STUCK-ON-SVPP-TOKEN	define	404	408	139	408	951	24	24	1045	t failed = 1'b0; `define check(x) \ if (!(x)) begin \ $display("FAI
macro_use	iverilog	ivtest/ivltests/sv_2state_array_init_prop.v	STUCK-ON-SVPP-TOKEN	define	109	113	75	113	551	7	7	643	t failed = 1'b0; `define check(expr, val) \ if (expr !== val) begin \
macro_use	iverilog	ivtest/ivltests/sv_ap_uarray1.v	STUCK-ON-SVPP-TOKEN	define	165	168	138	168	805	7	7	905	t; bit passed; `define check(val, exp) do \ if (val !== exp) begin \
macro_use	iverilog	ivtest/ivltests/sv_ap_uarray2.v	STUCK-ON-SVPP-TOKEN	define	194	198	167	198	899	9	9	1002	; bit passed; `define check(val, exp) do \ if (val !== exp) begin \
macro_use	iverilog	ivtest/ivltests/sv_ap_uarray3.v	STUCK-ON-SVPP-TOKEN	define	163	167	136	167	800	8	8	901	; bit failed; `define check(val, exp) do \ if (val !== exp) begin \
macro_use	iverilog	ivtest/ivltests/sv_ap_uarray4.v	STUCK-ON-SVPP-TOKEN	define	194	198	167	198	895	9	9	999	; bit failed; `define check(val, exp) do \ if (val !== exp) begin \
macro_use	iverilog	ivtest/ivltests/sv_ap_uarray5.v	STUCK-ON-SVPP-TOKEN	define	199	203	172	203	909	9	9	1015	; bit failed; `define check(val, exp) do \ if (val != exp) begin \
macro_use	iverilog	ivtest/ivltests/sv_ap_uarray6.v	STUCK-ON-SVPP-TOKEN	define	201	205	174	205	981	9	9	1084	; bit failed; `define check(val, exp) do \ if (val != exp) begin \
macro_use	iverilog	ivtest/ivltests/sv_ap_uarray_single1.v	STUCK-ON-SVPP-TOKEN	define	162	166	117	166	416	9	9	509	integer a[0:0]; `define check(val, exp) \ if (val !== exp) begin \
macro_use	iverilog	ivtest/ivltests/sv_ap_uarray_single2.v	STUCK-ON-SVPP-TOKEN	define	183	187	117	187	429	11	11	522	ssign a = '{42}; `define check(val, exp) \ if (val !== exp) begin \
macro_use	iverilog	ivtest/ivltests/sv_array_cassign10.v	STUCK-ON-SVPP-TOKEN	define	328	332	82	332	719	16	16	826	= '{1'b1, 1'b0}; `define check_str(val, exp) begin \ $swrite(s, "%v", val
macro_use	iverilog	ivtest/ivltests/sv_array_cassign8.v	STUCK-ON-SVPP-TOKEN	define	105	109	71	109	442	7	7	536	t failed = 1'b0; `define check(expr, val) do \ if (expr !== val) begin \
macro_use	iverilog	ivtest/ivltests/sv_array_cassign9.v	STUCK-ON-SVPP-TOKEN	define	170	174	73	174	663	12	12	763	delayed = value; `define check(val, exp) \ if (val !== exp) begin \
macro_use	iverilog	ivtest/ivltests/sv_array_cassign_single.v	STUCK-ON-SVPP-TOKEN	define	181	185	94	185	446	12	12	543	assign a = b; `define check(val, exp) \ if (val !== exp) begin \
macro_use	iverilog	ivtest/ivltests/sv_array_query.v	STUCK-ON-SVPP-TOKEN	define	115	119	81	119	505	7	7	615	t failed = 1'b0; `define check(expr, val) \ if (expr !== val) begin \
macro_use	iverilog	ivtest/ivltests/sv_assign_pattern_cast.v	STUCK-ON-SVPP-TOKEN	define	309	313	223	313	945	15	15	1032	t failed = 1'b0; `define check_v(expr) \ dv = '{expr}; \ tmpv = expr;
macro_use	iverilog	ivtest/ivltests/sv_assign_pattern_concat.v	STUCK-ON-SVPP-TOKEN	define	283	287	226	287	573	12	12	663	t failed = 1'b0; `define check(expr) \ d = '{expr}; \ tmp = expr; \
macro_use	iverilog	ivtest/ivltests/sv_assign_pattern_const.v	STUCK-ON-SVPP-TOKEN	define	276	280	219	280	647	12	12	732	t failed = 1'b0; `define check(expr) \ d = '{expr}; \ tmp = expr; \
macro_use	iverilog	ivtest/ivltests/sv_assign_pattern_expand.v	STUCK-ON-SVPP-TOKEN	define	338	342	281	342	829	13	13	926	t failed = 1'b0; `define check(expr) \ d = '{expr}; \ tmp = expr; \
macro_use	iverilog	ivtest/ivltests/sv_assign_pattern_func.v	STUCK-ON-SVPP-TOKEN	define	293	297	236	297	629	14	14	722	t failed = 1'b0; `define check(expr) \ d = '{expr}; \ tmp = expr; \
macro_use	iverilog	ivtest/ivltests/sv_assign_pattern_op.v	STUCK-ON-SVPP-TOKEN	define	280	284	223	284	1173	12	12	1267	t failed = 1'b0; `define check(expr) \ d = '{expr}; \ tmp = expr; \
macro_use	iverilog	ivtest/ivltests/sv_assign_pattern_part.v	STUCK-ON-SVPP-TOKEN	define	285	289	228	289	658	12	12	749	t failed = 1'b0; `define check(expr) \ d = '{expr}; \ tmp = expr; \
macro_use	iverilog	ivtest/ivltests/sv_block_prefix_label.v	STUCK-ON-SVPP-TOKEN	__LINE__	384	400	52	400	400	20	20	516	pe", `__LINE__); failed = 1'b1; end if (!failed) b
macro_use	iverilog	ivtest/ivltests/sv_byte_array_string1.v	STUCK-ON-SVPP-TOKEN	define	113	117	79	117	787	7	7	889	t failed = 1'b0; `define check(val, exp) do \ if (val !== exp) begin \
macro_use	iverilog	ivtest/ivltests/sv_byte_array_string2.v	STUCK-ON-SVPP-TOKEN	define	133	137	99	137	1269	8	8	1374	t failed = 1'b0; `define check(val, exp) do \ if (val !== exp) begin \
macro_use	iverilog	ivtest/ivltests/sv_byte_array_string3.v	STUCK-ON-SVPP-TOKEN	define	131	135	97	135	799	8	8	901	t failed = 1'b0; `define check(val, exp) do \ if (val !== exp) begin \
macro_use	iverilog	ivtest/ivltests/sv_byte_array_string4.v	STUCK-ON-SVPP-TOKEN	define	114	118	80	118	614	7	7	716	t failed = 1'b0; `define check(val, exp) do \ if (val !== exp) begin \
macro_use	iverilog	ivtest/ivltests/sv_cast_typedef.v	STUCK-ON-SVPP-TOKEN	define	211	215	72	215	535	15	15	627	; bit failed; `define check(expr, val) \ if (expr != val) begin \
macro_use	iverilog	ivtest/ivltests/sv_chained_constructor1.v	STUCK-ON-SVPP-TOKEN	define	157	161	123	161	619	8	8	711	t failed = 1'b0; `define check(val, exp) do begin \ if ((val) !== (exp))
macro_use	iverilog	ivtest/ivltests/sv_chained_constructor2.v	STUCK-ON-SVPP-TOKEN	define	157	161	123	161	732	8	8	824	t failed = 1'b0; `define check(val, exp) do begin \ if ((val) !== (exp))
macro_use	iverilog	ivtest/ivltests/sv_class_darray_prop_locators.v	STUCK-ON-SVPP-TOKEN	define	96	100	62	100	1557	7	7	1636	t failed = 1'b0; `define check(val, exp) do if ((val) !== (exp)) begin
macro_use	iverilog	ivtest/ivltests/sv_class_method_default1.v	STUCK-ON-SVPP-TOKEN	define	286	290	238	290	768	16	16	867	t failed = 1'b0; `define check(expr, val) \ if (expr !== val) begin \
macro_use	iverilog	ivtest/ivltests/sv_class_method_default2.v	STUCK-ON-SVPP-TOKEN	define	276	280	228	280	874	17	17	966	t failed = 1'b0; `define check(expr, val) \ if (expr !== val) begin \
macro_use	iverilog	ivtest/ivltests/sv_class_method_signed1.v	STUCK-ON-SVPP-TOKEN	define	124	128	90	128	1237	8	8	1329	t failed = 1'b0; `define check(x) \ if (!(x)) begin \ $display("FAI
macro_use	iverilog	ivtest/ivltests/sv_class_prop_assign_op1.v	STUCK-ON-SVPP-TOKEN	define	105	109	71	109	853	7	7	947	t failed = 1'b0; `define check(val, exp) do \ if (val !== exp) begin \
macro_use	iverilog	ivtest/ivltests/sv_class_prop_assign_op2.v	STUCK-ON-SVPP-TOKEN	define	112	116	78	116	867	7	7	961	t failed = 1'b0; `define check(val, exp) do \ if (val !== exp) begin \
macro_use	iverilog	ivtest/ivltests/sv_class_prop_class_name.v	STUCK-ON-SVPP-TOKEN	define	103	107	69	107	480	7	7	574	t failed = 1'b0; `define check(val, exp) do \ if (val !== exp) begin \
macro_use	iverilog	ivtest/ivltests/sv_class_prop_logic.v	STUCK-ON-SVPP-TOKEN	define	96	100	61	100	375	7	7	470	t failed = 1'b0; `define check(val, exp) do \ if (val != exp) begin \
macro_use	iverilog	ivtest/ivltests/sv_class_prop_nest_darray1.v	STUCK-ON-SVPP-TOKEN	define	120	124	86	124	519	8	8	612	t failed = 1'b0; `define check(val, exp) do \ if (val !== exp) begin \
macro_use	iverilog	ivtest/ivltests/sv_class_prop_nest_obj1.v	STUCK-ON-SVPP-TOKEN	define	110	114	76	114	502	7	7	595	t failed = 1'b0; `define check(val, exp) do \ if (val !== exp) begin \
macro_use	iverilog	ivtest/ivltests/sv_class_prop_nest_real1.v	STUCK-ON-SVPP-TOKEN	define	108	112	74	112	447	7	7	542	t failed = 1'b0; `define check(val, exp) do \ if (val != exp) begin \
macro_use	iverilog	ivtest/ivltests/sv_class_prop_nest_str1.v	STUCK-ON-SVPP-TOKEN	define	110	114	76	114	454	7	7	552	t failed = 1'b0; `define check(val, exp) do \ if (val != exp) begin \
macro_use	iverilog	ivtest/ivltests/sv_class_prop_nest_vec1.v	STUCK-ON-SVPP-TOKEN	define	110	114	76	114	449	7	7	542	t failed = 1'b0; `define check(val, exp) do \ if (val !== exp) begin \
macro_use	iverilog	ivtest/ivltests/sv_class_prop_packed_dims.v	STUCK-ON-SVPP-TOKEN	define	113	117	79	117	593	7	7	688	t failed = 1'b0; `define check(val, exp) do begin \ if (val !== exp) begi
macro_use	iverilog	ivtest/ivltests/sv_class_prop_type_name.v	STUCK-ON-SVPP-TOKEN	define	125	129	73	129	502	9	9	596	t failed = 1'b0; `define check(val, exp) do \ if (val !== exp) begin \
macro_use	iverilog	ivtest/ivltests/sv_class_prop_wildcard_type_name.v	STUCK-ON-SVPP-TOKEN	define	166	170	116	170	543	15	15	637	t failed = 1'b0; `define check(val, exp) do \ if (val !== exp) begin \
macro_use	iverilog	ivtest/ivltests/sv_class_property_signed1.v	STUCK-ON-SVPP-TOKEN	define	156	160	122	160	1166	8	8	1258	t failed = 1'b0; `define check(x) \ if (!(x)) begin \ $display("FAI
macro_use	iverilog	ivtest/ivltests/sv_class_property_signed3.v	STUCK-ON-SVPP-TOKEN	define	156	160	122	160	1154	8	8	1328	t failed = 1'b0; `define check(x) \ if (!(x)) begin \ $display("FAI
macro_use	iverilog	ivtest/ivltests/sv_class_queue_prop_locators.v	STUCK-ON-SVPP-TOKEN	define	88	92	54	92	1388	7	7	1467	t failed = 1'b0; `define check(val, exp) do if ((val) !== (exp)) begin
macro_use	iverilog	ivtest/ivltests/sv_class_queue_prop_methods.v	STUCK-ON-SVPP-TOKEN	define	243	247	209	247	705	9	9	802	t failed = 1'b0; `define check(val, exp) do \ if (val !== exp) begin \
macro_use	iverilog	ivtest/ivltests/sv_class_static_prop4.v	STUCK-ON-SVPP-TOKEN	define	314	318	281	318	649	24	24	739	t failed = 1'b0; `define check(expr, val) \ if (expr !== val) begin \
macro_use	iverilog	ivtest/ivltests/sv_darray_assign_op.v	STUCK-ON-SVPP-TOKEN	define	111	115	77	115	1416	7	7	1511	t failed = 1'b0; `define check(val, exp) do \ if (val !== exp) begin \
macro_use	iverilog	ivtest/ivltests/sv_darray_find_locators.v	STUCK-ON-SVPP-TOKEN	define	120	124	90	124	996	7	7	1075	bit failed = 0; `define CHK(cond) \ if (!(cond)) begin \ $display(
macro_use	iverilog	ivtest/ivltests/sv_darray_min_max.v	STUCK-ON-SVPP-TOKEN	define	107	111	77	111	554	7	7	633	bit failed = 0; `define CHK(cond) \ if (!(cond)) begin \ $display(
macro_use	iverilog	ivtest/ivltests/sv_darray_min_max_with.v	STUCK-ON-SVPP-TOKEN	define	101	105	71	105	542	7	7	621	bit failed = 0; `define CHK(cond) if (!(cond)) begin $display("FAI
macro_use	iverilog	ivtest/ivltests/sv_darray_product.v	STUCK-ON-SVPP-TOKEN	define	92	96	62	96	355	7	7	432	bit failed = 0; `define CHK(cond) if (!(cond)) begin $display("FAI
macro_use	iverilog	ivtest/ivltests/sv_darray_product_with.v	STUCK-ON-SVPP-TOKEN	define	97	101	67	101	373	7	7	451	bit failed = 0; `define CHK(cond) if (!(cond)) begin $display("FAI
macro_use	iverilog	ivtest/ivltests/sv_darray_reverse.v	STUCK-ON-SVPP-TOKEN	define	87	91	57	91	457	7	7	539	bit failed = 0; `define CHK(cond) \ if (!(cond)) begin \ $display(
macro_use	iverilog	ivtest/ivltests/sv_darray_sort.v	STUCK-ON-SVPP-TOKEN	define	88	92	58	92	522	7	7	606	bit failed = 0; `define CHK(cond) \ if (!(cond)) begin \ $display(
macro_use	iverilog	ivtest/ivltests/sv_darray_sum.v	STUCK-ON-SVPP-TOKEN	define	88	92	58	92	347	7	7	423	bit failed = 0; `define CHK(cond) \ if (!(cond)) begin \ $display(
macro_use	iverilog	ivtest/ivltests/sv_darray_sum_with.v	STUCK-ON-SVPP-TOKEN	define	93	97	63	97	361	7	7	437	bit failed = 0; `define CHK(cond) if (!(cond)) begin $display("FAI
macro_use	iverilog	ivtest/ivltests/sv_darray_unique.v	STUCK-ON-SVPP-TOKEN	define	89	93	59	93	485	7	7	563	bit failed = 0; `define CHK(cond) if (!(cond)) begin $display("FAI
macro_use	iverilog	ivtest/ivltests/sv_darray_unique_with.v	STUCK-ON-SVPP-TOKEN	define	100	104	70	104	628	7	7	705	bit failed = 0; `define CHK(cond) if (!(cond)) begin $display("FAI
macro_use	iverilog	ivtest/ivltests/sv_fork_prefix_label.v	STUCK-ON-SVPP-TOKEN	__LINE__	560	576	60	576	576	27	27	692	ks", `__LINE__); failed = 1'b1; end if (!failed) b
macro_use	iverilog	ivtest/ivltests/sv_macro.v	STUCK-ON-SVPP-TOKEN	FOO	392	399	52	2	582	20	3	667	_text = "42"; `FOO(,); ref_val = 42; ref_text = "41"; `
macro_use	iverilog	ivtest/ivltests/sv_macro2.v	STUCK-ON-SVPP-TOKEN	msg	76	76	35	0	76	6	1	120	al begin $display(`msg(left side,right side)); end endmodule
macro_use	iverilog	ivtest/ivltests/sv_macro3a.v	STUCK-ON-SVPP-TOKEN	BACKTICK	213	213	172	0	295	14	1	322	al begin $display(`BACKTICK); $display(`stringify(`name1)); $display(`stri
macro_use	iverilog	ivtest/ivltests/sv_macro3b.v	STUCK-ON-SVPP-TOKEN	BACKTICK	215	215	174	0	297	14	1	324	al begin $display(`BACKTICK); $display(`stringify(`name1)); $display(`stri
macro_use	iverilog	ivtest/ivltests/sv_module_port1.v	STUCK-ON-SVPP-TOKEN	define	207	209	129	209	651	8	8	741	bit failed = 1'b0; `define check(val, exp) do begin \ if ((val) !== (exp))
macro_use	iverilog	ivtest/ivltests/sv_module_port2.v	STUCK-ON-SVPP-TOKEN	define	212	214	139	214	626	8	8	743	bit failed = 1'b0; `define check(val, exp) do begin \ if ((val) !== (exp))
macro_use	iverilog	ivtest/ivltests/sv_module_port3.v	IN-WINDOW		144	149	149	110	736	7	6	816	exp) do begin \ if ((val) !== (exp)) begin \ $display("FAILED(%0d): Ex
macro_use	iverilog	ivtest/ivltests/sv_module_port4.v	STUCK-ON-SVPP-TOKEN	define	206	208	131	208	662	13	13	754	bit failed = 1'b0; `define check(val, exp) do begin \ if ((val) !== (exp))
macro_use	iverilog	ivtest/ivltests/sv_net_array_decl_assign.v	STUCK-ON-SVPP-TOKEN	define	130	134	65	134	390	9	9	484	= '{4'h1, 4'h2}; `define check(val, exp) \ if (val !== exp) begin \
macro_use	iverilog	ivtest/ivltests/sv_net_decl_assign.v	STUCK-ON-SVPP-TOKEN	define	192	196	79	196	489	13	13	580	assign d = c; `define check(val, exp) \ if (val !== exp) begin \
macro_use	iverilog	ivtest/ivltests/sv_package_lifetime.v	IN-WINDOW		113	116	116	88	619	5	4	706	check(val, exp) \ if (val !== exp) begin \ $display("FAILED(%0d). '%s' exp
macro_use	iverilog	ivtest/ivltests/sv_partsel_var_negative_packed.v	STUCK-ON-SVPP-TOKEN	define	137	141	66	141	470	9	9	566	signed [2:0] i; `define check(val, exp) \ if (val !== exp) begin \
macro_use	iverilog	ivtest/ivltests/sv_ps_function4.v	IN-WINDOW		193	196	196	167	500	7	6	588	heck(expr, val) \ if (expr !== val) begin \ $display("FAILED: %s, expected
macro_use	iverilog	ivtest/ivltests/sv_ps_function5.v	STUCK-ON-SVPP-TOKEN	define	248	252	214	252	1211	17	17	1303	t failed = 1'b0; `define check(x) \ if (!(x)) begin \ $display("FAI
macro_use	iverilog	ivtest/ivltests/sv_ps_method1.v	STUCK-ON-SVPP-TOKEN	define	193	197	159	197	738	14	14	857	t failed = 1'b0; `define check(expr, val) \ if (val !== expr) begin \
macro_use	iverilog	ivtest/ivltests/sv_ps_method2.v	STUCK-ON-SVPP-TOKEN	define	320	324	286	324	623	22	22	735	t failed = 1'b0; `define check(expr, val) \ if (val !== expr) begin \
macro_use	iverilog	ivtest/ivltests/sv_ps_type1.v	IN-WINDOW		195	198	198	169	431	7	6	526	heck(expr, val) \ if (expr !== val) begin \ $display("FAILED: %s, expected
macro_use	iverilog	ivtest/ivltests/sv_ps_type_cast1.v	IN-WINDOW		164	167	167	138	411	7	6	502	heck(expr, val) \ if (expr !== val) begin \ $display("FAILED: %s, expected
macro_use	iverilog	ivtest/ivltests/sv_ps_type_cast2.v	IN-WINDOW		234	237	237	208	500	8	7	591	heck(expr, val) \ if (expr !== val) begin \ $display("FAILED: %s, expected
macro_use	iverilog	ivtest/ivltests/sv_ps_type_class1.v	IN-WINDOW		148	151	151	122	363	7	6	584	heck(expr, val) \ if (expr !== val) begin \ $display("FAILED: %s, expected
macro_use	iverilog	ivtest/ivltests/sv_ps_type_enum1.v	IN-WINDOW		147	150	150	121	502	7	6	597	heck(expr, val) \ if (expr !== val) begin \ $display("FAILED: %s, expected
macro_use	iverilog	ivtest/ivltests/sv_ps_type_expr1.v	IN-WINDOW		143	146	146	117	351	7	6	461	heck(expr, val) \ if (expr !== val) begin \ $display("FAILED: %s, expected
macro_use	iverilog	ivtest/ivltests/sv_ps_type_expr2.v	IN-WINDOW		224	227	227	198	445	8	7	555	heck(expr, val) \ if (expr !== val) begin \ $display("FAILED: %s, expected
macro_use	iverilog	ivtest/ivltests/sv_ps_type_struct1.v	IN-WINDOW		149	152	152	123	515	7	6	609	heck(expr, val) \ if (expr !== val) begin \ $display("FAILED: %s, expected
macro_use	iverilog	ivtest/ivltests/sv_ps_var1.v	IN-WINDOW		195	198	198	169	448	7	6	536	heck(expr, val) \ if (expr !== val) begin \ $display("FAILED: %s, expected
macro_use	iverilog	ivtest/ivltests/sv_queue_ap_method.v	STUCK-ON-SVPP-TOKEN	define	127	131	77	131	566	8	8	662	[1:0][3:0] q[$]; `define check(val, exp) do begin \ if (val !== exp) begi
macro_use	iverilog	ivtest/ivltests/sv_queue_assign_op.v	STUCK-ON-SVPP-TOKEN	define	103	107	69	107	1395	7	7	1490	t failed = 1'b0; `define check(val, exp) do \ if (val !== exp) begin \
macro_use	iverilog	ivtest/ivltests/sv_queue_find.v	STUCK-ON-SVPP-TOKEN	define	113	117	83	117	1010	7	7	1090	bit failed = 0; `define CHK(cond) \ if (!(cond)) begin \ $display(
macro_use	iverilog	ivtest/ivltests/sv_queue_find_locators_ext.v	STUCK-ON-SVPP-TOKEN	define	126	130	96	130	1141	7	7	1220	bit failed = 0; `define CHK(cond) \ if (!(cond)) begin \ $display(
macro_use	iverilog	ivtest/ivltests/sv_queue_find_with.v	STUCK-ON-SVPP-TOKEN	define	113	117	83	117	1283	7	7	1363	bit failed = 0; `define CHK(cond) \ if (!(cond)) begin \ $display(
macro_use	iverilog	ivtest/ivltests/sv_queue_method_signed1.v	STUCK-ON-SVPP-TOKEN	define	174	178	140	178	2172	8	8	2267	t failed = 1'b0; `define check(x) \ if (!(x)) begin \ $display("FAI
macro_use	iverilog	ivtest/ivltests/sv_queue_method_signed3.v	STUCK-ON-SVPP-TOKEN	define	174	178	140	178	2114	8	8	2209	t failed = 1'b0; `define check(x) \ if (!(x)) begin \ $display("FAI
macro_use	iverilog	ivtest/ivltests/sv_queue_min_max.v	STUCK-ON-SVPP-TOKEN	define	99	103	69	103	702	7	7	781	bit failed = 0; `define CHK(cond) \ if (!(cond)) begin \ $display(
macro_use	iverilog	ivtest/ivltests/sv_queue_min_max_with.v	STUCK-ON-SVPP-TOKEN	define	93	97	63	97	701	7	7	780	bit failed = 0; `define CHK(cond) if (!(cond)) begin $display("FAI
macro_use	iverilog	ivtest/ivltests/sv_queue_parray.v	STUCK-ON-SVPP-TOKEN	__FILE__	946	947	0	947	5476	36	36	5549	e check_size(0, `__FILE__, `__LINE__); check_idx_value(0, 0, `__FILE__,
macro_use	iverilog	ivtest/ivltests/sv_queue_parray_bounded.v	STUCK-ON-SVPP-TOKEN	__FILE__	859	860	0	860	2310	33	33	2383	check_size(0, `__FILE__, `__LINE__); q_tst.push_back(2); q_tst.pu
macro_use	iverilog	ivtest/ivltests/sv_queue_product.v	STUCK-ON-SVPP-TOKEN	define	84	88	54	88	348	7	7	425	bit failed = 0; `define CHK(cond) if (!(cond)) begin $display("FAI
macro_use	iverilog	ivtest/ivltests/sv_queue_product_with.v	STUCK-ON-SVPP-TOKEN	define	89	93	59	93	364	7	7	441	bit failed = 0; `define CHK(cond) if (!(cond)) begin $display("FAI
macro_use	iverilog	ivtest/ivltests/sv_queue_real.v	STUCK-ON-SVPP-TOKEN	__FILE__	908	909	0	909	5570	33	33	5643	e check_size(0, `__FILE__, `__LINE__); check_idx_value(0, 0.0, `__FILE__
macro_use	iverilog	ivtest/ivltests/sv_queue_real_bounded.v	STUCK-ON-SVPP-TOKEN	__FILE__	819	820	0	820	2334	30	30	2407	check_size(0, `__FILE__, `__LINE__); q_tst.push_back(2.0); q_tst.
macro_use	iverilog	ivtest/ivltests/sv_queue_reverse.v	STUCK-ON-SVPP-TOKEN	define	79	83	49	83	432	7	7	514	bit failed = 0; `define CHK(cond) \ if (!(cond)) begin \ $display(
macro_use	iverilog	ivtest/ivltests/sv_queue_sort.v	STUCK-ON-SVPP-TOKEN	define	80	84	50	84	515	7	7	599	bit failed = 0; `define CHK(cond) \ if (!(cond)) begin \ $display(
macro_use	iverilog	ivtest/ivltests/sv_queue_string.v	STUCK-ON-SVPP-TOKEN	__FILE__	924	925	0	925	5903	33	33	5976	e check_size(0, `__FILE__, `__LINE__); check_idx_value(0, "", `__FILE__,
macro_use	iverilog	ivtest/ivltests/sv_queue_string_bounded.v	STUCK-ON-SVPP-TOKEN	__FILE__	835	836	0	836	2536	30	30	2609	check_size(0, `__FILE__, `__LINE__); q_tst.push_back("World"); q_
macro_use	iverilog	ivtest/ivltests/sv_queue_sum.v	STUCK-ON-SVPP-TOKEN	define	80	84	50	84	335	7	7	411	bit failed = 0; `define CHK(cond) \ if (!(cond)) begin \ $display(
macro_use	iverilog	ivtest/ivltests/sv_queue_sum_with.v	STUCK-ON-SVPP-TOKEN	define	85	89	55	89	355	7	7	431	bit failed = 0; `define CHK(cond) if (!(cond)) begin $display("FAI
macro_use	iverilog	ivtest/ivltests/sv_queue_unique.v	STUCK-ON-SVPP-TOKEN	define	108	112	78	112	611	7	7	689	bit failed = 0; `define CHK(cond) \ if (!(cond)) begin \ $display(
macro_use	iverilog	ivtest/ivltests/sv_queue_unique_with.v	STUCK-ON-SVPP-TOKEN	define	92	96	62	96	629	7	7	706	bit failed = 0; `define CHK(cond) if (!(cond)) begin $display("FAI
macro_use	iverilog	ivtest/ivltests/sv_queue_vec.v	STUCK-ON-SVPP-TOKEN	__FILE__	914	915	0	915	5444	33	33	5517	e check_size(0, `__FILE__, `__LINE__); check_idx_value(0, 0, `__FILE__,
macro_use	iverilog	ivtest/ivltests/sv_queue_vec_bounded.v	STUCK-ON-SVPP-TOKEN	__FILE__	814	815	0	815	2265	30	30	2338	check_size(0, `__FILE__, `__LINE__); q_tst.push_back(2); q_tst.pu
macro_use	iverilog	ivtest/ivltests/sv_sign_cast1.v	STUCK-ON-SVPP-TOKEN	define	166	170	91	170	548	9	9	640	gned [7:0] sval; `define check(val, exp) \ if (exp !== val) begin \
macro_use	iverilog	ivtest/ivltests/sv_sign_cast2.v	STUCK-ON-SVPP-TOKEN	define	171	175	83	175	1829	10	10	1933	t failed = 1'b0; `define check(val, exp) \ if (exp !== val) begin \
macro_use	iverilog	ivtest/ivltests/sv_sign_cast3.v	STUCK-ON-SVPP-TOKEN	define	183	187	81	187	1842	10	10	1946	t failed = 1'b0; `define check(val, exp) \ if (exp !== val) begin \
macro_use	iverilog	ivtest/ivltests/sv_string8.v	STUCK-ON-SVPP-TOKEN	define	104	108	70	108	665	7	7	759	g failed = 1'b0; `define check(val, exp) \ if (val != exp) begin \
macro_use	iverilog	ivtest/ivltests/sv_string9.v	STUCK-ON-SVPP-TOKEN	define	131	135	97	135	553	8	8	647	g failed = 1'b0; `define check(val, exp) \ if (val != exp) begin \
macro_use	iverilog	ivtest/ivltests/sv_type_identifier_block_label_name.v	STUCK-ON-SVPP-TOKEN	__LINE__	318	319	81	319	319	19	19	435	not hide typedefs", `__LINE__); failed = 1'b1; end if (!failed) b
macro_use	iverilog	ivtest/ivltests/sv_type_identifier_block_prefix_label_name.v	STUCK-ON-SVPP-TOKEN	__LINE__	333	349	91	349	349	20	20	465	ef", `__LINE__); failed = 1'b1; end if (!failed) b
macro_use	iverilog	ivtest/ivltests/sv_type_identifier_enum_item_name.v	STUCK-ON-SVPP-TOKEN	define	141	145	114	145	727	11	11	852	; reg failed; `define check(value, expected, error) \ if ((value) !==
macro_use	iverilog	ivtest/ivltests/sv_type_identifier_event_name.v	STUCK-ON-SVPP-TOKEN	__LINE__	293	294	80	294	294	20	20	436	was not triggered", `__LINE__); failed = 1'b1; end if (!failed) b
macro_use	iverilog	ivtest/ivltests/sv_type_identifier_for_name.v	STUCK-ON-SVPP-TOKEN	__LINE__	482	483	87	483	483	23	23	599	not hide typedef", `__LINE__); failed = 1'b1; end if (!failed) b
macro_use	iverilog	ivtest/ivltests/sv_type_identifier_foreach_name.v	STUCK-ON-SVPP-TOKEN	__LINE__	433	434	106	434	434	20	20	550	not hide typedefs", `__LINE__); failed = 1'b1; end if (!failed) b
macro_use	iverilog	ivtest/ivltests/sv_type_identifier_fork_label_name.v	STUCK-ON-SVPP-TOKEN	__LINE__	321	322	86	322	322	19	19	438	not hide typedef", `__LINE__); failed = 1'b1; end if (!failed) b
macro_use	iverilog	ivtest/ivltests/sv_type_identifier_fork_prefix_label_name.v	STUCK-ON-SVPP-TOKEN	__LINE__	320	336	79	336	336	20	20	452	ef", `__LINE__); failed = 1'b1; end if (!failed) b
macro_use	iverilog	ivtest/ivltests/sv_type_identifier_function_name.v	STUCK-ON-SVPP-TOKEN	define	125	129	98	129	942	10	10	1093	; reg failed; `define check(value, expected, error) \ if ((value) !==
macro_use	iverilog	ivtest/ivltests/sv_type_identifier_generate_label_name.v	STUCK-ON-SVPP-TOKEN	__LINE__	310	311	89	311	311	16	16	427	not hide typedefs", `__LINE__); failed = 1'b1; end if (!failed) b
macro_use	iverilog	ivtest/ivltests/sv_type_identifier_genvar_name.v	STUCK-ON-SVPP-TOKEN	__LINE__	406	407	83	407	407	19	19	522	not hide typedef", `__LINE__); failed = 1'b1; end if (!failed) b
macro_use	iverilog	ivtest/ivltests/sv_type_identifier_named_constructor_argument.v	STUCK-ON-SVPP-TOKEN	define	264	268	87	268	540	17	17	636	; reg failed; `define check(val, exp) \ if (val !== exp) begin \
macro_use	iverilog	ivtest/ivltests/sv_type_identifier_named_function_argument.v	STUCK-ON-SVPP-TOKEN	define	232	236	84	236	500	14	14	594	integer value; `define check(val, exp) \ if (val !== exp) begin \
macro_use	iverilog	ivtest/ivltests/sv_type_identifier_named_parameter_value.v	STUCK-ON-SVPP-TOKEN	define	260	264	167	264	506	16	16	600	42)) i_m(.Y(y)); `define check(val, exp) \ if (val !== exp) begin \
macro_use	iverilog	ivtest/ivltests/sv_type_identifier_named_port_connection.v	STUCK-ON-SVPP-TOKEN	define	258	262	150	262	522	17	17	614	(value), .Y(y)); `define check(val, exp) \ if (val !== exp) begin \
macro_use	iverilog	ivtest/ivltests/sv_type_identifier_named_task_argument.v	STUCK-ON-SVPP-TOKEN	define	219	223	80	223	488	14	14	582	integer value; `define check(val, exp) \ if (val !== exp) begin \
macro_use	iverilog	ivtest/ivltests/sv_type_identifier_net_name.v	IN-WINDOW		163	166	166	124	2364	8	7	2486	xpected, error) \ if ((value) !== (expected)) begin \ $display("FAILED(%0d
macro_use	iverilog	ivtest/ivltests/sv_type_identifier_package_item.v	STUCK-ON-SVPP-TOKEN	__LINE__	477	478	243	478	478	23	23	593	ted type mismatch", `__LINE__); failed = 1'b1; end if (!failed) b
macro_use	iverilog	ivtest/ivltests/sv_type_identifier_parameter_decl_name.v	STUCK-ON-SVPP-TOKEN	define	225	229	141	229	685	15	15	828	Q = 11, L = 17; `define check(value, expected, error) \ if ((value) !==
macro_use	iverilog	ivtest/ivltests/sv_type_identifier_parameter_port_name.v	IN-WINDOW		258	261	261	219	2181	14	13	2323	xpected, error) \ if ((value) !== (expected)) begin \ $display("FAILED(%0d
macro_use	iverilog	ivtest/ivltests/sv_type_identifier_parameter_type_decl_name.v	STUCK-ON-SVPP-TOKEN	define	297	301	148	301	1154	16	16	1293	'h2a, U = 7'h15; `define check(value, expected, error) \ if ((value) !==
macro_use	iverilog	ivtest/ivltests/sv_type_identifier_parameter_type_param_name.v	STUCK-ON-SVPP-TOKEN	define	189	193	102	193	575	13	13	715	ype_param_value; `define check(value, expected, error) \ if ((value) !==
macro_use	iverilog	ivtest/ivltests/sv_type_identifier_port_name.v	IN-WINDOW		182	185	185	143	6950	10	9	7106	xpected, error) \ if ((value) !== (expected)) begin \ $display("FAILED(%0d
macro_use	iverilog	ivtest/ivltests/sv_type_identifier_task_function_argument_name.v	STUCK-ON-SVPP-TOKEN	define	128	132	101	132	3002	9	9	3155	; reg failed; `define check(value, expected, error) \ if ((value) !==
macro_use	iverilog	ivtest/ivltests/sv_type_identifier_task_name.v	STUCK-ON-SVPP-TOKEN	define	121	125	94	125	1082	10	10	1220	; reg failed; `define check(value, expected, error) \ if ((value) !==
macro_use	iverilog	ivtest/ivltests/sv_type_param1.v	IN-WINDOW		102	105	105	76	346	6	5	455	heck(expr, val) \ if (expr != val) begin \ $display("failed: %s, expected
macro_use	iverilog	ivtest/ivltests/sv_type_param2.v	IN-WINDOW		153	156	156	127	461	7	6	552	heck(expr, val) \ if (expr != val) begin \ $display("failed: %s, expected
macro_use	iverilog	ivtest/ivltests/sv_type_param3.v	IN-WINDOW		143	146	146	117	377	7	6	486	heck(expr, val) \ if (expr != val) begin \ $display("failed: %s, expected
macro_use	iverilog	ivtest/ivltests/sv_type_param4.v	IN-WINDOW		151	154	154	125	408	7	6	504	heck(expr, val) \ if (expr != val) begin \ $display("failed: %s, expected
macro_use	iverilog	ivtest/ivltests/sv_type_param5.v	IN-WINDOW		110	113	113	84	366	6	5	462	heck(expr, val) \ if (expr != val) begin \ $display("failed: %s, expected
macro_use	iverilog	ivtest/ivltests/sv_type_param6.v	IN-WINDOW		149	152	152	123	919	7	6	1255	heck(expr, val) \ if (expr != val) begin \ $display("failed: %s, expected
macro_use	iverilog	ivtest/ivltests/sv_type_param7.v	IN-WINDOW		187	190	190	161	488	7	6	1000	heck(expr, val) \ if (expr != val) begin \ $display("failed: %s, expected
macro_use	iverilog	ivtest/ivltests/sv_typedef_chained.v	IN-WINDOW		268	271	271	242	744	17	16	844	heck(expr, val) \ if (expr !== val) begin \ $display("FAILED: %s, expected
macro_use	iverilog	ivtest/ivltests/sv_typedef_fwd_base.v	IN-WINDOW		86	89	89	61	869	4	3	964	check(val, exp) \ if (val != exp) begin \ $display("FAILED(%0d). '%s' expe
macro_use	iverilog	ivtest/ivltests/sv_typedef_fwd_class.v	STUCK-ON-SVPP-TOKEN	define	69	71	57	71	699	5	5	806	rted module test; `define check(val, exp) \ if (val !== exp) begin \ $di
macro_use	iverilog	ivtest/ivltests/sv_typedef_fwd_enum1.v	STUCK-ON-SVPP-TOKEN	define	63	65	51	65	594	5	5	702	rted module test; `define check(val, exp) \ if (val !== exp) begin \ $di
macro_use	iverilog	ivtest/ivltests/sv_typedef_fwd_struct.v	STUCK-ON-SVPP-TOKEN	define	65	67	53	67	482	5	5	586	rted module test; `define check(val, exp) \ if (val !== exp) begin \ $di
macro_use	iverilog	ivtest/ivltests/sv_typedef_fwd_union.v	STUCK-ON-SVPP-TOKEN	define	66	68	54	68	619	5	5	724	rted module test; `define check(val, exp) \ if (val !== exp) begin \ $di
macro_use	iverilog	ivtest/ivltests/sv_typedef_nested_array.v	STUCK-ON-SVPP-TOKEN	define	247	251	58	251	705	18	18	826	t failed = 1'b0; `define check(expr, val) \ if (expr !== val) begin \
macro_use	iverilog	ivtest/ivltests/sv_unit1b.v	STUCK-ON-SVPP-TOKEN	MACRO1	205	206	121	0	294	16	1	354	est2 macro1 = %0d", `MACRO1 ); $display("test2 macro2 = %0d", `MACRO2 ); $di
macro_use	iverilog	ivtest/ivltests/sv_unit1c.v	STUCK-ON-SVPP-TOKEN	MACRO1	205	206	121	0	294	16	1	354	est2 macro1 = %0d", `MACRO1 ); $display("test2 macro2 = %0d", `MACRO2 ); $di
macro_use	iverilog	ivtest/ivltests/sv_var_block.v	IN-WINDOW		105	108	108	80	785	4	3	881	check(val, exp) \ if (val !== exp) begin \ $display("FAILED(%0d). '%s' exp
macro_use	iverilog	ivtest/ivltests/sv_var_function.v	IN-WINDOW		88	91	91	63	503	4	3	727	check(val, exp) \ if (val !== exp) begin \ $display("FAILED(%0d). '%s' exp
macro_use	iverilog	ivtest/ivltests/sv_var_module.v	IN-WINDOW		106	109	109	81	778	4	3	874	check(val, exp) \ if (val !== exp) begin \ $display("FAILED(%0d). '%s' exp
macro_use	iverilog	ivtest/ivltests/sv_var_module_input1.v	IN-WINDOW		117	120	120	92	544	6	5	1007	check(val, exp) \ if (val !== exp) begin \ $display("FAILED(%0d). '%s' exp
macro_use	iverilog	ivtest/ivltests/sv_var_module_input2.v	IN-WINDOW		121	124	124	96	554	6	5	1017	check(val, exp) \ if (val !== exp) begin \ $display("FAILED(%0d). '%s' exp
macro_use	iverilog	ivtest/ivltests/sv_var_module_output1.v	IN-WINDOW		118	121	121	93	1256	6	5	1349	check(val, exp) \ if (val !== exp) begin \ $display("FAILED(%0d). '%s' exp
macro_use	iverilog	ivtest/ivltests/sv_var_module_output2.v	IN-WINDOW		122	125	125	97	1266	6	5	1359	check(val, exp) \ if (val !== exp) begin \ $display("FAILED(%0d). '%s' exp
macro_use	iverilog	ivtest/ivltests/sv_var_package.v	IN-WINDOW		107	110	110	82	816	4	3	912	check(val, exp) \ if (val !== exp) begin \ $display("FAILED(%0d). '%s' exp
macro_use	iverilog	ivtest/ivltests/sv_var_task.v	IN-WINDOW		104	107	107	79	674	6	5	764	check(val, exp) \ if (val !== exp) begin \ $display("FAILED(%0d). '%s' exp
macro_use	slang	tests/regression/driver/nonstandard-constraint-block.sv	IN-WINDOW		498	499	483	436	577	16	15	625	\ class SEQ_NAME; \ rand int x; \ constraint c { CONSTRAINTS } \ end
macro_use	slang	tests/unittests/data/file_uses_define_in_file_with_no_eol.sv	STUCK-ON-SVPP-TOKEN	SOMETHING	61	62	0	62	62	3	3	93	ay("Something: %d", `SOMETHING); end endmodule
macro_use	slang	tests/unittests/data/test2.sv	STUCK-ON-SVPP-TOKEN	ID	29	30	0	30	30	3	3	54	m m1(); int `ID(foo) = 1; endmodule
macro_use	sv-tests	tests/chapter-20/20.14--coverage.sv	STUCK-ON-SVPP-TOKEN	SV_COV_CHECK	530	530	401	530	1172	28	28	1340	= $coverage_control(`SV_COV_CHECK, `SV_COV_TOGGLE, `SV_COV_HIER, $root);
macro_use	sv-tests	tests/chapter-5/5.6.4--compiler-directives-debug.sv	STUCK-ON-SVPP-TOKEN	__FILE__	382	383	327	383	394	17	17	417	lay("At %s @ %d\n", `__FILE__, `__LINE__); endmodule;
macro_use	sv-tests	tests/chapter-5/5.6.4--compiler-directives-preprocessor-macro_1.sv	STUCK-ON-SVPP-TOKEN	VAR_1	426	427	405	427	436	18	18	558	dule top(); int a = `VAR_1 + `VAR_2; initial begin if (a == 7) $display(":
macro_use	sv2v	test/basic/duplicate_genvar_shadow.sv	STUCK-ON-SVPP-TOKEN	DUMP	116	125	55	0	615	5	1	742	= 1) begin `DUMP(A) if (1) begin localparam [9:0] i
macro_use	sv2v	test/basic/flatten.sv	IN-WINDOW		61	62	33	0	2222	2	1	2255	me(clock, in, out); \ input wire clock, in; \ output logic dims out; \
macro_use	sv2v	test/basic/flatten_three.sv	IN-WINDOW		64	65	36	0	2914	2	1	2950	me(clock, in, out); \ input wire clock, in; \ output logic dims out; \
macro_use	sv2v	test/basic/nblk_asgn_prec.sv	IN-WINDOW		20	25	25	0	287	2	1	339	ne TEST(stmt) \ begin \ stmt; \ #1 $display("%b", foo); \
macro_use	sv2v	test/basic/sense_star.sv	STUCK-ON-SVPP-TOKEN	define	11	12	0	12	271	2	2	312	module top; `define TEST(sense) always sense $display(`"sense %b`", x);
macro_use	sv2v	test/basic/shift.sv	STUCK-ON-SVPP-TOKEN	TEST	227	236	198	0	562	10	1	593	itial begin `TEST(-4, 0); `TEST(-4, 1); `TEST(-4, 2);
macro_use	sv2v	test/basic/simplify_binop.sv	IN-WINDOW		72	73	73	0	744	2	1	770	ocalparam X = expr; \ localparam [63:0] Y = X; \ $display(`"expr %b %b %
macro_use	sv2v	test/basic/typeof_op.sv	IN-WINDOW		20	25	25	0	1376	2	1	1423	ne TEST(expr) \ $display("%s = %b; $bits(%s) = %0d", `"expr`", expr, `"expr`
macro_use	sv2v	test/basic/typeof_scope.sv	STUCK-ON-SVPP-TOKEN	TYPEOF	293	306	41	0	1812	12	1	1853	: loop `TYPEOF(prev[i+1].x) x; if (1) begin : a
macro_use	sv2v	test/basic/unnamed_genblk_cascade.sv	STUCK-ON-SVPP-TOKEN	define	36	38	0	38	779	4	4	801	parameter P = 0; `define BLK genblk1 if (P == 1) integer w = 1;
macro_use	sv2v	test/core/ambiguous_tore.sv	STUCK-ON-SVPP-TOKEN	define	863	869	760	869	2317	42	42	2359	[E * 2 - 1:0]; `define TEST(D, prefix) \ if (FLAG) begin \
macro_use	sv2v	test/core/cast_procedure.sv	IN-WINDOW		92	93	93	0	688	3	1	715	WIDTH = ONE * size; \ localparam x = $unsigned(WIDTH'(ONES)); \ integer
macro_use	sv2v	test/core/cast_top_item.sv	STUCK-ON-SVPP-TOKEN	CHECK	296	296	190	0	800	14	1	896	k1 if (`CHECK(0)) `PRINT(0) else if (`CHECK(1)) `PRINT(1)
macro_use	sv2v	test/core/class_param_nest.sv	STUCK-ON-SVPP-TOKEN	DUMP	278	287	227	115	404	17	11	447	itial begin `DUMP(Z) `DUMP(P::W) `DUMP_BOTH(C#())
macro_use	sv2v	test/core/constexpr.sv	IN-WINDOW		211	216	216	183	1377	5	4	1440	T_FALSE(expr) \ if (expr) begin \ initial $display("fail"); \
macro_use	sv2v	test/core/dangling_else.sv	IN-WINDOW		24	29	29	0	938	2	1	1161	EST(id, ctrl) \ always @* #(2 * id) \ if (a) \ ctrl if (
macro_use	sv2v	test/core/default_nettype.sv	IN-WINDOW		70	70	58	11	280	5	3	291	t \ module test_``t; \ assign foo = 0; \ endmodule module top;
macro_use	sv2v	test/core/dimensions.sv	IN-WINDOW		28	37	37	0	3411	2	1	3444	typ, dim) \ $display(" $size %0d", $size (typ, dim)); \
macro_use	sv2v	test/core/end_labels.sv	STUCK-ON-SVPP-TOKEN	DUMP	451	456	246	119	525	27	11	849	calparam W = 4; `DUMP(W) `DUMP(C#(3)::X) `DUMP(C#(3)::Y) `DUMP(P
macro_use	sv2v	test/core/implicit_net.sv	IN-WINDOW		23	28	28	0	726	2	1	756	DISPLAY(expr) \ $display(`"expr = %b; $bits(expr) = %0d`", expr, $bits(expr)
macro_use	sv2v	test/core/import_no_reorder.sv	STUCK-ON-SVPP-TOKEN	DUMP	232	237	157	94	263	17	9	282	U b; T c; `DUMP(a) `DUMP(b) `DUMP(c) endmodule
macro_use	sv2v	test/core/integer_array.sv	STUCK-ON-SVPP-TOKEN	define	964	965	0	965	1339	19	19	1946	; initial begin `define PRINT(X) \ $display("%b %2d %2d", {X[0], X[1
macro_use	sv2v	test/core/interface_array_single.sv	IN-WINDOW		31	32	32	0	1260	2	1	1307	OW \ integer i; \ Interface intfs[1:0](); interface Interface; inte
macro_use	sv2v	test/core/interface_check_extra.sv	STUCK-ON-SVPP-TOKEN	define	287	288	232	288	447	19	19	483	i(); mod m(i); `define DUMP(expr) $display(`"expr = %b`", expr); initia
macro_use	sv2v	test/core/interface_check_same.sv	IN-WINDOW		30	35	35	0	2317	2	1	2353	c, mod, expr) \ initial begin \ $display(`"loc mod.expr %b`", mod.ex
macro_use	sv2v	test/core/jump.sv	STUCK-ON-SVPP-TOKEN	__LINE__	110	111	0	111	3504	6	6	3810	lay("UNREACHABLE ", `__LINE__); endtask function void skip2; $di
macro_use	sv2v	test/core/multipack_ident_scope.sv	STUCK-ON-SVPP-TOKEN	DUMP	145	146	50	0	291	6	1	318	1'sb1; initial `DUMP(0) if (1) begin : blk localparam A = 10;
macro_use	sv2v	test/core/net_base_type.sv	IN-WINDOW		63	64	54	0	682	3	1	735	\ wire conv wire_``name = 1'sb1; \ wire [63:0] wire_``name``_ext
macro_use	sv2v	test/core/no_default_param.sv	STUCK-ON-SVPP-TOKEN	DUMP	217	222	109	0	1008	9	1	1035	meter type Z ); `DUMP(InterfaceA) endinterface interface InterfaceB; pa
macro_use	sv2v	test/core/non_ansi_port_decl.sv	STUCK-ON-SVPP-TOKEN	TEST	767	772	756	0	1184	20	1	1200	e, module top( `TEST foo ); output wire foo; assign foo = 1; `
macro_use	sv2v	test/core/number_concat.sv	STUCK-ON-SVPP-TOKEN	TEST	91	100	62	0	702	5	1	739	itial begin `TEST('z, 'x); `TEST('1, '0); `TEST(2'sh3, 3
macro_use	sv2v	test/core/package_scope.sv	STUCK-ON-SVPP-TOKEN	DUMP	198	203	143	0	2406	14	1	2449	calparam X = 3; `DUMP(A) endmodule module ExampleB; localparam X = 3;
macro_use	sv2v	test/core/param_list.sv	IN-WINDOW		289	290	277	151	785	11	9	936	localparam X x = '1; \ $display(`"T: X %0d %b`", $bits(X), x); \
macro_use	sv2v	test/core/parameterized_data_types.sv	IN-WINDOW		132	137	137	118	1527	9	8	1579	`define DUMP \ begin \ a = '1; \ b = '1; \ c = '1;
macro_use	sv2v	test/core/paramtype_delay.sv	STUCK-ON-SVPP-TOKEN	define	710	716	514	716	826	26	26	866	0] U; U u; `define TEST(x) \ assign x = 0; \ mod #(`"x`
macro_use	sv2v	test/core/pattern_resolve.sv	STUCK-ON-SVPP-TOKEN	define	688	693	109	693	776	28	28	795	), default: 4}; `define DUMP(v) initial $display("%b %b %b", v.E, v.F, v.G);
macro_use	sv2v	test/core/pattern_revised.sv	STUCK-ON-SVPP-TOKEN	define	36	38	0	38	685	4	4	733	rameter PARAM = 1; `define BASE(expr, full, x, y, z) \ $display(`"%b %0d %0
macro_use	sv2v	test/core/string_cast.sv	IN-WINDOW		35	44	44	0	1069	3	1	1097	EST(size) \ begin : blk``size \ reg [size - 1:0] trim; \
macro_use	sv2v	test/core/struct_const.sv	STUCK-ON-SVPP-TOKEN	define	12	17	0	17	2068	2	2	2164	package pkg; `define STRUCT \ struct packed { \ integ
macro_use	sv2v	test/core/struct_ident_scope.sv	IN-WINDOW		18	23	23	0	544	2	1	571	fine DUMP(id) \ begin \ x = 1'sb1; \ $display(`"id: access a
macro_use	sv2v	test/core/subroutine.sv	STUCK-ON-SVPP-TOKEN	define	265	267	199	267	484	20	20	514	p()"); endtask `define TEST(subroutine) \ initial begin subroutine; end
macro_use	sv2v	test/core/typedef_ident_scope.sv	IN-WINDOW		18	23	23	0	654	2	1	695	fine DUMP(id) \ $display(`"id: $bits(T) = %0d, $left(T) = %0d, $right(T) = %
macro_use	sv2v	test/core/typeof_signed.sv	IN-WINDOW		65	70	70	0	7008	2	1	7036	gnedness_val) \ initial begin \ type(expr) typeof; \ logic s
macro_use	sv2v	test/core/unbased_unsized.sv	IN-WINDOW		43	43	26	0	3358	2	1	4570	logic [63:0] val_``value = 'value; \ initial $display(`"'value -> %b (%0d
macro_use	sv2v	test/core/unbound_port.sv	STUCK-ON-SVPP-TOKEN	TRAIL	476	477	203	0	733	21	1	752	od #("MB0") MB0(, , `TRAIL); mod #("MB1") MB1(1, , `TRAIL); mod #("MB2")
macro_use	sv2v	test/core/unnamed_block_shadow.sv	IN-WINDOW		25	26	26	0	357	2	1	381	e TEST \ reg x; \ begin \ reg [1:0] x; \ $display("%0d %
macro_use	sv2v	test/core/unnamed_genblk_zeroes.sv	STUCK-ON-SVPP-TOKEN	ifndef	325	326	60	326	588	18	18	615	genblk0000001 = 1; `ifndef REF typedef logic genblk00000001; `endif `defin
macro_use	sv2v	test/define/main.sv	IN-WINDOW		41	46	46	0	84	4	1	89	def NOT_DEFINED initial $display("Hi"); `endif `endif `END
macro_use	sv2v	test/lex/macro.sv	IN-WINDOW		119	120	120	0	3327	6	1	3361	ine NUMBER_05 21 *\ 2 `define NUMBER_06 21 *\ 2 `define NUMBER_07 21 * /* fo
macro_use	sv2v	test/lex/macro_arg_comment.sv	IN-WINDOW		259	259	77	0	681	13	1	814	b */ // comment ) \ initial begin \ $display(`"x %b`", x); \ $displa
macro_use	sv2v	test/lex/macro_arg_escape.sv	STUCK-ON-SVPP-TOKEN	define	11	12	0	12	68	2	2	89	module top; `define PRINT(str) initial $display(`"str`"); `PRINT(a) `PRI
macro_use	sv2v	test/lex/macro_boundary.sv	STUCK-ON-SVPP-TOKEN	DULE	130	130	128	0	464	8	1	559	`define DULE dule mo`DULE t`NAME; initial $display("%b", `SIZE'ha); init
macro_use	sv2v	test/lex/macro_ifdef.sv	IN-WINDOW		75	80	80	0	410	4	1	447	heck2 = else) \ initial $display( \ `check1 flag \ `"flag is check1'
macro_use	sv2v	test/lex/macro_iv.sv	IN-WINDOW		1245	1246	1246	1126	4611	26	21	4645	ine NUMBER_05 21 *\ 2 `define NUMBER_06 21 *\ 2 `define NUMBER_07 21 * /* fo
macro_use	sv2v	test/lex/macro_macro.sv	STUCK-ON-SVPP-TOKEN	MACRO1	372	372	325	0	446	15	1	474	in $display(`MACRO1(FOO, BAR)); $display(`MACRO2(FOO, BAR));
macro_use	sv2v	test/lex/macro_string.sv	STUCK-ON-SVPP-TOKEN	PRINT	91	101	62	0	213	6	1	245	tial begin `PRINT(FOO, 0) `PRINT(BAR, 1) `PRINT(BAZ, 2)
macro_use	sv2v	test/lex/macro_vendor_comment.sv	STUCK-ON-SVPP-TOKEN	YUCK	53	58	42	0	58	3	1	74	``/ module top; `YUCK endmodule
macro_use	sv2v	test/lex/macro_whitespace.sv	STUCK-ON-SVPP-TOKEN	FOO	76	76	29	0	76	5	1	163	in $display(`FOO ( 1 , 2
macro_use	sv2v	test/lex/number.sv	IN-WINDOW		17	22	22	0	2224	2	1	2255	efine TEST(N) \ $display(`"N -> %0d %b`", N, N); \ $display(`"$bits(N) -
macro_use	sv2v	test/lex/string_macro.sv	IN-WINDOW		168	168	69	0	988	9	1	1233	; $display(`"`FOO`"); $display(`"\`FOO`"); $display(`"\
macro_use	sv2v	test/nosim/net_type.sv	STUCK-ON-SVPP-TOKEN	define	11	12	0	12	231	2	2	252	module top; `define TEST(kw) kw a_``kw; `TEST(supply0) `TEST(sup
macro_use	sv2v	test/relong/cache_request.sv	STUCK-ON-SVPP-TOKEN	CACHE_SETS	330	330	308	23	1552	13	3	2004	pedef logic [$clog2(`CACHE_SETS)-1:0] CacheSetNumber_t; typedef logic [31:0] Wor
macro_use	sv2v	test/siloed/module.sv	STUCK-ON-SVPP-TOKEN	FANCY_SEEING_YOU	204	204	0	204	204	8	8	242	); $display(`FANCY_SEEING_YOU); end endmodule
macro_use	verible	verible/verilog/tools/kythe/testdata/macro.sv	STUCK-ON-SVPP-TOKEN	define	2481	2485	2320	278	3601	73	9	3626	node/kind macro `define MacroFunction 10 return arg1 + arg2; endfuncti
macro_use	verible	verible/verilog/tools/kythe/testdata/macro_call_test.sv	STUCK-ON-SVPP-TOKEN	c	271	272	115	50	281	14	3	302	#1j ref J return `c(`c(j)(`c(j))); endfunction
macro_use	verible	verible/verilog/tools/kythe/testdata/macro_with_function.sv	STUCK-ON-SVPP-TOKEN	TEN	842	842	572	106	913	33	5	970	my_pkg::my_function(`TEN, arg2); //- @"PRINT_3_STRINGS" ref/expands Print3S
macro_use	verible	verible/verilog/tools/lint/testdata/uvm_macro_semicolon.sv	STUCK-ON-SVPP-TOKEN	uvm_info	73	78	49	78	78	4	4	142	function f(); `uvm_info("msg_id", "message", UVM_LOW); endfunction endcl
macro_use	verible	verible/verilog/tools/lint/testdata/uvm_warning.sv	STUCK-ON-SVPP-TOKEN	uvm_warning	22	27	0	27	27	3	3	88	oo; task bar; `uvm_warning("use uvm_error or uvm_info") endtask endclass
macro_use	verilator	test_regress/t/t_EXAMPLE.v	STUCK-ON-SVPP-TOKEN	ifdef	1774	1775	1062	661	2379	53	20	2822	(posedge clk) begin `ifdef TEST_VERBOSE $write("[%0t] cyc==%0d crc=%x result
macro_use	verilator	test_regress/t/t_alias_unsup.v	STUCK-ON-SVPP-TOKEN	ifdef	1126	1127	694	293	1753	44	10	2292	(posedge clk) begin `ifdef TEST_VERBOSE $write("[%0t] cyc==%0d crc=%x x_fwd=
macro_use	verilator	test_regress/t/t_altera_lpm.v	STUCK-ON-SVPP-TOKEN	LPM_MAX_NAME_SZ	4195	4195	3310	2550	211380	107	57	238353	_mif2ver; input[`LPM_MAX_NAME_SZ*8 : 1] in_file; input width; output
macro_use	verilator	test_regress/t/t_always_reorder_inlined_func.v	STUCK-ON-SVPP-TOKEN	check	1357	1364	442	226	1364	54	8	1489	cyc - 1, q); `check(q, cyc == 1 ? 0 : 100 + (cyc - 1) % 32); end
macro_use	verilator	test_regress/t/t_always_split_rst.v	STUCK-ON-SVPP-TOKEN	ifdef	1357	1358	204	1358	2024	44	44	3639	(posedge clk) begin `ifdef TEST_VERBOSE $write("[%0t] cyc==%0d crc=%x result
macro_use	verilator	test_regress/t/t_array_index_side.v	STUCK-ON-SVPP-TOKEN	ifdef	574	575	463	226	1160	19	8	1252	dex; ++m_index; `ifdef VERILATOR return $c(rtn); // Avoid optimizations
macro_use	verilator	test_regress/t/t_array_mda.v	STUCK-ON-SVPP-TOKEN	ifdef	542	543	203	543	1639	28	28	1740	(posedge clk) begin `ifdef TEST_VERBOSE $write("[%0t] cyc==%0d crc=%x result
macro_use	verilator	test_regress/t/t_array_method.v	STUCK-ON-SVPP-TOKEN	checkp	821	826	664	226	3434	22	8	3545	1, 2, 2, 4, 3}; `checkp(q, "'{'h1, 'h2, 'h2, 'h4, 'h3}"); // NOT tested
macro_use	verilator	test_regress/t/t_array_packed_endian.v	STUCK-ON-SVPP-TOKEN	checkh	1038	1043	968	230	2279	42	8	2387	4f_5f6f7f8f_c2; `checkh(t.bb, 8'hcd); `checkh(t.cbl[0].a, 8'h1f); `c
macro_use	verilator	test_regress/t/t_array_packed_sysfunct.v	STUCK-ON-SVPP-TOKEN	checkh	964	969	431	224	6074	35	8	6116	initial begin `checkh($dimensions (array_unpk), 3); `ifndef VCS `check
macro_use	verilator	test_regress/t/t_array_pattern_concat.v	IN-WINDOW		260	260	256	201	5390	9	7	5490	expv) do if ((gotv) !== (expv)) begin $write("%%Error: %s:%0d:
macro_use	verilator	test_regress/t/t_array_pattern_side_effect.v	STUCK-ON-SVPP-TOKEN	checkd	1053	1058	548	311	1213	38	9	1309	_on SIDEEFFECT `checkd(pair[0][0], 8'd1); `checkd(pair[0][1], 8'd2);
macro_use	verilator	test_regress/t/t_array_type_methods.v	STUCK-ON-SVPP-TOKEN	checkh	716	722	597	226	845	21	8	1020	[1] = 4'b0011; `checkh(foo.or, 4'b0111); `checkh(foo.and, 4'b0001);
macro_use	verilator	test_regress/t/t_assert_assert.v	STUCK-ON-SVPP-TOKEN	checkd	1142	1149	463	226	1230	49	8	1331	== 99) begin `checkd(cnt_tt, 10); `checkd(cnt_tf, 10); `check
macro_use	verilator	test_regress/t/t_assert_bang_in_seq.v	STUCK-ON-SVPP-TOKEN	ifdef	1990	1991	623	223	2558	59	8	2678	(posedge clk) begin `ifdef TEST_VERBOSE $write("[%0t] cyc==%0d crc=%x a=%b b
macro_use	verilator	test_regress/t/t_assert_consec_rep.v	STUCK-ON-SVPP-TOKEN	ifdef	2808	2809	623	223	3997	88	8	4102	(posedge clk) begin `ifdef TEST_VERBOSE $write("[%0t] cyc==%0d crc=%x a=%b b
macro_use	verilator	test_regress/t/t_assert_consec_rep_large.v	STUCK-ON-SVPP-TOKEN	checkh	1267	1274	623	223	1424	41	8	1532	== 99) begin `checkh(crc, 64'hc77bb9b3784ea091); `checkd(count_fail
macro_use	verilator	test_regress/t/t_assert_cover.v	STUCK-ON-SVPP-TOKEN	define	1889	1891	767	1891	3861	85	85	4032	reset = (cyc < 2); `define covclk(eqn) cover property (@(posedge clk) disable i
macro_use	verilator	test_regress/t/t_assert_ctl_arg.v	IN-WINDOW		231	234	234	197	7521	8	7	7543	ASS(file, line) \ $display("Passed '%m' at %s:%g", file, line) `define DISPLA
macro_use	verilator	test_regress/t/t_assert_disable_count.v	STUCK-ON-SVPP-TOKEN	checkd	1484	1491	462	226	1620	55	8	1808	== 20) begin `checkd(a_false, 3); `checkd(a0_false, a_false);
macro_use	verilator	test_regress/t/t_assert_future.v	STUCK-ON-SVPP-TOKEN	ifdef	1549	1550	432	226	2331	49	8	2446	(posedge clk) begin `ifdef TEST_VERBOSE $display("[%0t] cyc=%0d a=%0x gs=%x
macro_use	verilator	test_regress/t/t_assert_goto_rep.v	STUCK-ON-SVPP-TOKEN	ifdef	2317	2318	623	223	2977	68	8	3097	(posedge clk) begin `ifdef TEST_VERBOSE $write("[%0t] cyc==%0d crc=%x a=%b b
macro_use	verilator	test_regress/t/t_assert_inside_cond.v	STUCK-ON-SVPP-TOKEN	ifdef	418	419	203	419	553	24	24	812	cyc <= cyc + 1; `ifdef T_ASSERT_INSIDE_COND addr <= 32'h380; `elsif T_AS
macro_use	verilator	test_regress/t/t_assert_nonconsec_rep.v	STUCK-ON-SVPP-TOKEN	ifdef	1576	1577	623	223	2061	48	8	2179	(posedge clk) begin `ifdef TEST_VERBOSE $write("[%0t] cyc==%0d crc=%x a=%b b
macro_use	verilator	test_regress/t/t_assert_opt_check.v	PAST-LAST-TICK		1611	1612	463	226	419	65	8	1665	100 == cntA); else assert(cntB == cntA + 100); end end endmodule
macro_use	verilator	test_regress/t/t_assert_pre.v	STUCK-ON-SVPP-TOKEN	checkh	950	955	458	220	1395	37	8	1497	t toggle) begin `checkh(inc2, 0); inc2++; `checkh(inc2,1); end e
macro_use	verilator	test_regress/t/t_assert_procedural.v	STUCK-ON-SVPP-TOKEN	ifdef	1124	1125	463	226	1809	41	8	1966	(posedge clk) begin `ifdef TEST_VERBOSE $write("[%0t] cyc==%0d req='b%b gnt=
macro_use	verilator	test_regress/t/t_assert_procedural_gated.v	STUCK-ON-SVPP-TOKEN	ifdef	1550	1551	774	223	2114	45	8	2218	(posedge clk) begin `ifdef TEST_VERBOSE $write("[%0t] cyc==%0d crc=%x rst_l=
macro_use	verilator	test_regress/t/t_assert_sampled.v	STUCK-ON-SVPP-TOKEN	checkd	1677	1682	1186	225	1857	102	8	1895	final begin `checkd(hits[1], 1); `checkd(hits[2], 0); `checkd(hi
macro_use	verilator	test_regress/t/t_assign_deassign_concat.v	STUCK-ON-SVPP-TOKEN	checkh	765	770	427	220	900	37	8	995	l begin #3; `checkh({a, b, c, d}, 4'h3) #2; control = 1; #1;
macro_use	verilator	test_regress/t/t_assign_dff.v	STUCK-ON-SVPP-TOKEN	checkh	797	804	428	221	1279	38	8	1720	c == 1) begin `checkh(q, 1); preset = 1; d = 1; end el
macro_use	verilator	test_regress/t/t_assign_expr.v	STUCK-ON-SVPP-TOKEN	checkd	673	678	443	226	2041	31	8	2130	i = (a = 2); `checkd(a, 2); `checkd(i, 2); a = 10; i = (a +=
macro_use	verilator	test_regress/t/t_assign_func.v	STUCK-ON-SVPP-TOKEN	ifdef	1004	1005	203	1005	1711	45	45	2371	(posedge clk) begin `ifdef TEST_VERBOSE $write("[%0t] cyc==%0d crc=%x result
macro_use	verilator	test_regress/t/t_assigndly_dynamic.v	STUCK-ON-SVPP-TOKEN	DELAY	530	531	395	202	1194	23	7	1421	t_nba++; nba <= `DELAY next_nba; @(nba); endtask endclass class Foo;
macro_use	verilator	test_regress/t/t_assoc.v	STUCK-ON-SVPP-TOKEN	checkh	1183	1190	828	226	4150	36	8	4667	i = a.num(); `checkh(i, 2); i = a.size; `checkh(i, 2); // Al
macro_use	verilator	test_regress/t/t_assoc2.v	STUCK-ON-SVPP-TOKEN	checkh	1104	1111	597	226	1138	40	8	1253	c == 2) begin `checkh(a[5][8], 8); `checkh(a[5][9], 9); disp()
macro_use	verilator	test_regress/t/t_assoc_compare.v	STUCK-ON-SVPP-TOKEN	check_eq	887	893	764	263	1912	25	8	2013	pty are equal `check_eq(assoc1, assoc2) // Make different asso
macro_use	verilator	test_regress/t/t_assoc_enum.v	STUCK-ON-SVPP-TOKEN	checks	992	997	627	226	1072	35	8	1224	tate = INITIAL; `checks(state_names[this.state], "INITIAL"); this.state
macro_use	verilator	test_regress/t/t_assoc_method.v	STUCK-ON-SVPP-TOKEN	checkp	1303	1308	664	226	7921	37	8	8024	13: 4, 14: 3}; `checkp(q, "'{'ha:'h1, 'hb:'h2, 'hc:'h2, 'hd:'h4, 'he:'h3}")
macro_use	verilator	test_regress/t/t_assoc_wildcard.v	STUCK-ON-SVPP-TOKEN	checks	994	1001	597	226	1622	32	8	1713	v = b["CCC"]; `checks(v, "baring"); v = b["BBBBB"]; `checks(v,
macro_use	verilator	test_regress/t/t_assoc_wildcard_method.v	STUCK-ON-SVPP-TOKEN	checkp	1159	1164	664	226	4560	31	8	4661	"d":4, "e":3}; `checkp(q, "'{\"a\":'h1, \"b\":'h2, \"c\":'h2, \"d\":'h4, \"
macro_use	verilator	test_regress/t/t_benchmark_mux4k.v	STUCK-ON-SVPP-TOKEN	DATA_WIDTH	751	751	586	374	3546	29	12	4609	le outputs) wire [`DATA_WIDTH-1:0] datao; // From mux4096 of mux4096.v // E
macro_use	verilator	test_regress/t/t_bind2.v	STUCK-ON-SVPP-TOKEN	checkh	1981	1986	1721	251	2118	88	10	2205	edge clk) begin `checkh(PARAM1, 8'h31); `checkh(PARAM2, 8'h22); `che
macro_use	verilator	test_regress/t/t_bitsel_concat.v	STUCK-ON-SVPP-TOKEN	checkh	1193	1198	827	437	2159	52	13	2290	1 = {aa,bb}[8]; `checkh(s1, 1'b0); s1 = {aa,bb}[9]; `checkh(s1, 1'b1
macro_use	verilator	test_regress/t/t_bitsel_slice.v	STUCK-ON-SVPP-TOKEN	ifdef	917	918	203	918	1630	35	35	1962	(posedge clk) begin `ifdef TEST_VERBOSE $write("[%0t] cyc==%0d crc=%x result
macro_use	verilator	test_regress/t/t_bitsel_struct2.v	STUCK-ON-SVPP-TOKEN	checkh	808	813	598	226	1350	24	8	1497	egin e_t e; `checkh($bits(ab_t), 6); `checkh($bits(c_t), 12); `c
macro_use	verilator	test_regress/t/t_bitsel_struct3.v	STUCK-ON-SVPP-TOKEN	checkh	1084	1088	619	412	1315	45	13	1410	// This fails `checkh(a, 8'h54); `checkh(c, 8'h43); `checkh(d, 8'h
macro_use	verilator	test_regress/t/t_case_deep.v	STUCK-ON-SVPP-TOKEN	define	919	921	203	921	1583	39	39	19638	ll we end up with `define EXPECTED_SUM 64'h5537fa30d49bf865 // Test loop
macro_use	verilator	test_regress/t/t_case_dupitems.v	STUCK-ON-SVPP-TOKEN	define	762	764	203	764	1426	34	34	1848	ll we end up with `define EXPECTED_SUM 64'hbb2d9709592f64bd // Test loop
macro_use	verilator	test_regress/t/t_case_inside.v	STUCK-ON-SVPP-TOKEN	ifdef	474	475	203	475	1039	28	28	1741	(posedge clk) begin `ifdef TEST_VERBOSE $write("[%0t] cyc==%0d crc=%x sum=%x
macro_use	verilator	test_regress/t/t_case_inside_with_x.v	STUCK-ON-SVPP-TOKEN	checkh	1122	1129	463	226	1129	43	8	1187	(&cyc) begin `checkh(count, 8); $finish; end end endmodule
macro_use	verilator	test_regress/t/t_case_itemwidth.v	STUCK-ON-SVPP-TOKEN	AI	2313	2320	2043	2025	2397	112	90	2573	case (addr) `AI: data = {e0[6], 1'b0, e0[5:0]}; `AI + 1: data = e1
macro_use	verilator	test_regress/t/t_case_onehot.v	STUCK-ON-SVPP-TOKEN	ifdef	853	854	203	854	1566	36	36	2293	(posedge clk) begin `ifdef TEST_VERBOSE $write("[%0t] cyc==%0d crc=%x result
macro_use	verilator	test_regress/t/t_case_priority_overlap.v	STUCK-ON-SVPP-TOKEN	checkh	1260	1265	926	689	1451	39	15	1541	@(posedge clk); `checkh(out, 2'b01); in = 2'b01; @(posedge clk);
macro_use	verilator	test_regress/t/t_case_reducer.v	STUCK-ON-SVPP-TOKEN	ifdef	875	876	203	876	10792	38	38	11019	(posedge clk) begin `ifdef TEST_VERBOSE $write("[%0t] cyc==%0d crc=%x result
macro_use	verilator	test_regress/t/t_case_write1.v	STUCK-ON-SVPP-TOKEN	STRINGIFY	764	765	231	203	858	34	7	1042	ite("%s", {"Open ", `STRINGIFY(`TEST_OBJ_DIR), "/t_case_write1_logger.log\n"});
macro_use	verilator	test_regress/t/t_case_write2.v	STUCK-ON-SVPP-TOKEN	STRINGIFY	764	765	231	203	858	34	7	1042	ite("%s", {"Open ", `STRINGIFY(`TEST_OBJ_DIR), "/t_case_write2_logger.log\n"});
macro_use	verilator	test_regress/t/t_cast_stream.v	STUCK-ON-SVPP-TOKEN	checkh	838	844	544	226	844	30	8	937	<bit{array}}); `checkh(m_command, 'h40) $write("*-* All Finished *-*\n"
macro_use	verilator	test_regress/t/t_cast_types.v	STUCK-ON-SVPP-TOKEN	MATCHING	1981	1985	1217	203	3309	92	7	3384	n // 6.22.1 `MATCHING(v_real, v_real); `MATCHING(v_string, v_string)
macro_use	verilator	test_regress/t/t_class_compare.v	STUCK-ON-SVPP-TOKEN	check_ne	1071	1076	835	258	1372	33	8	1459	Cls iext = new; `check_ne(a, b) `check_ne(a, ext) `check_ne(ext, a)
macro_use	verilator	test_regress/t/t_class_copy2.v	STUCK-ON-SVPP-TOKEN	checkh	532	537	466	225	705	22	8	793	obj1 = new; `checkh(obj1.x, 1); obj1.x = 0; obj2 = new obj1;
macro_use	verilator	test_regress/t/t_class_defaultparams.v	IN-WINDOW		851	851	851	817	936	46	45	1235	c1 #(real) c1inst1;\ c1 #(real, real) c1inst2;\ c1 #(real, int) c1inst3;\ c1 #(
macro_use	verilator	test_regress/t/t_class_dict.v	STUCK-ON-SVPP-TOKEN	checkh	662	667	510	225	693	26	8	783	dict[c2] = 2; `checkh(dict[c1], 1); `checkh(dict[c2], 2); $write(
macro_use	verilator	test_regress/t/t_class_enum.v	STUCK-ON-SVPP-TOKEN	checks	838	843	433	226	931	40	8	1023	rmatf("%p", c); `checks(s, "'{en:'h14}"); w = new; w.en = w.B;
macro_use	verilator	test_regress/t/t_class_extends_arg.v	STUCK-ON-SVPP-TOKEN	checkh	839	844	766	226	931	38	8	1019	ce = new(37); `checkh(ce.m_s, 5); `checkh(ce.m_a, 37); ci = new;
macro_use	verilator	test_regress/t/t_class_hier_construction.v	STUCK-ON-SVPP-TOKEN	checks	1885	1891	1730	226	2030	80	8	2125	matic IMid im; `checks(b.name, "middle ahoj 42"); `checks(s.name, "midd
macro_use	verilator	test_regress/t/t_class_init_order.v	STUCK-ON-SVPP-TOKEN	checks	1534	1539	432	226	1633	60	8	1686	= new("test"); `checks(t.s0, "0"); `checks(t.s1, "01"); `checks(t.s
macro_use	verilator	test_regress/t/t_class_localparam_dotref.v	STUCK-ON-SVPP-TOKEN	checkd	2764	2769	941	226	3232	89	8	3339	initial begin `checkd(LP_TYPEDEF_LPARAM, 0); `checkd(LP_DIRECT_LPARAM,
macro_use	verilator	test_regress/t/t_class_lparam_chain.v	STUCK-ON-SVPP-TOKEN	checkh	1357	1362	804	598	1512	45	15	1601	initial begin `checkh(b0, 32'd0); `checkh(b42, 32'd42); `checkh(c0
macro_use	verilator	test_regress/t/t_class_modscope.v	STUCK-ON-SVPP-TOKEN	checkh	486	493	427	220	775	15	8	820	id fstatic(); `checkh(v, 42); v++; endfunction function void
macro_use	verilator	test_regress/t/t_class_name.v	STUCK-ON-SVPP-TOKEN	checks	2073	2078	1867	226	3827	97	8	4040	od_func_name(); `checks(s, "tmf top.t.mod_func_name"); s = unit_name();
macro_use	verilator	test_regress/t/t_class_new_copy_polymorphism.v	STUCK-ON-SVPP-TOKEN	checks	1625	1630	1457	343	2324	68	11	2426	copy = new b; `checks(copy.get_type(), "DERIVED"); `checkd(copy.get_id
macro_use	verilator	test_regress/t/t_class_new_scoped.v	STUCK-ON-SVPP-TOKEN	checkd	1006	1011	876	226	1368	46	8	1458	c1 = new; `checkd(c1.m_ia, 5); b = ClsNoArg::new; `checkd(b.m_
macro_use	verilator	test_regress/t/t_class_param.v	STUCK-ON-SVPP-TOKEN	checkp	4928	4933	3009	226	4970	236	8	6398	!= 4'ha) $stop; `checkp(c12, "'{member:'haaa}"); `checkp(c4, "'{member:'
macro_use	verilator	test_regress/t/t_class_param_mod.v	STUCK-ON-SVPP-TOKEN	checkp	2930	2935	528	226	2972	120	8	3216	!= 4'ha) $stop; `checkp(c12, "'{member:'haaa}"); `checkp(c4, "'{member:'
macro_use	verilator	test_regress/t/t_class_param_module_typedef.v	STUCK-ON-SVPP-TOKEN	checkd	1452	1457	1050	657	1489	42	16	1579	addr_t a = '0; `checkd($bits(addr_t), 17); `checkd($bits(a), 17); $
macro_use	verilator	test_regress/t/t_class_param_nested_typedef.v	STUCK-ON-SVPP-TOKEN	checkd	1458	1465	1174	937	2025	40	22	2425	ut beat_t b); `checkd($bits(b.id), IW); `checkd(b.id, IW'(IW));
macro_use	verilator	test_regress/t/t_class_param_pkg.v	STUCK-ON-SVPP-TOKEN	checkp	2573	2578	1406	226	2615	104	8	2713	!= 4'ha) $stop; `checkp(c12, "'{member:'haaa}"); `checkp(c4, "'{member:'
macro_use	verilator	test_regress/t/t_class_param_typedef6.v	STUCK-ON-SVPP-TOKEN	checkd	625	630	548	226	873	25	8	969	l begin #1; `checkd($bits(T), 8); end endmodule module the_top #() ()
macro_use	verilator	test_regress/t/t_class_static.v	STUCK-ON-SVPP-TOKEN	checkh	998	999	909	226	1703	42	8	1789	v = a.f_c_no(); `checkh(v,3); v = a.f_c_no(); `checkh(v, 4); v = b.
macro_use	verilator	test_regress/t/t_class_static_member.v	STUCK-ON-SVPP-TOKEN	checkh	982	987	895	226	1374	48	8	1459	v = a.f_c_no(); `checkh(v, 3); v = a.f_c_no(); `checkh(v, 4); v
macro_use	verilator	test_regress/t/t_class_static_member_pkg.v	STUCK-ON-SVPP-TOKEN	checkh	931	936	834	226	1268	44	8	1353	v = a.f_c_no(); `checkh(v, 3); v = a.f_c_no(); `checkh(v, 4); v
macro_use	verilator	test_regress/t/t_class_super_new.v	STUCK-ON-SVPP-TOKEN	checkh	2451	2456	1897	225	3059	139	8	3151	bar = new; `checkh(bar.x, 10); barInModule = new; `checkh(barIn
macro_use	verilator	test_regress/t/t_class_this_super.v	STUCK-ON-SVPP-TOKEN	checkd	576	581	485	226	820	22	8	1018	n void check_x; `checkd(m_x, 1000); endfunction endclass class C extends
macro_use	verilator	test_regress/t/t_class_wide.v	STUCK-ON-SVPP-TOKEN	WIDTH	256	256	237	197	433	12	7	530	class item; bit [`WIDTH-1:0] data; endclass module t; logic [`WIDTH-1:0] d
macro_use	verilator	test_regress/t/t_clk_2in.v	STUCK-ON-SVPP-TOKEN	ifdef	944	946	221	203	3749	27	7	3811	clks[0] = v0; `ifdef TEST_VERBOSE $write("[%0t] c1=%x c0=%x\n", $time,v0,v
macro_use	verilator	test_regress/t/t_clk_gater.v	STUCK-ON-SVPP-TOKEN	ifdef	843	844	203	844	2060	41	41	3379	(posedge clk) begin `ifdef TEST_VERBOSE $write("[%0t] cyc==%0d crc=%x result
macro_use	verilator	test_regress/t/t_clk_latch.v	STUCK-ON-SVPP-TOKEN	ifdef	256	258	203	258	2767	12	12	3227	fastclk, clk ); `ifdef EDGE_DETECT_STYLE // Two 'common' forms of latch
macro_use	verilator	test_regress/t/t_clk_vecgen1.v	STUCK-ON-SVPP-TOKEN	ifdef	772	773	203	773	2875	36	36	2882	(posedge clk) begin `ifdef TEST_VERBOSE $write("[%0t] cyc==%0d crc=%x result
macro_use	verilator	test_regress/t/t_clocking_timing.v	STUCK-ON-SVPP-TOKEN	TEST_BITS	693	693	666	225	2135	36	9	2337	t; typedef logic [`TEST_BITS-1:0] sig_t; sig_t D, Q; always @(posedge clk)
macro_use	verilator	test_regress/t/t_clocking_zero_delay.v	STUCK-ON-SVPP-TOKEN	checkd	1010	1015	428	223	3146	33	8	3228	begin ##0; `checkd(int'($time), 5) end // 1b: ##0 after @(posedge
macro_use	verilator	test_regress/t/t_comb_input_2.v	STUCK-ON-SVPP-TOKEN	IMPURE_ONE	879	880	591	348	880	31	9	1307	wire [31:0] dup = `IMPURE_ONE ? inc : 32'd0; wire [31:0] feedback; wire [3
macro_use	verilator	test_regress/t/t_concat_sel.v	STUCK-ON-SVPP-TOKEN	ifdef	1233	1234	203	1234	1926	47	47	2028	(posedge clk) begin `ifdef TEST_VERBOSE $write("[%0t] cyc==%0d crc=%x result
macro_use	verilator	test_regress/t/t_const_handle.v	STUCK-ON-SVPP-TOKEN	checkd	531	536	456	221	536	20	8	623	cls.x = 1; `checkd(cls.x, 1); $write("*-* All Finished *-*\n");
macro_use	verilator	test_regress/t/t_const_number_unsized.v	STUCK-ON-SVPP-TOKEN	checkd	670	675	594	226	1901	19	8	1986	= $bits('d123); `checkd(s, 32); s = $bits('h123); `checkd(s, 32);
macro_use	verilator	test_regress/t/t_const_op_red_scope.v	STUCK-ON-SVPP-TOKEN	ifdef	1540	1541	203	1541	2247	75	75	2609	(posedge clk) begin `ifdef TEST_VERBOSE $write("[%0t] cyc==%0d crc=%x result
macro_use	verilator	test_regress/t/t_constraint_array_index.v	STUCK-ON-SVPP-TOKEN	checkd	3988	3993	3516	226	5085	165	8	5167	t1.randomize(); `checkd(i, 1) // Test 2: Index plus item t2 = new;
macro_use	verilator	test_regress/t/t_constraint_array_index_simple.v	STUCK-ON-SVPP-TOKEN	checkd	6810	6815	6066	226	8808	286	8	8890	t1.randomize(); `checkd(i, 1) // Test 2: Index times two t2 = new;
macro_use	verilator	test_regress/t/t_constraint_array_limit.v	STUCK-ON-SVPP-TOKEN	checkd	675	680	533	328	680	21	9	936	= randomize(); `checkd(i, 1); endfunction endclass module t; initial b
macro_use	verilator	test_regress/t/t_constraint_array_reduction_inherit.v	STUCK-ON-SVPP-TOKEN	checkd	1515	1522	1336	432	2230	46	11	2347	eat (5) begin `checkd(d.randomize(), 1) `checkd(d.arr.size(), 4)
macro_use	verilator	test_regress/t/t_constraint_array_sum_with.v	STUCK-ON-SVPP-TOKEN	checkd	1029	1034	540	335	4256	33	9	5215	= randomize(); `checkd(i, 1); // Count occurrences foreach (array[
macro_use	verilator	test_regress/t/t_constraint_cls_arr_member.v	STUCK-ON-SVPP-TOKEN	checkd	1943	1950	1703	303	2860	71	10	2965	.randomize(); `checkd(ok, 1); for (int i = 0; i < 4; i++) begin
macro_use	verilator	test_regress/t/t_constraint_cond.v	IN-WINDOW		234	235	235	197	843	8	7	962	(cl, field, cond) \ begin \ automatic longint prev_result; \ automatic int
macro_use	verilator	test_regress/t/t_constraint_countones.v	IN-WINDOW		234	235	235	197	1153	8	7	1267	(cl, field, cond) \ begin \ automatic longint prev_result; \ automatic int
macro_use	verilator	test_regress/t/t_constraint_dist.v	IN-WINDOW		239	240	240	202	1183	8	7	1293	(cl, field, cond) \ begin \ automatic longint prev_result; \ automatic int o
macro_use	verilator	test_regress/t/t_constraint_dist_weight.v	STUCK-ON-SVPP-TOKEN	checkd	1695	1702	1341	223	3493	63	8	3629	(total) begin `checkd(sc.randomize(), 1); if (sc.x == 8'd255) count_
macro_use	verilator	test_regress/t/t_constraint_dyn_array_reduction.v	STUCK-ON-SVPP-TOKEN	checkd	2200	2206	783	223	2938	81	8	3042	// Test xor `checkd(t_xor.randomize(), 1) exp = 0; foreach (
macro_use	verilator	test_regress/t/t_constraint_dyn_queue_basic.v	STUCK-ON-SVPP-TOKEN	checkh	1962	1963	430	223	2919	77	8	3041	reach (queue_1d[i]) `checkh(queue_1d[i], i + 2) foreach (queue[i, j]) `chec
macro_use	verilator	test_regress/t/t_constraint_dyn_size_inline.v	STUCK-ON-SVPP-TOKEN	checkh	1176	1183	795	223	1857	45	8	1972	FF}; }; `checkh(ok, 1) `checkh(pkt.m_data.size(), pkt.m_length
macro_use	verilator	test_regress/t/t_constraint_foreach.v	IN-WINDOW		262	263	263	225	1419	9	8	1564	(cl, field, cond) \ begin \ automatic longint prev_result; \ automatic int o
macro_use	verilator	test_regress/t/t_constraint_func_call.v	STUCK-ON-SVPP-TOKEN	checkd	1232	1239	1050	223	1400	46	8	1518	.randomize(); `checkd(rand_ok, 1) `check_range(fct.mask, 8'h10, 8'h
macro_use	verilator	test_regress/t/t_constraint_func_call_root_varref.v	STUCK-ON-SVPP-TOKEN	checkd	1427	1434	1212	223	1766	68	8	1863	.randomize(); `checkd(rand_ok, 1) `checkd(o1.b2, o1.b1) rand_
macro_use	verilator	test_regress/t/t_constraint_implication_set.v	IN-WINDOW		2022	2023	861	223	6955	66	8	7063	== 4'd6) -> unique { uarr }; } // Bare soft. constraint c_soft { (mo
macro_use	verilator	test_regress/t/t_constraint_inheritance.v	IN-WINDOW		234	235	235	197	1378	8	7	1500	(cl, field, cond) \ begin \ automatic longint prev_result; \ automatic int
macro_use	verilator	test_regress/t/t_constraint_inheritance_with.v	IN-WINDOW		242	243	243	197	1505	8	7	1648	ld, constr, cond) \ begin \ automatic longint prev_result; \ automatic int
macro_use	verilator	test_regress/t/t_constraint_inside_typedef_array.v	IN-WINDOW		1144	1144	620	223	1887	42	8	2014	t_l inside {b.q}; }; `checkd(rv, 1); `checkd((t_l == 10 || t_l == 2
macro_use	verilator	test_regress/t/t_constraint_rand_array_index.v	STUCK-ON-SVPP-TOKEN	checkd	1210	1217	1120	223	1304	34	8	1426	at (20) begin `checkd(obj.randomize(), 1) `checkd(obj.selected_value
macro_use	verilator	test_regress/t/t_constraint_redops.v	IN-WINDOW		500	501	501	268	1832	12	9	3028	otv, expv, count) \ begin \ automatic longint prev_result; \ automatic int
macro_use	verilator	test_regress/t/t_constraint_solve_before.v	STUCK-ON-SVPP-TOKEN	checkd	1902	1909	861	223	2694	74	8	2786	at (20) begin `checkd(p.randomize(), 1) `check_range(p.mode, 0, 3)
macro_use	verilator	test_regress/t/t_constraint_state.v	IN-WINDOW		240	241	241	203	1165	9	8	1429	(cl, field, cond) \ begin \ automatic longint prev_result; \ automatic int o
macro_use	verilator	test_regress/t/t_constraint_unpacked_array.v	IN-WINDOW		254	255	255	223	2346	9	8	3920	k_rand(cl, field) \ begin \ longint prev_result; \ int ok = 0; \ void'(cl.
macro_use	verilator	test_regress/t/t_cover_property.v	STUCK-ON-SVPP-TOKEN	checkd	1840	1844	428	223	2342	63	8	2395	lication value. `checkd(n_imp_no, n_seq) `checkd(n_imp_ov, n_seq0) /
macro_use	verilator	test_regress/t/t_cover_sequence.v	STUCK-ON-SVPP-TOKEN	ifdef	1926	1927	623	223	3176	58	8	3308	(posedge clk) begin `ifdef TEST_VERBOSE $write("[%0t] cyc=%0d crc=%x a=%b b=
macro_use	verilator	test_regress/t/t_cover_sys_unsup.v	STUCK-ON-SVPP-TOKEN	SV_COV_START	697	697	269	697	995	18	18	1437	= $coverage_control(`SV_COV_START, `SV_COV_TOGGLE, `SV_COV_MODULE, t); // re
macro_use	verilator	test_regress/t/t_cover_trace_always.v	STUCK-ON-SVPP-TOKEN	STRINGIFY	506	506	374	219	517	33	9	705	begin $dumpfile(`STRINGIFY(`TEST_DUMPFILE)); $dumpvars(); // p =
macro_use	verilator	test_regress/t/t_covergroup_array_bins.v	STUCK-ON-SVPP-TOKEN	checkr	1414	1419	504	302	2551	53	10	2664	_inst.sample(); `checkr(cg_inst.get_inst_coverage(), 25.0); // Hit seco
macro_use	verilator	test_regress/t/t_covergroup_auto_bin_max.v	STUCK-ON-SVPP-TOKEN	checkr	2282	2287	564	362	3887	78	11	4031	_inst.sample(); `checkr(cg1_inst.get_inst_coverage(), 12.5); // 1/8 bins hi
macro_use	verilator	test_regress/t/t_covergroup_auto_bins.v	IN-WINDOW		707	707	525	323	2630	22	11	2951	{ bins auto[4]; // Should create 4 bins: [0:1], [2:3], [4:5], [6:7] }
macro_use	verilator	test_regress/t/t_covergroup_bin_counts.v	STUCK-ON-SVPP-TOKEN	checkr	3203	3207	588	386	5676	103	11	5794	(); // zero: 1 `checkr(cg_inst.get_inst_coverage(), 50.0); data = 1;
macro_use	verilator	test_regress/t/t_covergroup_cross.v	IN-WINDOW		1727	1727	484	282	10677	48	10	11040	d{option.weight = 2;} endgroup // 2-way cross where one coverpoint uses a r
macro_use	verilator	test_regress/t/t_covergroup_default_bins.v	IN-WINDOW		2116	2116	679	291	6636	71	10	6914	ata64 { bins auto[4]; } endgroup // 65-bit signal with explicit range bins
macro_use	verilator	test_regress/t/t_covergroup_iff.v	STUCK-ON-SVPP-TOKEN	checkr	3424	3429	1059	857	6711	117	20	6819	cg1.sample(); `checkr(cg1.get_inst_coverage(), 0.0); // Sample enable
macro_use	verilator	test_regress/t/t_covergroup_ignore_bins.v	STUCK-ON-SVPP-TOKEN	checkr	2446	2450	477	275	3214	68	10	3329	erved - ignored `checkr(cg_inst.get_inst_coverage(), 0.0); data = 1;
macro_use	verilator	test_regress/t/t_covergroup_illegal_bins.v	STUCK-ON-SVPP-TOKEN	checkr	1852	1857	651	449	2261	56	12	2375	_inst.sample(); `checkr(cg_inst.get_inst_coverage(), 100.0); // Sample
macro_use	verilator	test_regress/t/t_covergroup_negative_ranges.v	STUCK-ON-SVPP-TOKEN	checkr	1718	1725	569	367	2055	57	10	2124	c == 0) begin `checkr(cg_inst.get_inst_coverage(), 25.0); end if (
macro_use	verilator	test_regress/t/t_covergroup_option.v	STUCK-ON-SVPP-TOKEN	checks	1583	1588	774	405	1898	53	12	2131	new_cov1_name"; `checks(cov1.option.name, "new_cov1_name"); cov2 = new;
macro_use	verilator	test_regress/t/t_covergroup_param_bins.v	STUCK-ON-SVPP-TOKEN	checkr	2134	2141	770	568	2387	64	12	2456	c == 0) begin `checkr(cg_inst.get_inst_coverage(), 40.0); end if (
macro_use	verilator	test_regress/t/t_covergroup_static_coverage.v	STUCK-ON-SVPP-TOKEN	checkr	1726	1731	682	480	1731	57	13	2129	cg_q.sample(); `checkr(cg_q.get_inst_coverage(), 100.0); // 3/3 bins hit
macro_use	verilator	test_regress/t/t_covergroup_trans.v	STUCK-ON-SVPP-TOKEN	checkr	2111	2116	546	344	2459	58	11	2842	_inst.sample(); `checkr(cg_inst.get_inst_coverage(), 0.0); state = 1;
macro_use	verilator	test_regress/t/t_covergroup_trans_restart.v	STUCK-ON-SVPP-TOKEN	checkr	1063	1068	615	413	1540	32	9	1654	_inst.sample(); `checkr(cg_inst.get_inst_coverage(), 0.0); state = 2;
macro_use	verilator	test_regress/t/t_covergroup_wildcard_bins.v	STUCK-ON-SVPP-TOKEN	checkr	1318	1323	478	276	2471	45	10	2584	_inst.sample(); `checkr(cg_inst.get_inst_coverage(), 40.0); // 2/5: low + w
macro_use	verilator	test_regress/t/t_default_disable_iff_scope.v	IN-WINDOW		882	883	457	221	3491	32	8	6836	generate begin : g_before_mod_default // Inherits the module default
macro_use	verilator	test_regress/t/t_define_override.v	STUCK-ON-SVPP-TOKEN	STRINGIFY	395	396	334	260	407	15	8	452	ay("TEST_MACRO %s", `STRINGIFY(`TEST_MACRO)); $finish; end endmodule
macro_use	verilator	test_regress/t/t_defparam_hier.v	STUCK-ON-SVPP-TOKEN	checkh	1318	1323	955	220	1636	61	8	1741	initial begin `checkh(m3.m2a.m1.m0a.PRMTR, 2); `checkh(m3.m2a.m1.m0b.P
macro_use	verilator	test_regress/t/t_dfg_bin_to_one_hot.v	STUCK-ON-SVPP-TOKEN	check	15579	15584	443	226	22808	569	8	22867	edge clk) begin `check(cntAOneHot[cntA], 1'b1); for (int i = 0; i < $bit
macro_use	verilator	test_regress/t/t_dfg_push_sel.v	STUCK-ON-SVPP-TOKEN	checkh	1687	1691	463	226	1842	56	8	2073	past this point `checkh(vars[N/2].tmp, ~crc[N/2:0]); `checkh(vars[N/2].o
macro_use	verilator	test_regress/t/t_dfg_regularize_clk.v	STUCK-ON-SVPP-TOKEN	ifdef	659	660	426	221	759	25	8	1012	always @(b) begin `ifdef TEST_VERBOSE $display("[%0t] triggered by b", $ti
macro_use	verilator	test_regress/t/t_dfg_result_var_ext_write.v	STUCK-ON-SVPP-TOKEN	check	710	717	447	226	1377	27	8	1425	posedge clk); `check(otherVar == ~forcedVar, 1); end force forced
macro_use	verilator	test_regress/t/t_disable_fork1.v	STUCK-ON-SVPP-TOKEN	N	437	438	349	202	779	23	7	973	(integer i = 0; i < `N; i++) fork #1 $stop; join_none // run
macro_use	verilator	test_regress/t/t_disable_fork_nested.v	STUCK-ON-SVPP-TOKEN	checkh	2102	2107	1665	1428	2387	75	55	2553	%0d", counter); `checkh(counter, 3'h7); // Slow clock (period above dela
macro_use	verilator	test_regress/t/t_disable_inside.v	STUCK-ON-SVPP-TOKEN	checkt	646	655	457	220	1955	22	8	2097	begin `checkt($time, 0); x = 1; #2; $stop;
macro_use	verilator	test_regress/t/t_display_enum_format.v	STUCK-ON-SVPP-TOKEN	checks	1696	1703	581	375	7407	61	10	7559	ak; end `checks(names_p, "E0,E1,E2"); `checks(names_s, "E0,E1,
macro_use	verilator	test_regress/t/t_display_p_elab.v	STUCK-ON-SVPP-TOKEN	checks	677	678	521	226	1849	24	8	1947	%p<", I); initial `checks(IS, ">234<"); parameter real R = 1.234; paramet
macro_use	verilator	test_regress/t/t_dpi_arg_inout_type.v	STUCK-ON-SVPP-TOKEN	ifdef	621	623	594	371	37615	34	10	42730	( input clk ); `ifdef VERILATOR wire _unused = &{1'b0, clk}; `endif /
macro_use	verilator	test_regress/t/t_dpi_arg_inout_unpack.v	IN-WINDOW		975	978	978	381	75611	38	10	75708	ct, exp)) begin \ if (ENABLE_VERBOSE_MESSAGE)$display(`"act`", ":", (act), " a
macro_use	verilator	test_regress/t/t_dpi_arg_input_type.v	STUCK-ON-SVPP-TOKEN	ifdef	651	653	594	371	30574	36	10	32380	); input clk; `ifdef VERILATOR wire _unused = &{1'b0, clk}; `endif /
macro_use	verilator	test_regress/t/t_dpi_arg_input_unpack.v	IN-WINDOW		822	825	825	381	53503	37	10	53601	ct, exp)) begin \ if (ENABLE_VERBOSE_MESSAGE)$display(`"act`", ":", (act), " a
macro_use	verilator	test_regress/t/t_dpi_arg_output_type.v	STUCK-ON-SVPP-TOKEN	ifdef	619	621	594	371	35154	34	10	38986	t ( input clk ); `ifdef VERILATOR wire _unused = &{1'b0, clk}; `endif /
macro_use	verilator	test_regress/t/t_dpi_arg_output_unpack.v	IN-WINDOW		859	862	862	381	54314	36	10	54411	ct, exp)) begin \ if (ENABLE_VERBOSE_MESSAGE)$display(`"act`", ":", (act), " a
macro_use	verilator	test_regress/t/t_dpi_class_param.v	STUCK-ON-SVPP-TOKEN	checkd	919	924	463	226	984	37	8	1029	i = dpii_add(); `checkd(i, 1); c.check_reg(); i = dpii_add();
macro_use	verilator	test_regress/t/t_dpi_context.v	STUCK-ON-SVPP-TOKEN	ifndef	1262	1262	618	1262	1544	50	50	2265	heck line numbering `ifndef verilator // Not all sims support SV2009 `__LINE__,
macro_use	verilator	test_regress/t/t_dpi_display.v	STUCK-ON-SVPP-TOKEN	ifndef	361	363	352	363	458	11	11	1156	tic-2.0 module t; `ifndef VERILATOR `error "Only Verilator supports PLI-ish
macro_use	verilator	test_regress/t/t_dpi_display_bad.v	STUCK-ON-SVPP-TOKEN	ifndef	361	363	352	363	458	11	11	702	tic-2.0 module t; `ifndef VERILATOR `error "Only Verilator supports PLI-ish
macro_use	verilator	test_regress/t/t_dpi_open.v	STUCK-ON-SVPP-TOKEN	checkh	5938	5949	559	375	7036	157	10	7267	+1) begin `checkh(o_rw_p1_u3[a][b][c], ~i_rw_p1_u3[a][b][c]);
macro_use	verilator	test_regress/t/t_dpi_open_elem.v	STUCK-ON-SVPP-TOKEN	checkh	2864	2873	559	375	4370	69	10	4671	=a+1) begin `checkh(o_bit_p0_u1[a], ~i_bit_p0_u1[a]); `checkh(q_
macro_use	verilator	test_regress/t/t_dpi_open_query.v	STUCK-ON-SVPP-TOKEN	ifndef	3358	3360	898	371	9559	94	10	9643	-2:2][-3:3][-4:4]; `ifndef NO_DYNAMIC bit d1 []; bit d2 [][-2:2]; bit
macro_use	verilator	test_regress/t/t_dpi_open_vecval.v	STUCK-ON-SVPP-TOKEN	checkh	4618	4627	559	375	6911	95	10	7216	=a+1) begin `checkh(o_bit_p1_u1[a], ~i_bit_p1_u1[a]); `checkh(q_
macro_use	verilator	test_regress/t/t_dpi_openfirst.v	STUCK-ON-SVPP-TOKEN	checkh	982	987	626	375	1047	38	10	1274	en_i(i_i, o_i); `checkh(o_i[0], ~i_i[0]); `checkh(o_i[1], ~i_i[1]);
macro_use	verilator	test_regress/t/t_dpi_result_type.v	STUCK-ON-SVPP-TOKEN	ifdef	665	667	638	371	16811	35	10	16946	( input clk ); `ifdef VERILATOR wire _unused = &{1'b0, clk}; `endif /
macro_use	verilator	test_regress/t/t_dpi_shortcircuit.v	STUCK-ON-SVPP-TOKEN	__LINE__	1438	1438	517	375	8913	52	10	9037	clear(); check1(`__LINE__, (1'b0 && dpii_inc0(0)), 1'b0); check1(`__LINE
macro_use	verilator	test_regress/t/t_dpi_shortcircuit2.v	STUCK-ON-SVPP-TOKEN	__LINE__	1535	1535	539	375	1535	62	10	1659	x\n", k); check(`__LINE__, dpii_count(0), 32); if (|errors) $stop;
macro_use	verilator	test_regress/t/t_dpi_sys.v	STUCK-ON-SVPP-TOKEN	ifndef	536	538	527	538	610	15	15	811	int i); module t; `ifndef verilator `error "Only Verilator supports PLI-ish
macro_use	verilator	test_regress/t/t_dpi_threads.v	STUCK-ON-SVPP-TOKEN	ifndef	557	559	475	559	631	19	19	2006	initial cyc = 0; `ifndef verilator `error "Only Verilator supports PLI-ish
macro_use	verilator	test_regress/t/t_dpi_var.v	STUCK-ON-SVPP-TOKEN	ifdef	640	641	352	641	2718	31	31	3552	(posedge clk) begin `ifdef TEST_VERBOSE $write("[%0t] cyc==%0d in=%x sub.in_a
macro_use	verilator	test_regress/t/t_dump.v	STUCK-ON-SVPP-TOKEN	ifdef	916	917	203	917	1644	35	35	5259	(posedge clk) begin `ifdef TEST_VERBOSE $write("[%0t] cyc==%0d crc=%x resul
macro_use	verilator	test_regress/t/t_dynarray.v	STUCK-ON-SVPP-TOKEN	checkh	1293	1300	828	226	3775	44	8	3876	1; begin `checkh(a.size, 0); `checkp(a, "'{}"); `checkh(
macro_use	verilator	test_regress/t/t_dynarray_concat.v	STUCK-ON-SVPP-TOKEN	checkp	982	987	544	226	1440	41	8	1541	initial begin `checkp(da, "'{}"); `checkp(da2, "'{'{'h1, 'h2}}");
macro_use	verilator	test_regress/t/t_dynarray_init.v	STUCK-ON-SVPP-TOKEN	checkh	562	567	432	226	815	21	8	905	initial begin `checkh(a1.size, 2); `checkh(a1[0], 12); `checkh(a1[
macro_use	verilator	test_regress/t/t_dynarray_method.v	STUCK-ON-SVPP-TOKEN	checkp	1093	1098	828	226	4874	27	8	4966	1, 2, 2, 4, 3}; `checkp(d, "'{'h1, 'h2, 'h2, 'h4, 'h3}"); d = {1, 2, 2,
macro_use	verilator	test_regress/t/t_dynarray_method_bad.v	STUCK-ON-SVPP-TOKEN	checkh	956	961	827	225	1292	22	8	1402	ith (item.len); `checkh(i, 10); i = s.product with (item.len); `chec
macro_use	verilator	test_regress/t/t_dynarray_multid.v	STUCK-ON-SVPP-TOKEN	checkh	803	808	433	226	4863	34	8	4970	initial begin `checkh(a1.size, 0); a1 = new[3]; `checkh(a1.size, 3
macro_use	verilator	test_regress/t/t_dynarray_param.v	STUCK-ON-SVPP-TOKEN	ifndef	788	790	432	226	1456	25	8	1530	end endfunction `ifndef VERILATOR localparam int SUMS_DYN[3:0] = calc_sums
macro_use	verilator	test_regress/t/t_dynarray_unpacked.v	STUCK-ON-SVPP-TOKEN	checkh	592	599	432	226	754	22	8	856	'{121, 120}; `checkh(dyn[0][0], 100); `checkh(dyn[0][1], 101);
macro_use	verilator	test_regress/t/t_emit_constw.v	STUCK-ON-SVPP-TOKEN	define	3107	3108	467	226	5998	67	8	6100	ator lint_on WIDTH `define EXPECTED_SUM 64'h2bc7c2a98a302891 // Test loop
macro_use	verilator	test_regress/t/t_enum_huge_methods.v	STUCK-ON-SVPP-TOKEN	checks	933	940	597	226	1978	36	8	2114	c == 1) begin `checks(e.name, "E01"); `checkh(e.next, ELARGE);
macro_use	verilator	test_regress/t/t_enum_large_methods.v	STUCK-ON-SVPP-TOKEN	checks	892	899	597	226	1360	35	8	1496	c == 1) begin `checks(e.name, "E01"); `checkh(e.next, ELARGE);
macro_use	verilator	test_regress/t/t_enum_param_class2.v	STUCK-ON-SVPP-TOKEN	checkd	762	767	633	226	792	30	8	845	c; c = new; `checkd(c.LOCAL, 2); `checkd(c.UPSTREAM, 3); $finish
macro_use	verilator	test_regress/t/t_enum_type_methods.v	IN-WINDOW		646	647	597	226	2987	17	8	3124	typedef enum [3:0] { E01 = 1, E03 = 3,
macro_use	verilator	test_regress/t/t_event.v	STUCK-ON-SVPP-TOKEN	ifndef	369	370	305	203	732	20	7	1649	ent e2; event e3; `ifndef IVERILOG event ev[3:0]; `endif int cyc = 0;
macro_use	verilator	test_regress/t/t_event_array_fire.v	PAST-LAST-TICK		1625	1625	991	226	943	39	8	2111	_xfers_completed[id]; $display("[%0t] [Port %0d] ALL done", $time, id);
macro_use	verilator	test_regress/t/t_event_control_expr.v	IN-WINDOW		609	609	600	225	4856	21	8	5002	s, expr) \ module t_``name inputs; \ logic[$bits(expr)-1:0] last = 0; \ alwa
macro_use	verilator	test_regress/t/t_event_copy.v	STUCK-ON-SVPP-TOKEN	ifndef	382	383	307	203	3604	21	7	3823	ent e3; event e4; `ifndef IVERILOG event ev [3:0]; `endif int cyc; in
macro_use	verilator	test_regress/t/t_extend.v	STUCK-ON-SVPP-TOKEN	ifdef	727	728	208	728	1735	32	32	1766	(cyc == 8'd2) begin `ifdef VERILATOR $c("VL_PRINTF(\"Calling $c, calling $
macro_use	verilator	test_regress/t/t_extend_c_class.v	STUCK-ON-SVPP-TOKEN	systemc_header	884	887	639	887	1210	47	47	1230	, in, ")"); end `systemc_header #include "t_extend_c_class_c.h" // Header f
macro_use	verilator	test_regress/t/t_extend_class.v	STUCK-ON-SVPP-TOKEN	ifdef	396	397	386	343	1162	12	9	1446	*-*\n" class Cls; `ifdef verilator `systemc_header #define DID_INT_HEADER 1
macro_use	verilator	test_regress/t/t_flag_csplit.v	STUCK-ON-SVPP-TOKEN	define	677	684	203	684	824	39	39	1340	== 99) begin `define EXPECTED_SUM 32'h1239 `ifdef TEST_VERBOSE $wri
macro_use	verilator	test_regress/t/t_flag_define.v	STUCK-ON-SVPP-TOKEN	ifdef	1397	1398	1372	1344	3330	27	23	3405	t; initial begin `ifdef D1A if (`STRINGIFY(`D4B) !== "") $stop; `else
macro_use	verilator	test_regress/t/t_flag_output_groups.v	STUCK-ON-SVPP-TOKEN	no_optimize	484	485	404	225	485	22	8	996	t_param; return `no_optimize(N); endfunction endclass module t ( inpu
macro_use	verilator	test_regress/t/t_flag_parameter.v	STUCK-ON-SVPP-TOKEN	check	2757	2762	1619	1307	3826	80	24	4031	initial begin `check(string1, "New String"); `check(string2, "New Stri
macro_use	verilator	test_regress/t/t_flag_parameter_hier.v	STUCK-ON-SVPP-TOKEN	ifdef	586	587	423	226	1510	23	8	1533	%0d", PARAM, HIER); `ifdef IVERILOG `check(PARAM, 0); `elsif NC `check(P
macro_use	verilator	test_regress/t/t_for_assign.v	STUCK-ON-SVPP-TOKEN	checkd	612	617	431	225	959	24	8	1045	um + a; end `checkd(sum, 6); // foperator_assignment sum = 0;
macro_use	verilator	test_regress/t/t_for_break.v	STUCK-ON-SVPP-TOKEN	ifdef	830	831	203	831	1639	32	32	3769	(posedge clk) begin `ifdef TEST_VERBOSE $write("[%0t] cyc==%0d crc=%x result
macro_use	verilator	test_regress/t/t_for_comma.v	IN-WINDOW		248	253	253	226	2163	9	8	2243	checkc(expc) \ do begin \ if (c !== expc) begin \ $write("%%E
macro_use	verilator	test_regress/t/t_force.v	STUCK-ON-SVPP-TOKEN	checkh	1442	1449	773	226	5040	57	8	5194	c == 1) begin `checkh(in, 4'b0101); end // Check forces with no dr
macro_use	verilator	test_regress/t/t_force_assign.v	STUCK-ON-SVPP-TOKEN	checkb	530	535	427	220	1075	18	8	1122	sign r = 2'b01; `checkb(r, 2'b01) r = 2'b00; // ignored #1; `ch
macro_use	verilator	test_regress/t/t_force_chained.v	STUCK-ON-SVPP-TOKEN	checkh	550	555	426	220	923	21	8	972	force c = b; `checkh(a, 0); `checkh(b, 0); `checkh(c, 0); a
macro_use	verilator	test_regress/t/t_force_complex_sel_unsup.v	STUCK-ON-SVPP-TOKEN	IMPURE_ONE	1043	1043	829	220	1661	35	8	1795	gin logic_arr[`IMPURE_ONE] <= 1; end else if (cyc == 1) begin
macro_use	verilator	test_regress/t/t_force_cond.v	STUCK-ON-SVPP-TOKEN	IMPURE_ONE	629	629	520	273	860	22	9	908	orce a = b; if (`IMPURE_ONE == 1) force a = c; if (`IMPURE_ONE == 0) for
macro_use	verilator	test_regress/t/t_force_forceable_rhs_ref.v	STUCK-ON-SVPP-TOKEN	checkh	813	822	427	221	1054	30	8	1205	_8 ^ 8'hf0; `checkh(dst_1, 1'b0); `checkh(dst_8, 8'he0); e
macro_use	verilator	test_regress/t/t_force_func.v	STUCK-ON-SVPP-TOKEN	checkh	592	597	492	220	875	23	8	924	b = get_arg(a); `checkh(a, 0); `checkh(b, 0); a = 1; #1; `c
macro_use	verilator	test_regress/t/t_force_immediate_release.v	STUCK-ON-SVPP-TOKEN	checkh	493	498	426	220	647	18	8	693	a = 3'b001; `checkh(a, 1); force a = 3'b010; `checkh(a, 2);
macro_use	verilator	test_regress/t/t_force_initial.v	STUCK-ON-SVPP-TOKEN	checkh	507	512	426	220	790	18	8	839	force b = a; `checkh(a, 0); `checkh(b, 0); end initial begin
macro_use	verilator	test_regress/t/t_force_multi.v	STUCK-ON-SVPP-TOKEN	checkh	798	805	432	226	835	33	8	984	c == 2) begin `checkh(busa, 4'b1111); `checkh(busb, 4'b1101); en
macro_use	verilator	test_regress/t/t_force_nested_struct.v	STUCK-ON-SVPP-TOKEN	checkh	886	891	605	273	1181	36	9	1280	snapshot = st2; `checkh(snapshot.inner.val, 32'h21); `checkh(snapshot.in
macro_use	verilator	test_regress/t/t_force_nested_struct2.v	STUCK-ON-SVPP-TOKEN	checkh	810	815	640	273	874	27	9	963	ed_value[31:0]; `checkh(sub1.data_block.entries[0][0].value[0], 1'b1); `
macro_use	verilator	test_regress/t/t_force_port_inline.v	STUCK-ON-SVPP-TOKEN	checkh	938	945	614	226	1696	47	8	1842	c == 1) begin `checkh(i, 8'h01); `checkh(sub_v.i, 8'h01); `che
macro_use	verilator	test_regress/t/t_force_release.v	STUCK-ON-SVPP-TOKEN	checkh	708	713	468	220	818	28	8	863	= (a | b | c); `checkh(d, 1); `checkh(e, 1); #10; release d;
macro_use	verilator	test_regress/t/t_force_release_net.v	STUCK-ON-SVPP-TOKEN	checkh	756	765	428	222	2962	30	8	3133	4: begin `checkh(net_1, 0); `checkh(net_8, ~cyc[1+:8]);
macro_use	verilator	test_regress/t/t_force_release_var.v	STUCK-ON-SVPP-TOKEN	checkh	797	806	428	222	3078	34	8	3246	14: begin `checkh(var_1, 1); `checkh({1'b0, var_8}, (cyc[0+:9]
macro_use	verilator	test_regress/t/t_force_rhs_ref.v	STUCK-ON-SVPP-TOKEN	checkh	518	523	426	220	770	19	8	819	force b = a; `checkh(a, 0); `checkh(b, 0); a = 1; #1; `c
macro_use	verilator	test_regress/t/t_force_rhs_ref_multi_lhs.v	STUCK-ON-SVPP-TOKEN	checkh	562	567	426	220	681	24	8	729	a = 2; #1; `checkh(a, 2); `checkh(b, 2); `checkh(d, 2); a =
macro_use	verilator	test_regress/t/t_force_rhs_ref_multiple.v	STUCK-ON-SVPP-TOKEN	checkh	586	591	426	220	881	21	8	926	a + b + c + d; `checkh(e, 10); #1; a = 0; #1; `checkh(e, 9)
macro_use	verilator	test_regress/t/t_force_struct_partial.v	STUCK-ON-SVPP-TOKEN	checkh	701	707	505	220	736	30	8	794	inst.sig1 = b; `checkh(s1inst.sig1, b); `checkh(s1inst.sig2, 1'b1);
macro_use	verilator	test_regress/t/t_force_subnet.v	STUCK-ON-SVPP-TOKEN	checkh	611	618	432	226	1119	25	8	1351	== 10) begin `checkh(subnet, 8'h11); force sub1.subnet = 8'h01; //
macro_use	verilator	test_regress/t/t_force_subvar.v	STUCK-ON-SVPP-TOKEN	checkh	618	625	432	226	1154	25	8	1374	== 50) begin `checkh(sub.subvar, 32'h666); force sub.subvar = 32'hf
macro_use	verilator	test_regress/t/t_force_tri.v	STUCK-ON-SVPP-TOKEN	checkh	712	719	432	226	719	30	8	867	c == 2) begin `checkh(bus, 4'bzz10); end // else if (cyc == 99
macro_use	verilator	test_regress/t/t_force_unpacked.v	STUCK-ON-SVPP-TOKEN	checkh	1112	1119	586	220	2730	42	8	2877	c == 1) begin `checkh(logic_arr[0][2][-4], 1); `checkh(int_arr[0][0]
macro_use	verilator	test_regress/t/t_force_unpacked_bitsel.v	STUCK-ON-SVPP-TOKEN	checkh	2133	2140	344	203	3599	65	7	3712	1: begin `checkh(var_arr[0], 4'b0101); `checkh(var_arr[1], 4'b1
macro_use	verilator	test_regress/t/t_force_unpacked_struct.v	STUCK-ON-SVPP-TOKEN	checkh	1065	1072	587	221	2382	44	8	2527	c == 1) begin `checkh(s_array[1].x, 1); `checkh(s_array[1].arr[2], 1
macro_use	verilator	test_regress/t/t_force_wide_sel.v	STUCK-ON-SVPP-TOKEN	checkh	862	869	427	221	1790	33	8	1926	c == 3) begin `checkh(sig[33:26], 8'h60); // width <= 8 `checkh(sig
macro_use	verilator	test_regress/t/t_forceable_net.v	STUCK-ON-SVPP-TOKEN	ifdef	632	634	428	222	1696	27	8	1873	+ 1; end end `ifdef CMT wire net_1 /* verilator forceable */; wire [
macro_use	verilator	test_regress/t/t_forceable_unpacked.v	STUCK-ON-SVPP-TOKEN	FORCEABLE	615	616	475	226	2177	21	8	2292	var_arr [7:6][5:4] `FORCEABLE; //verilator lint_off ASCRANGE reg [3:4] var_
macro_use	verilator	test_regress/t/t_forceable_var.v	STUCK-ON-SVPP-TOKEN	ifdef	837	839	428	222	2061	41	8	2241	:8]; end end `ifdef CMT reg var_1 /* verilator forceable */; reg [7:
macro_use	verilator	test_regress/t/t_foreach.v	STUCK-ON-SVPP-TOKEN	checkh	1602	1607	433	226	4310	50	8	4395	!= 1); end `checkh(sum, 64'h0); sum = 0; foreach (array[index_
macro_use	verilator	test_regress/t/t_foreach_class.v	STUCK-ON-SVPP-TOKEN	checkh	1081	1086	558	226	1086	45	8	1190	end end `checkh(sum, 64'h000000a02d0fc000); $write("*-* All Fin
macro_use	verilator	test_regress/t/t_foreach_const.v	IN-WINDOW		4400	4400	432	225	5266	170	8	5353	foreach (twod[i, j]); // Null body check endfunction localparam PAR15 = tes
macro_use	verilator	test_regress/t/t_foreach_delete.v	STUCK-ON-SVPP-TOKEN	no_optimize	929	930	823	226	3109	29	8	3325	ops; map = '{0: `no_optimize(3), 1: 3, 2: 4}; `checkd(map.size(), 3);
macro_use	verilator	test_regress/t/t_foreach_noivar.v	STUCK-ON-SVPP-TOKEN	checkh	820	825	597	226	1043	25	8	1206	++sum; end `checkh(sum, 0); sum = 0; foreach (array[,,]) begin
macro_use	verilator	test_regress/t/t_foreach_sideeff_uvm.v	STUCK-ON-SVPP-TOKEN	checkd	1503	1508	489	226	1560	48	8	1609	end end `checkd(inner1_i, 2); `checkd(inner2_j, 4); `checkd(
macro_use	verilator	test_regress/t/t_fork_join_none_stmt.v	STUCK-ON-SVPP-TOKEN	checkh	667	676	433	226	806	24	8	897	proc1 = '1; `checkh(stmt2, 1'b1); end join_none $display("
macro_use	verilator	test_regress/t/t_fork_join_none_wait_ev.v	STUCK-ON-SVPP-TOKEN	checkd	570	577	430	225	577	22	8	895	c >= 3) begin `checkd(cnt, 128); $finish; end end for (genv
macro_use	verilator	test_regress/t/t_fork_write_after_timing.v	STUCK-ON-SVPP-TOKEN	checkd	592	597	423	218	1953	25	7	1987	3); t4(x4); `checkd(x1, 0) `checkd(x2, -1) `checkd(x3, 1) `c
macro_use	verilator	test_regress/t/t_func_arg_complex.v	STUCK-ON-SVPP-TOKEN	checkd	1259	1266	917	226	2503	56	8	2597	ert(v, 1234); `checkd(v, 1234); mod_default_data = 42; v = mo
macro_use	verilator	test_regress/t/t_func_automatic_clear.v	STUCK-ON-SVPP-TOKEN	checkh	2304	2311	764	250	3355	101	8	3491	= ts_queue(); `checkh(qn, i * 2 + 1); `checkh(qo, i * 2 + 2); en
macro_use	verilator	test_regress/t/t_func_call_order.v	STUCK-ON-SVPP-TOKEN	checkd	790	795	430	225	913	35	8	997	gn3() + incr(); `checkd(a, 4); `checkd(i, 12); a = 1; i = assig
macro_use	verilator	test_regress/t/t_func_flip.v	STUCK-ON-SVPP-TOKEN	VECTOR_RANGE	572	572	342	203	678	22	7	1306	enable function [`VECTOR_RANGE] func_tree_left; input [`VECTOR_RANGE] x;
macro_use	verilator	test_regress/t/t_func_inout_bit_sel.v	STUCK-ON-SVPP-TOKEN	checkh	648	653	548	225	672	27	8	758	_x_set_1(a[1]); `checkh(b, 0); `checkh(a[1], 1); $write("*-* All Fi
macro_use	verilator	test_regress/t/t_func_lib_sub.v	STUCK-ON-SVPP-TOKEN	ifdef	1952	1953	1759	208	2494	95	7	2548	sk Xinit; begin `ifdef TEST_HARNESS khgawe = 1'b0; `endif end en
macro_use	verilator	test_regress/t/t_func_named.v	STUCK-ON-SVPP-TOKEN	checkh	578	582	433	226	904	20	8	1041	log_format: off `checkh( f(.j(2), .s(1)) , 32'h2_0001 ); `checkh( f(.s(
macro_use	verilator	test_regress/t/t_func_noinl.v	STUCK-ON-SVPP-TOKEN	define	789	791	203	791	1453	36	36	2554	ll we end up with `define EXPECTED_SUM 64'ha7f0a34f9cf56ccb // Test loop
macro_use	verilator	test_regress/t/t_func_outfirst.v	STUCK-ON-SVPP-TOKEN	DDIFF_BITS	480	480	338	203	2733	22	7	2825	lock inputs wire [`DDIFF_BITS-1:0] DDIFF_B = crc[`DDIFF_BITS-1:0]; wire rese
macro_use	verilator	test_regress/t/t_func_plog.v	STUCK-ON-SVPP-TOKEN	define	841	843	203	843	1913	38	38	2345	ll we end up with `define EXPECTED_SUM 64'h039ea4d039c2e70b // Test loop
macro_use	verilator	test_regress/t/t_func_rand.v	STUCK-ON-SVPP-TOKEN	ifdef	263	265	203	265	637	11	11	751	t reg [31:0] Rand; `ifdef verilator `systemc_interface unsigned int QxRan
macro_use	verilator	test_regress/t/t_func_range.v	STUCK-ON-SVPP-TOKEN	define	262	265	203	265	583	13	13	1511	r lint_off WIDTH `define INT_RANGE 31:0 `define INT_RANGE_MAX 31 `define
macro_use	verilator	test_regress/t/t_func_recurse_param.v	STUCK-ON-SVPP-TOKEN	checkd	1187	1192	463	226	1234	37	8	1321	initial begin `checkd(F0, 0); `checkd(F3, 348); `checkd(F4, 1754);
macro_use	verilator	test_regress/t/t_func_ref.v	STUCK-ON-SVPP-TOKEN	checkh	932	937	608	225	1051	42	8	1372	al_set_5(mi.x); `checkh(mi.x, 5); `checkh(b, 1); arr[0] = 10; b
macro_use	verilator	test_regress/t/t_func_ref_arg.v	STUCK-ON-SVPP-TOKEN	checkh	951	956	785	225	1992	48	8	2075	t_val_set_5(a); `checkh(a, 5); `checkh(b, 10); cls = new; b =
macro_use	verilator	test_regress/t/t_func_return.v	STUCK-ON-SVPP-TOKEN	ifdef	630	631	274	631	1343	31	31	1641	(posedge clk) begin `ifdef TEST_VERBOSE $write("[%0t] cyc==%0d crc=%x result
macro_use	verilator	test_regress/t/t_func_return_init.v	STUCK-ON-SVPP-TOKEN	no_optimize	1084	1084	520	226	1286	43	8	1345	] = c.unpack_string(`no_optimize(3 + i)); `checks(str1[0], "xxx"); `chec
macro_use	verilator	test_regress/t/t_func_sel.v	STUCK-ON-SVPP-TOKEN	ifdef	672	673	326	673	1174	33	33	1448	(posedge clk) begin `ifdef TEST_VERBOSE $write("[%0t] cyc==%0d crc=%x result
macro_use	verilator	test_regress/t/t_func_sum.v	STUCK-ON-SVPP-TOKEN	define	675	679	208	679	1341	33	33	1944	2'h0, 22'h0, S}; `define EXPECTED_SUM 64'h24c38b77b0fcc2e7 // Test loop
macro_use	verilator	test_regress/t/t_func_while2.v	STUCK-ON-SVPP-TOKEN	checks	736	741	432	226	741	30	8	861	loop"}; end `checks(value, " count1 loop count2 loop count3"); $wri
macro_use	verilator	test_regress/t/t_func_wide_out.v	STUCK-ON-SVPP-TOKEN	ifdef	1010	1011	935	226	3524	38	8	3639	get(inout T value); `ifdef TEST_NOINLINE // verilator no_inline_task `endif
macro_use	verilator	test_regress/t/t_gantt.v	STUCK-ON-SVPP-TOKEN	ifdef	542	543	203	543	1048	24	24	1558	(posedge clk) begin `ifdef TEST_VERBOSE $write("[%0t] cyc==%0d result=%x\n",
macro_use	verilator	test_regress/t/t_gate_array.v	STUCK-ON-SVPP-TOKEN	ifdef	1081	1082	203	1082	1794	39	39	2695	(posedge clk) begin `ifdef TEST_VERBOSE $write("[%0t] cyc==%0d crc=%x result=
macro_use	verilator	test_regress/t/t_gate_implicit.v	STUCK-ON-SVPP-TOKEN	ifdef	773	774	203	774	1486	38	38	1919	(posedge clk) begin `ifdef TEST_VERBOSE $write("[%0t] cyc==%0d crc=%x result
macro_use	verilator	test_regress/t/t_gate_ormux.v	STUCK-ON-SVPP-TOKEN	ifdef	914	915	204	915	1586	37	37	10926	(posedge clk) begin `ifdef TEST_VERBOSE $write("[%0t] cyc==%0d crc=%x result
macro_use	verilator	test_regress/t/t_gen_alw.v	STUCK-ON-SVPP-TOKEN	ifdef	709	710	200	710	1373	32	32	2051	(posedge clk) begin `ifdef TEST_VERBOSE $write("[%0t] cyc==%0d crc=%x result
macro_use	verilator	test_regress/t/t_gen_class.v	STUCK-ON-SVPP-TOKEN	checkh	1568	1573	772	226	1842	59	8	1917	oad_children(); `checkh(parent.gen_child[3].child.ch_value, 3); `checkh(
macro_use	verilator	test_regress/t/t_gen_cond_bitrange.v	STUCK-ON-SVPP-TOKEN	MAX_SIZE	1038	1039	999	460	2845	48	11	2971	parameter SIZE = `MAX_SIZE, MASK = `MAX_SIZE'b0 ) ( input clk ); /
macro_use	verilator	test_regress/t/t_gen_cond_bitrange_bad.v	STUCK-ON-SVPP-TOKEN	MAX_SIZE	902	903	863	486	2311	38	13	2373	parameter SIZE = `MAX_SIZE, MASK = `MAX_SIZE'b0 ) ( input clk ); /
macro_use	verilator	test_regress/t/t_gen_cond_const.v	STUCK-ON-SVPP-TOKEN	MAX_SIZE	918	919	879	338	1223	48	11	1273	parameter SIZE = `MAX_SIZE, MASK = `MAX_SIZE'b0 ) ( input clk ); /
macro_use	verilator	test_regress/t/t_gen_for_shuffle.v	STUCK-ON-SVPP-TOKEN	ifdef	769	770	200	770	1482	34	34	1860	(posedge clk) begin `ifdef TEST_VERBOSE $write("[%0t] cyc==%0d crc=%x result
macro_use	verilator	test_regress/t/t_gen_genblk.v	IN-WINDOW		397	398	283	200	4464	21	6	5789	generate begin : direct_ignored show #(`__LINE__) show1 (); if
macro_use	verilator	test_regress/t/t_gen_index.v	STUCK-ON-SVPP-TOKEN	END	580	580	544	483	1089	23	15	1427	nput clk ); reg [`END-1:0] y; wire [`END-1:0] x; foo foo_i ( .y(y)
macro_use	verilator	test_regress/t/t_gen_intdot2.v	STUCK-ON-SVPP-TOKEN	ifdef	723	723	236	208	4189	36	7	4207	nd //`define WAVES `ifdef WAVES initial begin $dumpfile(`STRINGIFY(`TEST_
macro_use	verilator	test_regress/t/t_gen_lsb.v	STUCK-ON-SVPP-TOKEN	ifdef	802	803	203	803	1515	36	36	2065	(posedge clk) begin `ifdef TEST_VERBOSE $write("[%0t] cyc==%0d crc=%x result
macro_use	verilator	test_regress/t/t_gen_missing.v	STUCK-ON-SVPP-TOKEN	ifdef	249	249	203	249	482	9	9	1286	lint_off PINMISSING `ifdef T_GEN_MISSING_BAD foobar #(.FOO_TYPE(1)) foobar();
macro_use	verilator	test_regress/t/t_hier_block.v	STUCK-ON-SVPP-TOKEN	else	1084	1085	1058	211	10414	52	7	10870	secret ( clk ); `else module t #( parameter int PARAM_A = 33, parameter
macro_use	verilator	test_regress/t/t_hier_block0_bad.v	STUCK-ON-SVPP-TOKEN	HIER_BLOCK	1436	1439	1294	229	2125	62	7	2190	wire [7:0] out ); `HIER_BLOCK logic [7:0] ff; always_ff @(posedge clk) f
macro_use	verilator	test_regress/t/t_hier_block1_bad.v	STUCK-ON-SVPP-TOKEN	HIER_BLOCK	464	467	416	211	1075	23	7	1126	Inputs clk ); `HIER_BLOCK // Top module can not be a hierarchy block in
macro_use	verilator	test_regress/t/t_hier_block_chained.v	STUCK-ON-SVPP-TOKEN	ifdef	2096	2097	1960	2097	2390	43	43	8691	cyc <= cyc + 1; `ifdef TEST_VERBOSE $write("[%0t] rst=%0x v0_0=%0x v
macro_use	verilator	test_regress/t/t_hier_block_import.v	STUCK-ON-SVPP-TOKEN	VALUE_A	513	514	347	514	534	20	20	693	gin if (outA == `VALUE_A && outB == `VALUE_B) begin $write("*-* All Fi
macro_use	verilator	test_regress/t/t_hier_block_libmod.v	IN-WINDOW		320	321	310	275	358	13	11	365	r_config hier_block -module "t_flag_relinc_sub" `verilog `endif
macro_use	verilator	test_regress/t/t_hier_block_perf.v	STUCK-ON-SVPP-TOKEN	CORES	367	368	267	229	2189	20	9	11747	(genvar i = 0; i < `CORES; ++i) Core core (clk); for (genvar i = 0; i < `CO
macro_use	verilator	test_regress/t/t_hier_block_struct.v	STUCK-ON-SVPP-TOKEN	ifdef	997	998	388	998	1704	46	46	2243	(posedge clk) begin `ifdef TEST_VERBOSE $write("[%0t] cyc==%0d crc=%x result
macro_use	verilator	test_regress/t/t_if_deep.v	STUCK-ON-SVPP-TOKEN	define	784	786	203	786	5806	35	35	5900	ll we end up with `define EXPECTED_SUM 64'h966e272fd829e672 // Test loop
macro_use	verilator	test_regress/t/t_iface_array_multidim_multi_inst.v	STUCK-ON-SVPP-TOKEN	checkd	1573	1578	1128	555	1984	56	14	2085	l begin #1; `checkd(inst1.chk[0][0], 8'd1); `checkd(inst1.chk[0][1],
macro_use	verilator	test_regress/t/t_iface_array_multidim_port_write.v	STUCK-ON-SVPP-TOKEN	checkd	1008	1013	922	374	1193	38	11	1292	l begin #1; `checkd(bus[0][0].data, 8'd50); `checkd(bus[0][1].data,
macro_use	verilator	test_regress/t/t_iface_array_multidim_ranges.v	STUCK-ON-SVPP-TOKEN	checkd	1692	1697	771	479	2428	59	13	2528	l begin #1; `checkd(asc[0][0].data, 8'd10); `checkd(asc[0][1].data,
macro_use	verilator	test_regress/t/t_iface_nested_width2.v	STUCK-ON-SVPP-TOKEN	checkd	5155	5160	4684	415	5386	235	10	5508	initial begin `checkd(soc_top.cb_cfg.XdatSize, 525); `checkd(soc_top.g
macro_use	verilator	test_regress/t/t_iface_param_class_type.v	STUCK-ON-SVPP-TOKEN	checkd	2417	2421	1774	757	2934	87	27	3074	1-level nesting `checkd($bits(l1_i1.sub.p), 8); `checkd($bits(l1_i2.sub.
macro_use	verilator	test_regress/t/t_iface_param_class_typedef.v	STUCK-ON-SVPP-TOKEN	checkd	1033	1038	887	322	1125	36	11	1244	initial begin `checkd($bits(w_flux_st.pld), 64); w_flux_st.pld.data =
macro_use	verilator	test_regress/t/t_iface_typedef_struct_member.v	STUCK-ON-SVPP-TOKEN	checkd	2348	2353	2143	802	2455	76	16	2555	l begin #1; `checkd($bits(top_req), 36); `checkd($bits(sub.s_req), 3
macro_use	verilator	test_regress/t/t_iface_typedef_wrong_clone.v	STUCK-ON-SVPP-TOKEN	checkd	2493	2497	2203	896	2668	81	19	2772	2, pkt=16+32=48 `checkd($bits(narrow.local_addr), 16); `checkd($bits(nar
macro_use	verilator	test_regress/t/t_iff.v	STUCK-ON-SVPP-TOKEN	ifdef	514	515	203	515	1221	23	23	2018	(posedge clk) begin `ifdef TEST_VERBOSE $write("[%0t] cyc==%0d crc=%x result
macro_use	verilator	test_regress/t/t_initial_delay_assign.v	IN-WINDOW		239	242	242	203	668	8	7	791	CHECK(foo, bar) \ assign #1 bar = foo; \ \ always @(foo, bar) begin \ $d
macro_use	verilator	test_regress/t/t_inside.v	STUCK-ON-SVPP-TOKEN	checkh	1145	1150	422	215	2671	44	8	2780	initial begin `checkh((4'd4 inside {4'd1, 4'd5}), 1'b0); `checkh((4'd4
macro_use	verilator	test_regress/t/t_inside_queue_elem.v	STUCK-ON-SVPP-TOKEN	checks	870	875	426	220	1243	30	8	1332	recision("ps"); `checks(s, "ps"); s = validate_time_precision("ns");
macro_use	verilator	test_regress/t/t_inside_tolerance_unsup.v	STUCK-ON-SVPP-TOKEN	checkh	524	529	463	226	662	18	8	720	r = 1492.4; `checkh(r inside {[1492 +/- 2]}, 1'b1); `checkh(r inside
macro_use	verilator	test_regress/t/t_inside_wild.v	STUCK-ON-SVPP-TOKEN	ifdef	725	726	203	726	1438	35	35	1779	(posedge clk) begin `ifdef TEST_VERBOSE $write("[%0t] cyc==%0d crc=%x result
macro_use	verilator	test_regress/t/t_inst_array.v	STUCK-ON-SVPP-TOKEN	ifndef	904	905	203	905	1315	44	44	1382	ut !== 1'b0) $stop; `ifndef verilator // Hacky array subscripting if (s
macro_use	verilator	test_regress/t/t_inst_array_partial.v	STUCK-ON-SVPP-TOKEN	ifdef	1365	1366	204	1366	2078	65	65	2350	(posedge clk) begin `ifdef TEST_VERBOSE $write("[%0t] cyc==%0d crc=%x result
macro_use	verilator	test_regress/t/t_inst_array_slice.v	STUCK-ON-SVPP-TOKEN	checkd	691	696	612	226	720	22	8	769	initial begin `checkd(VAL[0], 2); `checkd(VAL[1], 3); $finish; e
macro_use	verilator	test_regress/t/t_inst_comma.v	STUCK-ON-SVPP-TOKEN	INLINE_MODULE	1571	1574	1489	1357	1574	68	57	1697	output bitout ); `INLINE_MODULE parameter integer P = 0; initial if (P !=
macro_use	verilator	test_regress/t/t_inst_dff.v	STUCK-ON-SVPP-TOKEN	ifdef	961	962	203	962	1811	44	44	3058	(posedge clk) begin `ifdef TEST_VERBOSE $write("[%0t] cyc==%0d crc=%x result
macro_use	verilator	test_regress/t/t_inst_notunsized.v	STUCK-ON-SVPP-TOKEN	ifdef	838	839	203	839	1551	38	38	2461	(posedge clk) begin `ifdef TEST_VERBOSE $write("[%0t] cyc==%0d crc=%x result
macro_use	verilator	test_regress/t/t_inst_port_reverse.v	STUCK-ON-SVPP-TOKEN	checkf	667	672	559	226	826	32	8	877	= 1.11; #1; `checkf(i2[2], 2.22); `checkf(i2[1], 1.11); `checkf(
macro_use	verilator	test_regress/t/t_inst_slice.v	STUCK-ON-SVPP-TOKEN	ifdef	699	700	219	700	1418	32	32	1959	(posedge clk) begin `ifdef TEST_VERBOSE $write("[%0t] cyc==%0d crc=%x result
macro_use	verilator	test_regress/t/t_interface_array_class_new.v	STUCK-ON-SVPP-TOKEN	checkh	1158	1163	915	410	1163	38	12	1270	er_monitor_dv); `checkh(monitor.captured_count, 32'd6); $write("*-* All
macro_use	verilator	test_regress/t/t_interface_dups.v	STUCK-ON-SVPP-TOKEN	ifdef	1701	1702	203	1702	2408	67	67	4216	(posedge clk) begin `ifdef TEST_VERBOSE $write("[%0t] cyc==%0d crc=%x result
macro_use	verilator	test_regress/t/t_interface_gen14.v	STUCK-ON-SVPP-TOKEN	checkd	916	921	678	226	966	41	8	1075	#1; #1; `checkd(gen_a[1].a_if_a.from_if(), 'h1); `checkd(gen_a[2
macro_use	verilator	test_regress/t/t_interface_generic_iface_forward.v	STUCK-ON-SVPP-TOKEN	checkd	557	562	507	223	584	19	8	895	l begin #1; `checkd(d.v, 13); `checkd(d.PARAM, 5); end endmodule
macro_use	verilator	test_regress/t/t_interface_hierparam_bits.v	STUCK-ON-SVPP-TOKEN	checkh	923	924	828	452	924	29	12	1693	CT = 1 ); initial `checkh(PAYLOAD_WIDTH, EXPECT); endmodule module bridge #(
macro_use	verilator	test_regress/t/t_interface_input_port_assign.v	STUCK-ON-SVPP-TOKEN	checkh	1926	1933	1398	223	2113	91	8	2217	== 10) begin `checkh(bif.clk, clk); `checkh(bif.data, 1'b1);
macro_use	verilator	test_regress/t/t_interface_modport_expr.v	STUCK-ON-SVPP-TOKEN	checkh	1570	1575	1279	226	1717	63	8	1844	l begin #1; `checkh(myIf.sig_b, 8'h42); // mp1: b = a `checkh(myIf.s
macro_use	verilator	test_regress/t/t_interface_modport_expr_array.v	STUCK-ON-SVPP-TOKEN	checkh	1294	1299	1146	303	1334	50	10	1432	8'hB0; #1; `checkh(cont.ch[0].rd, 8'hB0); `checkh(cont.ch[1].rd, 8'
macro_use	verilator	test_regress/t/t_interface_modport_expr_hier.v	STUCK-ON-SVPP-TOKEN	checkh	3205	3210	2828	295	3560	140	10	3654	8'h20; #1; `checkh(ifa.raw_out, 8'h30); // Scenario B: 2-level dee
macro_use	verilator	test_regress/t/t_interface_modport_expr_nested.v	STUCK-ON-SVPP-TOKEN	checkh	2874	2879	2578	279	3155	121	10	3258	'hCDEF; #1; `checkh(app_regs.base.rd, 8'hAC); `checkh(app_regs.examp
macro_use	verilator	test_regress/t/t_interface_modport_expr_partsel.v	STUCK-ON-SVPP-TOKEN	checkh	910	915	769	226	949	41	8	1056	l begin #1; `checkh(myIf.b, myIf.a[7:0]); `checkh(myIf.c, ~myIf.a[15
macro_use	verilator	test_regress/t/t_interface_modport_param.v	STUCK-ON-SVPP-TOKEN	checkd	1322	1327	1125	243	1327	50	8	1417	initial begin `checkd(item_qty, 20); $write("*-* All Finished *-*\n");
macro_use	verilator	test_regress/t/t_interface_param_dependency.v	STUCK-ON-SVPP-TOKEN	checkd	7937	7941	5993	361	8562	279	11	8656	eters correctly `checkd(result[0], 55); // 5 + 50 `checkd(result[1], 72
macro_use	verilator	test_regress/t/t_interface_tristate_hier.v	STUCK-ON-SVPP-TOKEN	checkh	3036	3041	1297	375	5501	127	10	5611	= 1'b0; #1; `checkh(io_ifc.d, 16'hzzzz); `checkh(io_ifc_local.d, 16'
macro_use	verilator	test_regress/t/t_interface_typedef.v	STUCK-ON-SVPP-TOKEN	checkh	1286	1291	1048	375	1335	59	10	1385	ruct.data = '1; `checkh($bits(my_struct_t), EXP_WIDTH); `checkh(substruc
macro_use	verilator	test_regress/t/t_interface_typedef3.v	STUCK-ON-SVPP-TOKEN	checkd	692	697	587	226	697	25	8	801	initial begin `checkd($bits(tdef_t), 4); end endmodule module t; ifc
macro_use	verilator	test_regress/t/t_interface_virtual_modport_sel.v	STUCK-ON-SVPP-TOKEN	checkh	2109	2113	1523	223	2423	92	8	2519	hain, m2 = tmp) `checkh(m1.mp.mon_cb.data, 8'hAB); `checkh(m2.mp.mon_cb.
macro_use	verilator	test_regress/t/t_interface_virtual_sub_iface.v	STUCK-ON-SVPP-TOKEN	checkd	1741	1746	1309	222	1860	65	7	1951	_vif.Tx = 1'b1; `checkd(wire_Tx, 1'b1) // Test 3: chained member write
macro_use	verilator	test_regress/t/t_lib_prot.v	IN-WINDOW		265	266	266	199	5854	7	6	6036	its at the input */ \ /* verilator lint_off WIDTH */ \ sig``_in <= {8{crc}}; \ /
macro_use	verilator	test_regress/t/t_lib_prot_comb.v	IN-WINDOW		347	351	351	206	1548	9	6	1555	& in1)) begin \ $display("Mismatch in0:%b in1:%b out0:%b out1:%b out2:%b", i
macro_use	verilator	test_regress/t/t_lint_unused.v	STUCK-ON-SVPP-TOKEN	STRINGIFY	760	760	231	203	890	37	7	1291	outfile = $fopen({`STRINGIFY(`TEST_OBJ_DIR), "/open.log"}, "w"); $fwrite(o
macro_use	verilator	test_regress/t/t_lint_width_cast.v	STUCK-ON-SVPP-TOKEN	checkh	592	597	433	226	792	22	8	888	a6 = b2 - b1; `checkh(a6, 6'h31); a10 = 10'(b2 - b1); `checkh(a10,
macro_use	verilator	test_regress/t/t_lparam_assign_iface_array_typedef.v	IN-WINDOW		745	745	637	226	898	29	8	1324	gt_id_t = bus_tgt_io.id_t; localparam type mst_id_t = bus_mst_io.id_t; tgt_
macro_use	verilator	test_regress/t/t_lparam_assign_iface_array_typedef2.v	IN-WINDOW		758	758	642	226	919	30	8	1369	_id_t = bus_tgt_io_a[0].id_t; localparam type mst_id_t = bus_mst_io_a[0].id_t;
macro_use	verilator	test_regress/t/t_lparam_assign_iface_typedef.v	IN-WINDOW		869	869	766	299	1122	34	10	1215	m type p0_rq_t = if0.rq_t; localparam type p0_rs_t = if0.rs_t; p0_rq_t rq;
macro_use	verilator	test_regress/t/t_lparam_assign_iface_typedef3.v	IN-WINDOW		1023	1023	911	299	1236	32	10	1328	m type p0_rq_t = if0[0].rq_t; p0_rq_t rq; always_comb begin rq.addr =
macro_use	verilator	test_regress/t/t_lparam_assign_iface_typedef_nested2.v	IN-WINDOW		1085	1085	975	341	1182	42	12	1281	type p0_rq2_t = if0.y_if0.rq2_t; p0_rq2_t p0_rq2; assign p0_rq2.addr = 16
macro_use	verilator	test_regress/t/t_lparam_assign_iface_typedef_nested3.v	IN-WINDOW		1060	1060	950	315	1466	43	12	1561	type p0_rq2_t = if0.y_if0.rq2_t; localparam type p0_rq_t = if0.rq_t; localp
macro_use	verilator	test_regress/t/t_lparam_assign_iface_typedef_nested4.v	IN-WINDOW		1020	1020	910	315	1370	39	12	1465	type p0_rq2_t = if0.y_if0.rq2_t; localparam type p0_rq_t = if0.rq_t; localp
macro_use	verilator	test_regress/t/t_lparam_assign_iface_typedef_nested5.v	IN-WINDOW		1252	1252	1142	335	1743	49	12	1844	type p0_rq2_t = if0.y_if0.rq2_t; localparam type p0_rq_t = if0.rq_t; localp
macro_use	verilator	test_regress/t/t_lparam_assign_iface_typedef_nested_mod2.v	IN-WINDOW		894	894	823	377	1269	31	13	1368	pe bus_rq_t = bus_io.rq_t; localparam type bus_rs_t = bus_io.rs_t; localpara
macro_use	verilator	test_regress/t/t_lparam_assign_iface_typedef_nested_mod3.v	IN-WINDOW		1020	1020	910	315	1370	39	12	1465	type p0_rq2_t = if0.y_if0.rq2_t; localparam type p0_rq_t = if0.rq_t; localp
macro_use	verilator	test_regress/t/t_lparam_assign_iface_typedef_nested_mpkg1.v	IN-WINDOW		1062	1062	951	391	1469	40	13	1568	pe bus_rq_t = bus_io.rq_t; localparam type bus_rs_t = bus_io.rs_t; bus_rq_t
macro_use	verilator	test_regress/t/t_lparam_assign_iface_typedef_nested_pkg.v	IN-WINDOW		1637	1637	1494	422	2253	57	13	2354	type p0_rq2_t = if0.y_if0.rq2_t; localparam type p0_rq_t = if0.rq_t; localp
macro_use	verilator	test_regress/t/t_lparam_assign_iface_typedef_nested_pkg2.v	IN-WINDOW		1475	1475	1332	422	1966	57	13	2067	type p0_rq2_t = if0.y_if0.rq2_t; localparam type p0_rq_t = if0.rq_t; localp
macro_use	verilator	test_regress/t/t_lparam_assign_iface_typedef_nested_pkg3.v	IN-WINDOW		740	740	632	231	797	30	9	1234	pe cfg_id_t = bus_io.id_t; cfg_id_t cfg_id; initial begin #10; `ch
macro_use	verilator	test_regress/t/t_lparam_dep_iface0.v	STUCK-ON-SVPP-TOKEN	checkd	968	973	827	408	973	32	10	1200	l begin #1; `checkd(single_foo_bar_byte, 8'd8); end endmodule module
macro_use	verilator	test_regress/t/t_lparam_dep_iface1.v	STUCK-ON-SVPP-TOKEN	checkd	959	964	827	408	964	32	10	1179	l begin #1; `checkd(intf_foo_bar_int, 4); end endmodule module t; i
macro_use	verilator	test_regress/t/t_lparam_dep_iface10.v	IN-WINDOW		1198	1198	1109	406	1456	44	10	1724	typedef io.types_mul.a_t a_mul_t; typedef io.types_add.a_t a_add_t; initial
macro_use	verilator	test_regress/t/t_lparam_dep_iface11.v	STUCK-ON-SVPP-TOKEN	checkd	1474	1478	1205	390	1507	61	10	1771	> b_t is 9 bits `checkd(12, $bits(a_t)); `checkd(9, $bits(b_t)); end e
macro_use	verilator	test_regress/t/t_lparam_dep_iface12.v	STUCK-ON-SVPP-TOKEN	checkd	1674	1678	1409	420	1678	70	10	1934	d_t is 13 bits `checkd($bits(a_t), 13); end endmodule module t; localp
macro_use	verilator	test_regress/t/t_lparam_dep_iface13.v	STUCK-ON-SVPP-TOKEN	checkd	2330	2335	1812	408	3020	68	10	3118	l begin #1; `checkd(SC_DROWS_PER_LINE, 4); `checkd(SC_NUM_LINES, 16)
macro_use	verilator	test_regress/t/t_lparam_dep_iface14.v	IN-WINDOW		2014	2014	1727	529	2181	79	13	2298	typedef types.a_if0.a_t a_t; typedef types.a_t a2_t; initial begin #1;
macro_use	verilator	test_regress/t/t_lparam_dep_iface15.v	STUCK-ON-SVPP-TOKEN	checkd	1842	1847	1731	498	2398	80	13	2515	l begin #1; `checkd($bits(a_t), 6); end endmodule module t; localpa
macro_use	verilator	test_regress/t/t_lparam_dep_iface16.v	STUCK-ON-SVPP-TOKEN	checkd	1839	1844	1728	495	2284	79	12	2399	l begin #1; `checkd($bits(a_t), 6); end endmodule module t ( inpu
macro_use	verilator	test_regress/t/t_lparam_dep_iface2.v	IN-WINDOW		1433	1433	1301	408	1839	58	10	1931	typedef io.types.a_t a_t; initial begin #1; `checkd(ABits, 8);
macro_use	verilator	test_regress/t/t_lparam_dep_iface3.v	IN-WINDOW		2842	2842	2738	408	3810	92	10	4701	typedef io.types.addr_t addr_t; typedef io.types.cmd_tag_t cmd_tag_t; ty
macro_use	verilator	test_regress/t/t_lparam_dep_iface4.v	IN-WINDOW		1260	1260	1119	408	1625	48	10	1923	typedef io.types.sc_num_lines_t sc_num_lines_t; typedef io.types.sc_num_li
macro_use	verilator	test_regress/t/t_lparam_dep_iface5.v	IN-WINDOW		1534	1534	1423	408	1950	50	10	2044	typedef io.types.tag_t tag_t; typedef types.tag_t tag2_t; initial begin
macro_use	verilator	test_regress/t/t_lparam_dep_iface6.v	STUCK-ON-SVPP-TOKEN	checkd	1351	1356	1238	408	1356	56	10	1620	l begin #1; `checkd(6, $bits(a_t)); end endmodule module t; localp
macro_use	verilator	test_regress/t/t_lparam_dep_iface7.v	IN-WINDOW		1106	1106	1021	408	1145	42	10	1411	typedef io.types.a_t a_t; initial begin #1; `checkd(12, $bits(a_t
macro_use	verilator	test_regress/t/t_lparam_dep_iface8.v	STUCK-ON-SVPP-TOKEN	checkd	1461	1465	1269	415	1465	57	10	1730	a_t is 12 bits `checkd(12, $bits(a_t)); end endmodule module t; localp
macro_use	verilator	test_regress/t/t_lparam_dep_iface9.v	IN-WINDOW		1264	1264	1179	395	1409	44	10	1675	typedef io.types.a_t a_t; initial begin #1; // cfg.ABits=2, cfg.B
macro_use	verilator	test_regress/t/t_lparam_pkg_assign.v	STUCK-ON-SVPP-TOKEN	checkd	961	966	909	415	966	35	10	1057	initial begin `checkd(m.lpbit, 1'b1); $write("*-* All Finished *-*\n")
macro_use	verilator	test_regress/t/t_lparam_pkg_assign2.v	STUCK-ON-SVPP-TOKEN	checkd	1243	1247	1125	424	1309	41	10	1422	UTED = 6*2 = 12 `checkd(m.lpbit, 1'b1); // fn(12) returns 1 since 12 > 0
macro_use	verilator	test_regress/t/t_lparam_pkg_assign3.v	STUCK-ON-SVPP-TOKEN	checkd	1239	1244	1168	426	1304	44	10	1444	initial begin `checkd(m.lpbit, 1'b1); // fn(1) returns 1 since 1 > 0
macro_use	verilator	test_regress/t/t_lparam_pkg_assign4.v	STUCK-ON-SVPP-TOKEN	checkd	1405	1409	1229	424	1544	48	10	1673	ode_width(6)=12 `checkd(p.BUF_SIZE, 12); // decode_width(6) = 12 `check
macro_use	verilator	test_regress/t/t_lparam_pkg_assign5.v	STUCK-ON-SVPP-TOKEN	checkd	1529	1533	1384	412	1605	55	10	1728	ode_width(6)=12 `checkd(u_sub.u_wrap.u_leaf.BUF_SIZE, 12); // decode_width(
macro_use	verilator	test_regress/t/t_mailbox.v	STUCK-ON-SVPP-TOKEN	MAILBOX_T	690	693	681	594	693	25	19	2033	ILENAME module t; `MAILBOX_T #(int) m; int msg; int out; initial begin
macro_use	verilator	test_regress/t/t_mailbox_notiming.v	STUCK-ON-SVPP-TOKEN	MAILBOX_T	690	693	681	594	693	25	19	843	ILENAME module t; `MAILBOX_T #(int) m; initial begin m = new(4); if
macro_use	verilator	test_regress/t/t_math_clog2.v	STUCK-ON-SVPP-TOKEN	CLOG2	531	532	283	203	2438	25	7	2753	wire [31:0] out = `CLOG2(crc[7:0]); wire [31:0] out2 = `CLOG2(crc); wire [
macro_use	verilator	test_regress/t/t_math_concat0.v	STUCK-ON-SVPP-TOKEN	ifdef	940	941	200	941	1653	39	39	2126	(posedge clk) begin `ifdef TEST_VERBOSE $write("[%0t] cyc==%0d crc=%x result
macro_use	verilator	test_regress/t/t_math_cond_clean.v	STUCK-ON-SVPP-TOKEN	ifdef	829	830	203	830	1536	37	37	2130	(posedge clk) begin `ifdef TEST_VERBOSE $write("[%0t] cyc==%0d crc=%x result
macro_use	verilator	test_regress/t/t_math_cond_huge.v	STUCK-ON-SVPP-TOKEN	define	20989	20989	203	20989	21644	296	296	29202	will we end up with `define EXPECTED_SUM 64'h36f3051d15caf07a // Test loop
macro_use	verilator	test_regress/t/t_math_cond_short_circuit.v	STUCK-ON-SVPP-TOKEN	optimize_barrier	678	685	552	226	2313	22	8	2390	222_33333333; `optimize_barrier; return result; endfunction en
macro_use	verilator	test_regress/t/t_math_cv_bitop.v	STUCK-ON-SVPP-TOKEN	ifdef	1906	1907	1541	226	1943	64	8	2405	'b=%b", one, one); `ifdef VERILATOR onert = $c(1); `endif $display("ort
macro_use	verilator	test_regress/t/t_math_cv_concat.v	STUCK-ON-SVPP-TOKEN	checkh	768	773	431	226	856	32	8	944	lk = 0; #2; `checkh(reg_10, 3); in1 = 1'b1; clk = 1; #2;
macro_use	verilator	test_regress/t/t_math_cv_format.v	STUCK-ON-SVPP-TOKEN	checks	642	647	432	226	1422	25	8	1692	t0=%0d", out0); `checks(s, "out0=-12"); if (out0 > 0) $stop; $write(
macro_use	verilator	test_regress/t/t_math_eq.v	STUCK-ON-SVPP-TOKEN	define	1045	1047	432	226	2348	42	8	3007	ll we end up with `define EXPECTED_SUM 64'h1a0d07009b6a30d2 initial begin
macro_use	verilator	test_regress/t/t_math_pick.v	STUCK-ON-SVPP-TOKEN	ifdef	946	947	193	947	1659	39	39	2233	(posedge clk) begin `ifdef TEST_VERBOSE $write("[%0t] cyc==%0d crc=%x result
macro_use	verilator	test_regress/t/t_math_postinc.v	STUCK-ON-SVPP-TOKEN	checkh	1554	1562	762	361	7353	45	11	7439	5; b = a++; `checkh(b, 5); `checkh(a, 6); a = 5; b = ++a; `
macro_use	verilator	test_regress/t/t_math_pow.v	STUCK-ON-SVPP-TOKEN	ifdef	3098	3099	460	203	12354	95	7	12404	igned [66:0] sres); `ifdef TEST_VERBOSE $write("- lastcyc%0d: %0x**%0x = %0x
macro_use	verilator	test_regress/t/t_math_pow2.v	STUCK-ON-SVPP-TOKEN	ifdef	606	607	203	607	1249	23	23	1351	(posedge clk) begin `ifdef TEST_VERBOSE $write("[%0t] cyc==%0d crc=%x result
macro_use	verilator	test_regress/t/t_math_pow3.v	STUCK-ON-SVPP-TOKEN	checkh	1424	1430	414	226	3967	31	8	4123	display("\n"); `checkh( (64'b1111 ** 64'b1110), 64'h67b6cfc1b29a21); `
macro_use	verilator	test_regress/t/t_math_precedence.v	STUCK-ON-SVPP-TOKEN	ifdef	3213	3214	203	3214	4586	111	111	4688	(posedge clk) begin `ifdef TEST_VERBOSE $write("[%0t] cyc==%0d crc=%x result
macro_use	verilator	test_regress/t/t_math_real.v	STUCK-ON-SVPP-TOKEN	checks	4714	4719	824	375	8855	167	10	9151	rmatf("%g", r); `checks(s, "1.23456"); r = 1.0 / 0; // inf s = $sfo
macro_use	verilator	test_regress/t/t_math_real_random.v	STUCK-ON-SVPP-TOKEN	ifdef	1313	1314	432	230	2543	52	8	2624	(posedge clk) begin `ifdef TEST_VERBOSE $write("[%0t] cyc==%0d in=%x\n", $ti
macro_use	verilator	test_regress/t/t_math_real_round.v	STUCK-ON-SVPP-TOKEN	checkh	910	914	665	375	2619	32	10	2780	lint_on REALCVT `checkh(v32, 32'hfffffffe); `checkh(v64, 64'hfffffffffff
macro_use	verilator	test_regress/t/t_math_red.v	STUCK-ON-SVPP-TOKEN	ifdef	693	694	432	226	1604	28	8	1788	(posedge clk) begin `ifdef TEST_VERBOSE $display("cyc=%0d, r = %x, and_reduc
macro_use	verilator	test_regress/t/t_math_shift_rep.v	STUCK-ON-SVPP-TOKEN	ifdef	862	863	203	863	1560	39	39	1879	(posedge clk) begin `ifdef TEST_VERBOSE $write("[%0t] cyc==%0d crc=%x result
macro_use	verilator	test_regress/t/t_math_shift_sel.v	STUCK-ON-SVPP-TOKEN	ifdef	897	898	203	898	1604	39	39	2234	(posedge clk) begin `ifdef TEST_VERBOSE $write("[%0t] cyc==%0d crc=%x result
macro_use	verilator	test_regress/t/t_math_shiftls.v	STUCK-ON-SVPP-TOKEN	checkd	552	557	428	221	557	22	8	645	begin #10; `checkd(out33, '0); $write("*-* All Finished *-*\n");
macro_use	verilator	test_regress/t/t_math_shiftrs2.v	STUCK-ON-SVPP-TOKEN	checkd	612	617	433	226	617	22	8	704	begin #10; `checkd(out35, '0); $write("*-* All Finished *-*\n");
macro_use	verilator	test_regress/t/t_math_signed3.v	STUCK-ON-SVPP-TOKEN	checkh	1808	1813	432	226	3171	51	8	3615	l begin #1; `checkh(subout_u, 4'b1111); end wire [5:0] cond_a = 1'b
macro_use	verilator	test_regress/t/t_math_signed4.v	STUCK-ON-SVPP-TOKEN	checkh	919	924	577	226	4116	29	8	4229	37_p1 + 4'sb0); `checkh(bug737_y, 6'b010010); //bug737 // 6u
macro_use	verilator	test_regress/t/t_math_signed5.v	STUCK-ON-SVPP-TOKEN	ifdef	1377	1378	681	226	5496	50	8	5713	off STMTDLY #1; `ifdef VCS // I-2014.03 `checkh({a, b, c, d, e, f, g},
macro_use	verilator	test_regress/t/t_math_signed6.v	STUCK-ON-SVPP-TOKEN	checkh	712	717	430	224	855	28	8	980	: src, u: src}; `checkh(dst.s, 16'h0005); `checkh(dst.u, 16'h0005);
macro_use	verilator	test_regress/t/t_math_signed7.v	STUCK-ON-SVPP-TOKEN	checkh	721	726	430	224	1046	28	8	1171	signed(in_op2); `checkh(aaa_ltu, 1'b0); `checkh(aaa_lts, 1'b1); end
macro_use	verilator	test_regress/t/t_math_swap.v	STUCK-ON-SVPP-TOKEN	define	1105	1107	203	1107	3520	45	45	4263	ll we end up with `define EXPECTED_SUM 64'h98d41f89a8be5693 // Test loop
macro_use	verilator	test_regress/t/t_math_synmul.v	STUCK-ON-SVPP-TOKEN	ifdef	1516	1517	203	1517	2547	58	58	2752	(posedge clk) begin `ifdef TEST_VERBOSE $write("[%0t] cyc==%0d crc=%x e=%x n
macro_use	verilator	test_regress/t/t_math_trig.v	STUCK-ON-SVPP-TOKEN	__LINE__	806	806	352	806	5432	28	28	5548	of 2012) check(`__LINE__, $ceil(-1.2), -1); check(`__LINE__, $ceil(1.2)
macro_use	verilator	test_regress/t/t_math_wallace.v	STUCK-ON-SVPP-TOKEN	ifdef	1388	1389	222	1389	2256	55	55	2461	(posedge clk) begin `ifdef TEST_VERBOSE $write("[%0t] cyc==%0d crc=%x a*b=%x
macro_use	verilator	test_regress/t/t_mem_fifo.v	STUCK-ON-SVPP-TOKEN	define	1768	1772	1554	1772	2709	80	80	2742	< fifoDepthLog2; `define PTRBITS (fifoDepthLog2+1) `define PTRBITSM1 fifoDe
macro_use	verilator	test_regress/t/t_mem_func.v	STUCK-ON-SVPP-TOKEN	ifdef	831	832	203	832	1454	38	38	2539	(posedge clk) begin `ifdef TEST_VERBOSE $write("[%0t] cyc==%0d crc=%x result
macro_use	verilator	test_regress/t/t_mem_slice_conc_bad.v	STUCK-ON-SVPP-TOKEN	ifdef	663	664	245	664	1433	34	34	2531	(posedge clk) begin `ifdef TEST_VERBOSE $write("[%0t] cyc==%0d crc=%x result
macro_use	verilator	test_regress/t/t_mem_slot.v	STUCK-ON-SVPP-TOKEN	RegDel	527	527	221	203	527	22	7	597	x][BitToChange] <= #`RegDel BitVal; OutputVal = Array[SlotToReturn]; end
macro_use	verilator	test_regress/t/t_mem_twoedge.v	STUCK-ON-SVPP-TOKEN	ifdef	1077	1077	203	1077	1996	40	40	2794	t}; // Test loop `ifdef TEST_VERBOSE always @(negedge clk) begin $write
macro_use	verilator	test_regress/t/t_mod_interface_array4.v	STUCK-ON-SVPP-TOKEN	checkh	1321	1328	1136	226	1580	64	8	1690	c == 5) begin `checkh(alh[1].index, 'h102); `checkh(alh[2].index, 'h
macro_use	verilator	test_regress/t/t_mod_interface_array5.v	STUCK-ON-SVPP-TOKEN	checkh	1638	1645	678	226	2727	66	8	3149	c == 5) begin `checkh(Masters[0].value, 2); `checkh(Masters[1].value
macro_use	verilator	test_regress/t/t_mod_interface_array6.v	STUCK-ON-SVPP-TOKEN	ifndef	967	969	482	226	3715	48	8	3877	b2_intf[3:4]) ); `ifndef verilator // Backwards slicing not supported sub
macro_use	verilator	test_regress/t/t_mod_longname.v	STUCK-ON-SVPP-TOKEN	LONG_NAME_VAR	1648	1649	1556	271	1730	20	9	1835	ish; end logic `LONG_NAME_VAR; `LONG_NAME_MOD `LONG_NAME_SUB ()
macro_use	verilator	test_regress/t/t_mod_param_class_typedef1.v	STUCK-ON-SVPP-TOKEN	checkd	668	673	597	226	673	24	8	933	l begin #1; `checkd($bits(T), 8); end endmodule module the_top #() ()
macro_use	verilator	test_regress/t/t_mod_param_class_typedef2.v	STUCK-ON-SVPP-TOKEN	checkd	671	676	600	226	676	24	8	1031	l begin #1; `checkd($bits(T), 16); end endmodule module the_top #() (
macro_use	verilator	test_regress/t/t_mod_param_class_typedef3.v	STUCK-ON-SVPP-TOKEN	checkd	671	676	600	226	676	24	8	934	l begin #1; `checkd($bits(T), 16); end endmodule module the_top #() (
macro_use	verilator	test_regress/t/t_mod_param_class_typedef4.v	STUCK-ON-SVPP-TOKEN	checkd	671	676	600	226	676	24	8	1101	l begin #1; `checkd($bits(T), 16); end endmodule module the_top #() (
macro_use	verilator	test_regress/t/t_mod_param_class_typedef5.v	STUCK-ON-SVPP-TOKEN	checkd	715	720	614	226	720	31	8	1024	l begin #1; `checkd($bits(io), 16); end endmodule module the_top ();
macro_use	verilator	test_regress/t/t_mod_param_class_typedef6.v	STUCK-ON-SVPP-TOKEN	checkd	719	724	614	226	724	29	8	816	l begin #2; `checkd($bits(tag), 16); $write("*-* All Finished *-*\n"
macro_use	verilator	test_regress/t/t_mod_param_class_typedef7.v	STUCK-ON-SVPP-TOKEN	checkd	930	935	775	226	935	38	8	1235	l begin #1; `checkd(p_width, 7); end endmodule module top (); local
macro_use	verilator	test_regress/t/t_mod_recurse.v	STUCK-ON-SVPP-TOKEN	ifdef	690	691	200	691	1403	36	36	2860	(posedge clk) begin `ifdef TEST_VERBOSE $write("[%0t] cyc==%0d crc=%x result
macro_use	verilator	test_regress/t/t_mod_uselib.v	STUCK-ON-SVPP-TOKEN	uselib	300	300	203	300	300	9	9	436	t> | lib=<lib_name> `uselib libext=.v s s (); endmodule module s; initial
macro_use	verilator	test_regress/t/t_modport_export_task.v	STUCK-ON-SVPP-TOKEN	checkh	1294	1299	1129	223	1640	51	8	1736	er.send(8'hAB); `checkh(bif.data, 8'hAB); `checkh(bif.result, 8'hAC);
macro_use	verilator	test_regress/t/t_multidriven_class.v	STUCK-ON-SVPP-TOKEN	checkd	4783	4788	4229	340	4933	283	11	5222	put logic exp); `checkd(val0, exp); `checkd(val1, exp); `checkd(val2
macro_use	verilator	test_regress/t/t_multidriven_funcret0.v	STUCK-ON-SVPP-TOKEN	checkd	1180	1185	825	477	1185	41	13	1284	tes = 4 #1; `checkd(rd_meta.addr, 32'h104); $write("*-* All Finished
macro_use	verilator	test_regress/t/t_multidriven_iface.v	STUCK-ON-SVPP-TOKEN	checkd	4797	4802	4227	328	4946	250	11	5234	put logic exp); `checkd(val0, exp); `checkd(val1, exp); `checkd(val2
macro_use	verilator	test_regress/t/t_multidriven_simple.v	STUCK-ON-SVPP-TOKEN	checkd	2197	2202	1860	226	2524	135	8	2615	1; sel = 0; `checkd(v0, 0); `checkd(v1, 0); `checkd(v2, 0);
macro_use	verilator	test_regress/t/t_multitop_xref.v	STUCK-ON-SVPP-TOKEN	checkd	716	721	579	226	721	37	8	772	ew; c.rw(); `checkd(dut.acp, 1); $finish; end endmodule
macro_use	verilator	test_regress/t/t_nba_commit_queue.v	STUCK-ON-SVPP-TOKEN	define	1024	1026	713	203	13211	29	7	13253	crc[2] ^ crc[0]}; `define at_posedge_clk_on_cycle(n) always @(posedge clk) if
macro_use	verilator	test_regress/t/t_nba_commit_queue_suspenable.v	STUCK-ON-SVPP-TOKEN	checkh	879	880	441	235	1689	35	8	1788	= 0; i < SIZE; i++) `checkh(array1[i], cyc - 1 + i); end #1; for (in
macro_use	verilator	test_regress/t/t_nba_hier.v	STUCK-ON-SVPP-TOKEN	checkh	1421	1426	459	222	2325	66	8	2464	@(negedge clk); `checkh(a_0.x[3:0], 4'h3); `checkh(a_1.x[7:0], 8'h33);
macro_use	verilator	test_regress/t/t_nba_mixed_update_clocked.v	STUCK-ON-SVPP-TOKEN	check	1194	1200	443	226	1397	35	8	1795	ir.a, pair.b); `check(x[0], cyc[0]); `check(x[1], cyc[0]); `check
macro_use	verilator	test_regress/t/t_nba_mixed_update_comb.v	STUCK-ON-SVPP-TOKEN	check	1612	1618	443	226	1815	48	8	2228	, z[1], z[0]); `check(x[0], cyc[0]); `check(x[1], cyc[0]); `check
macro_use	verilator	test_regress/t/t_nba_shared_flag_reuse.v	STUCK-ON-SVPP-TOKEN	checkh	707	712	463	226	1000	31	8	1537	e clk #20; `checkh(addr[0], 32'h0000_0000); reset = 1'b0; #20;
macro_use	verilator	test_regress/t/t_nba_struct_array.v	STUCK-ON-SVPP-TOKEN	define	629	631	433	227	2160	25	9	2211	ish; end end `define at_posedge_clk_on_cycle(n) always @(posedge clk) if
macro_use	verilator	test_regress/t/t_net_delay.v	STUCK-ON-SVPP-TOKEN	ifdef	1136	1137	431	225	1492	45	8	1544	e clk) #1 begin `ifdef TEST_VERBOSE $display("[%0t] cyc=%0d val1=%0d v
macro_use	verilator	test_regress/t/t_noninl_port_type.v	STUCK-ON-SVPP-TOKEN	checkh	591	596	463	226	644	24	8	934	z = 3; #1; `checkh(out[0], 1); `checkh(out[1], 2); `checkh(out[
macro_use	verilator	test_regress/t/t_oob_2state_array.v	STUCK-ON-SVPP-TOKEN	checkh	664	671	414	198	671	25	7	730	x <= idx + 1; `checkh(a[idx], idx <= 2 ? 1 : 0); end end endmodule
macro_use	verilator	test_regress/t/t_opt_assemble_cellarray.v	STUCK-ON-SVPP-TOKEN	DATA_WIDTH	430	430	345	256	1359	20	8	2242	count2 = 0; reg [`DATA_WIDTH-1:0] a = {`REP_COUNT4{4'b0000}}; reg [`DATA_WI
macro_use	verilator	test_regress/t/t_opt_cond_double.v	STUCK-ON-SVPP-TOKEN	IMPURE_ONE	481	482	437	198	482	17	7	579	$write("%f\n", `IMPURE_ONE ? 1.234 : 1.234); $write("*-* All Finished *
macro_use	verilator	test_regress/t/t_opt_const.v	STUCK-ON-SVPP-TOKEN	ifdef	1204	1205	455	1205	1916	44	44	18558	(posedge clk) begin `ifdef TEST_VERBOSE $write("[%0t] cyc==%0d crc=%x result
macro_use	verilator	test_regress/t/t_opt_const_cov.v	STUCK-ON-SVPP-TOKEN	ifdef	899	900	207	900	1569	38	38	2075	(posedge clk) begin `ifdef TEST_VERBOSE $write("[%0t] cyc==%0d crc=%x result
macro_use	verilator	test_regress/t/t_opt_const_or.v	STUCK-ON-SVPP-TOKEN	ifdef	1049	1050	207	1050	1719	46	46	2770	(posedge clk) begin `ifdef TEST_VERBOSE $write("[%0t] cyc==%0d crc=%x result
macro_use	verilator	test_regress/t/t_opt_const_red.v	STUCK-ON-SVPP-TOKEN	ifdef	5601	5602	207	5602	7427	131	131	10648	(posedge clk) begin `ifdef TEST_VERBOSE $write("[%0t] cyc==%0d crc=%x result
macro_use	verilator	test_regress/t/t_opt_const_shortcut.v	STUCK-ON-SVPP-TOKEN	ifdef	868	869	474	869	1750	39	39	2470	(posedge clk) begin `ifdef TEST_VERBOSE $write("[%0t] cyc==%0d crc=%x result
macro_use	verilator	test_regress/t/t_opt_inline_funcs.v	STUCK-ON-SVPP-TOKEN	check	838	843	442	226	1185	31	8	1500	clearBit_idx); `check(clearBit_o, (clearBit_i & ~(17'd1 << clearBit_idx)));
macro_use	verilator	test_regress/t/t_opt_life_dpi_read.v	STUCK-ON-SVPP-TOKEN	check	789	794	424	226	838	30	8	873	= getViaDpi(); `check(tmp1, 13); `check(tmp2, 14); `check(tmp3, 15)
macro_use	verilator	test_regress/t/t_opt_life_dpi_written.v	STUCK-ON-SVPP-TOKEN	check	703	708	424	226	828	24	8	865	setViaDpi(14); `check(dpiSet, 14); dpiSet = 15; setViaDpi(16);
macro_use	verilator	test_regress/t/t_opt_life_timing_loop.v	STUCK-ON-SVPP-TOKEN	checkd	1700	1701	441	226	1701	72	8	1741	e clk) begin #1 `checkd(cnt_A, cnt_B); end endmodule
macro_use	verilator	test_regress/t/t_opt_lift_expr.v	STUCK-ON-SVPP-TOKEN	checkh	878	883	612	375	905	31	10	991	initial begin `checkh(C::i, 2); `checkh(C::j, 3); $write("*-* All
macro_use	verilator	test_regress/t/t_opt_localize_deep.v	STUCK-ON-SVPP-TOKEN	dontOptimize	484	484	288	199	4301	27	7	4542	format: off if (`dontOptimize) if (`dontOptimize) if (`dontOptimize) if (`do
macro_use	verilator	test_regress/t/t_opt_merge_cond.v	STUCK-ON-SVPP-TOKEN	check	2398	2399	434	222	6413	95	8	6466	i < 64; i = i + 1) `check(shuf_a[i], crc[i]); end else begin for
macro_use	verilator	test_regress/t/t_opt_merge_cond_blowup.v	STUCK-ON-SVPP-TOKEN	__FILE__	1301	1302	199	1302	1313	46	46	1426	='h%x b[i]='h%x\n", `__FILE__, `__LINE__, cyc, i, a[i], b[i]);
macro_use	verilator	test_regress/t/t_opt_merge_cond_bug_3409.v	STUCK-ON-SVPP-TOKEN	ifdef	879	880	202	880	1549	37	37	2250	(posedge clk) begin `ifdef TEST_VERBOSE $write("[%0t] cyc==%0d crc=%x result
macro_use	verilator	test_regress/t/t_opt_merge_cond_relaxed.v	STUCK-ON-SVPP-TOKEN	checkd	1702	1707	463	226	3505	65	8	3671	aDpi(cyc + 32); `checkd(dpiWr, cyc % 4 == 2 ? cyc + 32 : 13); // DPI ca
macro_use	verilator	test_regress/t/t_opt_redor.v	STUCK-ON-SVPP-TOKEN	ifdef	759	760	203	760	1466	35	35	1885	(posedge clk) begin `ifdef TEST_VERBOSE $write("[%0t] cyc==%0d crc=%x result
macro_use	verilator	test_regress/t/t_opt_table_fsm.v	STUCK-ON-SVPP-TOKEN	ifdef	905	906	200	906	1636	37	37	3856	(posedge clk) begin `ifdef TEST_VERBOSE $write("[%0t] cyc==%0d crc=%x result
macro_use	verilator	test_regress/t/t_order_2d.v	STUCK-ON-SVPP-TOKEN	ifdef	813	814	203	814	1520	35	35	2009	(posedge clk) begin `ifdef TEST_VERBOSE $write("[%0t] cyc==%0d crc=%x result
macro_use	verilator	test_regress/t/t_package_using_dollar_unit.v	STUCK-ON-SVPP-TOKEN	checkh	1069	1076	955	225	1294	53	8	1418	c == 2) begin `checkh(my_pkg::my_type_size, 32); `checkh(my_pkg::my_
macro_use	verilator	test_regress/t/t_param_avec.v	STUCK-ON-SVPP-TOKEN	checkh	1127	1132	743	226	1160	48	8	1200	initial begin `checkh(element1, CHK); `checkh(elementf, CHK); end en
macro_use	verilator	test_regress/t/t_param_cast_default.v	STUCK-ON-SVPP-TOKEN	checkd	1334	1339	1270	223	2632	55	8	2729	initial begin `checkd(P, 8); end endmodule module t; // Original #628
macro_use	verilator	test_regress/t/t_param_hier_bad.v	IN-WINDOW		1094	1095	672	226	1324	46	8	1375	/ <--- BAD begin : block function int block_func(); return 2; e
macro_use	verilator	test_regress/t/t_param_if_blk.v	STUCK-ON-SVPP-TOKEN	ifdef	850	851	204	851	2381	40	40	2894	(posedge clk) begin `ifdef TEST_VERBOSE $write("[%0t] cyc==%0d crc=%x result
macro_use	verilator	test_regress/t/t_param_implicit_local_bad.v	STUCK-ON-SVPP-TOKEN	CHECK_PARAMS	648	651	586	508	1000	30	24	1026	parameter C = 1; `CHECK_PARAMS; endmodule module mod2 (); parameter A = 1,
macro_use	verilator	test_regress/t/t_param_implicit_string.v	STUCK-ON-SVPP-TOKEN	checks	582	587	469	226	587	21	8	649	initial begin `checks(STRG, "stringed[4096]"); $finish; end endmodul
macro_use	verilator	test_regress/t/t_param_order.v	STUCK-ON-SVPP-TOKEN	checkd	1234	1239	917	221	1633	75	8	1720	t1 != o) $stop; `checkd(t.t2, 32); `checkd(t.t3, 1); v = new; v
macro_use	verilator	test_regress/t/t_param_pattern.v	STUCK-ON-SVPP-TOKEN	checkd	897	902	782	232	1048	38	8	1146	initial begin `checkd(MY_CONFIG.UPPER0, 10); `checkd(MY_CONFIG.USE_QUA
macro_use	verilator	test_regress/t/t_param_pattern_init.v	STUCK-ON-SVPP-TOKEN	checkh	893	898	549	226	2017	37	8	2218	initial begin `checkh(AHB_ADDR[0], 32'h80001000); `checkh(AHB_ADDR[1],
macro_use	verilator	test_regress/t/t_param_pattern_init_scope.v	STUCK-ON-SVPP-TOKEN	checkh	842	847	550	226	1122	37	8	1320	edge clk) begin `checkh(package_array[0], 32'h0); `checkh(package_array[
macro_use	verilator	test_regress/t/t_param_sel.v	STUCK-ON-SVPP-TOKEN	ifdef	795	796	200	796	1508	35	35	2066	(posedge clk) begin `ifdef TEST_VERBOSE $write("[%0t] cyc==%0d crc=%x result
macro_use	verilator	test_regress/t/t_param_type_struct_member2.v	STUCK-ON-SVPP-TOKEN	checkh	637	642	552	226	679	22	8	860	initial begin `checkh(t.bar[0], 32'hdeadbeef); `checkh(t.bar[1], 32'h8
macro_use	verilator	test_regress/t/t_param_value.v	STUCK-ON-SVPP-TOKEN	define	361	365	352	365	1665	11	11	1781	c-2.0 module t; `define ASSERT(x) initial if (!(x)) $stop // See IEEE 6.20
macro_use	verilator	test_regress/t/t_paramgraph_ascrange_prelim_cfg.v	STUCK-ON-SVPP-TOKEN	checkd	1073	1078	859	418	1078	32	10	1327	l begin #1; `checkd(kWidth, 32); end endmodule module t; localparam
macro_use	verilator	test_regress/t/t_paramgraph_bisect1.v	STUCK-ON-SVPP-TOKEN	checkd	2192	2197	1877	622	2332	81	14	2727	l begin #1; `checkd($bits(ccia_types.tl_data_fld_t), 64); `checkd($b
macro_use	verilator	test_regress/t/t_paramgraph_bits_corruption.v	STUCK-ON-SVPP-TOKEN	checkd	2197	2202	2096	623	2202	65	15	2300	_cfg.XdatSize); `checkd(cb_cfg.XdatSize, 525); $write("*-* All Finished
macro_use	verilator	test_regress/t/t_paramgraph_comined_iface.v	IN-WINDOW		2959	2959	2758	796	3723	87	18	4153	edef cca_io.tlb_io_a.r_chan_t m_r_chan_a_t; // From axi_cfg_a typedef cca_io.
macro_use	verilator	test_regress/t/t_paramgraph_iface_array_ports.v	IN-WINDOW		1223	1223	1113	469	1551	44	13	1658	pe req_t = tgt_ports[0].req_t; req_t rq; endmodule module top; localparam a
macro_use	verilator	test_regress/t/t_paramgraph_iface_cfg_zero.v	IN-WINDOW		1087	1087	1009	463	1437	35	13	1541	e cc_index_t = types.cc_index_t; localparam type trans_id_t = types.trans_id_t
macro_use	verilator	test_regress/t/t_paramgraph_iface_dependency1.v	STUCK-ON-SVPP-TOKEN	checkd	917	922	791	328	953	33	9	1193	l begin #1; `checkd($bits(pair_t), 8); `checkd(p_a, 8); end endmod
macro_use	verilator	test_regress/t/t_paramgraph_iface_dependency2.v	STUCK-ON-SVPP-TOKEN	checkd	1200	1205	1003	328	1205	47	9	1294	l begin #2; `checkd(cfg_b.a, 24); $write("*-* All Finished *-*\n");
macro_use	verilator	test_regress/t/t_paramgraph_iface_dependency3.v	STUCK-ON-SVPP-TOKEN	checkd	1116	1121	927	328	1440	43	9	1528	l begin #1; `checkd($bits(pair_t), 24); `checkd(p_a, 24); `check
macro_use	verilator	test_regress/t/t_paramgraph_iface_param_from_port.v	STUCK-ON-SVPP-TOKEN	checkd	1786	1791	1353	425	1866	75	12	1952	l begin #1; `checkd(data_w0, 32); `checkd(id_w0, 4); `checkd(dat
macro_use	verilator	test_regress/t/t_paramgraph_iface_pin.v	STUCK-ON-SVPP-TOKEN	checkd	1034	1039	851	328	1102	41	9	1351	l begin #1; `checkd($bits(byte_t), 8); `checkd($bits(pair_t), 24);
macro_use	verilator	test_regress/t/t_paramgraph_iface_port_typedef.v	STUCK-ON-SVPP-TOKEN	checkd	1406	1411	1067	482	1436	57	13	1524	l begin #1; `checkd(width0, 32); `checkd(width1, 64); $write("*-
macro_use	verilator	test_regress/t/t_paramgraph_iface_template_mismatch.v	STUCK-ON-SVPP-TOKEN	checkd	1793	1798	1401	464	1882	66	13	1986	l begin #1; `checkd($bits(axil_live.addr_t), 32); `checkd($bits(axil
macro_use	verilator	test_regress/t/t_paramgraph_iface_template_mismatch2.v	STUCK-ON-SVPP-TOKEN	checkd	1865	1870	1473	497	1954	66	13	2058	l begin #1; `checkd($bits(axil_live.addr_t), 32); `checkd($bits(axil
macro_use	verilator	test_regress/t/t_paramgraph_iface_template_mismatch3.v	STUCK-ON-SVPP-TOKEN	checkd	1498	1503	1118	464	1503	57	13	1608	l begin #1; `checkd($bits(axil_live.data_t), 64); $write("*-* All Fi
macro_use	verilator	test_regress/t/t_paramgraph_iface_template_nested.v	STUCK-ON-SVPP-TOKEN	checkd	1863	1868	1570	477	1906	71	13	2008	l begin #1; `checkd($bits(wrap0.data_t), 64); `checkd($bits(wrap1.da
macro_use	verilator	test_regress/t/t_paramgraph_member_refdtype.v	STUCK-ON-SVPP-TOKEN	checkd	776	781	653	328	844	28	9	937	l begin #1; `checkd($bits(byte_t), 8); `checkd($bits(pair_t), 16);
macro_use	verilator	test_regress/t/t_paramgraph_member_refdtype_iface_chain.v	STUCK-ON-SVPP-TOKEN	checkd	913	918	631	327	1013	33	8	1106	l begin #1; `checkd($bits(byte_t), 8); `checkd($bits(byte_t2), 8);
macro_use	verilator	test_regress/t/t_paramgraph_member_refdtype_iface_struct.v	STUCK-ON-SVPP-TOKEN	checkd	916	921	698	328	984	34	9	1077	l begin #1; `checkd($bits(byte_t), 8); `checkd($bits(pair_t), 16);
macro_use	verilator	test_regress/t/t_paramgraph_member_refdtype_iface_typedef.v	STUCK-ON-SVPP-TOKEN	checkd	888	893	632	328	956	33	9	1049	l begin #1; `checkd($bits(byte_t), 8); `checkd($bits(pair_t), 16);
macro_use	verilator	test_regress/t/t_paramgraph_member_refdtype_pkg_iface.v	STUCK-ON-SVPP-TOKEN	checkd	1108	1113	833	328	1176	42	9	1269	l begin #1; `checkd($bits(byte_t), 8); `checkd($bits(pair_t), 16);
macro_use	verilator	test_regress/t/t_paramgraph_minimal_sibling.v	IN-WINDOW		1598	1598	1495	623	1803	46	15	2060	typedef wif.a_inst.data_t local_a_t; // Should be 10 bits typedef wif.b_ins
macro_use	verilator	test_regress/t/t_paramgraph_nested_iface_typedef.v	IN-WINDOW		2519	2519	2249	557	4045	84	15	4156	ypedef cca_io.tlb_io.r_chan_t m_r_chan_t; typedef cca_io.tlb_io.ar_chan_t m_ar
macro_use	verilator	test_regress/t/t_paramgraph_param_not_const.v	STUCK-ON-SVPP-TOKEN	checkd	2009	2014	1533	557	2014	75	15	2111	initial begin `checkd(cb_cfg.XdatSize, 12); $write("*-* All Finished *
macro_use	verilator	test_regress/t/t_paramgraph_paramtype_cast.v	STUCK-ON-SVPP-TOKEN	checkd	961	966	908	557	966	28	15	1056	initial begin `checkd(STATUS, 'ha5); $write("*-* All Finished *-*\n");
macro_use	verilator	test_regress/t/t_paramgraph_paramtype_range.v	STUCK-ON-SVPP-TOKEN	checkd	985	990	765	454	990	30	13	1085	m_region_lsio); `checkd(tm_region_lsio, 2); $write("*-* All Finished *-*
macro_use	verilator	test_regress/t/t_paramgraph_refdtype_iface.v	STUCK-ON-SVPP-TOKEN	checkd	932	937	760	454	970	34	13	1061	l begin #1; `checkd($bits(nibble_t), 4); `checkd($bits(sum), 4);
macro_use	verilator	test_regress/t/t_paramgraph_refdtype_unlinked.v	STUCK-ON-SVPP-TOKEN	checkd	1284	1289	1009	510	1289	42	13	1441	initial begin `checkd($bits(TAG_ZERO), 17); $write("*-* All Finished *
macro_use	verilator	test_regress/t/t_paramgraph_simple_cache_localparam_cfg.v	STUCK-ON-SVPP-TOKEN	checkd	3143	3148	2464	454	3232	123	13	3323	l begin #1; `checkd(tag_bits0, 24); `checkd(drow_bits0, 5); `che
macro_use	verilator	test_regress/t/t_paramgraph_simple_cache_types_if.v	STUCK-ON-SVPP-TOKEN	checkd	3364	3369	2428	469	3519	121	13	3610	l begin #1; `checkd(tag_bits0, 24); `checkd(tag_addr_bits0, 32);
macro_use	verilator	test_regress/t/t_pgo_profoutofdate_bad.v	PAST-LAST-TICK		483	484	471	453	453	27	26	604	config profile_data -model "x" -mtask "h7baded98__0" -cost 64'd12345678901234567
macro_use	verilator	test_regress/t/t_probdist.v	STUCK-ON-SVPP-TOKEN	checkd	568	573	431	226	2667	22	8	2755	quare(seed, 5); `checkd(seed, 923940542); `checkd(r, 8); sum = 1;
macro_use	verilator	test_regress/t/t_process_rand_state.v	STUCK-ON-SVPP-TOKEN	checkd	1000	1005	662	223	1439	35	8	1709	et_randstate(); `checkd(d.randomize(), 1); result = d.x; // Pass 2:
macro_use	verilator	test_regress/t/t_process_rand_state_fork.v	STUCK-ON-SVPP-TOKEN	checkd	820	829	498	223	1141	33	8	1238	d = new; `checkd(d.randomize(), 1); result_a = d.x; end
macro_use	verilator	test_regress/t/t_process_self_srand.v	STUCK-ON-SVPP-TOKEN	optimize_barrier	378	383	345	221	383	17	8	708	on process p(); `optimize_barrier; return process::self(); endfunction
macro_use	verilator	test_regress/t/t_prof.v	STUCK-ON-SVPP-TOKEN	ifdef	212	213	203	213	1180	8	8	1602	CC0-1.0 module t( `ifdef T_PROF clk `endif ); `ifdef T_PROF input clk; `
macro_use	verilator	test_regress/t/t_prop_always.v	IN-WINDOW		1788	1788	428	223	3784	51	8	3908	e low_bounded_fail_q.push_back(cyc); assert property (@(posedge clk) always [
macro_use	verilator	test_regress/t/t_prop_always_wide.v	STUCK-ON-SVPP-TOKEN	checkd	1162	1168	428	223	1365	33	8	1481	+33 = 33..49. `checkd(wide_pass_q.size(), 17); `checkd(wide_pass_q[0
macro_use	verilator	test_regress/t/t_prop_followed_by.v	IN-WINDOW		228	231	231	200	2159	8	7	2259	ckd(gotv, expv) \ do if ((gotv) !== (expv)) begin \ $write("%%Error: %s:%0
macro_use	verilator	test_regress/t/t_property_accept_reject_on.v	STUCK-ON-SVPP-TOKEN	ifdef	3166	3167	623	223	3959	86	8	4080	(posedge clk) begin `ifdef TEST_VERBOSE $write("[%0t] cyc==%0d crc=%x body=%
macro_use	verilator	test_regress/t/t_property_case.v	STUCK-ON-SVPP-TOKEN	stop	1662	1663	426	221	1874	73	8	1977	_only_default) else `stop; always @(posedge clk) begin cyc <= cyc + 1;
macro_use	verilator	test_regress/t/t_property_default_clocking_sexpr.v	STUCK-ON-SVPP-TOKEN	checkh	3685	3692	2045	223	4150	122	8	4271	== 99) begin `checkh(crc, 64'hc77bb9b3784ea091); `checkd(count_fail
macro_use	verilator	test_regress/t/t_property_disable_iff_midreset.v	STUCK-ON-SVPP-TOKEN	checkd	1383	1390	611	375	1417	49	10	1518	== 16) begin `checkd(fails_a, 0); `checkd(fails_b, 1); $write
macro_use	verilator	test_regress/t/t_property_if_else.v	STUCK-ON-SVPP-TOKEN	checkd	791	798	458	221	798	29	8	2193	== 10) begin `checkd(vacuous_passes, 10); $write("*-* All Finished
macro_use	verilator	test_regress/t/t_property_imply_delay.v	STUCK-ON-SVPP-TOKEN	ifdef	1577	1578	655	223	2114	44	8	2231	(posedge clk) begin `ifdef TEST_VERBOSE $write("[%0t] cyc==%0d crc=%x a=%b b
macro_use	verilator	test_regress/t/t_property_negated.v	STUCK-ON-SVPP-TOKEN	MAX	291	291	218	202	697	15	7	836	t cyc = 0; logic [`MAX:0] val = {`MAX+1{1'b0}}; initial val[0] = 1; Test
macro_use	verilator	test_regress/t/t_property_pexpr.v	IN-WINDOW		632	637	637	226	1494	12	8	2510	TY_CHECK(msg) \ $display("[%0t] stmt, %s, fileline:%d", $time, msg, `__LINE_
macro_use	verilator	test_regress/t/t_property_s_eventually.v	IN-WINDOW		250	255	255	221	843	9	8	1034	TY_CHECK(msg) \ $display("[%0t] stmt, %s", $time, msg); \ else \ $disp
macro_use	verilator	test_regress/t/t_property_sexpr.v	STUCK-ON-SVPP-TOKEN	ifdef	646	647	303	198	5147	39	7	5169	++val; ++cyc; `ifdef TEST_VERBOSE $display("[%0t] cyc=%0d val=%0d", $t
macro_use	verilator	test_regress/t/t_property_sexpr_cov.v	STUCK-ON-SVPP-TOKEN	ifdef	429	430	198	430	1269	24	24	1291	) begin ->e1; `ifdef TEST_VERBOSE $display("[%0t] triggered e1", $ti
macro_use	verilator	test_regress/t/t_property_sexpr_disable.v	STUCK-ON-SVPP-TOKEN	checkh	1137	1144	427	221	1144	45	8	1251	3] = '{6, 0}; `checkh(results, expected); $write("*-* All Finished *
macro_use	verilator	test_regress/t/t_property_sexpr_disable_sampled.v	STUCK-ON-SVPP-TOKEN	checkh	719	726	427	221	752	27	8	850	== MAX) begin `checkh(passes, 3); `checkh(fails, 4); $write("*
macro_use	verilator	test_regress/t/t_property_sexpr_multi.v	STUCK-ON-SVPP-TOKEN	checkh	2502	2509	824	279	5254	104	10	5896	6] = '{0, 1}; `checkh(results, expected); $write("*-* All Finished *
macro_use	verilator	test_regress/t/t_property_sexpr_range_delay.v	STUCK-ON-SVPP-TOKEN	ifdef	1009	1010	595	223	1635	36	8	5401	(posedge clk) begin `ifdef TEST_VERBOSE $write("[%0t] cyc==%0d crc=%x a=%b b
macro_use	verilator	test_regress/t/t_property_sexpr_unsup.v	STUCK-ON-SVPP-TOKEN	__LINE__	642	643	198	643	3789	29	29	3806	ileline:%d", $time, `__LINE__); assert property (@(posedge clk) ##1 1 |-> not
macro_use	verilator	test_regress/t/t_property_until.v	IN-WINDOW		257	257	253	198	2697	9	7	2804	expv) do if ((gotv) !== (expv)) begin $write("%%Error: %s:%0d:
macro_use	verilator	test_regress/t/t_property_until_implication.v	STUCK-ON-SVPP-TOKEN	ifdef	1559	1560	460	223	2178	44	8	2285	(posedge clk) begin `ifdef TEST_VERBOSE $write("[%0t] cyc==%0d crc=%x trig=%
macro_use	verilator	test_regress/t/t_public_clk.v	STUCK-ON-SVPP-TOKEN	IMPURE_ONE	532	533	445	202	533	19	7	722	wire other_clk = `IMPURE_ONE & clk; always_ff @(posedge other_clk) begin
macro_use	verilator	test_regress/t/t_public_seq.v	STUCK-ON-SVPP-TOKEN	IMPURE_ONE	649	650	445	202	650	25	7	1132	ys_comb comb_byte = `IMPURE_ONE ? pub_byte : '0; always_ff @(posedge clk) beg
macro_use	verilator	test_regress/t/t_pull_bitsel.v	STUCK-ON-SVPP-TOKEN	checkh	3135	3140	2614	424	3140	109	12	3238	lue, expected); `checkh(out_value, expected); $write("*-* All Finished *
macro_use	verilator	test_regress/t/t_pull_bitsel_whole.v	STUCK-ON-SVPP-TOKEN	checkh	1869	1874	1602	237	1941	79	9	2036	initial begin `checkh(out_value, 16'h55A6); `checkh(direct_mask, 8'h55
macro_use	verilator	test_regress/t/t_queue.v	STUCK-ON-SVPP-TOKEN	checkh	1094	1099	828	226	7145	34	8	7463	l(iq[0], 9000); `checkh(iq.size(), 1); `checks(iq[0], 9000); iq[1]++
macro_use	verilator	test_regress/t/t_queue_arg.v	STUCK-ON-SVPP-TOKEN	checks	884	889	635	226	1084	36	8	1187	splay("%p", q); `checks(q.m_queue[0].name1, "n1"); `checks(q.m_queue[0].
macro_use	verilator	test_regress/t/t_queue_compare.v	STUCK-ON-SVPP-TOKEN	check_eq	939	946	749	251	1515	28	8	1609	ush_back(-2); `check_eq(q1, q2) q2.push_back(3); `check_ne(q1
macro_use	verilator	test_regress/t/t_queue_init.v	STUCK-ON-SVPP-TOKEN	checkd	581	586	431	226	1123	22	8	1214	initial begin `checkd(a1.size, 2); `checkd(a1[0], 12); `checkd(a1[
macro_use	verilator	test_regress/t/t_queue_method.v	STUCK-ON-SVPP-TOKEN	checkp	1817	1822	906	226	7530	61	8	7619	1, 2, 2, 4, 3}; `checkp(q, "'{'h1, 'h2, 'h2, 'h4, 'h3}"); // sort/rsort
macro_use	verilator	test_regress/t/t_queue_persistence.v	STUCK-ON-SVPP-TOKEN	ifdef	512	513	431	226	1157	18	8	1277	nc(ref int vrefed); `ifdef TEST_NOINLINE // verilator no_inline_task `endif
macro_use	verilator	test_regress/t/t_queue_slice.v	STUCK-ON-SVPP-TOKEN	checkh	998	1003	828	226	3625	25	8	3723	i = q.size(); `checkh(i, 1); `checkp(q, "'{\"non-empty\"}"); q =
macro_use	verilator	test_regress/t/t_queue_slice_assign.v	STUCK-ON-SVPP-TOKEN	checkh	586	591	430	223	1382	19	8	1470	'{99, 88, 77}; `checkh(q[0], 10); `checkh(q[1], 99); `checkh(q[2],
macro_use	verilator	test_regress/t/t_queue_struct.v	STUCK-ON-SVPP-TOKEN	checkd	735	740	431	226	890	30	8	980	res = bar(); `checkd(res.b[0], 0); `checkd(res.b[1], 1); `checkd(
macro_use	verilator	test_regress/t/t_queue_unpacked.v	STUCK-ON-SVPP-TOKEN	checks	874	881	432	226	1662	37	8	1738	b1 = iq[1]; `checks(b0[0], "hello"); `checks(b0[1], "world");
macro_use	verilator	test_regress/t/t_randc_constraint.v	STUCK-ON-SVPP-TOKEN	checkd	1283	1292	772	365	7601	33	11	8155	andomize(); `checkd(randomize_result, 1); `check_range(value, 3,
macro_use	verilator	test_regress/t/t_randc_enum_constraint.v	STUCK-ON-SVPP-TOKEN	checkd	1215	1222	554	223	2201	46	8	2292	at (40) begin `checkd(c.randomize(), 1); `checkd(c.color <= BLACK, 1
macro_use	verilator	test_regress/t/t_randc_wide_constraint.v	STUCK-ON-SVPP-TOKEN	checkd	1415	1422	1121	432	2712	53	12	2805	.randomize(); `checkd(rand_ok, 1) end // Test 2: randc 16-bit wit
macro_use	verilator	test_regress/t/t_randcase.v	STUCK-ON-SVPP-TOKEN	check_range	1041	1046	570	226	2297	41	8	2428	endcase end `check_range(counts[0], 0, 0); `check_range(counts[1], C
macro_use	verilator	test_regress/t/t_randomize_array.v	IN-WINDOW		231	232	232	200	6233	8	7	7846	k_rand(cl, field) \ begin \ longint prev_result; \ int ok = 0; \ void'(
macro_use	verilator	test_regress/t/t_randomize_assoc_size.v	STUCK-ON-SVPP-TOKEN	checkd	1067	1072	428	223	1311	37	8	1415	bj.randomize(); `checkd(rand_ok, 1); `checkd(str_obj.data.size(), 3);
macro_use	verilator	test_regress/t/t_randomize_class_inherit_size_foreach.v	STUCK-ON-SVPP-TOKEN	checkd	1954	1961	1753	223	2279	76	8	2390	seq.body(); `checkd(seq.req.p_d.size(), seq.req.d_s_dw / 16) if (s
macro_use	verilator	test_regress/t/t_randomize_derived_this.v	STUCK-ON-SVPP-TOKEN	checkd	1521	1528	1357	223	1803	61	8	1937	at (20) begin `checkd(d.do_randomize(), 1) `checkd(d.cfg.enabled, 1)
macro_use	verilator	test_regress/t/t_randomize_dist_conditional.v	STUCK-ON-SVPP-TOKEN	checkd	2326	2333	877	211	2333	71	8	3543	.randomize(); `checkd(p, 1); if (i < 10) obj.display(i); //
macro_use	verilator	test_regress/t/t_randomize_dist_foreach.v	STUCK-ON-SVPP-TOKEN	checkd	853	860	428	223	928	33	8	1046	at (20) begin `checkd(it.randomize(), 1); foreach (it.arr[i]) begin
macro_use	verilator	test_regress/t/t_randomize_dist_implication.v	STUCK-ON-SVPP-TOKEN	checkd	1339	1346	1153	223	1840	60	8	2027	.randomize(); `checkd(p, 1); // Implication is forced to fire by for
macro_use	verilator	test_regress/t/t_randomize_local_paramed.v	STUCK-ON-SVPP-TOKEN	checkd	1368	1375	1216	223	1449	61	8	1570	at (20) begin `checkd(drvp.do_rand(32'd42), 32'd1) end repeat (20
macro_use	verilator	test_regress/t/t_randomize_method.v	IN-WINDOW		223	224	224	192	4463	8	7	4578	k_rand(cl, field) \ begin \ automatic longint prev_result; \ automatic int
macro_use	verilator	test_regress/t/t_randomize_method_with.v	IN-WINDOW		233	234	234	202	3415	8	7	4558	k_rand(cl, field) \ begin \ automatic longint prev_result; \ automatic int
macro_use	verilator	test_regress/t/t_randomize_null.v	STUCK-ON-SVPP-TOKEN	checkd	2379	2384	2089	223	6288	117	8	6383	andomize(null); `checkd(i, 0); `checkd(a.x, 2); `checkd(a.v, 1);
macro_use	verilator	test_regress/t/t_randomize_null_object.v	STUCK-ON-SVPP-TOKEN	checkd	889	894	770	223	1005	27	8	1106	bj.randomize(); `checkd(rand_result, 0); obj = new(); rand_result =
macro_use	verilator	test_regress/t/t_randomize_param_with.v	IN-WINDOW		247	248	248	202	1120	8	7	1321	ld, constr, cond) \ begin \ automatic longint prev_result; \ automatic int o
macro_use	verilator	test_regress/t/t_randomize_prepost.v	STUCK-ON-SVPP-TOKEN	checkd	571	576	482	226	1994	22	8	2087	pre_randomize; `checkd(m_pre, 0); `checkd(r, enumed_t'(0)); `checkd
macro_use	verilator	test_regress/t/t_randomize_prepost_nested.v	STUCK-ON-SVPP-TOKEN	checkd	3443	3450	3264	223	5353	176	8	5463	.randomize(); `checkd(r, 1); `checkd(obj.pre_count, 1); `check
macro_use	verilator	test_regress/t/t_randomize_queue_constraints.v	IN-WINDOW		239	240	240	202	1195	8	7	1378	(cl, field, cond) \ begin \ automatic longint prev_result; \ automatic int
macro_use	verilator	test_regress/t/t_randomize_queue_size.v	IN-WINDOW		239	240	240	202	1790	8	7	1903	(cl, field, cond) \ begin \ automatic longint prev_result; \ automatic int o
macro_use	verilator	test_regress/t/t_randomize_queue_size_element.v	IN-WINDOW		225	226	226	188	1771	8	7	2004	(cl, field, cond) \ begin \ automatic longint prev_result; \ automatic int o
macro_use	verilator	test_regress/t/t_randomize_rand_mode.v	STUCK-ON-SVPP-TOKEN	checkh	501	506	433	226	2738	17	8	2941	e.rand_mode(0); `checkh(m_one.rand_mode(), 0); verify(0); m_one.ran
macro_use	verilator	test_regress/t/t_randomize_rand_mode_static.v	STUCK-ON-SVPP-TOKEN	checkd	2624	2628	2258	223	9033	103	8	9142	ate is enabled) `checkd(s1.sx.rand_mode(), 1); `checkd(s2.sx.rand_mode()
macro_use	verilator	test_regress/t/t_randomize_randmode_subobj.v	STUCK-ON-SVPP-TOKEN	checkd	1496	1503	1381	223	2644	51	8	2765	at (20) begin `checkd(obj.randomize(), 1) `check_range(obj.nested.va
macro_use	verilator	test_regress/t/t_randomize_real.v	STUCK-ON-SVPP-TOKEN	checkd	670	677	472	226	792	30	8	1180	.randomize(); `checkd(i, 1); rbits = $realtobits(c.m_real); `ifdef
macro_use	verilator	test_regress/t/t_randomize_shift_distribution.v	STUCK-ON-SVPP-TOKEN	checkd	1916	1923	1288	223	3073	63	8	3170	.randomize(); `checkd(i, 1); r.fa1.tally; r.fa15.tally;
macro_use	verilator	test_regress/t/t_randomize_soft.v	STUCK-ON-SVPP-TOKEN	checkd	1823	1830	1543	283	2585	68	10	2678	.randomize(); `checkd(rand_ok, 1) `checkd(c1.x, 5) // Case 2:
macro_use	verilator	test_regress/t/t_randomize_soft_cross_object.v	STUCK-ON-SVPP-TOKEN	checkd	1399	1406	1317	223	1803	55	8	1915	at (10) begin `checkd(obj.randomize(), 1) // Two-level cross-object
macro_use	verilator	test_regress/t/t_randomize_soft_relaxation.v	STUCK-ON-SVPP-TOKEN	checkd	1478	1485	1397	223	1547	38	8	1658	at (20) begin `checkd(obj.randomize(), 1) `checkd(obj.a, 8'd80)
macro_use	verilator	test_regress/t/t_randomize_solve_before_foreach.v	IN-WINDOW		999	1000	747	223	2531	41	8	2635	i]) { solve mode before data[i]; if (mode == 0) data[i
macro_use	verilator	test_regress/t/t_randomize_srandom.v	STUCK-ON-SVPP-TOKEN	checkne	2449	2454	2123	226	3394	105	8	3480	b = cb.test1(); `checkne(sa, sb); // Could false-fail 2^-32 // Seed th
macro_use	verilator	test_regress/t/t_randomize_std_inside_queue.v	IN-WINDOW		667	667	428	223	1111	25	8	1336	{x inside {int_q};}; `checkd(ok, 1); `checkd(int_q.size(), 4); `che
macro_use	verilator	test_regress/t/t_randomize_std_param_extends.v	STUCK-ON-SVPP-TOKEN	checkd	923	930	571	223	2433	31	8	2602	mize(my_var); `checkd(ok, 1); endtask endclass // std::randomize
macro_use	verilator	test_regress/t/t_randomize_std_static.v	IN-WINDOW		1118	1118	542	337	1329	37	11	1529	e {allowed_instrs};}; `checkd(ok, 1); return name; endfunction
macro_use	verilator	test_regress/t/t_randomize_subobj_enum.v	IN-WINDOW		516	519	519	223	1993	14	8	2109	num_color(gotv) \ if ((gotv) !== RED && (gotv) !== GREEN && (gotv) !== BLUE) b
macro_use	verilator	test_regress/t/t_randomize_this_inline.v	STUCK-ON-SVPP-TOKEN	checkd	1557	1562	1260	223	2276	45	8	2377	< 8'd50; }; `checkd(rand_ok, 1) `check_range(item.value, 11, 49)
macro_use	verilator	test_regress/t/t_randomize_this_with.v	STUCK-ON-SVPP-TOKEN	checkd	559	564	425	220	588	19	8	727	{v_rand == 0;}; `checkd(v_rand, 0); `checkd(v_norand, 42); endtask end
macro_use	verilator	test_regress/t/t_randomize_unique_elem.v	STUCK-ON-SVPP-TOKEN	checkd	1648	1655	1511	223	1894	69	8	2000	at (20) begin `checkd(ues.randomize(), 1) `checkd(ues.check_unique()
macro_use	verilator	test_regress/t/t_randomize_with_constraint.v	STUCK-ON-SVPP-TOKEN	checkd	2411	2418	2295	226	3057	83	8	3159	icted(c, 10); `checkd(i, 1); `check_range(c.m_x, 1, 9); i = fu
macro_use	verilator	test_regress/t/t_randsequence.v	STUCK-ON-SVPP-TOKEN	checkd	1351	1356	863	375	5959	46	10	6083	endsequence `checkd(x, 10); x = 0; randsequence(first) ig
macro_use	verilator	test_regress/t/t_randsequence_func.v	STUCK-ON-SVPP-TOKEN	checkd	1075	1080	561	375	2330	38	10	2425	equence end `checkd(counts[1], COUNT * (10 + 20)); `checkd(counts[2]
macro_use	verilator	test_regress/t/t_randsequence_randjoin.v	STUCK-ON-SVPP-TOKEN	checkd	1230	1235	863	375	2188	37	10	2309	endsequence `checkd(x, 10); prep(); for (int i = 0; i < COUNT;
macro_use	verilator	test_regress/t/t_randsequence_recurse.v	STUCK-ON-SVPP-TOKEN	checkd	866	872	611	375	872	29	10	956	endsequence `checkd(o, 4); $write("*-* All Finished *-*\n"); $f
macro_use	verilator	test_regress/t/t_randsequence_svtests.v	STUCK-ON-SVPP-TOKEN	checkd	976	981	351	165	4087	39	7	4134	endsequence `checkd(x, 6); x = 0; randsequence(main) main
macro_use	verilator	test_regress/t/t_real_out_of_bounds.v	STUCK-ON-SVPP-TOKEN	checks	660	669	432	226	735	21	8	892	a_real[i]); `checks(s, "0"); s = $sformatf("%p", sa_real[i]);
macro_use	verilator	test_regress/t/t_ref_arg_array_range_dir.v	STUCK-ON-SVPP-TOKEN	ifdef	787	788	715	478	2182	20	14	2277	ic [3:0][7:0] arr); `ifdef T_NOINLINE // verilator no_inline_task `endif
macro_use	verilator	test_regress/t/t_reloop_cam.v	STUCK-ON-SVPP-TOKEN	ifdef	1648	1649	203	1649	2404	60	60	4230	(posedge clk) begin `ifdef TEST_VERBOSE $write("[%0t] cyc==%0d crc=%x result
macro_use	verilator	test_regress/t/t_reloop_offset.v	STUCK-ON-SVPP-TOKEN	show	539	544	261	199	849	25	7	928	shift down 1"); `show(63); `show(62); `show(61); `show(32);
macro_use	verilator	test_regress/t/t_risefall_delay.v	STUCK-ON-SVPP-TOKEN	check_scalar	861	866	561	227	2367	26	7	2466	l begin #4; `check_scalar(1'b0); `checkh(out_vec_assign, 4'h0);
macro_use	verilator	test_regress/t/t_runflag_seed.v	STUCK-ON-SVPP-TOKEN	checkh	562	567	433	226	567	17	8	650	) !== 1) $stop; `checkh(r, ex); $write("*-* All Finished *-*\n"); $f
macro_use	verilator	test_regress/t/t_scheduling_0.v	STUCK-ON-SVPP-TOKEN	IMPURE_ONE	843	844	589	348	844	29	9	1613	f_also = clk_half & `IMPURE_ONE; // Random data updated by full speed clock
macro_use	verilator	test_regress/t/t_scheduling_2.v	STUCK-ON-SVPP-TOKEN	IMPURE_ONE	1058	1059	589	348	1124	43	9	1148	ys @(clk) a = cyc + `IMPURE_ONE; always @(a) b = a + `IMPURE_ONE; assign c =
macro_use	verilator	test_regress/t/t_scheduling_3.v	STUCK-ON-SVPP-TOKEN	IMPURE_ONE	1054	1055	589	348	1124	43	9	1148	always @(a) b = a + `IMPURE_ONE; always @(cyc) a = cyc + `IMPURE_ONE; assign
macro_use	verilator	test_regress/t/t_scheduling_4.v	STUCK-ON-SVPP-TOKEN	IMPURE_ONE	1111	1112	589	348	1185	45	9	1209	e cyc[0]) a = cyc + `IMPURE_ONE; always @(edge a[0]) b = a + `IMPURE_ONE; as
macro_use	verilator	test_regress/t/t_scheduling_initial_event.v	STUCK-ON-SVPP-TOKEN	checkh	1860	1866	463	226	2558	73	8	2997	changeNTime); `checkh(pEdgeCnt, 2); `checkh(nEdgeCnt, 2); `checkh(
macro_use	verilator	test_regress/t/t_scheduling_many_clocks.v	STUCK-ON-SVPP-TOKEN	checkh	1402	1409	463	226	1409	56	8	1473	final begin `checkh(cnt_plus_one, ITERATIONS + 1); end end endmod
macro_use	verilator	test_regress/t/t_scheduling_virt_iface_array.v	STUCK-ON-SVPP-TOKEN	checkh	1446	1447	806	386	1540	57	12	1728	case (cyc) 2: `checkh(obs0, 8'hAA); 3: `checkh(obs1, 8'hBB); 4
macro_use	verilator	test_regress/t/t_scheduling_virt_iface_dual_vif.v	STUCK-ON-SVPP-TOKEN	checkh	1432	1433	752	492	1538	47	13	1730	case (cyc) 2: `checkh(observed, 8'hAA); 3: `checkh(observed, 8'hBB);
macro_use	verilator	test_regress/t/t_scheduling_virt_iface_nonvirt_write.v	STUCK-ON-SVPP-TOKEN	checkh	1327	1328	739	479	1433	47	13	1625	case (cyc) 2: `checkh(observed, 8'hAA); 3: `checkh(observed, 8'hCC);
macro_use	verilator	test_regress/t/t_scheduling_zero_delay.v	STUCK-ON-SVPP-TOKEN	check	885	890	588	375	890	35	10	1009	, $time, a, b); `check(b, a + 10); end initial begin #99; $writ
macro_use	verilator	test_regress/t/t_select_2d.v	STUCK-ON-SVPP-TOKEN	ifdef	807	808	203	808	1514	35	35	1877	(posedge clk) begin `ifdef TEST_VERBOSE $write("[%0t] cyc==%0d crc=%x result
macro_use	verilator	test_regress/t/t_select_ascending.v	STUCK-ON-SVPP-TOKEN	ifdef	1318	1319	203	1319	2067	47	47	2169	(posedge clk) begin `ifdef TEST_VERBOSE $write("[%0t] sels=%x,%x,%x,%x %x,%x
macro_use	verilator	test_regress/t/t_select_bound1.v	STUCK-ON-SVPP-TOKEN	ifdef	868	869	213	869	1583	39	39	2213	(posedge clk) begin `ifdef TEST_VERBOSE $write("[%0t] cyc==%0d crc=%x out=%b
macro_use	verilator	test_regress/t/t_select_bound2.v	STUCK-ON-SVPP-TOKEN	ifdef	868	869	213	869	1583	39	39	2212	(posedge clk) begin `ifdef TEST_VERBOSE $write("[%0t] cyc==%0d crc=%x out=%b
macro_use	verilator	test_regress/t/t_select_bound_side_effect.v	STUCK-ON-SVPP-TOKEN	checkh	730	731	578	370	1778	22	10	1879	x++; if (i < 5) `checkh(arr[i], expected); endtask function int get_y;
macro_use	verilator	test_regress/t/t_select_bound_timing_intra.v	STUCK-ON-SVPP-TOKEN	checkh	701	702	578	370	726	21	10	900	#1; if (i < 5) `checkh(arr[i], i); `checkh($time, t + 2); endtask
macro_use	verilator	test_regress/t/t_select_lhs_oob2.v	STUCK-ON-SVPP-TOKEN	ifdef	1001	1002	203	1002	1714	44	44	3299	(posedge clk) begin `ifdef TEST_VERBOSE $write("[%0t] cyc==%0d crc=%x result
macro_use	verilator	test_regress/t/t_select_little.v	STUCK-ON-SVPP-TOKEN	ifdef	1319	1320	203	1320	2068	47	47	2170	(posedge clk) begin `ifdef TEST_VERBOSE $write("[%0t] sels=%x,%x,%x,%x %x,%x
macro_use	verilator	test_regress/t/t_select_mul_extend.v	STUCK-ON-SVPP-TOKEN	ifdef	1021	1022	208	1022	1734	41	41	2612	(posedge clk) begin `ifdef TEST_VERBOSE $write("[%0t] cyc==%0d crc=%x result
macro_use	verilator	test_regress/t/t_select_negative.v	STUCK-ON-SVPP-TOKEN	ifdef	1063	1064	203	1064	1781	42	42	1883	(posedge clk) begin `ifdef TEST_VERBOSE $write("[%0t] sels=%x,%x,%x %x,%x,%x
macro_use	verilator	test_regress/t/t_semaphore.v	STUCK-ON-SVPP-TOKEN	SEMAPHORE_T	549	551	524	431	569	22	15	1196	t; // From UVM: `SEMAPHORE_T s; `SEMAPHORE_T s2; initial begin s =
macro_use	verilator	test_regress/t/t_sequence_bool_ops.v	STUCK-ON-SVPP-TOKEN	ifdef	764	765	431	223	1232	29	8	7098	(posedge clk) begin `ifdef TEST_VERBOSE $write("[%0t] cyc==%0d crc=%x a=%b b
macro_use	verilator	test_regress/t/t_sequence_first_match.v	STUCK-ON-SVPP-TOKEN	ifdef	1947	1948	623	223	2526	61	8	2630	(posedge clk) begin `ifdef TEST_VERBOSE $write("[%0t] cyc==%0d crc=%x a=%b b
macro_use	verilator	test_regress/t/t_sequence_intersect.v	STUCK-ON-SVPP-TOKEN	ifdef	711	712	431	223	1179	28	8	3173	(posedge clk) begin `ifdef TEST_VERBOSE $write("[%0t] cyc==%0d crc=%x a=%b b
macro_use	verilator	test_regress/t/t_sequence_sexpr_throughout.v	STUCK-ON-SVPP-TOKEN	ifdef	2953	2954	724	223	3771	78	8	3891	(posedge clk) begin `ifdef TEST_VERBOSE $write("[%0t] cyc==%0d crc=%x cond=%
macro_use	verilator	test_regress/t/t_sequence_within.v	STUCK-ON-SVPP-TOKEN	checkh	3549	3556	850	223	4549	102	8	4556	== 99) begin `checkh(crc, 64'hc77bb9b3784ea091); // p1/p2/p5 use |-
macro_use	verilator	test_regress/t/t_split_var_4.v	STUCK-ON-SVPP-TOKEN	ifdef	1014	1015	364	213	2232	45	7	2239	(posedge clk) begin `ifdef TEST_VERBOSE $write("[%0t] cyc==%0d crc=%x result
macro_use	verilator	test_regress/t/t_split_var_auto.v	STUCK-ON-SVPP-TOKEN	checkh	1198	1203	463	226	1302	38	8	2387	edge clk) begin `checkh(out0, cnt + 32'd10); `checkh(out1, cnt + 32'd20)
macro_use	verilator	test_regress/t/t_static_init_pkg_order.v	STUCK-ON-SVPP-TOKEN	checkd	2123	2128	1986	223	2170	94	8	2269	rvice_t::get(); `checkd(pkg_a::deferred_q.size(), 0); `checkd(pkg_a::g_s
macro_use	verilator	test_regress/t/t_static_task_args.v	STUCK-ON-SVPP-TOKEN	checkd	610	611	426	221	2008	21	8	2126	nout int x); #5 `checkd(x, expected); endtask task factorial1(input [31
macro_use	verilator	test_regress/t/t_std_randomize.v	STUCK-ON-SVPP-TOKEN	checkd	1854	1859	957	223	4228	82	8	4646	test.data_x_4; `checkd(std::randomize(test.addr, test.data), 1); if (te
macro_use	verilator	test_regress/t/t_std_randomize_assoc.v	STUCK-ON-SVPP-TOKEN	checkd	768	773	488	223	1406	25	8	1489	soc_int[2] = 0; `checkd(std::randomize(assoc_int), 1); // Test 2: std::
macro_use	verilator	test_regress/t/t_std_randomize_queue.v	STUCK-ON-SVPP-TOKEN	checkd	749	754	494	223	1913	28	8	1996	0, 8'd0, 8'd0}; `checkd(std::randomize(q8), 1); // Test 2: std::randomi
macro_use	verilator	test_regress/t/t_stop_winos_bad.v	STUCK-ON-SVPP-TOKEN	__FILE__	300	301	260	203	301	10	7	518	m string FILENAME = `__FILE__; initial begin $write("Intentional stop\n");
macro_use	verilator	test_regress/t/t_stream2.v	STUCK-ON-SVPP-TOKEN	ifdef	870	871	203	871	1636	36	36	2024	(posedge clk) begin `ifdef TEST_VERBOSE $write("[%0t] cyc==%0d crc=%x result
macro_use	verilator	test_regress/t/t_stream3.v	STUCK-ON-SVPP-TOKEN	ifdef	855	856	432	226	2471	36	8	2509	(posedge clk) begin `ifdef TEST_VERBOSE $write("[%0t] cyc==%0d crc=%x\n", $t
macro_use	verilator	test_regress/t/t_stream_bitqueue.v	STUCK-ON-SVPP-TOKEN	checkh	1392	1399	599	226	16468	41	8	16845	h_back(1'b1); `checkh(bit_q[0], 1'b0); `checkh(bit_q[1], 1'b1);
macro_use	verilator	test_regress/t/t_stream_crc_example.v	STUCK-ON-SVPP-TOKEN	checkh	1277	1282	624	226	2229	48	8	2743	{8'h84, 8'haa}; `checkh(p[0], 8'h84); `checkh(p[1], 8'haa); bits =
macro_use	verilator	test_regress/t/t_stream_dynamic.v	STUCK-ON-SVPP-TOKEN	checkp	1254	1259	735	225	5607	42	8	5778	t{arr}} = bit6; `checkp(arr, "'{'h1, 'h1, 'h1, 'h0, 'h0, 'h0}"); ans = {
macro_use	verilator	test_regress/t/t_stream_queue.v	STUCK-ON-SVPP-TOKEN	checks	1500	1505	386	203	12652	55	7	12782	<<8{byte_pkt}}; `checks(o_char,i_char); byte_pkt = {<<8{i_short}};
macro_use	verilator	test_regress/t/t_stream_struct.v	STUCK-ON-SVPP-TOKEN	ifdef	684	685	203	685	1345	32	32	1702	(posedge clk) begin `ifdef TEST_VERBOSE $write("[%0t] cyc==%0d crc=%x out=%x
macro_use	verilator	test_regress/t/t_stream_type.v	STUCK-ON-SVPP-TOKEN	checkh	701	706	433	226	938	21	8	986	%b", foo0, b); `checkh(b, 1'b0); b = |type(logic [$bits(foo2)-1:0])'({
macro_use	verilator	test_regress/t/t_stream_unpack.v	STUCK-ON-SVPP-TOKEN	checkp	1637	1642	732	225	10668	48	8	10808	{arr}} = bit6; `checkp(arr, "'{'h1, 'h1, 'h1, 'h0, 'h0, 'h0}"); arr =
macro_use	verilator	test_regress/t/t_stream_unpack_wider.v	STUCK-ON-SVPP-TOKEN	checks	1408	1413	596	225	2469	35	8	2558	f("%p", dst_1); `checks(gotv, expv); // unpack as target, StreamL {
macro_use	verilator	test_regress/t/t_stream_unpacked_struct.v	STUCK-ON-SVPP-TOKEN	define	403	407	394	407	10158	13	13	10273	A.8.1 module t; `define checkh(gotv, expv) \ do if ((gotv) !== (expv)) b
macro_use	verilator	test_regress/t/t_strength_buf_not.v	STUCK-ON-SVPP-TOKEN	checkb	1079	1084	806	226	1084	53	8	1137	l begin #1; `checkb(bus, 4'b0110); $finish; end endmodule
macro_use	verilator	test_regress/t/t_string.v	STUCK-ON-SVPP-TOKEN	checks	1131	1136	601	226	3247	38	8	3396	str1, "%s", s); `checks(vstr1, "a"); $sformat(vstr2, "=%s", s); `ch
macro_use	verilator	test_regress/t/t_string_byte.v	STUCK-ON-SVPP-TOKEN	checkh	558	563	433	226	734	19	8	823	initial begin `checkh(bh[0], "2"); `checkh(bh[1], "i"); `checkh(bh
macro_use	verilator	test_regress/t/t_string_octal.v	STUCK-ON-SVPP-TOKEN	checko	1043	1047	433	226	1353	31	8	1443	], s[3], s[4]); `checko(s[0], 8'o102); `checko(s[1], 8'o003); `check
macro_use	verilator	test_regress/t/t_string_to_bit.v	STUCK-ON-SVPP-TOKEN	checks	904	909	436	226	2636	39	8	2795	= bit_t'(str2); `checks(bdata[0], "sm"); `checks(bdata[1], "dium");
macro_use	verilator	test_regress/t/t_string_type_methods.v	STUCK-ON-SVPP-TOKEN	checkh	903	904	761	226	4677	25	8	4815	begin s="1234"; `checkh(s.len(),4); s="ab7CD"; `checks(s.toupper(), "AB7
macro_use	verilator	test_regress/t/t_struct_clk.v	STUCK-ON-SVPP-TOKEN	checkd	1010	1017	500	226	1042	48	8	1146	== 99) begin `checkd(cyc1, 90); `checkd(cyc2, 90 * 5); $writ
macro_use	verilator	test_regress/t/t_struct_nest_uarray.v	STUCK-ON-SVPP-TOKEN	checkp	816	821	621	226	900	36	8	1014	].val.next = 6; `checkp(str, "'{el:'{'{val:'{next:'h6}}}}"); pstr.el[0]
macro_use	verilator	test_regress/t/t_struct_param.v	STUCK-ON-SVPP-TOKEN	checkd	1293	1298	1178	223	1456	52	8	1554	initial begin `checkd(MY_CONFIG.UPPER0, 10); `checkd(MY_CONFIG.mac.USE
macro_use	verilator	test_regress/t/t_struct_port.v	STUCK-ON-SVPP-TOKEN	ifdef	831	832	269	832	1554	42	42	1871	(posedge clk) begin `ifdef TEST_VERBOSE $write("[%0t] cyc==%0d crc=%x in=%x
macro_use	verilator	test_regress/t/t_struct_portsel.v	STUCK-ON-SVPP-TOKEN	ifdef	772	773	203	773	1485	35	35	2186	(posedge clk) begin `ifdef TEST_VERBOSE $write("[%0t] cyc==%0d crc=%x result
macro_use	verilator	test_regress/t/t_struct_unpacked.v	STUCK-ON-SVPP-TOKEN	checkp	1310	1315	858	231	1492	54	8	1579	r.m_s = "str1"; `checkp(istr, "'{m_i:'hc, m_s:\"str1\"}"); istr = '{m_i
macro_use	verilator	test_regress/t/t_struct_unpacked_init.v	STUCK-ON-SVPP-TOKEN	checkh	739	744	434	226	947	26	8	1039	splay("%p", s); `checkh(s.m_lo, 4'h5); `checkh(s.m_mid, ~94'h0); `ch
macro_use	verilator	test_regress/t/t_struct_unpacked_init_param.v	STUCK-ON-SVPP-TOKEN	checkh	755	760	434	226	840	28	8	930	initial begin `checkh(S.m_hi, 4'h6); `checkh(S_HI, 4'h6); `checkh
macro_use	verilator	test_regress/t/t_struct_unpacked_param.v	STUCK-ON-SVPP-TOKEN	checkd	1320	1325	434	228	1492	53	8	1579	initial begin `checkd(MY_STRUCT.a, 10); `checkd(MY_STRUCT.b, 5); `
macro_use	verilator	test_regress/t/t_struct_with_param_class.v	STUCK-ON-SVPP-TOKEN	checkh	1722	1726	1342	537	2262	52	14	2356	class parameter `checkh($bits(tf_struct), 32'd1); `checkh($bits(tf_union
macro_use	verilator	test_regress/t/t_structu_wide.v	STUCK-ON-SVPP-TOKEN	WIDE_WIDTH	280	280	247	197	464	12	7	566	ypedef struct {bit [`WIDE_WIDTH-1:0] data;} wide_t; logic [`WIDE_WIDTH-1:0] l
macro_use	verilator	test_regress/t/t_sys_file_basic.v	STUCK-ON-SVPP-TOKEN	ifdef	1318	1320	868	226	10535	40	8	10644	ned [16:0] scan17; `ifdef TEST_VERBOSE `define verbose 1'b1 `else `define ver
macro_use	verilator	test_regress/t/t_sys_file_basic_mcd.v	STUCK-ON-SVPP-TOKEN	define	440	441	431	226	4039	13	8	4065	rmat: on module t; `define STR(__s) `"__s`" task automatic fail(string s);
macro_use	verilator	test_regress/t/t_sys_file_basic_uz.v	STUCK-ON-SVPP-TOKEN	define	480	481	432	226	3877	15	8	3909	out_txt, fdout_bin; `define STRINGIFY(x) `"x`" // // task automatic test1
macro_use	verilator	test_regress/t/t_sys_file_eof.v	STUCK-ON-SVPP-TOKEN	checkd	537	542	431	226	759	20	8	843	t-exist", "r"); `checkd(f, 0); i = $fscanf(f, "check %d", j); `check
macro_use	verilator	test_regress/t/t_sys_file_null.v	STUCK-ON-SVPP-TOKEN	STRINGIFY	293	293	231	203	304	12	7	561	in fd = $fopen({`STRINGIFY(`TEST_OBJ_DIR), "/zeros.log"}, "w"); for (cnt
macro_use	verilator	test_regress/t/t_sys_file_scan.v	STUCK-ON-SVPP-TOKEN	STRINGIFY	378	378	231	203	740	15	7	982	outfile = $fopen({`STRINGIFY(`TEST_OBJ_DIR), "/t_sys_file_scan_test.log"}, "w"
macro_use	verilator	test_regress/t/t_sys_file_scan2.v	STUCK-ON-SVPP-TOKEN	checkd	792	797	595	226	1092	23	8	1181	, "%s", fname); `checkd(f_stat, 1); `checks(fname, "vec"); f_stat =
macro_use	verilator	test_regress/t/t_sys_file_zero.v	STUCK-ON-SVPP-TOKEN	checkd	707	712	431	226	976	27	8	1093	i = $fgetc(0); `checkd(i, -1); i = $ungetc(0, 0); `checkd(i, -1);
macro_use	verilator	test_regress/t/t_sys_fmonitor.v	STUCK-ON-SVPP-TOKEN	STRINGIFY	394	394	231	203	405	20	7	1288	fd = $fopen({`STRINGIFY(`TEST_OBJ_DIR), "/open.log"}, "w"); end e
macro_use	verilator	test_regress/t/t_sys_fread.v	STUCK-ON-SVPP-TOKEN	STRINGIFY	1386	1386	532	226	3309	46	8	3518	file = $fopen({`STRINGIFY(`TEST_OBJ_DIR), "/t_sys_fread.mem"}, "r"); if
macro_use	verilator	test_regress/t/t_sys_fstrobe.v	STUCK-ON-SVPP-TOKEN	STRINGIFY	394	394	231	203	405	20	7	1174	fd = $fopen({`STRINGIFY(`TEST_OBJ_DIR), "/open.log"}, "w"); end e
macro_use	verilator	test_regress/t/t_sys_queue_unsup.v	STUCK-ON-SVPP-TOKEN	checkd	703	708	575	338	4385	23	12	4474	1, 3, status); `checkd(status, 0); $q_initialize(2, 2, 2, status);
macro_use	verilator	test_regress/t/t_sys_random.v	STUCK-ON-SVPP-TOKEN	define	293	297	203	297	587	15	15	854	0; integer i; `define TRIES 20 initial begin // There's a 1^32 chan
macro_use	verilator	test_regress/t/t_sys_random_concat.v	STUCK-ON-SVPP-TOKEN	define	441	445	432	226	1737	14	8	1833	t: on module t; `define TRIES 100 bit [6:0] b5a; // We use larger than [
macro_use	verilator	test_regress/t/t_sys_readmem.v	STUCK-ON-SVPP-TOKEN	ifdef	905	907	585	226	8816	34	8	8945	15]; string fns; `ifdef WRITEMEM_READ_BACK reg [5:0] binary_string_tmp[2:15
macro_use	verilator	test_regress/t/t_sys_readmem_4state.v	STUCK-ON-SVPP-TOKEN	STRINGIFY	398	398	231	203	574	16	7	697	B); $writememh({`STRINGIFY(`TEST_OBJ_DIR), "/t_sys_readmem_4state_b.mem"}, M
macro_use	verilator	test_regress/t/t_sys_readmem_assoc.v	STUCK-ON-SVPP-TOKEN	STRINGIFY	670	670	231	203	965	27	7	1135	; $writememh({`STRINGIFY(`TEST_OBJ_DIR), "/t_sys_writemem_c_b.mem"}, assoc
macro_use	verilator	test_regress/t/t_sys_readmem_eof.v	STUCK-ON-SVPP-TOKEN	STRINGIFY	521	521	460	226	654	16	8	745	egin $readmemh({`STRINGIFY(`TEST_OBJ_DIR), "/dat.mem"}, rom); `checkh(ro
macro_use	verilator	test_regress/t/t_sys_sformat.v	STUCK-ON-SVPP-TOKEN	checks	1232	1237	520	226	3775	51	8	3905	", n, q, wide); `checks(str, "n=1100 q= 1311768467750060323 w=hello-there123
macro_use	verilator	test_regress/t/t_sys_sscanf.v	STUCK-ON-SVPP-TOKEN	checkh	907	912	597	226	1125	28	8	1173	9h", idx, val); `checkh(code, 2); `checkh(idx, 32'h20); `checkh(val,
macro_use	verilator	test_regress/t/t_tagged_case.v	STUCK-ON-SVPP-TOKEN	ifndef	2401	2403	726	489	7744	97	21	7820	Val; } EnumType; `ifndef VCS // Tagged union with event member // Note: V
macro_use	verilator	test_regress/t/t_tagged_if.v	STUCK-ON-SVPP-TOKEN	ifndef	2384	2386	724	487	9968	97	21	10044	Val; } EnumType; `ifndef VCS // Tagged union with event member // Note: V
macro_use	verilator	test_regress/t/t_tagged_union.v	STUCK-ON-SVPP-TOKEN	ifndef	3190	3192	748	511	7983	111	21	8059	Val; } EnumType; `ifndef VCS // Tagged union with event member // Note: V
macro_use	verilator	test_regress/t/t_time.v	STUCK-ON-SVPP-TOKEN	checkd	1574	1579	642	437	1608	56	15	1871	, should_be_3); `checkd(should_be_2, 2); `checkd(should_be_3, 3); c
macro_use	verilator	test_regress/t/t_time_literals.v	STUCK-ON-SVPP-TOKEN	checkd	598	599	451	226	876	20	8	995	REALCVT t = 1s; `checkd(t, 64'd1000000000); t = 2ms; `checkd(t, 2000000)
macro_use	verilator	test_regress/t/t_time_sc.v	STUCK-ON-SVPP-TOKEN	TEST_EXPECT	268	269	203	269	269	13	13	654	; time texpect = `TEST_EXPECT; always @(posedge clk) begin cyc <= cyc
macro_use	verilator	test_regress/t/t_time_sscanf.v	STUCK-ON-SVPP-TOKEN	checkd	761	765	615	226	1038	25	8	1089	r); // as real `checkd(rc, 1); `checkr(r, 8.125); rc = $sscanf("81
macro_use	verilator	test_regress/t/t_time_timeunit.v	STUCK-ON-SVPP-TOKEN	checkd	493	498	431	226	658	17	8	759	initial begin `checkd($timeunit, -9); `checkd($timeunit(), -9); `c
macro_use	verilator	test_regress/t/t_time_vpi.v	STUCK-ON-SVPP-TOKEN	ifdef	697	698	296	214	755	24	7	1800	cyc <= cyc + 1; `ifdef TEST_VERBOSE $write("- [%0t] tick\n", $time); `en
macro_use	verilator	test_regress/t/t_timescale_nobackwards.v	STUCK-ON-SVPP-TOKEN	checkf	297	300	285	197	415	10	7	645	ion package pkg; `checkf; endpackage checker CHK(); `checkf; endchecker p
macro_use	verilator	test_regress/t/t_timescale_parse.v	IN-WINDOW		298	299	283	256	1000	11	10	1925	) \ module modname; \ time t; \ task check; t = 1ns; $write("%m %0t\n", t)
macro_use	verilator	test_regress/t/t_timing_always.v	STUCK-ON-SVPP-TOKEN	WRITE_VERBOSE	460	465	351	225	833	23	8	1027	ge clk) begin `WRITE_VERBOSE(("[%0t] b <= 0\n", $time)); flag_b <= 1'b
macro_use	verilator	test_regress/t/t_timing_at_class.v	STUCK-ON-SVPP-TOKEN	checkd	1373	1378	431	226	1780	65	8	1879	Change #1; `checkd(imon.req_changes, 2); `checkd(imon.rsp_changes,
macro_use	verilator	test_regress/t/t_timing_class.v	STUCK-ON-SVPP-TOKEN	WRITE_VERBOSE	749	756	443	225	5701	41	8	5955	c_trig_count; `WRITE_VERBOSE(("Event in class triggered at time %0t!\n", $
macro_use	verilator	test_regress/t/t_timing_class_static_delay.v	STUCK-ON-SVPP-TOKEN	DELAY	263	263	220	202	501	11	7	583	dynamically(); #`DELAY; endtask static task wait_statically(); #`DE
macro_use	verilator	test_regress/t/t_timing_clkgen2.v	STUCK-ON-SVPP-TOKEN	WRITE_VERBOSE	503	508	351	225	660	24	8	867	t1 <= cnt1 + 1; `WRITE_VERBOSE(("[%0t] clk (%b)\n", $time, clk)); end a
macro_use	verilator	test_regress/t/t_timing_clkgen3.v	STUCK-ON-SVPP-TOKEN	WRITE_VERBOSE	548	553	374	248	964	28	10	1083	#0.75 cnt1++; `WRITE_VERBOSE(("[%0t] NEG clk (%b)\n", $time, clk)); end
macro_use	verilator	test_regress/t/t_timing_delay_callstack.v	STUCK-ON-SVPP-TOKEN	ifdef	345	345	202	345	1304	12	12	1490	r a deep call stack `ifdef TEST_VERBOSE `define DEEP_STACK_DELAY_END(i) \
macro_use	verilator	test_regress/t/t_timing_dpi_unsup.v	STUCK-ON-SVPP-TOKEN	WRITE_VERBOSE	569	574	344	200	883	27	7	1064	t(input int n); `WRITE_VERBOSE("tb_sv_wait start...\n"); repeat (n) @(ne
macro_use	verilator	test_regress/t/t_timing_events.v	STUCK-ON-SVPP-TOKEN	ifdef	471	472	202	472	889	23	23	896	3.triggered) $stop; `ifdef TEST_VERBOSE $write("got event %0d\n", i); `en
macro_use	verilator	test_regress/t/t_timing_finish2.v	STUCK-ON-SVPP-TOKEN	checkd	831	832	431	226	832	33	8	865	ish; end final `checkd(messages, 3); endmodule
macro_use	verilator	test_regress/t/t_timing_finish3.v	STUCK-ON-SVPP-TOKEN	checkd	673	678	431	226	678	29	8	716	final", $time); `checkd($time, 123); end endmodule
macro_use	verilator	test_regress/t/t_timing_fork_many.v	STUCK-ON-SVPP-TOKEN	define	318	320	202	320	790	11	11	898	to generate tasks `define FORK2_END(i) \ task fork2_``i; \ #1 counter
macro_use	verilator	test_regress/t/t_timing_osc.v	STUCK-ON-SVPP-TOKEN	STRINGIFY	477	477	231	203	571	26	7	1606	begin $dumpfile(`STRINGIFY(`TEST_DUMPFILE)); $dumpvars; `ifdef TEST_BENC
macro_use	verilator	test_regress/t/t_timing_split.v	STUCK-ON-SVPP-TOKEN	define	367	371	197	371	657	20	20	735	a = 0; endtask `define foo8() \ foo();foo();foo();foo();foo();foo();foo()
macro_use	verilator	test_regress/t/t_timing_wait1.v	STUCK-ON-SVPP-TOKEN	WRITE_VERBOSE	381	386	304	202	1623	20	7	1938	initial begin `WRITE_VERBOSE("start with a==0, b==0, c==0\n"); #2 a =
macro_use	verilator	test_regress/t/t_to_string_emitted_class_hierarchy.v	STUCK-ON-SVPP-TOKEN	OBJ_TYPE	1120	1123	1111	1123	1381	61	61	1456	dclass module t; `OBJ_TYPE obj = new; `PRINTED_FROM_TYPE printed_obj = obj;
macro_use	verilator	test_regress/t/t_trace_binary.v	STUCK-ON-SVPP-TOKEN	STRINGIFY	296	296	231	203	307	13	7	432	= 10; $dumpfile(`STRINGIFY(`TEST_DUMPFILE)); $dumpvars(); #20; s
macro_use	verilator	test_regress/t/t_trace_class.v	STUCK-ON-SVPP-TOKEN	ifdef	407	408	314	203	607	22	7	710	egin obj = new; `ifdef verilator obj.s_cls_static = $c("100"); // no-op
macro_use	verilator	test_regress/t/t_trace_event.v	STUCK-ON-SVPP-TOKEN	STRINGIFY	441	441	231	203	452	28	7	677	begin $dumpfile(`STRINGIFY(`TEST_DUMPFILE)); $dumpvars(0, top); for
macro_use	verilator	test_regress/t/t_trace_lib_as_top.v	STUCK-ON-SVPP-TOKEN	STRINGIFY	359	359	223	195	370	20	6	661	begin $dumpfile(`STRINGIFY(`TEST_DUMPFILE)); $dumpvars; end always
macro_use	verilator	test_regress/t/t_trace_no_top_name.v	STUCK-ON-SVPP-TOKEN	STRINGIFY	285	285	231	203	296	12	7	441	begin $dumpfile(`STRINGIFY(`TEST_DUMPFILE)); $dumpvars; $write("*-*
macro_use	verilator	test_regress/t/t_trace_param_override.v	STUCK-ON-SVPP-TOKEN	STRINGIFY	340	340	231	203	351	15	7	452	begin $dumpfile(`STRINGIFY(`TEST_DUMPFILE)); $dumpvars; $write("*-*
macro_use	verilator	test_regress/t/t_trace_timing.v	STUCK-ON-SVPP-TOKEN	STRINGIFY	431	431	230	202	442	22	7	843	begin $dumpfile(`STRINGIFY(`TEST_DUMPFILE)); $dumpvars; forever clk
macro_use	verilator	test_regress/t/t_trace_timing1.v	STUCK-ON-SVPP-TOKEN	STRINGIFY	331	331	231	203	342	17	7	755	begin $dumpfile(`STRINGIFY(`TEST_DUMPFILE)); $dumpvars; end always
macro_use	verilator	test_regress/t/t_trace_two_a.v	STUCK-ON-SVPP-TOKEN	STRINGIFY	463	463	257	203	1492	25	7	1686	gin filename = {`STRINGIFY(`TEST_OBJ_DIR), "/simx.", `STRINGIFY(`TRACE_FMT)}
macro_use	verilator	test_regress/t/t_trace_type_dupes.v	STUCK-ON-SVPP-TOKEN	NUM_SUBS	379	379	292	203	602	23	7	4132	t cyc = 0; logic [`NUM_SUBS - 1:0] x; always_ff @(posedge clk) begin cy
macro_use	verilator	test_regress/t/t_trace_ub_misaligned_address.v	STUCK-ON-SVPP-TOKEN	STRINGIFY	685	685	556	528	696	26	15	1696	begin $dumpfile(`STRINGIFY(`TEST_DUMPFILE)); $dumpvars(0, test); cl
macro_use	verilator	test_regress/t/t_trace_vif_class_clk.v	STUCK-ON-SVPP-TOKEN	STRINGIFY	691	691	504	224	702	39	8	842	begin $dumpfile(`STRINGIFY(`TEST_DUMPFILE)); $dumpvars(0, t); repeat
macro_use	verilator	test_regress/t/t_trace_vif_class_clk_multi.v	STUCK-ON-SVPP-TOKEN	STRINGIFY	858	858	504	224	869	47	8	1010	begin $dumpfile(`STRINGIFY(`TEST_DUMPFILE)); $dumpvars(0, t); repeat
macro_use	verilator	test_regress/t/t_trace_wide_initial_wait.v	STUCK-ON-SVPP-TOKEN	STRINGIFY	320	320	226	198	331	16	7	508	#1; $dumpfile(`STRINGIFY(`TEST_DUMPFILE)); $dumpvars(); #5; x
macro_use	verilator	test_regress/t/t_tri_array.v	STUCK-ON-SVPP-TOKEN	ifdef	731	732	203	732	1477	37	37	1685	(posedge clk) begin `ifdef TEST_VERBOSE $write("[%0t] cyc==%0d crc=%x result
macro_use	verilator	test_regress/t/t_tri_array_bufif.v	STUCK-ON-SVPP-TOKEN	ifdef	1113	1114	203	1114	1904	48	48	3132	(posedge clk) begin `ifdef TEST_VERBOSE $write("[%0t] cyc==%0d crc=%x drv=%x
macro_use	verilator	test_regress/t/t_tri_assigndly_nba.v	STUCK-ON-SVPP-TOKEN	ifdef	1083	1084	643	404	1579	37	10	1797	(posedge clk) begin `ifdef TEST_VERBOSE $write("[%0t] cyc==%0d tb=%x (%x,%x)
macro_use	verilator	test_regress/t/t_tri_eqcase.v	STUCK-ON-SVPP-TOKEN	ifdef	1041	1042	203	1042	3444	45	45	3661	(posedge clk) begin `ifdef TEST_VERBOSE $write("[%0t] cyc==%0d crc=%x m1=%x
macro_use	verilator	test_regress/t/t_tri_gate.v	STUCK-ON-SVPP-TOKEN	ifdef	684	685	642	685	982	24	24	1145	nput OE, output Z); `ifdef T_BUFIF0 bufif0 (Z, A, !OE); `elsif T_BUFIF1 bufi
macro_use	verilator	test_regress/t/t_tri_hier_ref_unsup.v	STUCK-ON-SVPP-TOKEN	checkh	1335	1340	1016	595	1729	42	14	1832	= 1'b0; #1; `checkh(u_sub.bus, 8'hzz); // External hierarchical dri
macro_use	verilator	test_regress/t/t_tri_iface_semantics.v	STUCK-ON-SVPP-TOKEN	checkh	3580	3586	2356	375	5544	152	10	5640	1'b0; #1; `checkh(is_z, 1'b1); `checkh(is_5a, 1'b0); `checkh(n
macro_use	verilator	test_regress/t/t_tri_pullup_bus.v	STUCK-ON-SVPP-TOKEN	checkh	1705	1709	1333	417	1963	65	12	2081	= 0 (pulldown) `checkh(out_value, 8'h5F); // Test 2: Lower bits = 0xA
macro_use	verilator	test_regress/t/t_tri_root_ref.v	STUCK-ON-SVPP-TOKEN	checkh	1055	1060	829	523	1204	35	13	1311	= 1'b0; #1; `checkh(root_readback, 8'hzz); #1; root_we = 1'b1;
macro_use	verilator	test_regress/t/t_tri_select.v	STUCK-ON-SVPP-TOKEN	WIDTH	295	295	241	201	975	13	7	1144	put OE2, input [`WIDTH-1:0] A1, input [`WIDTH-1:0] A2, output [`WIDT
macro_use	verilator	test_regress/t/t_tri_top_en_out.v	STUCK-ON-SVPP-TOKEN	T_TRI_TOP_NAME	589	592	583	439	592	30	23	6692	nout ports module `T_TRI_TOP_NAME ( inout single_bit_io, inout bid
macro_use	verilator	test_regress/t/t_tri_unconn.v	STUCK-ON-SVPP-TOKEN	__LINE__	453	453	203	453	3027	23	23	4389	t_tri0 tri0a (.line(`__LINE__), .expval(1'b0)); // Pin missing t_tri0 tri0b (.
macro_use	verilator	test_regress/t/t_typedef_iface_typedef.v	STUCK-ON-SVPP-TOKEN	checkh	977	982	763	299	1014	43	10	1107	l begin #1; `checkh(rq.addr, 16'h1234); `checkh(rq.data, 8'h37);
macro_use	verilator	test_regress/t/t_typedef_iface_typedef3.v	IN-WINDOW		1195	1195	1093	299	1352	42	10	1444	typedef y_if0.x_if_a[0].rq_t rq_t; rq_t rq; always_comb begin rq.addr
macro_use	verilator	test_regress/t/t_typedef_iface_typedef4.v	IN-WINDOW		1133	1133	1079	299	1331	38	10	1577	typedef z_if0.x_if0.rq_t rq_t; typedef z_if0.y_if0.rs_t rs_t; rq_t rq; r
macro_use	verilator	test_regress/t/t_typedef_iface_typedef5.v	IN-WINDOW		1176	1176	1079	299	1372	41	10	1464	typedef if0.x_if0.rq_t rq_t; typedef if0.y_if0.rs_t rs_t; rq_t rq; rs_
macro_use	verilator	test_regress/t/t_typedef_iface_typedef6.v	IN-WINDOW		1182	1182	1079	299	1284	41	10	1379	typedef if0[0].x_if0.rq_t rq_t; rq_t rq; always_comb begin rq.addr = '
macro_use	verilator	test_regress/t/t_typedef_iface_typedef7.v	STUCK-ON-SVPP-TOKEN	checkh	881	886	619	286	886	36	10	981	l begin #1; `checkh(rq.addr, 16'h1234); $write("*-* All Finished *-*
macro_use	verilator	test_regress/t/t_typedef_param.v	STUCK-ON-SVPP-TOKEN	ifdef	932	933	235	933	1645	50	50	2274	(posedge clk) begin `ifdef TEST_VERBOSE $write("[%0t] cyc==%0d crc=%x result
macro_use	verilator	test_regress/t/t_typedef_port.v	STUCK-ON-SVPP-TOKEN	ifdef	1035	1036	235	1036	1748	49	49	2304	(posedge clk) begin `ifdef TEST_VERBOSE $write("[%0t] cyc==%0d crc=%x result
macro_use	verilator	test_regress/t/t_typedef_signed.v	STUCK-ON-SVPP-TOKEN	ifdef	808	809	248	809	1484	40	40	1985	(posedge clk) begin `ifdef TEST_VERBOSE $write("[%0t] cyc==%0d crc=%x result
macro_use	verilator	test_regress/t/t_typename.v	STUCK-ON-SVPP-TOKEN	printtype	1316	1320	835	203	2372	59	7	2505	(real), "\n"}); `printtype(real, "real"); `printtype(bit, "bit"); `p
macro_use	verilator	test_regress/t/t_typename_min.v	STUCK-ON-SVPP-TOKEN	checks	653	658	432	226	961	20	8	1051	ame(array.min); `checks(s, "int$[$]"); s = $sformatf("%p", array.min);
macro_use	verilator	test_regress/t/t_uniqueif_else.v	STUCK-ON-SVPP-TOKEN	checkd	650	655	431	226	766	31	8	1165	A = 1; #2; `checkd(x, 1'b0); #2; B = 1; #2; `checkd(x,
macro_use	verilator	test_regress/t/t_unopt_array.v	STUCK-ON-SVPP-TOKEN	ifdef	789	790	203	790	1861	36	36	2118	(posedge clk) begin `ifdef TEST_VERBOSE $write("[%0t] cyc==%0d crc=%x result
macro_use	verilator	test_regress/t/t_unpack_array_no_expand.v	STUCK-ON-SVPP-TOKEN	define	361	365	203	365	853	15	15	936	off UNOPTFLAT */ `define INPUT 256'hbabecafe logic [255:0] stage_data[NUM_
macro_use	verilator	test_regress/t/t_unpacked_init.v	STUCK-ON-SVPP-TOKEN	checkh	600	605	432	226	888	22	8	980	initial begin `checkh(a1[0], 12); `checkh(a1[1], 13); `checkh(a2[
macro_use	verilator	test_regress/t/t_unpacked_slice.v	STUCK-ON-SVPP-TOKEN	checkh	715	720	432	226	1793	22	8	1888	initial begin `checkh(sliceddn[4], 'h100); alldn[7:0] = sliceddn[4:-3]
macro_use	verilator	test_regress/t/t_unpacked_to_queue.v	STUCK-ON-SVPP-TOKEN	checkh	839	846	680	277	1012	19	9	2974	n; r++) begin `checkh(array[r], WIDTH'(r)) end endfunction static
macro_use	verilator	test_regress/t/t_unroll_nested.v	STUCK-ON-SVPP-TOKEN	PRAGMA	472	479	369	203	789	22	7	1294	exit_a) begin `PRAGMA for (int exit_b = 0; exit_b < 3; ++exit_b) beg
macro_use	verilator	test_regress/t/t_unroll_pragma.v	STUCK-ON-SVPP-TOKEN	PRAGMA	631	635	413	226	867	28	8	1021	without pragma `PRAGMA for (i = 0; i < 4; ++i) begin `PRAGMA
macro_use	verilator	test_regress/t/t_uvm_static_func1.v	STUCK-ON-SVPP-TOKEN	checkd	1018	1025	824	412	1069	37	10	1240	= ext2::ID(); `checkd(i, 42); j = ext1::ID(); `checkd(j, 42);
macro_use	verilator	test_regress/t/t_var_assign_landr.v	STUCK-ON-SVPP-TOKEN	ifdef	754	755	193	755	1517	34	34	2072	(posedge clk) begin `ifdef TEST_VERBOSE $write("[%0t] cyc==%0d crc=%x result
macro_use	verilator	test_regress/t/t_var_dotted1.v	STUCK-ON-SVPP-TOKEN	ifdef	656	657	203	657	4656	33	33	5667	cyc <= cyc + 1; `ifdef TEST_VERBOSE $write("[%0t] cyc%0d: %0x %0x %0x %0
macro_use	verilator	test_regress/t/t_var_dotted2.v	STUCK-ON-SVPP-TOKEN	define	346	350	337	203	3298	15	7	3368	endif module t; `define DRAM1(bank) mem.mem_bank[bank].dccm.dccm_bank.ram_co
macro_use	verilator	test_regress/t/t_var_init_static_automatic.v	STUCK-ON-SVPP-TOKEN	checkd	1027	1034	564	226	6401	28	8	6518	tj_auto + 1; `checkd(tj_auto, 1); tj_auto_init = tj_auto_init + 1;
macro_use	verilator	test_regress/t/t_var_ref.v	STUCK-ON-SVPP-TOKEN	ifdef	496	498	433	226	1596	21	8	1878	t vr; int va[2]; `ifdef T_NOINLINE // verilator no_inline_module `endif
macro_use	verilator	test_regress/t/t_var_static.v	STUCK-ON-SVPP-TOKEN	checkh	1942	1943	761	226	3288	99	8	3459	v = f_no_no(); `checkh(v, 3); v = f_no_no(); `checkh(v, 4); v = f
macro_use	verilator	test_regress/t/t_var_static_param.v	STUCK-ON-SVPP-TOKEN	checkh	542	547	432	226	724	21	8	1041	suba.f_no_st(); `checkh(v, 3); v = suba.f_no_st(); `checkh(v, 4);
macro_use	verilator	test_regress/t/t_var_types.v	STUCK-ON-SVPP-TOKEN	ifndef	749	750	203	750	8675	34	34	9137	var byte v_b; `ifndef VCS var [2:0] v_b3; var signed [2:0] v_bs; `e
macro_use	verilator	test_regress/t/t_virtual_interface_delayed.v	STUCK-ON-SVPP-TOKEN	checkh	575	580	511	226	621	21	8	999	un(); #100; `checkh(vif.rdata, 8'haa); #100; `checkh(vif.rdata,
macro_use	verilator	test_regress/t/t_vlt_warn.v	IN-WINDOW		272	273	264	224	319	10	8	823	_config lint_off -rule CASEX -file "t/t_vlt_warn.v" `verilog `endif mod
macro_use	verilator	test_regress/t/t_vlt_warn_file2_bad.v	IN-WINDOW		252	253	244	203	582	9	7	828	config lint_off -rule DECLFILENAME // Test filename matches are in direc
macro_use	verilator	test_regress/t/t_vlt_warn_one_on_bad.v	IN-WINDOW		271	276	263	203	313	11	7	803	85 lint_off lint_on -rule UNUSEDPARAM `verilog `endif module t;
macro_use	verilator	test_regress/t/t_vlt_warn_range_bad.v	IN-WINDOW		252	253	244	203	572	9	7	1165	config lint_off -rule DECLFILENAME // Test overlapping ranges work corre
macro_use	verilator	test_regress/t/t_vpi_escape.v	STUCK-ON-SVPP-TOKEN	ifdef	714	716	512	357	4182	23	9	4199	clk, a, \b.c ); `ifdef VERILATOR `systemc_header extern "C" int mon_check();
macro_use	verilator	test_regress/t/t_vpi_force.v	STUCK-ON-SVPP-TOKEN	ifdef	1524	1527	1232	327	108191	63	8	108209	= 1 } Direction; `ifdef IVERILOG `elsif USE_VPI_NOT_DPI `ifdef VERILATOR `sys
macro_use	verilator	test_regress/t/t_vpi_forceable_bad.v	STUCK-ON-SVPP-TOKEN	ifdef	313	315	304	315	861	9	9	1238	======= module t; `ifdef IVERILOG `elsif USE_VPI_NOT_DPI `ifdef VERILATOR `sys
macro_use	verilator	test_regress/t/t_vpi_get.v	STUCK-ON-SVPP-TOKEN	PUBLIC_FLAT_RD	818	819	782	352	2329	25	9	2383	parameter int param `PUBLIC_FLAT_RD = 7); localparam int lparam `PUBLIC_FLAT_R
macro_use	verilator	test_regress/t/t_vpi_get_value_array.v	STUCK-ON-SVPP-TOKEN	ifdef	558	560	543	349	2843	19	9	3048	f module test (); `ifdef VERILATOR `systemc_header extern "C" int mon_check();
macro_use	verilator	test_regress/t/t_vpi_memory.v	STUCK-ON-SVPP-TOKEN	ifdef	551	553	507	352	1697	20	9	1893	Inputs clk ); `ifdef VERILATOR `systemc_header extern "C" int mon_check();
macro_use	verilator	test_regress/t/t_vpi_module.v	STUCK-ON-SVPP-TOKEN	ifdef	547	549	503	352	1095	22	9	2254	Inputs clk ); `ifdef USE_DOLLAR_C32 `systemc_header extern "C" int mon_che
macro_use	verilator	test_regress/t/t_vpi_multidim.v	STUCK-ON-SVPP-TOKEN	ifdef	425	427	352	427	975	14	14	1174	or public_module*/ `ifdef VERILATOR `systemc_header extern "C" int mon_check();
macro_use	verilator	test_regress/t/t_vpi_param.v	STUCK-ON-SVPP-TOKEN	ifdef	617	619	508	352	1238	23	9	1435	Inputs clk ); `ifdef VERILATOR `systemc_header extern "C" int mon_check();
macro_use	verilator	test_regress/t/t_vpi_public_depth.v	STUCK-ON-SVPP-TOKEN	ifdef	518	520	474	352	1066	22	9	2252	Inputs clk ); `ifdef USE_DOLLAR_C32 `systemc_header extern "C" int mon_che
macro_use	verilator	test_regress/t/t_vpi_public_params.v	STUCK-ON-SVPP-TOKEN	ifdef	655	657	577	352	1139	23	9	1336	Inputs clk ); `ifdef VERILATOR `systemc_header extern "C" int mon_check();
macro_use	verilator	test_regress/t/t_vpi_put_value_array.v	STUCK-ON-SVPP-TOKEN	ifdef	558	560	543	349	1803	19	9	2008	f module test (); `ifdef VERILATOR `systemc_header extern "C" int mon_check();
macro_use	verilator	test_regress/t/t_vpi_unimpl.v	STUCK-ON-SVPP-TOKEN	ifdef	528	530	501	352	826	19	9	1025	( input clk ); `ifdef VERILATOR `systemc_header extern "C" int mon_check();
macro_use	verilator	test_regress/t/t_vpi_var.v	STUCK-ON-SVPP-TOKEN	ifdef	572	574	507	352	6374	22	9	6988	puts clk, a ); `ifdef VERILATOR `systemc_header extern "C" int mon_check();
macro_use	verilator	test_regress/t/t_vpi_var2.v	STUCK-ON-SVPP-TOKEN	ifdef	794	796	507	352	5716	32	9	6232	puts clk, a ); `ifdef VERILATOR `systemc_header extern "C" int mon_check();
macro_use	verilator	test_regress/t/t_vpi_var3.v	STUCK-ON-SVPP-TOKEN	ifdef	572	574	507	352	4951	22	9	5410	puts clk, a ); `ifdef VERILATOR `systemc_header extern "C" int mon_check();
macro_use	verilator	test_regress/t/t_wait_order.v	STUCK-ON-SVPP-TOKEN	ifdef	570	571	431	226	1225	21	8	1319	wif[0] = '1; end `ifdef FAIL_ASSERT_1 initial begin wait_order (b, a) n
macro_use	verilator	test_regress/t/t_wire_types.v	STUCK-ON-SVPP-TOKEN	checkh	909	914	593	226	975	34	8	1068	edge clk) begin `checkh(w_integer, -123456); `checkh(w_logic, 1'b1);
macro_use	verilator	test_regress/t/t_wired_net_test.v	STUCK-ON-SVPP-TOKEN	checkb	1974	1979	433	226	2062	64	8	2193	{$random}[3:0]; `checkb(ptrior1, z1); `checkb(ptrior2, tri_z1); `che
macro_use	verilator	test_regress/t/t_with.v	STUCK-ON-SVPP-TOKEN	checkh	1021	1026	663	292	2586	30	10	2673	th (item == 1); `checkh(found.size, 1); found = aliases.find(j) with (j
macro_use	verilator	test_regress/t/t_wrapper_context.v	STUCK-ON-SVPP-TOKEN	ifdef	608	609	375	347	772	25	10	1241	itoa(trace_number); `ifdef TRACE_FST filename = {`STRINGIFY(`TEST_OBJ_DIR),
macro_use	verilator	test_regress/t/t_x_rand_scoped_is_random.v	STUCK-ON-SVPP-TOKEN	STRINGIFY	535	535	231	203	546	29	7	746	in fd = $fopen({`STRINGIFY(`TEST_OBJ_DIR), "/bits.log"}, "a"); $fwrite(f
protected_envelope	ispras-sv-tests	ieee-1800-2012/34/34.03.01_02.sv	STUCK-ON-SVPP-TOKEN	centzn	353	354	140	182	571	15	12	605	="raw"), data_block `centzn cebgrpg ehagvzr_yvprafr=(yvoenel="yvp.fb",srngher="e
protected_envelope	verilator	test_regress/t/t_lint_pragma_protected.v	IN-WINDOW		890	890	255	288	2184	27	12	2225	TRQogICAg KSAyMDA3IE== `pragma protect key_keyowner="BIG3#2" `pragma protect ke
protected_envelope	verilator	test_regress/t/t_lint_pragma_protected_bad.v	IN-WINDOW		1068	1068	203	279	3711	28	11	3730	TRQogICAg KSAyMDA3IE== `pragma protect key_keyowner="BIG3#2" `pragma protect ke
protected_envelope	verilator	test_regress/t/t_preproc.v	STUCK-ON-SVPP-TOKEN	ifdef	722	728	706	364	21951	26	10	21993	re [3:0] q = { `ifdef DEF_A3 1'b1 `else 1'b0 `endif , `ifdef DEF_A2 1'
