verdict	channel	suite	relpath	furthest	stuck	first_tick	fail_line	bytes	fact_names	snippet
IN-WINDOW		Cores-VeeR-EL2	design/dbg/el2_dbg.sv	1154	1155	1155	27	47860		port el2_pkg::*; #( `include "el2_param.vh" )( // outputs to the core for co
IN-WINDOW		Cores-VeeR-EL2	design/dec/el2_dec.sv	1039	1044	1044	33	22040		el2_pkg::*; #( `include "el2_param.vh" ) ( input logic clk,
IN-WINDOW		Cores-VeeR-EL2	design/dec/el2_dec_decode_ctl.sv	707	708	708	20	74416		port el2_pkg::*; #( `include "el2_param.vh" ) ( input logic dec_tlu_trace_
IN-WINDOW		Cores-VeeR-EL2	design/dec/el2_dec_gpr_ctl.sv	703	707	707	19	4034		t el2_pkg::*; #( `include "el2_param.vh" ) ( input logic [4:0] raddr0,
IN-WINDOW		Cores-VeeR-EL2	design/dec/el2_dec_ib_ctl.sv	702	703	703	19	6807		port el2_pkg::*; #( `include "el2_param.vh" ) ( input logic
IN-WINDOW		Cores-VeeR-EL2	design/dec/el2_dec_pmp_ctl.sv	943	944	944	29	7875		port el2_pkg::*; #( `include "el2_param.vh" ) ( input logic clk, input
IN-WINDOW		Cores-VeeR-EL2	design/dec/el2_dec_tlu_ctl.sv	979	980	980	29	168585		port el2_pkg::*; #( `include "el2_param.vh" ) ( input logic clk, input
IN-WINDOW		Cores-VeeR-EL2	design/dec/el2_dec_trigger.sv	940	941	941	28	1992		port el2_pkg::*; #( `include "el2_param.vh" )( input el2_trigger_pkt_t [3:0
IN-WINDOW		Cores-VeeR-EL2	design/el2_dma_ctrl.sv	933	934	934	27	37969		port el2_pkg::*; #( `include "el2_param.vh" )( input logic clk, i
IN-WINDOW		Cores-VeeR-EL2	design/el2_mem.sv	911	912	912	22	8216		port el2_pkg::*; #( `include "el2_param.vh" ) ( input logic clk,
IN-WINDOW		Cores-VeeR-EL2	design/el2_pic_ctrl.sv	1094	1095	1095	26	30195		port el2_pkg::*; #( `include "el2_param.vh" ) (
IN-WINDOW		Cores-VeeR-EL2	design/el2_pmp.sv	923	927	927	24	13056		to veer.config `include "el2_param.vh" ) ( input logic clk, // To
IN-WINDOW		Cores-VeeR-EL2	design/el2_veer.sv	927	928	928	26	64185		port el2_pkg::*; #( `include "el2_param.vh" ) ( input logic
IN-WINDOW		Cores-VeeR-EL2	design/el2_veer_lockstep.sv	137	142	142	8	66956		el2_pkg::*; #( `include "el2_param.vh" ) ( `ifdef RV_LOCKSTEP_REGFILE_ENABL
IN-WINDOW		Cores-VeeR-EL2	design/el2_veer_wrapper.sv	1016	1017	1017	27	42085		ort el2_pkg::*; #( `include "el2_param.vh" ) ( input logic
IN-WINDOW		Cores-VeeR-EL2	design/exu/el2_exu.sv	696	697	697	20	23225		port el2_pkg::*; #( `include "el2_param.vh" ) ( input logic clk,
IN-WINDOW		Cores-VeeR-EL2	design/exu/el2_exu_alu_ctl.sv	704	705	705	20	21421		port el2_pkg::*; #( `include "el2_param.vh" ) ( input logic
IN-WINDOW		Cores-VeeR-EL2	design/exu/el2_exu_div_ctl.sv	704	705	705	20	104541		port el2_pkg::*; #( `include "el2_param.vh" ) ( input logic clk,
IN-WINDOW		Cores-VeeR-EL2	design/exu/el2_exu_mul_ctl.sv	704	705	705	20	31111		port el2_pkg::*; #( `include "el2_param.vh" ) ( input logic clk,
IN-WINDOW		Cores-VeeR-EL2	design/ifu/el2_ifu.sv	1126	1127	1127	25	20296		port el2_pkg::*; #( `include "el2_param.vh" ) ( input logic free_l2clk,
IN-WINDOW		Cores-VeeR-EL2	design/ifu/el2_ifu_aln_ctl.sv	1068	1069	1069	24	36317		port el2_pkg::*; #( `include "el2_param.vh" ) ( // Excluding scan_mode fr
IN-WINDOW		Cores-VeeR-EL2	design/ifu/el2_ifu_bp_ctl.sv	1152	1153	1153	30	45535		port el2_pkg::*; #( `include "el2_param.vh" ) ( input logic clk, input
IN-WINDOW		Cores-VeeR-EL2	design/ifu/el2_ifu_compress_ctl.sv	966	967	967	23	11667		port el2_pkg::*; #( `include "el2_param.vh" ) ( input logic [15:0] din,
IN-WINDOW		Cores-VeeR-EL2	design/ifu/el2_ifu_ic_mem.sv	1029	1030	1030	23	79031		ort el2_pkg::*; #( `include "el2_param.vh" ) ( input logic
IN-WINDOW		Cores-VeeR-EL2	design/ifu/el2_ifu_iccm_mem.sv	1129	1130	1130	26	13976		port el2_pkg::*; #( `include "el2_param.vh" )( input logic
IN-WINDOW		Cores-VeeR-EL2	design/ifu/el2_ifu_ifc_ctl.sv	940	941	941	26	9943		port el2_pkg::*; #( `include "el2_param.vh" ) ( input logic clk,
IN-WINDOW		Cores-VeeR-EL2	design/ifu/el2_ifu_mem_ctl.sv	1097	1098	1098	27	100616		port el2_pkg::*; #( `include "el2_param.vh" ) ( input logic clk,
IN-WINDOW		Cores-VeeR-EL2	design/include/el2_def.sv	87	89	89	6	15029		V package el2_pkg; `include "el2_pdef.vh" typedef struct packed {
IN-WINDOW		Cores-VeeR-EL2	design/lib/ahb_to_axi4.sv	966	970	970	28	18113		HECK_RANGES = 1, `include "el2_param.vh" ) ( input clk,
IN-WINDOW		Cores-VeeR-EL2	design/lib/axi4_to_ahb.sv	934	935	935	27	26851		port el2_pkg::*; #( `include "el2_param.vh" ,parameter TAG = 1) ( input
IN-WINDOW		Cores-VeeR-EL2	design/lib/beh_lib.sv	955	956	956	32	26467		din; end else begin `ifdef RV_CLOCKGATE always @(posedge tb_top.clk) begin
IN-WINDOW		Cores-VeeR-EL2	design/lib/el2_lib.sv	45	46	46	4	2706		port el2_pkg::*; #( `include "el2_param.vh" ) ( input lo
IN-WINDOW		Cores-VeeR-EL2	design/lib/el2_mem_if.sv	958	963	963	24	6009		el2_pkg::*; #( `include "el2_param.vh" ) (); ////////////////////////////
IN-WINDOW		Cores-VeeR-EL2	design/lib/mem_lib.sv	700	701	660	17	7181		_TEST_IO \ input logic WE, \ input logic ME,
IN-WINDOW		Cores-VeeR-EL2	design/lsu/el2_lsu.sv	983	984	984	31	24033		port el2_pkg::*; #( `include "el2_param.vh" ) ( input logic
IN-WINDOW		Cores-VeeR-EL2	design/lsu/el2_lsu_addrcheck.sv	962	963	963	28	14607		port el2_pkg::*; #( `include "el2_param.vh" )( input logic lsu_c2_m
IN-WINDOW		Cores-VeeR-EL2	design/lsu/el2_lsu_bus_buffer.sv	961	962	962	29	70124		port el2_pkg::*; #( `include "el2_param.vh" )( input logic
IN-WINDOW		Cores-VeeR-EL2	design/lsu/el2_lsu_bus_intf.sv	958	959	959	28	21997		port el2_pkg::*; #( `include "el2_param.vh" )( input logic
IN-WINDOW		Cores-VeeR-EL2	design/lsu/el2_lsu_clkdomain.sv	946	947	947	29	7247		port el2_pkg::*; #( `include "el2_param.vh" )( input logic clk,
IN-WINDOW		Cores-VeeR-EL2	design/lsu/el2_lsu_dccm_ctl.sv	1009	1010	1010	32	32054		port el2_pkg::*; #( `include "el2_param.vh" ) ( input logic
IN-WINDOW		Cores-VeeR-EL2	design/lsu/el2_lsu_dccm_mem.sv	1061	1062	1062	33	7629		port el2_pkg::*; #( `include "el2_param.vh" )( input logic clk,
IN-WINDOW		Cores-VeeR-EL2	design/lsu/el2_lsu_ecc.sv	996	997	997	31	14782		port el2_pkg::*; #( `include "el2_param.vh" ) ( input logic
IN-WINDOW		Cores-VeeR-EL2	design/lsu/el2_lsu_lsc_ctl.sv	977	978	978	31	20545		port el2_pkg::*; #( `include "el2_param.vh" )( input logic rs
IN-WINDOW		Cores-VeeR-EL2	design/lsu/el2_lsu_stbuf.sv	1010	1011	1011	33	21391		port el2_pkg::*; #( `include "el2_param.vh" ) ( input logic
IN-WINDOW		Cores-VeeR-EL2	design/lsu/el2_lsu_trigger.sv	940	941	941	28	2875		port el2_pkg::*; #( `include "el2_param.vh" )( input el2_trigger_pkt_t [3:0]
IN-WINDOW		Cores-VeeR-EL2	testbench/ahb_lsu_dma_bridge.sv	753	756	756	21	5103		dge #( TAG = 1, `include "el2_param.vh" ) ( input clk,
IN-WINDOW		Cores-VeeR-EL2	testbench/ahb_sif.sv	2474	2475	710	82	6860		AX_DELAY < 0) begin `ifdef VERILATOR if (iws_rand & ~HPROT[0]) iws = $ra
IN-WINDOW		Cores-VeeR-EL2	testbench/axi_lsu_dma_bridge.sv	2055	2056	2056	82	5540		rameter ICCM_BASE = `RV_ICCM_BITS; // in LSBs localparam IDFIFOSZ = $clog2(`RV_D
IN-WINDOW		Cores-VeeR-EL2	testbench/icache_macros.svh	81	85	22	4	8439		\ assign el2_mem_export.ic_tag_data_raw_packed_pre = '0; \
IN-WINDOW		Cores-VeeR-EL2	testbench/tb_top.sv	814	819	712	23	111701		ES = 2_000_000, `include "el2_param.vh" ); logic i_cpu_halt_req, o_cpu_ha
IN-WINDOW		Cores-VeeR-EL2	testbench/tb_top_pkg.sv	616	618	618	18	1859		ackage tb_top_pkg; `ifndef VERILATOR class bitflip_mask_generator #( in
IN-WINDOW		Cores-VeeR-EL2	testbench/uvm/mem/hdl/dccm_agent.sv	261	261	71	10	1049		nt extends uvm_agent; dccm_driver driver; dccm_sequencer sequencer; dccm_
IN-WINDOW		Cores-VeeR-EL2	testbench/uvm/mem/hdl/dccm_base_test.sv	168	168	71	6	1365		est extends uvm_test; `uvm_component_utils(mem_model_base_test) dccm_agent
IN-WINDOW		Cores-VeeR-EL2	testbench/uvm/mem/hdl/dccm_interface.sv	131	135	135	9	323		lk, reset ); `include "el2_param.vh" ; logic [pt.DCCM_BITS-1:0] addr
IN-WINDOW		Cores-VeeR-EL2	testbench/uvm/mem/hdl/dccm_sequencer.sv	286	287	227	11	590		tends uvm_sequencer #(dccm_transaction_sequence_item, dccm_transaction_sequence_
IN-WINDOW		Cores-VeeR-EL2	testbench/uvm/mem/hdl/tbench_top.sv	220	225	71	13	2586		e tbench_top #( `include "el2_param.vh" ); bit clk; bit reset; alway
IN-WINDOW		Cores-VeeR-EL2	testbench/veer_wrapper.sv	853	858	858	21	18821		el2_pkg::*; #( `include "el2_param.vh" ) ( input logic clk,
IN-WINDOW		Cores-VeeR-EL2	verification/block/dccm/el2_lsu_dccm_mem_wrapper.sv	145	150	150	7	4505		el2_pkg::*; #( `include "el2_param.vh" ) ( input logic clk, input l
IN-WINDOW		Cores-VeeR-EL2	verification/block/dcls/el2_veer_lockstep_wrapper.sv	146	151	151	7	13680		el2_pkg::*; #( `include "el2_param.vh" ) ( input logic clk, input l
IN-WINDOW		Cores-VeeR-EL2	verification/block/dec/el2_dec_wrapper.sv	46	51	51	4	16399		el2_pkg::*; #( `include "el2_param.vh" ) ( input logic clk,
IN-WINDOW		Cores-VeeR-EL2	verification/block/dec_ib/el2_dec_ib_ctl_wrapper.sv	123	128	128	6	4201		el2_pkg::*; #( `include "el2_param.vh" ) ( input logic dbg_cmd_v
IN-WINDOW		Cores-VeeR-EL2	verification/block/dec_tl/el2_dec_trigger_wrapper.sv	124	129	129	6	1072		el2_pkg::*; #( `include "el2_param.vh" ) ( input logic [31:1] dec_i0_pc
IN-WINDOW		Cores-VeeR-EL2	verification/block/dec_tlu_ctl/el2_tlu_ctl_wrapper.sv	52	53	53	4	12827		port el2_pkg::*; #( `include "el2_param.vh" ) ( input logic clk, input
IN-WINDOW		Cores-VeeR-EL2	verification/block/dmi/dmi_test_wrapper.sv	118	123	123	7	1742		el2_pkg::*; #( `include "el2_param.vh" ) ( // JTAG signals input t
IN-WINDOW		Cores-VeeR-EL2	verification/block/exu_alu/el2_exu_alu_ctl_wrapper.sv	122	123	123	6	4588		port el2_pkg::*; #( `include "el2_param.vh" ) ( input logic
IN-WINDOW		Cores-VeeR-EL2	verification/block/exu_div/el2_exu_div_ctl_wrapper.sv	122	123	123	6	768		port el2_pkg::*; #( `include "el2_param.vh" ) ( input logic clk,
IN-WINDOW		Cores-VeeR-EL2	verification/block/exu_mul/el2_exu_mul_ctl_wrapper.sv	122	123	123	6	2408		port el2_pkg::*; #( `include "el2_param.vh" ) ( input logic clk,
IN-WINDOW		Cores-VeeR-EL2	verification/block/iccm/el2_ifu_iccm_mem_wrapper.sv	145	150	150	7	4059		el2_pkg::*; #( `include "el2_param.vh" ) ( input logic clk, input l
IN-WINDOW		Cores-VeeR-EL2	verification/block/ifu_mem_ctl/el2_ifu_mem_ctl_wrapper.sv	54	59	59	4	10409		el2_pkg::*; #( `include "el2_param.vh" ) ( input logic clk,
IN-WINDOW		Cores-VeeR-EL2	verification/block/lib_ahb_to_axi4/ahb_to_axi4_wrapper.sv	41	45	45	4	2201		r #( TAG = 1, `include "el2_param.vh" ) ( input clk,
IN-WINDOW		Cores-VeeR-EL2	verification/block/lsu_tl/el2_lsu_trigger_wrapper.sv	124	129	129	6	1583		el2_pkg::*; #( `include "el2_param.vh" ) ( // Unpacked [3:0] trigger_pk
IN-WINDOW		Cores-VeeR-EL2	verification/block/pmp/el2_pmp_wrapper.sv	149	154	154	8	1445		P_CHANNELS = 3, `include "el2_param.vh" ) ( input logic clk, // To
IN-WINDOW		Cores-VeeR-EL2	verification/block/pmp_random/el2_pmp_wrapper.sv	149	154	154	8	1445		P_CHANNELS = 3, `include "el2_param.vh" ) ( input logic clk, // To
IN-WINDOW		Surelog	tests/ClassCons/top.sv	55	66	25	4	1151		int (); \ begin \ $write("Size is %0d\n",this.size); \
IN-WINDOW		Surelog	tests/DiffSimpleIncludeAndMacros/foo/inc.sv	31	32	2	4	70		yz(I,R = DEFAULT) \ assign abc[I].clk = R.du``I``_clk_x;
IN-WINDOW		Surelog	tests/DiffSimpleIncludeAndMacros/top.v	178	181	9	17	650		e `undef multipl $display("Internal error: null handle at %s, line %d.",`__FI
IN-WINDOW		Surelog	tests/DiffSimpleIncludeAndMacros/top_1.v	154	157	9	17	647		`undef multipl $display("Internal error: null handle at %s, line %d.",`__FI
IN-WINDOW		Surelog	tests/DiffSimpleIncludeAndMacros/top_2.v	158	161	9	17	857		e `undef multipl $display("Internal error: null handle at %s, line %d.",`__FI
IN-WINDOW		Surelog	tests/DiffSimpleIncludeAndMacros/top_3.v	231	234	9	20	713		`undef multipl tt $display("Internal error: null handle at %s, line %d.",`__FI
IN-WINDOW		Surelog	tests/DiffSimpleIncludeAndMacros/top_4.v	206	207	9	18	847		reg CK,rd,wr,ce; \ reg [7:0] addr,data_wr,``DATA``_rd; \ reg [7:0] re
IN-WINDOW		Surelog	tests/FileLine/fileLine.sv	171	171	171	10	493		#1; $display(`__FILE__); end endmodule /* * P1800/D8 22.13 * "`__LINE_
IN-WINDOW		Surelog	tests/ParamFile/dut.sv	79	80	0	4	586		eter SRAMInitFile = `PARAM_FILE; ram_1p #( .MemInitFile(SRAMInitFile)
IN-WINDOW		Surelog	tests/PragmaProtect/top.sv	2341	2341	241	88	3067		type = "base64") K0c+W1GDd9YcMBiX3ZqvpyTdb9sTWK06w75CLxQWVrmc3L9rzWMKgZ8vZhFcBsM
IN-WINDOW		Surelog	tests/PreprocLine/dut.sv	47	47	47	3	305		in $display(`__FILE__, `__LINE__); `line 101 "fake.v" 1 $display
IN-WINDOW		Surelog	tests/PreprocUhdmCov/dut.sv	71	75	1	7	832		output logic a); `ASSERT(SigintEventCheck_A, sigint_o |-> !event_o) assig
IN-WINDOW		Surelog	tests/PreprocUhdmCov/prim_assert.sv	793	849	319	30	1220		\ `endif \
IN-WINDOW		Surelog	tests/SimpleClass1/Configuration.sv	539	539	443	14	1043		n extends uvm_object; virtual input_interface.IP input_intf; virtual
IN-WINDOW		Surelog	tests/SimpleClass1/Macro.sv	16	20	2	4	297		`define dumb \ begin \ end `define uvm_info(ID, MSG, VERBOSITY) \ b
IN-WINDOW		Surelog	tests/SimpleClass1/Packet.sv	620	620	443	17	3512		ds uvm_sequence_item; rand fcs_kind_t fcs_kind; rand bit [7:0]
IN-WINDOW		Surelog	tests/SimpleClass1/Sequencer.sv	529	530	443	13	973		tends uvm_sequencer #(Packet); Configuration cfg; `uvm_sequencer_u
IN-WINDOW		Surelog	tests/SimpleIncludeAndMacros/foo/inc.sv	31	32	2	4	70		yz(I,R = DEFAULT) \ assign abc[I].clk = R.du``I``_clk_x;
IN-WINDOW		Surelog	tests/SimpleIncludeAndMacros/top.v	178	181	9	17	650		e `undef multipl $display("Internal error: null handle at %s, line %d.",`__FI
IN-WINDOW		Surelog	tests/SimpleIncludeAndMacros/top_1.v	154	157	9	17	647		`undef multipl $display("Internal error: null handle at %s, line %d.",`__FI
IN-WINDOW		Surelog	tests/SimpleIncludeAndMacros/top_2.v	158	161	9	17	857		e `undef multipl $display("Internal error: null handle at %s, line %d.",`__FI
IN-WINDOW		Surelog	tests/SimpleIncludeAndMacros/top_3.v	231	234	9	20	713		`undef multipl tt $display("Internal error: null handle at %s, line %d.",`__FI
IN-WINDOW		Surelog	tests/SimpleIncludeAndMacros/top_4.v	206	207	9	18	847		reg CK,rd,wr,ce; \ reg [7:0] addr,data_wr,``DATA``_rd; \ reg [7:0] re
IN-WINDOW		Surelog	tests/SimpleTask/top.v	25	27	27	4	2059		bus_wr_rd_task(); `define append(f) f``_master `define my_macro(CK,DATA)\
IN-WINDOW		Surelog	tests/SimpleTask/top_1.v	25	27	27	4	2091		bus_wr_rd_task(); `define append(f) f``_master `define append(f) f``_master
IN-WINDOW		Surelog	tests/SimpleTask/top_2.v	25	27	27	4	2088		bus_wr_rd_task(); `define append(f) f``_master `define append(f) f``_master
IN-WINDOW		Surelog	tests/SimpleTask/top_3.v	25	27	27	4	2088		bus_wr_rd_task(); `define append(f) f``_master `define append(f) f``_master
IN-WINDOW		Surelog	tests/SimpleTask/top_4.v	25	27	27	4	2088		bus_wr_rd_task(); `define append(f) f``_master `define append(f) f``_master
IN-WINDOW		Surelog	tests/SimpleTask/top_5.v	25	27	27	4	2090		bus_wr_rd_task(); `define append(f) f``_master `define my_macro(CK,DATA)\
IN-WINDOW		Surelog	tests/TestFileSplit/top.v	15	24	24	10	222		age top1_1; `include "middle.v" `include "middle.v"
IN-WINDOW		Surelog	tests/TestFileSplit/top2.v	82	88	88	28	643		2_21; endclass `include "middle.v" class blah3_38; endclass
IN-WINDOW		Surelog	tests/TestMacros/TestMacros.v	245	246	0	9	632		ESULT = SOURCE + 5; \ $display("Inside ADD5 macro. Scope is %m"); `define def
IN-WINDOW		Surelog	tests/TestMacros/macros.v	28	33	0	2	358		T_EQUALS(x,y) \ repeat(1)\ begin\ if( (x) != (y) ) \ // A Macro
IN-WINDOW		Surelog	tests/TestMacros/xl.v	8579	8579	25	348	11363		Qt+1 1 (01) 1 ? : ? : 1; // clocked data
IN-WINDOW		Surelog	tests/UnitClass/Configuration.sv	539	539	443	14	1043		n extends uvm_object; virtual input_interface.IP input_intf; virtual
IN-WINDOW		Surelog	tests/UnitClass/Macro.sv	16	20	2	4	297		`define dumb \ begin \ end `define uvm_info(ID, MSG, VERBOSITY) \ b
IN-WINDOW		Surelog	tests/UnitClass/Packet.sv	620	620	443	17	3512		ds uvm_sequence_item; rand fcs_kind_t fcs_kind; rand bit [7:0]
IN-WINDOW		Surelog	tests/UnitClass/Sequencer.sv	529	530	443	13	973		tends uvm_sequencer #(Packet); Configuration cfg; `uvm_sequencer_u
IN-WINDOW		black-parrot	bp_be/src/include/bp_be_dcache_defines.svh	164	192	1	6	1800		\ { \
IN-WINDOW		black-parrot	bp_be/src/include/bp_be_defines.svh	503	603	36	20	25041		\ typedef struct packed
IN-WINDOW		black-parrot	bp_be/src/include/bp_be_pkg.sv	2806	2810	3	100	2892		080000_00000000; `include "bp_be_ctl_pkgdef.svh" `include "bp_be_dcache_pkg
IN-WINDOW		black-parrot	bp_be/src/v/bp_be_calculator/bp_be_calculator_top.sv	554	555	391	21	24943		rameter bp_params_e bp_params_p = e_bp_default_cfg `declare_bp_proc_params(b
IN-WINDOW		black-parrot	bp_be/src/v/bp_be_calculator/bp_be_csr.sv	153	154	1	8	31717		rameter bp_params_e bp_params_p = e_bp_default_cfg `declare_bp_proc_params(bp
IN-WINDOW		black-parrot	bp_be/src/v/bp_be_calculator/bp_be_fp_box.sv	156	157	1	8	2315		rameter bp_params_e bp_params_p = e_bp_default_cfg `declare_bp_proc_params(bp
IN-WINDOW		black-parrot	bp_be/src/v/bp_be_calculator/bp_be_fp_rebox.sv	158	159	1	8	1851		rameter bp_params_e bp_params_p = e_bp_default_cfg `declare_bp_proc_params(bp
IN-WINDOW		black-parrot	bp_be/src/v/bp_be_calculator/bp_be_fp_unbox.sv	158	159	1	8	2020		rameter bp_params_e bp_params_p = e_bp_default_cfg `declare_bp_proc_params(bp
IN-WINDOW		black-parrot	bp_be/src/v/bp_be_calculator/bp_be_int_box.sv	157	158	1	8	867		rameter bp_params_e bp_params_p = e_bp_default_cfg `declare_bp_proc_params(bp
IN-WINDOW		black-parrot	bp_be/src/v/bp_be_calculator/bp_be_int_unbox.sv	159	160	1	8	1916		rameter bp_params_e bp_params_p = e_bp_default_cfg `declare_bp_proc_params(bp
IN-WINDOW		black-parrot	bp_be/src/v/bp_be_calculator/bp_be_pipe_aux.sv	297	298	140	18	11126		rameter bp_params_e bp_params_p = e_bp_default_cfg `declare_bp_proc_params(bp
IN-WINDOW		black-parrot	bp_be/src/v/bp_be_calculator/bp_be_pipe_fma.sv	901	902	744	32	8368		rameter bp_params_e bp_params_p = e_bp_default_cfg `declare_bp_proc_params(bp
IN-WINDOW		black-parrot	bp_be/src/v/bp_be_calculator/bp_be_pipe_int.sv	310	311	153	18	6786		rameter bp_params_e bp_params_p = e_bp_default_cfg `declare_bp_proc_params(bp
IN-WINDOW		black-parrot	bp_be/src/v/bp_be_calculator/bp_be_pipe_long.sv	159	160	1	8	8384		rameter bp_params_e bp_params_p = e_bp_default_cfg `declare_bp_proc_params(bp
IN-WINDOW		black-parrot	bp_be/src/v/bp_be_calculator/bp_be_pipe_mem.sv	328	329	171	19	14006		rameter bp_params_e bp_params_p = e_bp_default_cfg `declare_bp_proc_params(bp
IN-WINDOW		black-parrot	bp_be/src/v/bp_be_calculator/bp_be_pipe_sys.sv	234	235	77	17	7072		rameter bp_params_e bp_params_p = e_bp_default_cfg `declare_bp_proc_params(bp
IN-WINDOW		black-parrot	bp_be/src/v/bp_be_calculator/bp_be_ptw.sv	153	154	1	8	8533		rameter bp_params_e bp_params_p = e_bp_default_cfg `declare_bp_proc_params(bp
IN-WINDOW		black-parrot	bp_be/src/v/bp_be_calculator/bp_be_rec_to_raw.sv	160	161	1	8	1657		rameter bp_params_e bp_params_p = e_bp_default_cfg `declare_bp_proc_params(bp
IN-WINDOW		black-parrot	bp_be/src/v/bp_be_calculator/bp_be_reservation.sv	161	162	1	8	3229		rameter bp_params_e bp_params_p = e_bp_default_cfg `declare_bp_proc_params(bp
IN-WINDOW		black-parrot	bp_be/src/v/bp_be_checker/bp_be_cmd_queue.sv	159	160	1	8	2073		rameter bp_params_e bp_params_p = e_bp_default_cfg `declare_bp_proc_params(bp
IN-WINDOW		black-parrot	bp_be/src/v/bp_be_checker/bp_be_detector.sv	426	427	269	20	13879		rameter bp_params_e bp_params_p = e_bp_default_cfg `declare_bp_proc_params(bp
IN-WINDOW		black-parrot	bp_be/src/v/bp_be_checker/bp_be_director.sv	391	392	234	20	11232		rameter bp_params_e bp_params_p = e_bp_default_cfg `declare_bp_proc_params(bp
IN-WINDOW		black-parrot	bp_be/src/v/bp_be_checker/bp_be_expander.sv	626	635	1	30	9114		(cinstr_i) `RV64_C2_INSTR, `RV64_CADDI, `RV64_CADDIW, `RV64_CLI, `RV64_
IN-WINDOW		black-parrot	bp_be/src/v/bp_be_checker/bp_be_instr_decoder.sv	583	584	421	21	37314		rameter bp_params_e bp_params_p = e_bp_default_cfg `declare_bp_proc_params(bp
IN-WINDOW		black-parrot	bp_be/src/v/bp_be_checker/bp_be_issue_queue.sv	161	162	1	8	11837		rameter bp_params_e bp_params_p = e_bp_default_cfg `declare_bp_proc_params(bp
IN-WINDOW		black-parrot	bp_be/src/v/bp_be_checker/bp_be_regfile.sv	772	773	638	22	4838		rameter bp_params_e bp_params_p = e_bp_default_cfg `declare_bp_proc_params(b
IN-WINDOW		black-parrot	bp_be/src/v/bp_be_checker/bp_be_scheduler.sv	470	471	312	20	13278		rameter bp_params_e bp_params_p = e_bp_default_cfg `declare_bp_proc_params(bp
IN-WINDOW		black-parrot	bp_be/src/v/bp_be_checker/bp_be_scoreboard.sv	160	161	1	8	1785		rameter bp_params_e bp_params_p = e_bp_default_cfg `declare_bp_proc_params(bp
IN-WINDOW		black-parrot	bp_be/src/v/bp_be_dcache/bp_be_dcache.sv	3785	3786	3630	80	52604		rameter bp_params_e bp_params_p = e_bp_default_cfg `declare_bp_proc_params(bp
IN-WINDOW		black-parrot	bp_be/src/v/bp_be_dcache/bp_be_dcache_decoder.sv	164	165	1	8	7314		rameter bp_params_e bp_params_p = e_bp_default_cfg `declare_bp_proc_params(bp
IN-WINDOW		black-parrot	bp_be/src/v/bp_be_dcache/bp_be_dcache_wbuf.sv	257	258	97	15	8304		rameter bp_params_e bp_params_p = e_bp_default_cfg `declare_bp_proc_params(bp
IN-WINDOW		black-parrot	bp_be/src/v/bp_be_top.sv	195	196	43	14	8797		rameter bp_params_e bp_params_p = e_bp_default_cfg `declare_bp_proc_params(bp
IN-WINDOW		black-parrot	bp_be/test/common/bp_be_nonsynth_branch_profiler.sv	28	30	30	4	5075		RENTLY_UNSUPPORTED `include "bp_common_defines.svh" `include "bp_top_defines.sv
IN-WINDOW		black-parrot	bp_be/test/common/bp_be_nonsynth_cosim.sv	202	203	1	9	8896		rameter bp_params_e bp_params_p = e_bp_default_cfg `declare_bp_proc_params(bp
IN-WINDOW		black-parrot	bp_be/test/common/bp_be_nonsynth_dcache_tracer.sv	212	213	1	9	6442		rameter bp_params_e bp_params_p = e_bp_default_cfg `declare_bp_proc_params(bp_
IN-WINDOW		black-parrot	bp_be/test/common/bp_be_nonsynth_perf.sv	201	202	1	9	2328		rameter bp_params_e bp_params_p = e_bp_default_cfg `declare_bp_proc_params(bp
IN-WINDOW		black-parrot	bp_be/test/common/bp_be_nonsynth_watchdog.sv	170	171	1	8	2655		rameter bp_params_e bp_params_p = e_bp_default_cfg `declare_bp_proc_params(b
IN-WINDOW		black-parrot	bp_common/src/include/bp_common_addr_defines.svh	162	205	0	5	1260		\ {
IN-WINDOW		black-parrot	bp_common/src/include/bp_common_aviary_cfg_pkgdef.svh	13411	13411	1	408	20942		ustom_cfg_p = '{`bp_aviary_define_override(cc_x_dim, BP_CC_X_DIM, `BP_CUSTOM
IN-WINDOW		black-parrot	bp_common/src/include/bp_common_aviary_defines.svh	172	177	47	11	31086		_params_e_mp) \ , localparam bp_proc_param_s proc_param_lp = all_cfgs_gp[bp_
IN-WINDOW		black-parrot	bp_common/src/include/bp_common_aviary_pkgdef.svh	224	225	0	8	19278		ram bp_proc_param_s bp_unicore_cfg_p = bp_default_cfg_p; localparam bp_proc_p
IN-WINDOW		black-parrot	bp_common/src/include/bp_common_bedrock_if.svh	2278	2345	523	62	12331		\ {
IN-WINDOW		black-parrot	bp_common/src/include/bp_common_bedrock_wormhole_defines.svh	865	886	334	25	5332		\ { \ logi
IN-WINDOW		black-parrot	bp_common/src/include/bp_common_cache_engine_if.svh	229	258	39	9	6986		\ { \
IN-WINDOW		black-parrot	bp_common/src/include/bp_common_cache_pkgdef.svh	873	873	1	19	2601		p+dev_addr_width_gp)'('h0400_0000); // This could be more efficiently matched
IN-WINDOW		black-parrot	bp_common/src/include/bp_common_cfg_bus_defines.svh	231	260	0	5	1536		\ { \
IN-WINDOW		black-parrot	bp_common/src/include/bp_common_cfg_bus_pkgdef.svh	1275	1275	1	42	2617		p+dev_addr_width_gp)'('h0020_0000); localparam cfg_match_addr_gp = (d
IN-WINDOW		black-parrot	bp_common/src/include/bp_common_clint_pkgdef.svh	150	150	1	6	1134		p+dev_addr_width_gp)'('h30_0000); localparam clint_match_addr_gp = (dev
IN-WINDOW		black-parrot	bp_common/src/include/bp_common_core_if.svh	2441	2533	1146	41	21147		\ typedef struct packed
IN-WINDOW		black-parrot	bp_common/src/include/bp_common_defines.svh	1419	1424	0	30	1855		did_width_mp) \ , localparam cfg_bus_width_lp = `bp_cfg_bus_width(vaddr_widt
IN-WINDOW		black-parrot	bp_common/src/include/bp_common_host_pkgdef.svh	146	146	1	5	1586		p+dev_addr_width_gp)'('h0010_0000); localparam host_match_addr_gp = (de
IN-WINDOW		black-parrot	bp_common/src/include/bp_common_pkg.sv	403	407	347	15	917		e bp_common_pkg; `include "bp_common_accelerator_pkgdef.svh" `include "bp_c
IN-WINDOW		black-parrot	bp_common/src/include/bp_common_rv64_csr_defines.svh	6871	6939	0	184	71056		\ {
IN-WINDOW		black-parrot	bp_common/src/v/bp_mmu.sv	118	119	20	9	9457		rameter bp_params_e bp_params_p = e_bp_default_cfg `declare_bp_proc_params(bp
IN-WINDOW		black-parrot	bp_common/src/v/bp_pma.sv	99	100	1	6	1187		rameter bp_params_e bp_params_p = e_bp_default_cfg `declare_bp_proc_params(bp
IN-WINDOW		black-parrot	bp_common/src/v/bp_tlb.sv	424	425	1	12	9297		rameter bp_params_e bp_params_p = e_bp_default_cfg `declare_bp_proc_params(bp
IN-WINDOW		black-parrot	bp_common/src/v/bsg_async_noc_link.sv	119	120	1	7	2354		kg::*; #(parameter `BSG_INV_PARAM(width_p) , parameter `BSG_INV_PARAM(lg_siz
IN-WINDOW		black-parrot	bp_common/src/v/bsg_bus_pack.sv	83	84	1	6	1802		he bus parameter `BSG_INV_PARAM(in_width_p) , parameter out_width_p = in_w
IN-WINDOW		black-parrot	bp_common/src/v/bsg_dff_sync_read.sv	179	180	1	7	1160		c_read #(parameter `BSG_INV_PARAM(width_p) // Whether data is available sync
IN-WINDOW		black-parrot	bp_common/src/v/bsg_fifo_1r1w_edge.sv	656	657	1	14	1354		w_edge #(parameter `BSG_INV_PARAM(width_p)) (input clk
IN-WINDOW		black-parrot	bp_common/src/v/bsg_parallel_in_serial_out_passthrough_dynamic.sv	592	593	499	14	3246		ynamic #( parameter `BSG_INV_PARAM(width_p )
IN-WINDOW		black-parrot	bp_common/src/v/bsg_rom_param.sv	61	62	1	5	440		_param #(parameter `BSG_INV_PARAM(data_width_p) , parameter `BSG_INV_PARAM(d
IN-WINDOW		black-parrot	bp_common/src/v/bsg_serial_in_parallel_out_passthrough_dynamic.sv	157	158	64	10	2361		ynamic #(parameter `BSG_INV_PARAM(width_p) , parameter `BSG_INV_PARAM(els_p)
IN-WINDOW		black-parrot	bp_common/test/common/bp_common_test_defines.svh	214	224	1	6	2892		, state_r; \ wire is_init = (state_r == e_init);
IN-WINDOW		black-parrot	bp_common/test/common/bp_common_test_pkg.sv	396	400	340	15	6627		e bp_common_pkg; `include "bp_common_accelerator_pkgdef.svh" `include "bp_c
IN-WINDOW		black-parrot	bp_common/test/common/bp_nonsynth_pc_profiler.sv	27	29	29	3	1686		RENTLY_UNSUPPORTED `include "bp_common_test_defines.svh" `include "bp_common_de
IN-WINDOW		black-parrot	bp_common/test/common/bp_nonsynth_vm_tracer.sv	114	115	1	6	2885		rameter bp_params_e bp_params_p = e_bp_default_cfg `declare_bp_proc_params(bp
IN-WINDOW		black-parrot	bp_fe/src/include/bp_fe_defines.svh	554	627	257	16	2273		\ {
IN-WINDOW		black-parrot	bp_fe/src/include/bp_fe_icache_defines.svh	147	164	0	5	1102		ked \ { \ logic [v
IN-WINDOW		black-parrot	bp_fe/src/include/bp_fe_pkg.sv	19	23	23	4	108		ckage bp_fe_pkg; `include "bp_fe_icache_pkgdef.svh" `include "bp_fe_pc_gen_
IN-WINDOW		black-parrot	bp_fe/src/v/bp_fe_bht.sv	644	645	492	18	4841		rameter bp_params_e bp_params_p = e_bp_default_cfg `declare_bp_proc_params(bp
IN-WINDOW		black-parrot	bp_fe/src/v/bp_fe_btb.sv	731	732	579	21	4953		rameter bp_params_e bp_params_p = e_bp_default_cfg `declare_bp_proc_params(bp
IN-WINDOW		black-parrot	bp_fe/src/v/bp_fe_controller.sv	211	212	30	12	12873		rameter bp_params_e bp_params_p = e_bp_default_cfg `declare_bp_proc_params(bp
IN-WINDOW		black-parrot	bp_fe/src/v/bp_fe_icache.sv	1208	1209	1053	37	29771		rameter bp_params_e bp_params_p = e_bp_default_cfg `declare_bp_proc_params(bp
IN-WINDOW		black-parrot	bp_fe/src/v/bp_fe_pc_gen.sv	381	382	226	15	15194		rameter bp_params_e bp_params_p = e_bp_default_cfg `declare_bp_proc_params(bp
IN-WINDOW		black-parrot	bp_fe/src/v/bp_fe_ras.sv	176	177	24	11	3464		rameter bp_params_e bp_params_p = e_bp_default_cfg `declare_bp_proc_params(bp
IN-WINDOW		black-parrot	bp_fe/src/v/bp_fe_realigner.sv	351	352	193	13	4733		rameter bp_params_e bp_params_p = e_bp_default_cfg `declare_bp_proc_params(bp
IN-WINDOW		black-parrot	bp_fe/src/v/bp_fe_scan.sv	356	357	203	14	8572		rameter bp_params_e bp_params_p = e_bp_default_cfg `declare_bp_proc_params(bp
IN-WINDOW		black-parrot	bp_fe/src/v/bp_fe_top.sv	197	198	23	12	15303		rameter bp_params_e bp_params_p = e_bp_default_cfg `declare_bp_proc_params(bp
IN-WINDOW		black-parrot	bp_fe/test/common/bp_fe_nonsynth_icache_tracer.sv	210	211	1	9	6377		rameter bp_params_e bp_params_p = e_bp_default_cfg `declare_bp_proc_params(bp
IN-WINDOW		black-parrot	bp_me/src/include/bp_me_cce_defines.svh	315	366	0	7	2383		\ {
IN-WINDOW		black-parrot	bp_me/src/include/bp_me_cce_inst_pkgdef.svh	24623	24628	646	511	37343		_type_u_width \ (`bp_cce_inst_data_width-`bp_cce_inst_op_width-`bp_cce_inst_
IN-WINDOW		black-parrot	bp_me/src/include/bp_me_cce_pkgdef.svh	396	397	66	19	1109		bp_coh_states_e state; } bp_cce_spec_s; // Coherence Request Processing
IN-WINDOW		black-parrot	bp_me/src/include/bp_me_pkg.sv	197	201	121	14	285		p_common_pkg::*; `include "bp_me_cce_pkgdef.svh" `include "bp_me_cce_inst_p
IN-WINDOW		black-parrot	bp_me/src/v/cce/bp_bedrock_size_to_len.sv	662	663	558	24	2728		g::*; #(parameter `BSG_INV_PARAM(beat_width_p) , parameter `BSG_INV_PARAM(
IN-WINDOW		black-parrot	bp_me/src/v/cce/bp_cce.sv	268	269	116	17	29997		rameter bp_params_e bp_params_p = e_bp_default_cfg `declare_bp_proc_par
IN-WINDOW		black-parrot	bp_me/src/v/cce/bp_cce_alu.sv	767	768	650	24	1640		g::*; #(parameter `BSG_INV_PARAM(width_p)) (input [width_p-1:0]
IN-WINDOW		black-parrot	bp_me/src/v/cce/bp_cce_arbitrate.sv	710	711	548	22	5457		rameter bp_params_e bp_params_p = e_bp_default_cfg `declare_bp_proc_params(b
IN-WINDOW		black-parrot	bp_me/src/v/cce/bp_cce_branch.sv	694	695	574	24	2491		g::*; #(parameter `BSG_INV_PARAM(width_p) , parameter `BSG_INV_PARAM(cce_p
IN-WINDOW		black-parrot	bp_me/src/v/cce/bp_cce_dir.sv	606	607	450	21	15268		rameter bp_params_e bp_params_p = e_bp_default_cfg `declare_bp_proc_params(b
IN-WINDOW		black-parrot	bp_me/src/v/cce/bp_cce_dir_lru_extract.sv	287	288	154	16	2049		g::*; #(parameter `BSG_INV_PARAM(tag_sets_per_row_p) , parameter `BSG_INV_
IN-WINDOW		black-parrot	bp_me/src/v/cce/bp_cce_dir_segment.sv	733	734	581	24	19276		g::*; #(parameter `BSG_INV_PARAM(tag_sets_p) // number of tag set
IN-WINDOW		black-parrot	bp_me/src/v/cce/bp_cce_dir_tag_checker.sv	302	303	169	16	2314		g::*; #(parameter `BSG_INV_PARAM(tag_sets_per_row_p) , parameter `BSG_INV_
IN-WINDOW		black-parrot	bp_me/src/v/cce/bp_cce_fsm.sv	710	711	554	27	70769		rameter bp_params_e bp_params_p = e_bp_default_cfg `declare_bp_proc_params(b
IN-WINDOW		black-parrot	bp_me/src/v/cce/bp_cce_gad.sv	728	729	595	23	6872		rameter bp_params_e bp_params_p = e_bp_default_cfg `declare_bp_proc_params(b
IN-WINDOW		black-parrot	bp_me/src/v/cce/bp_cce_inst_decode.sv	1283	1284	1131	31	35742		g::*; #(parameter `BSG_INV_PARAM(cce_pc_width_p) ) (input
IN-WINDOW		black-parrot	bp_me/src/v/cce/bp_cce_inst_predecode.sv	877	878	749	26	1586		g::*; #(parameter `BSG_INV_PARAM(width_p)) (input bp_cce_inst_s
IN-WINDOW		black-parrot	bp_me/src/v/cce/bp_cce_inst_ram.sv	741	742	580	24	5342		rameter bp_params_e bp_params_p = e_bp_default_cfg `declare_bp_proc_params(b
IN-WINDOW		black-parrot	bp_me/src/v/cce/bp_cce_msg.sv	293	294	137	17	36413		rameter bp_params_e bp_params_p = e_bp_default_cfg `declare_bp_proc_par
IN-WINDOW		black-parrot	bp_me/src/v/cce/bp_cce_pending_bits.sv	982	983	852	27	5337		g::*; #(parameter `BSG_INV_PARAM(num_way_groups_p) , parameter `BSG_INV_PA
IN-WINDOW		black-parrot	bp_me/src/v/cce/bp_cce_pma.sv	909	910	776	26	1243		rameter bp_params_e bp_params_p = e_bp_default_cfg `declare_bp_proc_params(b
IN-WINDOW		black-parrot	bp_me/src/v/cce/bp_cce_reg.sv	218	219	62	16	15828		rameter bp_params_e bp_params_p = e_bp_default_cfg `declare_bp_proc_params(b
IN-WINDOW		black-parrot	bp_me/src/v/cce/bp_cce_spec_bits.sv	692	693	542	24	4340		g::*; #(parameter `BSG_INV_PARAM(num_way_groups_p) , parameter `BSG_INV_PA
IN-WINDOW		black-parrot	bp_me/src/v/cce/bp_cce_src_sel.sv	513	514	353	22	20778		rameter bp_params_e bp_params_p = e_bp_default_cfg `declare_bp_proc_params(b
IN-WINDOW		black-parrot	bp_me/src/v/cce/bp_cce_wrapper.sv	488	489	328	22	5162		rameter bp_params_e bp_params_p = e_bp_default_cfg `declare_bp_proc_par
IN-WINDOW		black-parrot	bp_me/src/v/cce/bp_io_cce.sv	416	417	264	20	8043		rameter bp_params_e bp_params_p = e_bp_default_cfg `declare_bp_proc_params(bp
IN-WINDOW		black-parrot	bp_me/src/v/cce/bp_uce.sv	256	257	104	17	35406		rameter bp_params_e bp_params_p = e_bp_default_cfg `declare_bp_proc_params(b
IN-WINDOW		black-parrot	bp_me/src/v/dev/bp_me_bedrock_register.sv	631	632	466	22	6134		rameter bp_params_e bp_params_p = e_bp_default_cfg `declare_bp_proc_params(bp
IN-WINDOW		black-parrot	bp_me/src/v/dev/bp_me_cache_controller.sv	692	693	476	24	18888		rameter bp_params_e bp_params_p = e_bp_default_cfg `declare_bp_proc_params(bp
IN-WINDOW		black-parrot	bp_me/src/v/dev/bp_me_cache_slice.sv	333	334	69	20	6465		rameter bp_params_e bp_params_p = e_bp_default_cfg `declare_bp_proc_params(bp
IN-WINDOW		black-parrot	bp_me/src/v/dev/bp_me_cfg_slice.sv	225	226	67	16	6619		rameter bp_params_e bp_params_p = e_bp_default_cfg `declare_bp_proc_params(bp
IN-WINDOW		black-parrot	bp_me/src/v/dev/bp_me_clint_slice.sv	289	290	69	18	6251		rameter bp_params_e bp_params_p = e_bp_default_cfg `declare_bp_proc_params(bp
IN-WINDOW		black-parrot	bp_me/src/v/dev/bp_me_dram_hash_decode.sv	384	385	270	17	3265		rameter bp_params_e bp_params_p = e_bp_default_cfg `declare_bp_proc_params(bp
IN-WINDOW		black-parrot	bp_me/src/v/dev/bp_me_dram_hash_encode.sv	921	922	756	28	5147		rameter bp_params_e bp_params_p = e_bp_default_cfg `declare_bp_proc_params(bp
IN-WINDOW		black-parrot	bp_me/src/v/dev/bp_me_loopback.sv	470	471	310	18	3831		rameter bp_params_e bp_params_p = e_bp_default_cfg `declare_bp_proc_params(b
IN-WINDOW		black-parrot	bp_me/src/v/lce/bp_lce.sv	239	240	111	16	12366		rameter bp_params_e bp_params_p = e_bp_default_cfg `declare_bp_proc_params(bp
IN-WINDOW		black-parrot	bp_me/src/v/lce/bp_lce_cmd.sv	311	312	179	17	29506		rameter bp_params_e bp_params_p = e_bp_default_cfg `declare_bp_proc_params(bp
IN-WINDOW		black-parrot	bp_me/src/v/lce/bp_lce_req.sv	339	340	207	18	13248		rameter bp_params_e bp_params_p = e_bp_default_cfg `declare_bp_proc_params(bp
IN-WINDOW		black-parrot	bp_me/src/v/network/bp_me_addr_to_cce_id.sv	290	291	149	16	3000		rameter bp_params_e bp_params_p = e_bp_default_cfg `declare_bp_proc_params(bp
IN-WINDOW		black-parrot	bp_me/src/v/network/bp_me_cce_id_to_cord.sv	325	326	184	17	2509		rameter bp_params_e bp_params_p = e_bp_default_cfg `declare_bp_proc_params(bp
IN-WINDOW		black-parrot	bp_me/src/v/network/bp_me_cord_to_id.sv	382	383	245	17	3169		rameter bp_params_e bp_params_p = e_bp_default_cfg `declare_bp_proc_params(bp
IN-WINDOW		black-parrot	bp_me/src/v/network/bp_me_lce_id_to_cord.sv	274	275	133	15	2752		rameter bp_params_e bp_params_p = e_bp_default_cfg `declare_bp_proc_params(bp
IN-WINDOW		black-parrot	bp_me/src/v/network/bp_me_stream_gearbox.sv	164	165	1	8	4278		rameter bp_params_e bp_params_p = e_bp_default_cfg `declare_bp_proc_params(bp
IN-WINDOW		black-parrot	bp_me/src/v/network/bp_me_stream_pump.sv	161	162	1	8	5423		rameter bp_params_e bp_params_p = e_bp_default_cfg `declare_bp_proc_params(bp
IN-WINDOW		black-parrot	bp_me/src/v/network/bp_me_stream_pump_control.sv	790	791	622	25	8083		rameter bp_params_e bp_params_p = e_bp_default_cfg `declare_bp_proc_params(bp
IN-WINDOW		black-parrot	bp_me/src/v/network/bp_me_stream_pump_in.sv	405	406	242	18	5862		rameter bp_params_e bp_params_p = e_bp_default_cfg `declare_bp_proc_params(bp
IN-WINDOW		black-parrot	bp_me/src/v/network/bp_me_stream_pump_out.sv	445	446	281	19	5819		rameter bp_params_e bp_params_p = e_bp_default_cfg `declare_bp_proc_params(bp
IN-WINDOW		black-parrot	bp_me/src/v/network/bp_me_stream_to_wormhole.sv	1725	1726	1583	41	6987		rameter bp_params_e bp_params_p = e_bp_default_cfg `declare_bp_proc_params(bp
IN-WINDOW		black-parrot	bp_me/src/v/network/bp_me_wormhole_header_encode.sv	395	396	275	16	4401		rameter bp_params_e bp_params_p = e_bp_default_cfg `declare_bp_proc_params(bp
IN-WINDOW		black-parrot	bp_me/src/v/network/bp_me_wormhole_stream_control.sv	1118	1119	1042	30	4747		ontrol #(parameter `BSG_INV_PARAM(len_width_p) , parameter [len_width_p-1:0]
IN-WINDOW		black-parrot	bp_me/src/v/network/bp_me_wormhole_to_stream.sv	1540	1541	1398	41	5581		rameter bp_params_e bp_params_p = e_bp_default_cfg `declare_bp_proc_params(bp
IN-WINDOW		black-parrot	bp_me/src/v/network/bp_me_xbar_stream.sv	310	311	150	17	4415		rameter bp_params_e bp_params_p = e_bp_default_cfg `declare_bp_proc_params(bp
IN-WINDOW		black-parrot	bp_me/test/common/bp_me_nonsynth_axe_tracer.sv	163	165	165	12	1630		all caches * */ `include "bp_common_defines.svh" `include "bp_me_defines.svh
IN-WINDOW		black-parrot	bp_me/test/common/bp_me_nonsynth_cache.sv	751	752	524	26	24508		rameter bp_params_e bp_params_p = e_bp_test_multicore_half_cfg `declare_bp_p
IN-WINDOW		black-parrot	bp_me/test/common/bp_me_nonsynth_cache_tag_lookup.sv	275	276	49	14	2159		g::*; #(parameter `BSG_INV_PARAM(assoc_p) , parameter `BSG_INV_PARAM(tag_w
IN-WINDOW		black-parrot	bp_me/test/common/bp_me_nonsynth_cce_dir_tracer.sv	147	149	149	13	4210		rite tracer * */ `include "bp_common_defines.svh" `include "bp_me_defines.svh
IN-WINDOW		black-parrot	bp_me/test/common/bp_me_nonsynth_cce_inst_tracer.sv	110	112	112	12	15723		escription: * */ `include "bp_common_defines.svh" `include "bp_me_defines.svh
IN-WINDOW		black-parrot	bp_me/test/common/bp_me_nonsynth_cce_pending_tracer.sv	139	141	141	13	2330		bit tracer * */ `include "bp_common_defines.svh" `include "bp_me_defines.svh
IN-WINDOW		black-parrot	bp_me/test/common/bp_me_nonsynth_cce_perf.sv	104	106	106	12	4237		escription: * */ `include "bp_common_defines.svh" `include "bp_me_defines.svh
IN-WINDOW		black-parrot	bp_me/test/common/bp_me_nonsynth_cce_tracer.sv	282	283	76	17	9916		rameter bp_params_e bp_params_p = e_bp_default_cfg `declare_bp_proc_params(bp
IN-WINDOW		black-parrot	bp_me/test/common/bp_me_nonsynth_cfg_loader.sv	513	514	319	21	10201		rameter bp_params_e bp_params_p = e_bp_default_cfg `declare_bp_proc_params(b
IN-WINDOW		black-parrot	bp_me/test/common/bp_me_nonsynth_dev_tracer.sv	283	284	77	17	2789		rameter bp_params_e bp_params_p = e_bp_default_cfg `declare_bp_proc_params(bp
IN-WINDOW		black-parrot	bp_me/test/common/bp_me_nonsynth_lce_tracer.sv	258	259	43	13	6428		rameter bp_params_e bp_params_p = e_bp_default_cfg `declare_bp_proc_params(bp
IN-WINDOW		black-parrot	bp_me/test/common/bp_me_nonsynth_pkg.sv	1035	1039	1039	39	1660		nsynth_opcode_e; `define declare_bp_me_nonsynth_tr_pkt_s(addr_width_mp, data_
IN-WINDOW		black-parrot	bp_me/test/common/bp_me_nonsynth_tr_tracer.sv	71	73	73	8	3653		tr_tracer.v * */ `include "bp_common_defines.svh" `include "bp_me_defines.svh
IN-WINDOW		black-parrot	bp_me/test/common/bp_me_nonsynth_uce_tracer.sv	282	283	76	17	3620		rameter bp_params_e bp_params_p = e_bp_default_cfg `declare_bp_proc_params(bp
IN-WINDOW		black-parrot	bp_me/test/tb/bp_cce/testbench.sv	149	189	34	13	24141		LOWVAR must be set" `endif module testbench import bp_common_pkg::*; import b
IN-WINDOW		black-parrot	bp_me/test/tb/bp_cce/wrapper.sv	179	180	29	13	2571		rameter bp_params_e bp_params_p = `BP_CFG_FLOWVAR `declare_bp_proc_params(bp_
IN-WINDOW		black-parrot	bp_top/src/v/bp_cacc_complex.sv	249	250	1	11	6395		rameter bp_params_e bp_params_p = e_bp_default_cfg `declare_bp_proc_params(bp
IN-WINDOW		black-parrot	bp_top/src/v/bp_cacc_tile.sv	400	401	1	17	14162		rameter bp_params_e bp_params_p = e_bp_default_cfg `declare_bp_proc_params(bp
IN-WINDOW		black-parrot	bp_top/src/v/bp_cacc_tile_node.sv	273	274	1	12	3502		rameter bp_params_e bp_params_p = e_bp_default_cfg `declare_bp_proc_params(bp
IN-WINDOW		black-parrot	bp_top/src/v/bp_cacc_vdp.sv	207	208	1	10	15313		rameter bp_params_e bp_params_p = e_bp_default_cfg `declare_bp_proc_params(b
IN-WINDOW		black-parrot	bp_top/src/v/bp_core.sv	424	425	30	23	14757		rameter bp_params_e bp_params_p = e_bp_default_cfg `declare_bp_proc_params(bp
IN-WINDOW		black-parrot	bp_top/src/v/bp_core_complex.sv	307	308	36	18	8962		rameter bp_params_e bp_params_p = e_bp_default_cfg `declare_bp_proc_params(bp
IN-WINDOW		black-parrot	bp_top/src/v/bp_core_lite.sv	327	328	91	17	16336		rameter bp_params_e bp_params_p = e_bp_default_cfg `declare_bp_proc_params(bp
IN-WINDOW		black-parrot	bp_top/src/v/bp_core_minimal.sv	273	274	34	15	8448		rameter bp_params_e bp_params_p = e_bp_default_cfg `declare_bp_proc_params(bp
IN-WINDOW		black-parrot	bp_top/src/v/bp_core_tile.sv	432	433	33	22	24661		rameter bp_params_e bp_params_p = e_bp_default_cfg `declare_bp_proc_params(bp
IN-WINDOW		black-parrot	bp_top/src/v/bp_core_tile_node.sv	310	311	38	17	5003		rameter bp_params_e bp_params_p = e_bp_default_cfg `declare_bp_proc_params(bp
IN-WINDOW		black-parrot	bp_top/src/v/bp_io_complex.sv	247	248	1	11	5874		rameter bp_params_e bp_params_p = e_bp_default_cfg `declare_bp_proc_params(bp
IN-WINDOW		black-parrot	bp_top/src/v/bp_io_link_to_lce.sv	470	471	220	21	8297		rameter bp_params_e bp_params_p = e_bp_default_cfg `declare_bp_proc_params(bp
IN-WINDOW		black-parrot	bp_top/src/v/bp_io_tile.sv	184	185	1	9	13381		rameter bp_params_e bp_params_p = e_bp_default_cfg `declare_bp_proc_params(bp
IN-WINDOW		black-parrot	bp_top/src/v/bp_io_tile_node.sv	249	250	1	11	4304		rameter bp_params_e bp_params_p = e_bp_default_cfg `declare_bp_proc_params(bp
IN-WINDOW		black-parrot	bp_top/src/v/bp_l2e_tile.sv	430	431	32	22	15109		rameter bp_params_e bp_params_p = e_bp_default_cfg `declare_bp_proc_params(bp
IN-WINDOW		black-parrot	bp_top/src/v/bp_l2e_tile_node.sv	272	273	1	12	4241		rameter bp_params_e bp_params_p = e_bp_default_cfg `declare_bp_proc_params(bp
IN-WINDOW		black-parrot	bp_top/src/v/bp_mem_complex.sv	248	249	1	11	6971		rameter bp_params_e bp_params_p = e_bp_default_cfg `declare_bp_proc_params(bp
IN-WINDOW		black-parrot	bp_top/src/v/bp_multicore.sv	301	302	33	18	7256		rameter bp_params_e bp_params_p = e_bp_default_cfg `declare_bp_proc_params(bp
IN-WINDOW		black-parrot	bp_top/src/v/bp_nd_socket.sv	218	219	33	14	2715		kg::*; #(parameter `BSG_INV_PARAM(flit_width_p) , parameter len_width_p = 1
IN-WINDOW		black-parrot	bp_top/src/v/bp_processor.sv	293	294	34	17	12263		rameter bp_params_e bp_params_p = e_bp_default_cfg `declare_bp_proc_params(bp
IN-WINDOW		black-parrot	bp_top/src/v/bp_sacc_complex.sv	249	250	1	11	3991		rameter bp_params_e bp_params_p = e_bp_default_cfg `declare_bp_proc_params(bp
IN-WINDOW		black-parrot	bp_top/src/v/bp_sacc_scratchpad.sv	184	185	0	8	3287		rameter bp_params_e bp_params_p = e_bp_default_cfg `declare_bp_proc_params(bp
IN-WINDOW		black-parrot	bp_top/src/v/bp_sacc_tile.sv	401	402	1	18	9862		rameter bp_params_e bp_params_p = e_bp_default_cfg `declare_bp_proc_params(bp
IN-WINDOW		black-parrot	bp_top/src/v/bp_sacc_tile_node.sv	273	274	1	12	2667		rameter bp_params_e bp_params_p = e_bp_default_cfg `declare_bp_proc_params(bp
IN-WINDOW		black-parrot	bp_top/src/v/bp_sacc_vdp.sv	177	178	0	8	7544		rameter bp_params_e bp_params_p = e_bp_default_cfg `declare_bp_proc_params(bp
IN-WINDOW		black-parrot	bp_top/src/v/bp_unicore.sv	581	582	133	28	15150		rameter bp_params_e bp_params_p = e_bp_default_cfg `declare_bp_proc_params(bp
IN-WINDOW		black-parrot	bp_top/src/v/bp_unicore_lite.sv	322	323	1	14	12109		rameter bp_params_e bp_params_p = e_bp_default_cfg `declare_bp_proc_params(bp
IN-WINDOW		black-parrot	bp_top/src/v/bp_unicore_tile.sv	438	439	36	22	10152		rameter bp_params_e bp_params_p = e_bp_default_cfg `declare_bp_proc_params(bp
IN-WINDOW		black-parrot	bp_top/test/common/bp_nonsynth_cfg_loader.sv	217	218	1	10	3761		rameter bp_params_e bp_params_p = e_bp_default_cfg `declare_bp_proc_params(bp
IN-WINDOW		black-parrot	bp_top/test/common/bp_nonsynth_dram.sv	179	180	32	12	5628		kg::*; #(parameter `BSG_INV_PARAM(num_dma_p) , parameter `BSG_INV_PARAM(dma_
IN-WINDOW		black-parrot	bp_top/test/common/bp_nonsynth_dram_tracer.sv	194	195	2	10	1896		kg::*; #(parameter `BSG_INV_PARAM(num_dma_p) , parameter `BSG_INV_PARAM(dma_
IN-WINDOW		black-parrot	bp_top/test/common/bp_nonsynth_host.sv	207	208	1	10	5053		rameter bp_params_e bp_params_p = e_bp_default_cfg `declare_bp_proc_params(bp
IN-WINDOW		black-parrot	bp_top/test/common/bp_nonsynth_if_verif.sv	262	263	1	12	12535		rameter bp_params_e bp_params_p = e_bp_default_cfg `declare_bp_proc_params(bp
IN-WINDOW		black-parrot	bp_top/test/common/bp_nonsynth_mem.sv	240	241	31	14	2981		rameter bp_params_e bp_params_p = e_bp_default_cfg `declare_bp_proc_params(bp
IN-WINDOW		black-parrot	bp_top/test/common/bsg_nonsynth_assert.sv	189	191	39	12	672		en_i ); `ifndef VERILATOR `ifdef BSG_NONSYNTH_ASSERT_ENABLE initi
IN-WINDOW		black-parrot	bp_top/test/common/bsg_nonsynth_waveform_tracer.sv	780	782	576	23	4060		en_i ); `ifdef BSG_NONSYNTH_WAVEFORM_TRACER_ENABLE // Save to loca
IN-WINDOW		black-parrot	bp_top/test/tb/bp_tethered/testbench.sv	208	248	35	16	12417		LOWVAR must be set" `endif module testbench import bp_common_pkg::*; import b
IN-WINDOW		black-parrot	bp_top/test/tb/bp_tethered/wrapper.sv	172	212	29	14	3525		LOWVAR must be set" `endif module wrapper import bsg_wormhole_router_pkg::*;
IN-WINDOW		friscv	dep/hardfloat/source/8086-SSE/HardFloat_specialize.v	2553	2553	1843	60	5712		( input [(`floatControlWidth - 1):0] control, input subOp,
IN-WINDOW		friscv	dep/hardfloat/source/ARM-VFPv2/HardFloat_specialize.v	2592	2592	1843	61	6791		( input [(`floatControlWidth - 1):0] control, input subOp,
IN-WINDOW		friscv	dep/hardfloat/source/HardFloat_rawFN.v	3494	3494	1843	81	17218		( input [(`floatControlWidth - 1):0] control, input invalidEx
IN-WINDOW		friscv	dep/hardfloat/source/addRecFN.v	2170	2170	1843	45	11575		( input [(`floatControlWidth - 1):0] control, input subOp,
IN-WINDOW		friscv	dep/hardfloat/source/divSqrtRecFN_small.v	2777	2777	1843	56	15507		*/ input [(`floatControlWidth - 1):0] control, /*-------------
IN-WINDOW		friscv	dep/hardfloat/source/fNToRecFN.v	2181	2183	2183	45	3945		th):0] out ); `include "HardFloat_localFuncs.vi" /*----------------
IN-WINDOW		friscv	dep/hardfloat/source/iNToRecFN.v	2163	2165	1843	45	5334		sign, sExp, sig); `include "HardFloat_localFuncs.vi" localparam expWidth
IN-WINDOW		friscv	dep/hardfloat/source/mulAddRecFN.v	2455	2457	1843	61	20359		lignedSigC ); `include "HardFloat_localFuncs.vi" input [(`floatContro
IN-WINDOW		friscv	dep/hardfloat/source/mulRecFN.v	2174	2174	1843	45	9458		( input [(`floatControlWidth - 1):0] control, input [(expWidt
IN-WINDOW		friscv	dep/hardfloat/source/recFNToFN.v	2181	2183	2183	45	3465		1):0] out ); `include "HardFloat_localFuncs.vi" /*----------------
IN-WINDOW		friscv	dep/hardfloat/source/recFNToIN.v	2206	2206	1843	47	7562		( input [(`floatControlWidth - 1):0] control, input [(expWidt
IN-WINDOW		friscv	dep/hardfloat/source/recFNToRecFN.v	2270	2270	1843	50	4789		( input [(`floatControlWidth - 1):0] control, input [(inExpWi
IN-WINDOW		friscv	dep/hardfloat/test/source/addRecFN_spec.v	1958	1958	1843	42	4759		( input [(`floatControlWidth - 1):0] control, input [16:0] a,
IN-WINDOW		friscv	dep/hardfloat/test/source/divSqrtRecFN_small_spec.v	2013	2013	1843	44	7895		k, input [(`floatControlWidth - 1):0] control, output inReady,
IN-WINDOW		friscv	dep/hardfloat/test/source/iNToRecFN_spec.v	1957	1957	1843	42	7205		( input [(`floatControlWidth - 1):0] control, input [31:0] in
IN-WINDOW		friscv	dep/hardfloat/test/source/mulAddRecFN_spec.v	1961	1961	1843	42	7151		( input [(`floatControlWidth - 1):0] control, input [16:0] a,
IN-WINDOW		friscv	dep/hardfloat/test/source/mulRecFN_spec.v	1954	1954	1843	42	3296		( input [(`floatControlWidth - 1):0] control, input [16:0] a,
IN-WINDOW		friscv	dep/hardfloat/test/source/recFNToIN_spec.v	1957	1957	1843	42	7205		( input [(`floatControlWidth - 1):0] control, input [16:0] in
IN-WINDOW		friscv	dep/hardfloat/test/source/recFNToRecFN_spec.v	1959	1959	1843	42	5999		( input [(`floatControlWidth - 1):0] control, input [32:0] in
IN-WINDOW		friscv	dep/hardfloat/test/source/test_addRecFN_add.v	2732	2732	1843	53	8418		------*/ reg [(`floatControlWidth - 1):0] control; reg [2:0] roundingM
IN-WINDOW		friscv	dep/hardfloat/test/source/test_addRecFN_sub.v	2732	2732	1843	53	8418		------*/ reg [(`floatControlWidth - 1):0] control; reg [2:0] roundingM
IN-WINDOW		friscv	dep/hardfloat/test/source/test_compareRecFN.v	4198	4212	1843	82	8178		ut."); `finish_fail; end if (op == 0) begin
IN-WINDOW		friscv	dep/hardfloat/test/source/test_divSqrtRecFN_small_div.v	3509	3510	1843	70	12615		*/ reg integer delay; always @(negedge nReset, posedge clock) begin
IN-WINDOW		friscv	dep/hardfloat/test/source/test_divSqrtRecFN_small_sqrt.v	3510	3511	1843	70	12149		*/ reg integer delay; always @(negedge nReset, posedge clock) begin
IN-WINDOW		friscv	dep/hardfloat/test/source/test_iNToRecFN.v	2774	2774	1843	56	8648		------*/ reg [(`floatControlWidth - 1):0] control; reg signedIn;
IN-WINDOW		friscv	dep/hardfloat/test/source/test_mulAddRecFN.v	2731	2731	1843	53	8837		------*/ reg [(`floatControlWidth - 1):0] control; reg [2:0] roundingM
IN-WINDOW		friscv	dep/hardfloat/test/source/test_mulAddRecFN_add.v	2735	2735	1843	53	9316		------*/ reg [(`floatControlWidth - 1):0] control; reg [2:0] roundingM
IN-WINDOW		friscv	dep/hardfloat/test/source/test_mulAddRecFN_mul.v	2735	2735	1843	53	8676		------*/ reg [(`floatControlWidth - 1):0] control; reg [2:0] roundingM
IN-WINDOW		friscv	dep/hardfloat/test/source/test_mulRecFN.v	2728	2728	1843	53	8334		------*/ reg [(`floatControlWidth - 1):0] control; reg [2:0] roundingM
IN-WINDOW		friscv	dep/hardfloat/test/source/test_recFNToFN.v	5619	5633	1843	118	6750		); `finish_fail; end else if (count == 0) begin
IN-WINDOW		friscv	dep/hardfloat/test/source/test_recFNToIN.v	2774	2774	1843	56	8509		------*/ reg [(`floatControlWidth - 1):0] control; reg [2:0] roundingM
IN-WINDOW		friscv	dep/hardfloat/test/source/test_recFNToRecFN.v	2906	2906	1843	60	9505		------*/ reg [(`floatControlWidth - 1):0] control; reg [2:0] roundingM
IN-WINDOW		friscv	rtl/friscv_alu.sv	552	552	135	21	23534		input wire [`INST_BUS_W -1:0] alu_instbus, // register source
IN-WINDOW		friscv	rtl/friscv_axi_or_tracker.sv	2576	2590	2590	73	3940		end `ifdef TRACE_PUSHER //synthesis translate_off
IN-WINDOW		friscv	rtl/friscv_cache_block_fetcher.sv	4689	4693	134	124	10527		// Tracer setup `ifdef TRACE_CACHE string fname; integer f; init
IN-WINDOW		friscv	rtl/friscv_cache_blocks.sv	4753	4757	4757	123	11046		// Tracer setup `ifdef TRACE_CACHE integer f; string fname; init
IN-WINDOW		friscv	rtl/friscv_cache_io_fetcher.sv	2335	2339	134	68	3386		// Tracer setup `ifdef TRACE_CACHE string fname; integer f; init
IN-WINDOW		friscv	rtl/friscv_cache_memctrl.sv	11152	11158	135	284	16706		IX+:OFFSET_W]; `ifdef FRISCV_SIM always @ (posedge aclk) begin
IN-WINDOW		friscv	rtl/friscv_cache_ooo_mgt.sv	7840	7858	7858	187	13147		1; `ifdef FRISCV_SIM if (tags[2*i+:2] == ILGL)
IN-WINDOW		friscv	rtl/friscv_cache_prefetcher.sv	3764	3768	134	100	8715		// Tracer setup `ifdef TRACE_CACHE string fname; integer f; init
IN-WINDOW		friscv	rtl/friscv_cache_pusher.sv	5208	5212	5212	124	12082		// Tracer setup `ifdef TRACE_CACHE string fname; integer f; init
IN-WINDOW		friscv	rtl/friscv_checkers.sv	81	86	0	5	201		ondition, msg)\ if (condition) begin \ $display("\033[1;31mERROR: %s
IN-WINDOW		friscv	rtl/friscv_control.sv	3109	3109	135	76	58558		output logic [`INST_BUS_W -1:0] proc_instbus, input wire [4
IN-WINDOW		friscv	rtl/friscv_control_h.sv	1144	1144	89	47	5661		p; if (opcode==`LUI) begin text = "LUI / U-type"; $sformat(
IN-WINDOW		friscv	rtl/friscv_csr.sv	2769	2769	135	77	42335		input wire [`INST_BUS_W-1:0] instbus, // Register source 1 query
IN-WINDOW		friscv	rtl/friscv_dcache.sv	11429	11438	135	253	30310		itial begin `CHECKER((OSTDREQ_NUM%2 != 0), "OSTDREQ_NUM must be a power
IN-WINDOW		friscv	rtl/friscv_m_ext.sv	690	690	135	24	8146		input wire [`INST_BUS_W -1:0] m_instbus, output logic [NB_INT_
IN-WINDOW		friscv	rtl/friscv_memfy.sv	4109	4109	135	85	31730		input wire [`INST_BUS_W -1:0] memfy_instbus, output logic [`
IN-WINDOW		friscv	rtl/friscv_memfy_h.sv	2542	2542	89	68	6376		if (funct3==`SB) get_axi_strb = aligned_axi_strb({{(XLEN/8-1){1'b0}},1'b
IN-WINDOW		friscv	rtl/friscv_mpu.sv	1341	1341	135	38	11815		input wire [`CSR_SB_W -1:0] csr_sb ); ////////////////////
IN-WINDOW		friscv	rtl/friscv_processing.sv	2518	2518	135	61	15658		input wire [`INST_BUS_W -1:0] proc_instbus, output logic [4
IN-WINDOW		friscv	rtl/friscv_registers.sv	3703	3709	3709	79	12508		_rd_val ); `ifdef TRACE_REGISTERS //-------------------------------
IN-WINDOW		friscv	rtl/friscv_rv32i_core.sv	9421	9421	133	224	34061		c_valid; logic [`INST_BUS_W -1:0] proc_instbus; logic
IN-WINDOW		friscv	test/apps/svut_h.sv	2027	2032	1132	57	7413		fine MSG(msg) \ $display("\033[0;37m%s (@ %0t)\033[0m", msg, $realtime) `de
IN-WINDOW		friscv	test/c_testsuite/svut_h.sv	2027	2032	1132	57	7413		fine MSG(msg) \ $display("\033[0;37m%s (@ %0t)\033[0m", msg, $realtime) `de
IN-WINDOW		friscv	test/common/axi4l_ram.sv	4997	5003	5003	114	24942		, 2**ADDRW-1); `ifdef TRACE_TB_RAM initial f = $fopen("trace_tb_ram.txt
IN-WINDOW		friscv	test/common/friscv_testbench.sv	255	256	137	12	33729		e friscv_testbench( `ifdef VERILATOR // Interface to UART to communicate wit
IN-WINDOW		friscv	test/priv_sec_testsuite/svut_h.sv	2027	2032	1132	57	7413		fine MSG(msg) \ $display("\033[0;37m%s (@ %0t)\033[0m", msg, $realtime) `de
IN-WINDOW		friscv	test/riscv-tests/svut_h.sv	2027	2032	1132	57	7413		fine MSG(msg) \ $display("\033[0;37m%s (@ %0t)\033[0m", msg, $realtime) `de
IN-WINDOW		friscv	test/sv/dcache_testbench.sv	122	128	49	7	13991		e_testbench(); `SVUT_SETUP // Maximum request the driver must issue dur
IN-WINDOW		friscv	test/sv/driver.sv	3007	3013	135	77	33642		] rdata ); `ifndef NODEBUG // Logger setup svlogger log; s
IN-WINDOW		friscv	test/sv/icache_testbench.sv	122	128	49	7	11141		e_testbench(); `SVUT_SETUP ///////////////////////////////////////////
IN-WINDOW		friscv	test/sv/svut_h.sv	2027	2032	1132	57	7413		fine MSG(msg) \ $display("\033[0;37m%s (@ %0t)\033[0m", msg, $realtime) `de
IN-WINDOW		friscv	test/wba_testsuite/svut_h.sv	2027	2032	1132	57	7413		fine MSG(msg) \ $display("\033[0;37m%s (@ %0t)\033[0m", msg, $realtime) `de
IN-WINDOW		opentitan	hw/dv/sv/alert_esc_agent/alert_esc_if.sv	5262	5269	5269	143	8390		ending) begin `uvm_info($sformatf("%m"), $sformatf("This a
IN-WINDOW		opentitan	hw/dv/sv/bus_params_pkg/bus_params_pkg.sv	228	228	228	8	1418		bus address width. `ifdef BUS_AW parameter int BUS_AW = `BUS_AW; `else para
IN-WINDOW		opentitan	hw/dv/sv/cip_lib/cip_base_pkg.sv	579	581	581	22	4636		// macro includes `include "uvm_macros.svh" `include "dv_macros.svh" `incl
IN-WINDOW		opentitan	hw/dv/sv/cip_lib/cip_macros.svh	677	678	171	15	6578		\ localparam uint dv_alert_if_connect_param = (NUM_ALERTS == 0) ? 1 : NUM_ALER
IN-WINDOW		opentitan	hw/dv/sv/cip_lib/seq_lib/cip_base_vseq.sv	220	223	171	6	69460		e_threads(body) \ fork \ begin : isolation_fork \ foreach (cfg.ral_m
IN-WINDOW		opentitan	hw/dv/sv/cip_lib/seq_lib/cip_base_vseq__tl_errors.svh	518	519	398	9	23772		tl_host_custom_seq #(cip_tl_seq_item), seqr
IN-WINDOW		opentitan	hw/dv/sv/common_ifs/clk_rst_if.sv	683	685	685	20	12753		, inout rst_n ); `ifndef VERILATOR // include macros and import pkgs `inc
IN-WINDOW		opentitan	hw/dv/sv/common_ifs/pins_if.sv	451	455	305	17	4193		dth-1:0] pins ); `include "prim_assert.sv" `ASSERT_INIT(PullStrengthParamV
IN-WINDOW		opentitan	hw/dv/sv/common_ifs/rst_shadowed_if.sv	600	602	602	16	1230		rst_shadowed_n ); `ifndef VERILATOR // include macros and import pkgs `inc
IN-WINDOW		opentitan	hw/dv/sv/csr_utils/csr_utils_pkg.sv	386	388	388	13	38998		// macro includes `include "uvm_macros.svh" `include "dv_macros.svh" // l
IN-WINDOW		opentitan	hw/dv/sv/csrng_agent/csrng_agent_cov.sv	213	213	171	6	5315		BIN \ csrng_glen: coverpoint item.glen { \ // TODO: EDN testbench curr
IN-WINDOW		opentitan	hw/dv/sv/csrng_agent/csrng_agent_pkg.sv	420	422	422	16	820		// macro includes `include "uvm_macros.svh" `include "dv_macros.svh" // p
IN-WINDOW		opentitan	hw/dv/sv/dv_base_agent/dv_base_agent_pkg.sv	284	286	286	11	821		// macro includes `include "uvm_macros.svh" `include "dv_macros.svh" // p
IN-WINDOW		opentitan	hw/dv/sv/dv_base_reg/dv_base_reg_pkg.sv	282	284	284	11	5599		// macro includes `include "uvm_macros.svh" `include "dv_macros.svh" //
IN-WINDOW		opentitan	hw/dv/sv/dv_lib/dv_lib_pkg.sv	364	366	366	14	823		// macro includes `include "uvm_macros.svh" `include "dv_macros.svh" // p
IN-WINDOW		opentitan	hw/dv/sv/dv_utils/dv_fcov_macros.svh	1448	1448	293	36	4202		= ()) \ bit en_``NAME_ = 1'b0; \ NAME_ NAME_``_inst; \ initial begi
IN-WINDOW		opentitan	hw/dv/sv/dv_utils/dv_macros.svh	943	948	171	40	24403		al, ID_=`gfn) \ begin \ if (!$cast(EXT_, BASE_)) begin \ `dv_`
IN-WINDOW		opentitan	hw/dv/sv/dv_utils/dv_test_status_pkg.sv	535	536	536	13	1770		status(bit passed); `ifdef INC_ASSERT if (prim_util_pkg::end_of_simulation)
IN-WINDOW		opentitan	hw/dv/sv/dv_utils/dv_utils_pkg.sv	281	283	283	11	13636		// macro includes `include "dv_macros.svh" `ifdef UVM `include "uvm_macros.s
IN-WINDOW		opentitan	hw/dv/sv/entropy_src_xht_agent/entropy_src_xht_agent_pkg.sv	376	378	378	14	758		// macro includes `include "uvm_macros.svh" `include "dv_macros.svh" `inc
IN-WINDOW		opentitan	hw/dv/sv/entropy_src_xht_agent/entropy_src_xht_if.sv	299	300	300	10	1071		m int RngBusWidth = `RNG_BUS_WIDTH; localparam int RngBusBitSelWidth = prim_ut
IN-WINDOW		opentitan	hw/dv/sv/flash_phy_prim_agent/flash_phy_prim_agent_pkg.sv	387	389	389	14	1743		// macro includes `include "uvm_macros.svh" `include "dv_macros.svh" // p
IN-WINDOW		opentitan	hw/dv/sv/i2c_agent/i2c_agent_pkg.sv	490	492	492	18	2602		// macro includes `include "uvm_macros.svh" `include "dv_macros.svh" // B
IN-WINDOW		opentitan	hw/dv/sv/jtag_agent/jtag_agent_pkg.sv	392	394	394	15	1808		// macro includes `include "uvm_macros.svh" `include "dv_macros.svh" // p
IN-WINDOW		opentitan	hw/dv/sv/jtag_agent/jtag_driver.sv	300	301	171	8	14465		ends dv_base_driver #(jtag_item, jtag_agent_cfg); `uvm_component_utils(jtag_dr
IN-WINDOW		opentitan	hw/dv/sv/jtag_agent/jtag_if.sv	416	417	266	9	5264		iodPs = 41_664) (); `else // jtag interface with default 50MHz tck for faster
IN-WINDOW		opentitan	hw/dv/sv/jtag_dmi_agent/jtag_dmi_agent_pkg.sv	424	426	426	16	2093		// macro includes `include "uvm_macros.svh" `include "dv_macros.svh" // l
IN-WINDOW		opentitan	hw/dv/sv/jtag_dmi_agent/jtag_rv_debugger_pkg.sv	1156	1160	1160	30	6895		mi_agent_pkg::*; `include "uvm_macros.svh" `include "dv_macros.svh" // A
IN-WINDOW		opentitan	hw/dv/sv/jtag_riscv_agent/jtag_riscv_agent_pkg.sv	370	372	372	14	4432		// macro includes `include "uvm_macros.svh" `include "dv_macros.svh" // p
IN-WINDOW		opentitan	hw/dv/sv/key_sideload_agent/key_sideload_agent_pkg.sv	344	346	346	13	933		// macro includes `include "uvm_macros.svh" `include "dv_macros.svh" // p
IN-WINDOW		opentitan	hw/dv/sv/kmac_app_agent/kmac_app_agent_pkg.sv	397	399	399	15	1192		// macro includes `include "uvm_macros.svh" `include "dv_macros.svh" // p
IN-WINDOW		opentitan	hw/dv/sv/kmac_app_agent/kmac_app_if.sv	2134	2136	2136	64	3022		should never be 0 `ASSERT(StrbNotZero_A, kmac_data_req.req_valid |-> kmac_data
IN-WINDOW		opentitan	hw/dv/sv/mem_bkdr_scb/mem_bkdr_scb_pkg.sv	218	222	222	9	316		port uvm_pkg::*; `include "uvm_macros.svh" `include "dv_macros.svh" `incl
IN-WINDOW		opentitan	hw/dv/sv/mem_bkdr_util/mem_bkdr_util_pkg.sv	2221	2223	2223	51	2373		// macro includes `include "uvm_macros.svh" `include "dv_macros.svh" // s
IN-WINDOW		opentitan	hw/dv/sv/mem_model/mem_model_pkg.sv	215	219	219	9	310		port uvm_pkg::*; `include "uvm_macros.svh" `include "dv_macros.svh" `incl
IN-WINDOW		opentitan	hw/dv/sv/mgr_lib/clkmgr_pwrmgr_sva_if.sv	1096	1100	1100	34	1399		bit disable_sva; `ASSERT(StatusFall_A, $fell(clk_en) |-> ##[FallCyc
IN-WINDOW		opentitan	hw/dv/sv/mgr_lib/pwrmgr_rstmgr_sva_if.sv	1024	1027	1027	28	2016		cSysCycles = 150; `define LC_SYS_CYCLES ##[MinLcSysCycles:MaxLcSysCycles] b
IN-WINDOW		opentitan	hw/dv/sv/pattgen_agent/pattgen_agent_pkg.sv	339	341	341	13	1063		// macro includes `include "uvm_macros.svh" `include "dv_macros.svh" // T
IN-WINDOW		opentitan	hw/dv/sv/push_pull_agent/push_pull_agent_pkg.sv	341	343	343	13	1681		// macro includes `include "uvm_macros.svh" `include "dv_macros.svh" // I
IN-WINDOW		opentitan	hw/dv/sv/push_pull_agent/push_pull_if.sv	3192	3194	171	108	6569		ave known values. `ASSERT_KNOWN_IF(ReadyIsKnown_A, ready, is_push_agent, clk,
IN-WINDOW		opentitan	hw/dv/sv/pwm_monitor/pwm_monitor_pkg.sv	337	339	339	13	860		// macro includes `include "uvm_macros.svh" `include "dv_macros.svh" // l
IN-WINDOW		opentitan	hw/dv/sv/rng_agent/rng_agent_pkg.sv	304	306	306	12	994		// macro includes `include "uvm_macros.svh" `include "dv_macros.svh" // l
IN-WINDOW		opentitan	hw/dv/sv/scoreboard/scoreboard_pkg.sv	457	461	461	22	531		ecking_policy_e; `include "scoreboard_queue.sv" `include "scoreboard.sv" e
IN-WINDOW		opentitan	hw/dv/sv/sec_cm/prim_count_if.sv	458	462	462	16	2102		input rst_ni ); `include "dv_macros.svh" `include "uvm_macros.svh" impor
IN-WINDOW		opentitan	hw/dv/sv/sec_cm/prim_double_lfsr_if.sv	459	463	463	16	2338		input rst_ni ); `include "dv_macros.svh" `include "uvm_macros.svh" impor
IN-WINDOW		opentitan	hw/dv/sv/sec_cm/prim_onehot_check_if.sv	1095	1099	1099	30	8948		en_i ); `include "dv_macros.svh" `include "uvm_macros.svh" impor
IN-WINDOW		opentitan	hw/dv/sv/sec_cm/prim_singleton_fifo_if.sv	709	713	713	19	2485		input rst_ni ); `include "dv_macros.svh" `include "uvm_macros.svh" impor
IN-WINDOW		opentitan	hw/dv/sv/sec_cm/prim_sparse_fsm_flop_if.sv	505	509	509	17	3885		input rst_ni ); `include "dv_macros.svh" `include "uvm_macros.svh" impor
IN-WINDOW		opentitan	hw/dv/sv/sec_cm/sec_cm_pkg.sv	279	281	281	11	2224		// macro includes `include "uvm_macros.svh" `include "dv_macros.svh" type
IN-WINDOW		opentitan	hw/dv/sv/sec_cm/sec_cm_prim_onehot_check_bind.sv	211	212	212	6	480		ehot_check_bind (); `ifndef GATE_LEVEL bind prim_onehot_check prim_onehot_chec
IN-WINDOW		opentitan	hw/dv/sv/sec_cm/sec_cm_prim_sparse_fsm_flop_bind.sv	214	215	215	6	399		e_fsm_flop_bind (); `ifndef GATE_LEVEL bind prim_sparse_fsm_flop prim_sparse_f
IN-WINDOW		opentitan	hw/dv/sv/sim_sram/sim_sram.sv	940	942	942	25	3926		_d2h_t tl_out_i ); `ifdef SYNTHESIS // Induce a compilation error by instant
IN-WINDOW		opentitan	hw/dv/sv/spi_agent/spi_agent_pkg.sv	335	337	337	13	3872		// macro includes `include "uvm_macros.svh" `include "dv_macros.svh" // p
IN-WINDOW		opentitan	hw/dv/sv/spi_agent/spi_if.sv	1638	1643	1643	61	2056		end end `uvm_fatal(msg_id, "Don't call this function - get_active_cs
IN-WINDOW		opentitan	hw/dv/sv/str_utils/str_utils_pkg.sv	193	196	196	6	8900		ge str_utils_pkg; `include "dv_macros.svh" string msg_id = "str_utils_pkg";
IN-WINDOW		opentitan	hw/dv/sv/sw_logger_if/sw_logger_if.sv	500	502	502	16	19498		Incoming data. ); `ifdef UVM import uvm_pkg::*; `endif import str_utils_pk
IN-WINDOW		opentitan	hw/dv/sv/sw_test_status/sw_test_status_if.sv	570	573	573	17	3353		st_status_pkg::*; `include "dv_macros.svh" // Address to which the test sta
IN-WINDOW		opentitan	hw/dv/sv/test_vectors/test_vectors_pkg.sv	514	516	516	16	17329		// macro includes `include "uvm_macros.svh" // declare string and vectors
IN-WINDOW		opentitan	hw/dv/sv/tl_agent/dv/env/tl_agent_scoreboard.sv	747	751	751	15	1199		_prefix_len = 7; `uvm_component_utils(tl_agent_scoreboard) `uvm_component_n
IN-WINDOW		opentitan	hw/dv/sv/tl_agent/dv/tb/tb.sv	357	359	359	14	1050		// macro includes `include "uvm_macros.svh" `include "dv_macros.svh" wire
IN-WINDOW		opentitan	hw/dv/sv/tl_agent/dv/tests/tl_agent_test_pkg.sv	312	314	314	12	435		// macro includes `include "uvm_macros.svh" `include "dv_macros.svh" // p
IN-WINDOW		opentitan	hw/dv/sv/tl_agent/tl_agent_pkg.sv	417	419	419	17	3355		// macro includes `include "uvm_macros.svh" `include "dv_macros.svh" para
IN-WINDOW		opentitan	hw/dv/sv/tl_agent/tl_seq_item.sv	1566	1571	450	32	21301		addr, a_size) \ ((a_mask & ~(((1 << (1 << a_size)) - 1) << a_addr[SizeWidth-
IN-WINDOW		opentitan	hw/dv/sv/uart_agent/uart_agent_pkg.sv	336	338	338	13	1841		// macro includes `include "uvm_macros.svh" `include "dv_macros.svh" // 1
IN-WINDOW		opentitan	hw/dv/sv/usb20_agent/usb20_agent_pkg.sv	337	339	339	13	3448		// macro includes `include "uvm_macros.svh" `include "dv_macros.svh" // U
IN-WINDOW		opentitan	hw/ip/adc_ctrl/dv/env/adc_ctrl_env_pkg.sv	499	501	501	19	3494		// macro includes `include "uvm_macros.svh" `include "dv_macros.svh" // p
IN-WINDOW		opentitan	hw/ip/adc_ctrl/dv/sva/adc_ctrl_sva_if.sv	837	839	839	30	4225		bit cfg_lp_mode; `ifdef INC_ASSERT initial begin #1ps; if (!uvm_co
IN-WINDOW		opentitan	hw/ip/adc_ctrl/dv/tb.sv	382	385	253	9	5425		sformatf("%m")) \ initial begin \ bit assert_en; \ forever begin \
IN-WINDOW		opentitan	hw/ip/adc_ctrl/dv/tests/adc_ctrl_test_pkg.sv	315	317	317	13	473		// macro includes `include "uvm_macros.svh" `include "dv_macros.svh" // l
IN-WINDOW		opentitan	hw/ip/adc_ctrl/rtl/adc_ctrl.sv	3029	3031	193	103	3435		value after reset `ASSERT_KNOWN(IntrKnown, intr_match_pending_o) `ASSERT_KNO
IN-WINDOW		opentitan	hw/ip/adc_ctrl/rtl/adc_ctrl_core.sv	553	554	198	16	8829		adc_ctrl_reg2hw_t reg2hw_i, // register interface outputs output adc_ctrl
IN-WINDOW		opentitan	hw/ip/adc_ctrl/rtl/adc_ctrl_fsm.sv	1017	1018	219	34	12145		output fsm_state_e aon_fsm_state_o, // FSM state output for debug purposes ou
IN-WINDOW		opentitan	hw/ip/adc_ctrl/rtl/adc_ctrl_reg_top.sv	122886	122888	224	4431	123369		egister Interface `ASSERT_PULSE(wePulse, reg_we, clk_i, !rst_ni) `ASSERT_PUL
IN-WINDOW		opentitan	hw/ip/aes/dv/cov/aes_cov_if.sv	359	362	362	16	17377		dv_utils_pkg::*; `include "dv_fcov_macros.svh" bit en_full_cov =
IN-WINDOW		opentitan	hw/ip/aes/dv/env/aes_env_pkg.sv	550	552	552	21	3505		fic RAL extension `include "aes_ral_extension.svh" // macro includes `inc
IN-WINDOW		opentitan	hw/ip/aes/dv/err_injection_if/force_if.sv	846	853	853	27	1427		(path)) begin `uvm_fatal("force_if", $sformatf("PATH NOT EXISTING %m"))
IN-WINDOW		opentitan	hw/ip/aes/dv/sva/aes_bind.sv	1406	1406	1406	49	2384		king_ack) ); if (`EN_MASKING) begin : gen_prng_bind bind aes aes_masking_re
IN-WINDOW		opentitan	hw/ip/aes/dv/sva/aes_idle_check.sv	335	343	171	12	663		aes_reg2hw_t reg2hw, input prim_mubi_pkg::mubi4_t idle_i ); logic
IN-WINDOW		opentitan	hw/ip/aes/dv/sva/aes_masking_reseed_if.sv	1016	1017	409	31	2520		input aes_ctrl_e ctrl_state, input aes_ctrl_e ctrl_state_next, input logi
IN-WINDOW		opentitan	hw/ip/aes/dv/sva/aes_reseed_if.sv	1535	1537	450	44	1919		he correct value. `ASSERT(ClearingPrngStateMatchesEdnInput_A, seed_en |-> ##1
IN-WINDOW		opentitan	hw/ip/aes/dv/tb/tb.sv	321	323	323	13	4120		// macro includes `include "uvm_macros.svh" `include "dv_macros.svh" wire
IN-WINDOW		opentitan	hw/ip/aes/dv/tests/aes_test_pkg.sv	304	306	306	12	932		// macro includes `include "uvm_macros.svh" `include "dv_macros.svh" // l
IN-WINDOW		opentitan	hw/ip/aes/pre_dv/aes_tb/rtl/aes_tb_pkg.sv	1500	1504	1504	39	4570		FFSET = 12'h10c; `include `REQUESTS_FILE // Grouping of all signals requir
IN-WINDOW		opentitan	hw/ip/aes/rtl/aes.sv	850	852	199	19	13891		ameter sbox_impl_e SecSBoxImpl = SBoxImplDom, // See aes_pkg.sv par
IN-WINDOW		opentitan	hw/ip/aes/rtl/aes_cipher_control.sv	465	466	281	15	22389		rameter sbox_impl_e SecSBoxImpl = SBoxImplDom ) ( input logic
IN-WINDOW		opentitan	hw/ip/aes/rtl/aes_cipher_control_fsm.sv	408	409	265	14	20842		rameter sbox_impl_e SecSBoxImpl = SBoxImplDom ) ( input logic clk
IN-WINDOW		opentitan	hw/ip/aes/rtl/aes_cipher_core.sv	4440	4442	4192	100	39413		ameter sbox_impl_e SecSBoxImpl = SBoxImplDom, parameter bit
IN-WINDOW		opentitan	hw/ip/aes/rtl/aes_control.sv	868	887	286	27	33914		e op_i, input aes_mode_e mode_i, input c
IN-WINDOW		opentitan	hw/ip/aes/rtl/aes_control_fsm.sv	908	941	323	27	52486		op_i, input aes_mode_e mode
IN-WINDOW		opentitan	hw/ip/aes/rtl/aes_core.sv	469	471	201	16	48933		ameter sbox_impl_e SecSBoxImpl = SBoxImplDom, parameter int unsigned
IN-WINDOW		opentitan	hw/ip/aes/rtl/aes_ctr_fsm.sv	3362	3364	206	117	3686		M: CTR.FSM.SPARSE `PRIM_FLOP_SPARSE_FSM(u_state_regs, aes_ctr_ns, aes_ctr_cs,
IN-WINDOW		opentitan	hw/ip/aes/rtl/aes_ghash.sv	4224	4248	3821	101	44159		in_valid_i, output sp2v_e in_ready_
IN-WINDOW		opentitan	hw/ip/aes/rtl/aes_key_expand.sv	369	370	191	13	16955		rameter sbox_impl_e SecSBoxImpl = SBoxImplLut, localparam int NumShar
IN-WINDOW		opentitan	hw/ip/aes/rtl/aes_prng_clearing.sv	1275	1276	523	22	7075		learing_lfsr_seed_t RndCnstLfsrSeed = RndCnstClearingLfsrSeedDefault, paramet
IN-WINDOW		opentitan	hw/ip/aes/rtl/aes_prng_masking.sv	1370	1371	470	25	6405		masking_lfsr_seed_t RndCnstLfsrSeed = RndCnstMaskingLfsrSeedDefault, parameter
IN-WINDOW		opentitan	hw/ip/aes/rtl/aes_reg_top.sv	51978	51980	224	1934	52461		egister Interface `ASSERT_PULSE(wePulse, reg_we, clk_i, !rst_ni) `ASSERT_PUL
IN-WINDOW		opentitan	hw/ip/aes/rtl/aes_sbox.sv	274	275	186	11	4441		rameter sbox_impl_e SecSBoxImpl = SBoxImplLut ) ( input logic
IN-WINDOW		opentitan	hw/ip/aes/rtl/aes_sbox_dom.sv	7333	7335	2669	180	41942		^2) is supported. `ASSERT_INIT(AesDomIndepMulPower, NPower == 4 || NPower == 2
IN-WINDOW		opentitan	hw/ip/aes/rtl/aes_sel_buf_chk.sv	1843	1847	547	73	3984		// Assertion `ASSERT(AesMux2SelValid, !err_o |-> sel_chk inside {
IN-WINDOW		opentitan	hw/ip/aon_timer/dv/env/aon_timer_env_pkg.sv	495	497	497	18	1651		// macro includes `include "uvm_macros.svh" `include "dv_macros.svh" // p
IN-WINDOW		opentitan	hw/ip/aon_timer/dv/tb.sv	359	361	361	14	3593		// macro includes `include "uvm_macros.svh" `include "dv_macros.svh" wire
IN-WINDOW		opentitan	hw/ip/aon_timer/dv/tests/aon_timer_test_pkg.sv	342	344	344	13	501		// macro includes `include "uvm_macros.svh" `include "dv_macros.svh" // l
IN-WINDOW		opentitan	hw/ip/aon_timer/rtl/aon_timer.sv	6872	6874	299	227	9577		// assertion). `ASSERT(IntrTestFieldsQeMatch_A, reg2hw.intr_test.
IN-WINDOW		opentitan	hw/ip/aon_timer/rtl/aon_timer_reg_top.sv	37925	37927	224	1364	38408		egister Interface `ASSERT_PULSE(wePulse, reg_we, clk_i, !rst_ni) `ASSERT_PUL
IN-WINDOW		opentitan	hw/ip/ascon/rtl/ascon_reg_top.sv	71678	71680	224	2642	72161		egister Interface `ASSERT_PULSE(wePulse, reg_we, clk_i, !rst_ni) `ASSERT_PUL
IN-WINDOW		opentitan	hw/ip/bkdr_loader/rtl/bkdr_loader.sv	1014	1015	220	26	11145		t [NumBkdrTgts-1:0] bkdr_req_o, input bkdr_rsp_t [NumBkdrTgts-1:0] bkdr_rsp_i
IN-WINDOW		opentitan	hw/ip/bkdr_loader/rtl/bkdr_loader.svh	254	257	171	9	4526		ER_CONNECT_REQS \ assign top_earlgrey_pd_aon.u_sram_ctrl_ret_aon.u_prim_ram_1p
IN-WINDOW		opentitan	hw/ip/bkdr_loader/rtl/bkdr_loader_regs_reg_top.sv	71710	71712	224	2603	72193		egister Interface `ASSERT_PULSE(wePulse, reg_we, clk_i, !rst_ni) `ASSERT_PUL
IN-WINDOW		opentitan	hw/ip/csrng/dv/cov/csrng_cov_if.sv	419	422	422	16	31698		prim_mubi_pkg::*; `include "dv_fcov_macros.svh" // The maximum number of HW
IN-WINDOW		opentitan	hw/ip/csrng/dv/env/csrng_env_pkg.sv	628	630	630	24	4459		// macro includes `include "uvm_macros.svh" `include "dv_macros.svh" // T
IN-WINDOW		opentitan	hw/ip/csrng/dv/env/csrng_path_if.sv	690	691	691	20	3094		th}; default: `uvm_fatal("csrng_path_if", $sformatf("%s: Invalid fifo name
IN-WINDOW		opentitan	hw/ip/csrng/dv/sva/csrng_assert_if.sv	685	685	629	14	2718		1 \ u_csrng_core.gen_cmd_stage[2].u_csrng_cmd_stage `define PATH2 \ u_cs
IN-WINDOW		opentitan	hw/ip/csrng/dv/tb.sv	385	387	387	15	6978		// macro includes `include "uvm_macros.svh" `include "dv_macros.svh" // C
IN-WINDOW		opentitan	hw/ip/csrng/dv/tests/csrng_test_pkg.sv	308	310	310	12	631		// macro includes `include "uvm_macros.svh" `include "dv_macros.svh" // p
IN-WINDOW		opentitan	hw/ip/csrng/rtl/csrng.sv	597	598	219	17	6730		ter cs_keymgr_div_t RndCnstCsKeymgrDivNonProduction = CsKeymgrDivWidth'(0), pa
IN-WINDOW		opentitan	hw/ip/csrng/rtl/csrng_cmd_stage.sv	1369	1383	222	32	19789		_sts_e cmd_ack_sts_i, // Ack to app i/f. output logic
IN-WINDOW		opentitan	hw/ip/csrng/rtl/csrng_ctr_drbg.sv	632	635	258	19	18983		csrng_core_data_t req_data_i, input logic [SeedLen-1:0] req_entropy_i, in
IN-WINDOW		opentitan	hw/ip/csrng/rtl/csrng_main_sm.sv	633	656	302	18	4856		acmd_i, input logic acmd_eop_i,
IN-WINDOW		opentitan	hw/ip/csrng/rtl/csrng_reg_top.sv	52871	52873	224	2064	53354		egister Interface `ASSERT_PULSE(wePulse, reg_we, clk_i, !rst_ni) `ASSERT_PUL
IN-WINDOW		opentitan	hw/ip/csrng/rtl/csrng_state_db.sv	741	752	320	26	5048		g_state_t rd_state_o, // Write interface input logic
IN-WINDOW		opentitan	hw/ip/dma/dv/env/dma_env_cov.sv	335	336	171	9	8976		DDR_BINS \ bins less_than_1MiB = {[0:'hf_ffff]}; \ bins between_1MiB_and
IN-WINDOW		opentitan	hw/ip/dma/dv/env/dma_env_pkg.sv	553	555	555	22	1892		// macro includes `include "uvm_macros.svh" `include "dv_macros.svh" // p
IN-WINDOW		opentitan	hw/ip/dma/dv/env/dma_sys_tl_if.sv	1942	1943	171	43	6404		addr(sys_cmd_type_e cmd, logic [SYS_ADDR_WIDTH-1:0] base); // Note that when
IN-WINDOW		opentitan	hw/ip/dma/dv/tb/tb.sv	362	366	366	14	3444		dma_test_pkg::*; `include "uvm_macros.svh" `include "dv_macros.svh" `incl
IN-WINDOW		opentitan	hw/ip/dma/dv/tests/dma_test_pkg.sv	264	268	268	10	363		dma_env_pkg::*; `include "uvm_macros.svh" `include "dv_macros.svh" `inc
IN-WINDOW		opentitan	hw/ip/dma/rtl/dma.sv	1628	1656	171	31	65271		lsio_trigger_i, // Alerts input prim_alert_pkg::alert_r
IN-WINDOW		opentitan	hw/ip/dma/rtl/dma_reg_top.sv	100111	100113	224	3756	100594		egister Interface `ASSERT_PULSE(wePulse, reg_we, clk_i, !rst_ni) `ASSERT_PUL
IN-WINDOW		opentitan	hw/ip/edn/dv/cov/edn_cov_if.sv	299	299	299	8	17431		k_i, input logic [`NUM_END_POINTS - 1:0] ep_req ); import uvm_pkg::*; imp
IN-WINDOW		opentitan	hw/ip/edn/dv/env/edn_env_pkg.sv	537	539	539	21	3764		// macro includes `include "uvm_macros.svh" `include "dv_macros.svh" // p
IN-WINDOW		opentitan	hw/ip/edn/dv/env/edn_if.sv	1045	1046	1046	28	1544		d"}; default: `uvm_fatal("edn_if", "Invalid sm name!") endcase // case
IN-WINDOW		opentitan	hw/ip/edn/dv/sva/edn_assert_if.sv	643	644	452	18	985		; $assertoff(0, `PATH1.CntErrReported_A); $assertoff(0, `PATH2.u_state_r
IN-WINDOW		opentitan	hw/ip/edn/dv/tb.sv	321	323	323	13	3366		// macro includes `include "uvm_macros.svh" `include "dv_macros.svh" wire
IN-WINDOW		opentitan	hw/ip/edn/dv/tests/edn_test_pkg.sv	304	306	306	12	759		// macro includes `include "uvm_macros.svh" `include "dv_macros.svh" // l
IN-WINDOW		opentitan	hw/ip/edn/rtl/edn.sv	728	729	217	26	5038		[NumEndPoints-1:0] edn_i, output edn_rsp_t [NumEndPoints-1:0] edn_o, // CS
IN-WINDOW		opentitan	hw/ip/edn/rtl/edn_ack_sm.sv	1635	1639	242	54	3829		tate_d, state_q; `PRIM_FLOP_SPARSE_FSM(u_state_regs, state_d, state_q, state_
IN-WINDOW		opentitan	hw/ip/edn/rtl/edn_core.sv	655	656	365	24	39926		[NumEndPoints-1:0] edn_i, output edn_rsp_t [NumEndPoints-1:0] edn_o, // CS
IN-WINDOW		opentitan	hw/ip/edn/rtl/edn_main_sm.sv	1698	1702	306	44	8282		tate_d, state_q; `PRIM_FLOP_SPARSE_FSM(u_state_regs, state_d, state_q, state_
IN-WINDOW		opentitan	hw/ip/edn/rtl/edn_reg_top.sv	41081	41083	224	1646	41564		egister Interface `ASSERT_PULSE(wePulse, reg_we, clk_i, !rst_ni) `ASSERT_PUL
IN-WINDOW		opentitan	hw/ip/entropy_src/dv/cov/entropy_src_cov_if.sv	611	614	614	21	53862		tropy_src_pkg::*; `include "dv_fcov_macros.svh" bit en_full_cov = 1'b1; b
IN-WINDOW		opentitan	hw/ip/entropy_src/dv/env/entropy_src_env_pkg.sv	655	657	657	23	17834		// macro includes `include "uvm_macros.svh" `include "dv_macros.svh" // p
IN-WINDOW		opentitan	hw/ip/entropy_src/dv/env/entropy_src_path_if.sv	2331	2340	2340	47	6647		ault: begin `uvm_fatal("es_path_if", "Invalid cntr name!") end
IN-WINDOW		opentitan	hw/ip/entropy_src/dv/env/seq_lib/entropy_src_rng_vseq.sv	284	284	171	8	37857		ntropy_src_base_vseq; `uvm_object_utils(entropy_src_rng_vseq) push_pull_in
IN-WINDOW		opentitan	hw/ip/entropy_src/dv/tb/tb.sv	337	339	339	13	6654		// macro includes `include "uvm_macros.svh" `include "dv_macros.svh" wire
IN-WINDOW		opentitan	hw/ip/entropy_src/dv/tests/entropy_src_test_pkg.sv	320	322	322	12	874		// macro includes `include "uvm_macros.svh" `include "dv_macros.svh" // p
IN-WINDOW		opentitan	hw/ip/entropy_src/rtl/entropy_src.sv	1102	1103	225	34	19198		BI input mubi8_t otp_en_entropy_src_fw_read_i, // SEC_CM: INTERSIG.MUBI i
IN-WINDOW		opentitan	hw/ip/entropy_src/rtl/entropy_src_ack_sm.sv	727	731	242	27	1563		tate_d, state_q; `PRIM_FLOP_SPARSE_FSM(u_state_regs, state_d, state_q, state_
IN-WINDOW		opentitan	hw/ip/entropy_src/rtl/entropy_src_core.sv	1065	1066	216	32	138084		opy_src_hw_if_req_t entropy_src_hw_if_i, output entropy_src_hw_if_rsp_t entrop
IN-WINDOW		opentitan	hw/ip/entropy_src/rtl/entropy_src_main_sm.sv	1667	1671	289	44	9580		tate_d, state_q; `PRIM_FLOP_SPARSE_FSM(u_state_regs, state_d, state_q, state_
IN-WINDOW		opentitan	hw/ip/entropy_src/rtl/entropy_src_reg_top.sv	101954	101956	224	3646	102437		egister Interface `ASSERT_PULSE(wePulse, reg_we, clk_i, !rst_ni) `ASSERT_PUL
IN-WINDOW		opentitan	hw/ip/hmac/dv/cryptoc_dpi/cryptoc_dpi_pkg.sv	256	258	258	10	5803		// macro includes `include "uvm_macros.svh" // DPI-C imports // // Note
IN-WINDOW		opentitan	hw/ip/hmac/dv/env/hmac_env_cov.sv	915	922	922	24	10556		) == 0) begin `uvm_fatal("hmac_env_cov", $sformatf("No vectors found for %
IN-WINDOW		opentitan	hw/ip/hmac/dv/env/hmac_env_pkg.sv	520	522	522	20	8835		// macro includes `include "uvm_macros.svh" `include "dv_macros.svh" // l
IN-WINDOW		opentitan	hw/ip/hmac/dv/tb/tb.sv	349	351	351	14	1889		// macro includes `include "uvm_macros.svh" `include "dv_macros.svh" wire
IN-WINDOW		opentitan	hw/ip/hmac/dv/tests/hmac_test_pkg.sv	306	308	308	12	459		// macro includes `include "uvm_macros.svh" `include "dv_macros.svh" // l
IN-WINDOW		opentitan	hw/ip/hmac/rtl/hmac.sv	3300	3301	200	117	33193		sha_word64_t [7:0] digest, digest_sw; logic [7:0] digest_sw_we; dig
IN-WINDOW		opentitan	hw/ip/hmac/rtl/hmac_core.sv	425	426	202	15	17561		input digest_mode_e digest_size_i, input key_length_e key_length_i, input
IN-WINDOW		opentitan	hw/ip/hmac/rtl/hmac_reg_top.sv	67077	67079	224	2637	67560		egister Interface `ASSERT_PULSE(wePulse, reg_we, clk_i, !rst_ni) `ASSERT_PUL
IN-WINDOW		opentitan	hw/ip/i2c/dv/env/i2c_env_pkg.sv	529	531	531	21	3931		// macro includes `include "dv_macros.svh" // parameters typedef enum int
IN-WINDOW		opentitan	hw/ip/i2c/dv/sva/i2c_protocol_cov.sv	1456	1460	1460	62	19151		bit [7:0] fbyte; `ifndef I2C_HIER `define I2C_HIER $root.tb.dut.i2c_core
IN-WINDOW		opentitan	hw/ip/i2c/dv/tb/tb.sv	347	349	349	14	4860		// macro includes `include "uvm_macros.svh" `include "dv_macros.svh" wire
IN-WINDOW		opentitan	hw/ip/i2c/dv/tests/i2c_test_pkg.sv	330	332	332	13	483		// macro includes `include "uvm_macros.svh" `include "dv_macros.svh" // l
IN-WINDOW		opentitan	hw/ip/i2c/rtl/i2c.sv	4509	4513	217	157	6009		en_o = ~sda_int; `ASSERT_KNOWN(TlDValidKnownO_A, tl_o.d_valid) `ASSERT_KNOW
IN-WINDOW		opentitan	hw/ip/i2c/rtl/i2c_controller_fsm.sv	35709	35711	215	978	36240		ngle cycle glitch `ASSERT(SclOutputGlitch_A, $rose(scl_o) |-> ##1 scl_o) //
IN-WINDOW		opentitan	hw/ip/i2c/rtl/i2c_core.sv	36882	36885	206	888	37061		//////////////// `ASSERT_INIT(FifoDepthValid_A, FifoDepth > 0 && FifoDepthW <
IN-WINDOW		opentitan	hw/ip/i2c/rtl/i2c_fifo_sync_sram_adapter.sv	2511	2513	322	63	10586		n't support this. `ASSERT_INIT(MinimalSramFifoDepth_A, SramFifoDepth >= 1)
IN-WINDOW		opentitan	hw/ip/i2c/rtl/i2c_fifos.sv	2971	2974	171	67	12468		d RamDepth = 464; `ASSERT_INIT(RamDepthSuffices_A, RamDepth >= 3 * FifoDepth +
IN-WINDOW		opentitan	hw/ip/i2c/rtl/i2c_reg_top.sv	101499	101501	224	4037	101982		egister Interface `ASSERT_PULSE(wePulse, reg_we, clk_i, !rst_ni) `ASSERT_PUL
IN-WINDOW		opentitan	hw/ip/i2c/rtl/i2c_target_fsm.sv	39425	39427	215	1032	39955		ngle cycle glitch `ASSERT(SclOutputGlitch_A, $rose(scl_o) |-> ##1 scl_o) //
IN-WINDOW		opentitan	hw/ip/keymgr/dv/env/keymgr_env_pkg.sv	518	520	520	20	2508		// macro includes `include "uvm_macros.svh" `include "dv_macros.svh" // p
IN-WINDOW		opentitan	hw/ip/keymgr/dv/env/keymgr_if.sv	4781	4788	4788	115	28938		tp_key) begin `DV_CHECK_STD_RANDOMIZE_WITH_FATAL(local_otp_key,
IN-WINDOW		opentitan	hw/ip/keymgr/dv/tb.sv	327	329	329	13	3301		// macro includes `include "uvm_macros.svh" `include "dv_macros.svh" wire
IN-WINDOW		opentitan	hw/ip/keymgr/dv/tests/keymgr_test_pkg.sv	310	312	312	12	466		// macro includes `include "uvm_macros.svh" `include "dv_macros.svh" // l
IN-WINDOW		opentitan	hw/ip/keymgr/rtl/keymgr.sv	783	784	202	21	29312		rameter lfsr_seed_t RndCnstLfsrSeed = RndCnstLfsrSeedDefault, parameter
IN-WINDOW		opentitan	hw/ip/keymgr/rtl/keymgr_ctrl.sv	738	739	202	33	28604		input keymgr_ops_e op_i, input [CdiWidth-1:0] op_cdi_sel_i, output logic op
IN-WINDOW		opentitan	hw/ip/keymgr/rtl/keymgr_data_en_state.sv	1801	1803	261	69	3951		: DATA.FSM.SPARSE `PRIM_FLOP_SPARSE_FSM(u_state_regs, state_d, state_q, state_
IN-WINDOW		opentitan	hw/ip/keymgr/rtl/keymgr_kmac_if.sv	309	310	210	13	12558		rameter rand_perm_t RndCnstRandPerm = RndCnstRandPermDefault, parameter int Ma
IN-WINDOW		opentitan	hw/ip/keymgr/rtl/keymgr_op_state_ctrl.sv	900	903	216	44	2363		state_q, state_d; `PRIM_FLOP_SPARSE_FSM(u_state_regs, state_d, state_q, state_
IN-WINDOW		opentitan	hw/ip/keymgr/rtl/keymgr_reg_top.sv	99640	99642	224	3698	100123		egister Interface `ASSERT_PULSE(wePulse, reg_we, clk_i, !rst_ni) `ASSERT_PUL
IN-WINDOW		opentitan	hw/ip/keymgr/rtl/keymgr_sideload_key_ctrl.sv	360	361	202	13	6823		ymgr_sideload_clr_e clr_key_i, // clear key just deletes the key input wipe_ke
IN-WINDOW		opentitan	hw/ip/keymgr_dpe/dv/env/keymgr_dpe_env_pkg.sv	526	528	528	20	3663		// macro includes `include "uvm_macros.svh" `include "dv_macros.svh" // p
IN-WINDOW		opentitan	hw/ip/keymgr_dpe/dv/env/keymgr_dpe_if.sv	5620	5627	5627	128	28866		tp_key) begin `DV_CHECK_STD_RANDOMIZE_WITH_FATAL(local_creator_root_key,
IN-WINDOW		opentitan	hw/ip/keymgr_dpe/dv/tb.sv	335	337	337	13	3550		// macro includes `include "uvm_macros.svh" `include "dv_macros.svh" wire
IN-WINDOW		opentitan	hw/ip/keymgr_dpe/dv/tests/keymgr_dpe_test_pkg.sv	318	320	320	12	478		// macro includes `include "uvm_macros.svh" `include "dv_macros.svh" // l
IN-WINDOW		opentitan	hw/ip/keymgr_dpe/rtl/keymgr_dpe.sv	607	608	202	19	30385		rameter lfsr_seed_t RndCnstLfsrSeed = RndCnstLfsrSeedDefault, parameter
IN-WINDOW		opentitan	hw/ip/keymgr_dpe/rtl/keymgr_dpe_ctrl.sv	786	787	202	33	28621		ut keymgr_dpe_ops_e op_i, input load_key_lock_i, input [DpeNumSlotsWidth-1:0
IN-WINDOW		opentitan	hw/ip/keymgr_dpe/rtl/keymgr_dpe_op_state_ctrl.sv	1511	1514	216	67	3382		state_q, state_d; `PRIM_FLOP_SPARSE_FSM(u_state_regs, state_d, state_q, state_
IN-WINDOW		opentitan	hw/ip/keymgr_dpe/rtl/keymgr_dpe_reg_top.sv	91140	91142	224	3468	91623		egister Interface `ASSERT_PULSE(wePulse, reg_we, clk_i, !rst_ni) `ASSERT_PUL
IN-WINDOW		opentitan	hw/ip/kmac/dv/cov/kmac_cov_if.sv	367	371	371	14	1092		fifo_empty ); `include "dv_fcov_macros.svh" import sha3_pkg::*; cove
IN-WINDOW		opentitan	hw/ip/kmac/dv/cov/sha3pad_assert_if.sv	689	691	691	20	1067		rigger run signal `ASSERT(ProcessToRun_A, process_i |-> strong(##[2:$] keccak_
IN-WINDOW		opentitan	hw/ip/kmac/dv/env/kmac_env_cov.sv	693	693	657	18	17730		FG_CGS \ kmac_en: coverpoint kmac; \ xof_en: coverpoint xof;
IN-WINDOW		opentitan	hw/ip/kmac/dv/env/kmac_env_pkg.sv	716	718	718	27	6190		// macro includes `include "uvm_macros.svh" `include "dv_macros.svh" // p
IN-WINDOW		opentitan	hw/ip/kmac/dv/env/kmac_if.sv	673	677	677	19	1162		l; endfunction `ASSERT(KmacMaskingO_A, `EN_MASKING == en_masking_o) `ASS
IN-WINDOW		opentitan	hw/ip/kmac/dv/env/kmac_scoreboard.sv	207	212	171	6	73899		D_TRANS(mode) \ (cfg.m_kmac_app_agent_cfg[``mode``].vif.req_data_if.valid &&
IN-WINDOW		opentitan	hw/ip/kmac/dv/tb.sv	347	349	349	14	3808		// macro includes `include "uvm_macros.svh" `include "dv_macros.svh" wire
IN-WINDOW		opentitan	hw/ip/kmac/dv/tests/kmac_test_pkg.sv	306	308	308	12	460		// macro includes `include "uvm_macros.svh" `include "dv_macros.svh" // l
IN-WINDOW		opentitan	hw/ip/kmac/fpv/tb/keccak_round_fpv.sv	4246	4248	4248	197	5147		ress && !valid_i) `ASSUME_FPV(ValidPulse_A, ##1 valid_i |=> !valid_i, clk_i, !
IN-WINDOW		opentitan	hw/ip/kmac/rtl/keccak_2share.sv	1321	1322	283	36	19800		1. input mubi4_t phase_sel_i, // Output mux control input dom
IN-WINDOW		opentitan	hw/ip/kmac/rtl/keccak_round.sv	6540	6543	1626	180	20750		_st, keccak_st_d; `PRIM_FLOP_SPARSE_FSM(u_state_regs, keccak_st_d, keccak_st,
IN-WINDOW		opentitan	hw/ip/kmac/rtl/kmac.sv	1535	1536	187	33	53062		ameter app_config_t AppCfg[NumAppIntf] = '{AppCfgKeyMgr, AppCfgLcCtrl,
IN-WINDOW		opentitan	hw/ip/kmac/rtl/kmac_app.sv	1077	1078	689	25	54938		meter app_config_t AppCfg[NumAppIntf] = '{AppCfgKeyMgr, AppCfgLcCtrl,
IN-WINDOW		opentitan	hw/ip/kmac/rtl/kmac_core.sv	1275	1282	208	42	15690		put key_len_e key_len_i, input logic key_valid_i, // Contro
IN-WINDOW		opentitan	hw/ip/kmac/rtl/kmac_entropy.sv	329	330	208	13	25515		rameter lfsr_perm_t RndCnstLfsrPerm = RndCnstLfsrPermDefault, parameter lfsr_s
IN-WINDOW		opentitan	hw/ip/kmac/rtl/kmac_errchk.sv	1808	1815	1558	57	13068		t sha3_mode_e cfg_mode_i, input keccak_strength_e cfg_strength_i, inp
IN-WINDOW		opentitan	hw/ip/kmac/rtl/kmac_msgfifo.sv	8595	8597	272	322	9839		ate known checker `ASSERT(FlushStInValid_A, flush_st inside {FlushIdle, FlushP
IN-WINDOW		opentitan	hw/ip/kmac/rtl/kmac_reg_top.sv	91138	91140	224	3315	91621		egister Interface `ASSERT_PULSE(wePulse, reg_we, clk_i, !rst_ni) `ASSERT_PUL
IN-WINDOW		opentitan	hw/ip/kmac/rtl/sha3.sv	1194	1201	309	40	15438		t sha3_mode_e mode_i, // see sha3pad for details input keccak_streng
IN-WINDOW		opentitan	hw/ip/kmac/rtl/sha3pad.sv	1295	1302	196	41	31313		t sha3_mode_e mode_i, // strength_i is used in bytepad operation. bytepa
IN-WINDOW		opentitan	hw/ip/lc_ctrl/dv/env/lc_ctrl_dv_utils_pkg.sv	421	423	423	16	17787		t otp_ctrl_pkg::*; `ifdef USE_1_RMI_INTF parameter uint NUM_RMA_ACK_SIGS = 1;
IN-WINDOW		opentitan	hw/ip/lc_ctrl/dv/env/lc_ctrl_env_cov.sv	527	527	445	15	5244		OSS(error) \ jtag_``error``_xp : cross jtag_csr_cp, error``_cp; `endif // Cro
IN-WINDOW		opentitan	hw/ip/lc_ctrl/dv/env/lc_ctrl_env_pkg.sv	776	778	778	28	12690		// macro includes `include "uvm_macros.svh" `include "dv_macros.svh" // p
IN-WINDOW		opentitan	hw/ip/lc_ctrl/dv/env/lc_ctrl_if.sv	551	555	211	24	7121		otp_ctrl_pkg::*; `include "uvm_macros.svh" logic tdo_oe; otp_lc_data_t o
IN-WINDOW		opentitan	hw/ip/lc_ctrl/dv/env/lc_ctrl_scoreboard.sv	258	259	171	7	26570		cip_base_scoreboard #( .CFG_T(lc_ctrl_env_cfg), .RAL_T(lc_ctrl_regs_reg_bloc
IN-WINDOW		opentitan	hw/ip/lc_ctrl/dv/tests/lc_ctrl_test_pkg.sv	338	340	340	13	495		// macro includes `include "uvm_macros.svh" `include "dv_macros.svh" // l
IN-WINDOW		opentitan	hw/ip/lc_ctrl/rtl/lc_ctrl.sv	1090	1091	207	28	40256		ter lc_keymgr_div_t RndCnstLcKeymgrDivInvalid = LcKeymgrDivWidth'(0), par
IN-WINDOW		opentitan	hw/ip/lc_ctrl/rtl/lc_ctrl_fsm.sv	463	464	209	16	37577		ter lc_keymgr_div_t RndCnstLcKeymgrDivInvalid = LcKeymgrDivWidth'(0), par
IN-WINDOW		opentitan	hw/ip/lc_ctrl/rtl/lc_ctrl_kmac_if.sv	815	829	231	25	7031		oken_t transition_token_i, input token_ha
IN-WINDOW		opentitan	hw/ip/lc_ctrl/rtl/lc_ctrl_pkg.sv	2649	2651	174	85	13984		ns below to work. `ASSERT_STATIC_IN_PACKAGE(CheckLcTxValsComplementary_A, On =
IN-WINDOW		opentitan	hw/ip/lc_ctrl/rtl/lc_ctrl_regs_reg_top.sv	42587	42589	224	1514	43070		egister Interface `ASSERT_PULSE(wePulse, reg_we, clk_i, !rst_ni) `ASSERT_PUL
IN-WINDOW		opentitan	hw/ip/lc_ctrl/rtl/lc_ctrl_signal_decode.sv	433	434	222	15	17181		ter lc_keymgr_div_t RndCnstLcKeymgrDivInvalid = LcKeymgrDivWidth'(0), //
IN-WINDOW		opentitan	hw/ip/mbx/dv/env/mbx_env_cov.sv	338	339	171	9	6833		DDR_BINS \ bins less_than_1MiB = {[0:'hf_ffff]}; \ bins between_1MiB_and
IN-WINDOW		opentitan	hw/ip/mbx/dv/env/mbx_env_pkg.sv	573	575	575	22	1554		// macro includes `include "uvm_macros.svh" `include "dv_macros.svh" // p
IN-WINDOW		opentitan	hw/ip/mbx/dv/tb.sv	319	321	321	13	2737		// macro includes `include "uvm_macros.svh" `include "dv_macros.svh" `incl
IN-WINDOW		opentitan	hw/ip/mbx/dv/tests/mbx_test_pkg.sv	304	306	306	12	471		// macro includes `include "uvm_macros.svh" `include "dv_macros.svh" // l
IN-WINDOW		opentitan	hw/ip/mbx/rtl/mbx.sv	21499	21501	171	388	22607		// Assertions `ASSERT_PRIM_REG_WE_ONEHOT_ERROR_TRIGGER_ALERT(RegWeOnehotCh
IN-WINDOW		opentitan	hw/ip/mbx/rtl/mbx_core_reg_top.sv	31850	31852	224	1164	32333		egister Interface `ASSERT_PULSE(wePulse, reg_we, clk_i, !rst_ni) `ASSERT_PUL
IN-WINDOW		opentitan	hw/ip/mbx/rtl/mbx_hostif.sv	11690	11692	171	253	11895		// Assertions `ASSERT_PRIM_REG_WE_ONEHOT_ERROR_TRIGGER_ALERT(RegWeOnehotCh
IN-WINDOW		opentitan	hw/ip/mbx/rtl/mbx_imbx.sv	8191	8193	171	183	9402		box if it is full `ASSERT_NEVER(NeverWriteMbxIfFull_A, hostif_sram_write_req_o
IN-WINDOW		opentitan	hw/ip/mbx/rtl/mbx_ombx.sv	13289	13291	171	286	14677		ave been asserted `ASSERT_NEVER(ReadyAssertedWhenRead_A, ombx_sram_read_req_o
IN-WINDOW		opentitan	hw/ip/mbx/rtl/mbx_soc_reg_top.sv	16742	16744	224	625	17225		egister Interface `ASSERT_PULSE(wePulse, reg_we, clk_i, !rst_ni) `ASSERT_PUL
IN-WINDOW		opentitan	hw/ip/mbx/rtl/mbx_sramrwarb.sv	6729	6731	171	140	6822		nctional Coverage `COVER(MaxOutstandingRequestsReached_C, sram_req & max_outst
IN-WINDOW		opentitan	hw/ip/mbx/rtl/mbx_sysif.sv	14437	14439	171	336	14511		// Assertions `ASSERT(DataWidthCheck_A, CfgSramDataWidth == top_pkg::TL_DW
IN-WINDOW		opentitan	hw/ip/otbn/dv/model/otbn_core_model.sv	1250	1260	171	38	18358		err_bits_t err_bits_o, // updated when STATUS switches to idle input
IN-WINDOW		opentitan	hw/ip/otbn/dv/tracer/rtl/otbn_trace_if.sv	29830	29832	171	624	31017		rt force/release. `ifndef VERILATOR // Force the `rd_data_a_intg_o` signal
IN-WINDOW		opentitan	hw/ip/otbn/dv/tracer/rtl/otbn_tracer.sv	1792	1793	171	53	12117		r_access_str(ispr_e ispr, logic [WLEN-1:0] data); string data_str; data
IN-WINDOW		opentitan	hw/ip/otbn/dv/uvm/env/otbn_env_pkg.sv	1080	1082	1082	38	5098		// macro includes `include "uvm_macros.svh" `include "dv_macros.svh" // I
IN-WINDOW		opentitan	hw/ip/otbn/dv/uvm/env/otbn_escalate_if.sv	689	693	693	24	1736		// Send Req `DV_SPINWAIT_EXIT(begin repeat (n) @(posedge clk_i);
IN-WINDOW		opentitan	hw/ip/otbn/dv/uvm/env/otbn_insn_cnt_if.sv	539	541	210	21	1720		truction counters `ASSERT(InsnCntMatches_A, model_insn_cnt_i == insn_cnt_i)
IN-WINDOW		opentitan	hw/ip/otbn/dv/uvm/env/otbn_loop_if.sv	3334	3338	269	85	10352		s test as well. `DV_CHECK_FATAL(ImemAddrWidth < 16, "Spec
IN-WINDOW		opentitan	hw/ip/otbn/dv/uvm/env/otbn_rnd_if.sv	4189	4191	249	111	8249		rnd_data_ignore_q; `define ASSERT_IN_STATE(NAME, STATE, PROP) \ `ASSERT(NAME,
IN-WINDOW		opentitan	hw/ip/otbn/dv/uvm/env/otbn_ssctrl_if.sv	618	618	416	15	950		ignal); return {`SSCTRL_PATH, ".", signal}; endfunction function automa
IN-WINDOW		opentitan	hw/ip/otbn/dv/uvm/otbn_model_agent/otbn_model_agent_pkg.sv	548	550	550	21	1290		// macro includes `include "uvm_macros.svh" `include "dv_macros.svh" type
IN-WINDOW		opentitan	hw/ip/otbn/dv/uvm/sva/otbn_idle_checker.sv	354	355	171	14	7492		input otbn_reg2hw_t reg2hw, input otbn_hw2reg_t hw2reg, input logic
IN-WINDOW		opentitan	hw/ip/otbn/dv/uvm/tb.sv	548	550	550	21	14613		// macro includes `include "uvm_macros.svh" `include "dv_macros.svh" wire
IN-WINDOW		opentitan	hw/ip/otbn/dv/uvm/tests/otbn_test_pkg.sv	336	338	338	13	490		// macro includes `include "uvm_macros.svh" `include "dv_macros.svh" // l
IN-WINDOW		opentitan	hw/ip/otbn/rtl/otbn.sv	451	464	171	17	63167		gfile_e RegFile = RegFileFF, parameter logic [NumAlerts-1:
IN-WINDOW		opentitan	hw/ip/otbn/rtl/otbn_alu_bignum.sv	6395	6396	171	112	66567		_bignum_operation_t operation_i, input logic operation_valid
IN-WINDOW		opentitan	hw/ip/otbn/rtl/otbn_controller.sv	971	972	171	31	71364		ntroller_err_bits_t err_bits_o, output logic recoverable_err_o
IN-WINDOW		opentitan	hw/ip/otbn/rtl/otbn_core.sv	601	602	171	19	54725		parameter regfile_e RegFile = RegFileFF, // Size of the instruction memory, i
IN-WINDOW		opentitan	hw/ip/otbn/rtl/otbn_decoder.sv	586	589	171	25	40932		t insn_dec_base_t insn_dec_base_o, output insn_dec_bignum_t insn_dec_bignum_
IN-WINDOW		opentitan	hw/ip/otbn/rtl/otbn_instruction_fetch.sv	1274	1282	171	39	19574		num_predec_t rf_bignum_predec_o, output alu_bignum_predec_t alu_b
IN-WINDOW		opentitan	hw/ip/otbn/rtl/otbn_kmac_if.sv	15836	15840	15840	398	37600		endcase end `PRIM_FLOP_SPARSE_FSM(u_state_regs, state_d, state_q, otbn_k
IN-WINDOW		opentitan	hw/ip/otbn/rtl/otbn_loop_controller.sv	7456	7458	171	180	13235		ees a loop error. `ASSERT(NoStartCommitIfLoopErr, loop_start_req_i && loop_sta
IN-WINDOW		opentitan	hw/ip/otbn/rtl/otbn_lsu.sv	1439	1452	171	40	5054		ubset_e lsu_req_subset_i, input logic [DmemAddrWidth-1:0] lsu_add
IN-WINDOW		opentitan	hw/ip/otbn/rtl/otbn_mac_bignum.sv	5175	5176	171	97	30690		bn_mac_urnd_perm_t RndCnstBnMacUrndPerm = RndCnstBnMacUrndPermDefault ) ( inp
IN-WINDOW		opentitan	hw/ip/otbn/rtl/otbn_mask_accelerator.sv	6343	6344	171	118	16127		input ma_sharing_t in0_i, input ma_sharing_t in1_i, // Randomness input
IN-WINDOW		opentitan	hw/ip/otbn/rtl/otbn_predecode.sv	613	621	171	21	38217		num_predec_t rf_bignum_predec_o, output alu_bignum_predec_t alu_b
IN-WINDOW		opentitan	hw/ip/otbn/rtl/otbn_reg_top.sv	31449	31451	224	1175	31932		egister Interface `ASSERT_PULSE(wePulse, reg_we, clk_i, !rst_ni) `ASSERT_PUL
IN-WINDOW		opentitan	hw/ip/otbn/rtl/otbn_rf_base.sv	1474	1475	171	36	9059		parameter regfile_e RegFile = RegFileFF )( input logic cl
IN-WINDOW		opentitan	hw/ip/otbn/rtl/otbn_rf_bignum.sv	1066	1067	171	30	6242		parameter regfile_e RegFile = RegFileFF )( input logic clk_
IN-WINDOW		opentitan	hw/ip/otbn/rtl/otbn_rf_bignum_ff.sv	1053	1055	171	37	3637		rf_bignum_predec_t rf_bignum_predec_i ); logic [ExtWLEN-1:0] rf [NWdr]; log
IN-WINDOW		opentitan	hw/ip/otbn/rtl/otbn_rf_bignum_fpga.sv	3160	3160	3160	85	3460		ess in simulations. `ifdef VERILATOR `define INC_BACKDOOR_LOAD `elsif SIMULATI
IN-WINDOW		opentitan	hw/ip/otbn/rtl/otbn_rnd.sv	1379	1386	171	26	9330		d_prng_seed_t RndCnstUrndPrngSeed = RndCnstUrndPrngSeedDefault ) (
IN-WINDOW		opentitan	hw/ip/otbn/rtl/otbn_sec_add.sv	2431	2433	171	51	12685		be a power of 2. `ASSERT_INIT(OtbnSecAddWidthPow2_A, (Width & (Width - 1)) ==
IN-WINDOW		opentitan	hw/ip/otbn/rtl/otbn_start_stop_control.sv	1089	1090	664	39	21918		i, input mubi4_t escalate_en_i, input mubi4_t rma_req_i, output mubi4_t
IN-WINDOW		opentitan	hw/ip/otbn/rtl/otbn_vec_adder.sv	6113	6117	6117	119	6194		result[0]; end `ASSERT_INIT(LvlenDivideNoRemainder_A, (LVLEN % LVChunkLEN)
IN-WINDOW		opentitan	hw/ip/otp_ctrl/rtl/otp_ctrl_pkg.sv	583	585	301	19	7231		ackage must match `ASSERT_STATIC_IN_PACKAGE(DeviceIdWidth_A,
IN-WINDOW		opentitan	hw/ip/otp_macro/rtl/otp_macro.sv	1645	1660	171	42	18348		seq_t pwr_seq_o, input pwr_seq_t pwr_seq_h_i, /
IN-WINDOW		opentitan	hw/ip/otp_macro/rtl/otp_macro_prim_reg_top.sv	34618	34620	224	1519	35101		egister Interface `ASSERT_PULSE(wePulse, reg_we, clk_i, !rst_ni) `ASSERT_PUL
IN-WINDOW		opentitan	hw/ip/pattgen/dv/cov/pattgen_cov_if.sv	344	347	347	13	12652		ttgen_env_pkg::*; `include "dv_fcov_macros.svh" `include "uvm_macros.svh"
IN-WINDOW		opentitan	hw/ip/pattgen/dv/env/pattgen_env_pkg.sv	524	526	526	20	1628		// macro includes `include "uvm_macros.svh" `include "dv_macros.svh" // p
IN-WINDOW		opentitan	hw/ip/pattgen/dv/tb.sv	360	362	362	14	2716		// macro includes `include "uvm_macros.svh" `include "dv_macros.svh" wire
IN-WINDOW		opentitan	hw/ip/pattgen/dv/tests/pattgen_test_pkg.sv	338	340	340	13	495		// macro includes `include "uvm_macros.svh" `include "dv_macros.svh" // l
IN-WINDOW		opentitan	hw/ip/pattgen/rtl/pattgen.sv	2208	2212	171	93	3020		_done_ch1_o ); `ASSERT_KNOWN(TlDValidKnownO_A, tl_o.d_valid) `ASSERT_KNOW
IN-WINDOW		opentitan	hw/ip/pattgen/rtl/pattgen_reg_top.sv	25083	25085	224	1058	25566		egister Interface `ASSERT_PULSE(wePulse, reg_we, clk_i, !rst_ni) `ASSERT_PUL
IN-WINDOW		opentitan	hw/ip/prim/dv/prim_alert/tb/prim_alert_tb.sv	841	843	843	26	8680		the command line `ifdef IS_SYNC localparam bit IsAsync = 0; `else l
IN-WINDOW		opentitan	hw/ip/prim/dv/prim_esc/tb/prim_esc_tb.sv	677	680	680	19	9977		dv_utils_pkg::*; `include "dv_macros.svh" ////////////////////////////////
IN-WINDOW		opentitan	hw/ip/prim/dv/prim_lfsr/prim_lfsr_tb.sv	355	358	358	11	12417		dv_utils_pkg::*; `include "dv_macros.svh" ////////////////////////////////
IN-WINDOW		opentitan	hw/ip/prim/dv/prim_present/tb/prim_present_tb.sv	581	584	584	14	8752		prim_present_tb; `include "dv_macros.svh" import crypto_dpi_present_pkg::M
IN-WINDOW		opentitan	hw/ip/prim/dv/prim_prince/tb/prim_prince_tb.sv	578	581	581	14	11887		e prim_prince_tb; `include "dv_macros.svh" //////////////////////////////////
IN-WINDOW		opentitan	hw/ip/prim/fpv/tb/prim_fifo_async_sram_adapter_tb.sv	4296	4300	4300	167	5317		ram_rerror = '0; `ASSUME_FPV(WdataBins_M, wvalid_i |-> wdata_i
IN-WINDOW		opentitan	hw/ip/prim/fpv/tb/prim_keccak_tb.sv	1496	1501	1501	56	2138		(state_d) ); `ASSUME_FPV(ValidSequence_A, ##1 valid_i |=> !valid_i) `AS
IN-WINDOW		opentitan	hw/ip/prim/fpv/vip/prim_alert_rxtx_assert_fpv.sv	753	754	259	27	7180		o, input mubi4_t init_trig_i, input ping_req_i, input ping_
IN-WINDOW		opentitan	hw/ip/prim/fpv/vip/prim_alert_rxtx_async_assert_fpv.sv	792	793	285	27	12332		i, input mubi4_t init_trig_i, input alert_req_i, input aler
IN-WINDOW		opentitan	hw/ip/prim/fpv/vip/prim_esc_rxtx_assert_fpv.sv	1648	1650	264	59	5098		ust be deasserted `ASSUME_FPV(PingReqDeassert_M, ping_req_i && pin
IN-WINDOW		opentitan	hw/ip/prim/fpv/vip/prim_fifo_sync_assert_fpv.sv	1035	1035	251	33	8386		deOne = (DepthW + 3)'(1'b1); localparam int unsigned PtrW = prim_util_pkg::vbi
IN-WINDOW		opentitan	hw/ip/prim/fpv/vip/prim_secded_22_16_assert_fpv.sv	531	533	533	19	1362		s simultaneously. `ASSUME_FPV(MaxTwoErrors_M, $countones(error_inject_i) <= 2)
IN-WINDOW		opentitan	hw/ip/prim/fpv/vip/prim_secded_28_22_assert_fpv.sv	531	533	533	19	1362		s simultaneously. `ASSUME_FPV(MaxTwoErrors_M, $countones(error_inject_i) <= 2)
IN-WINDOW		opentitan	hw/ip/prim/fpv/vip/prim_secded_39_32_assert_fpv.sv	531	533	533	19	1362		s simultaneously. `ASSUME_FPV(MaxTwoErrors_M, $countones(error_inject_i) <= 2)
IN-WINDOW		opentitan	hw/ip/prim/fpv/vip/prim_secded_64_57_assert_fpv.sv	531	533	533	19	1362		s simultaneously. `ASSUME_FPV(MaxTwoErrors_M, $countones(error_inject_i) <= 2)
IN-WINDOW		opentitan	hw/ip/prim/fpv/vip/prim_secded_72_64_assert_fpv.sv	531	533	533	19	1362		s simultaneously. `ASSUME_FPV(MaxTwoErrors_M, $countones(error_inject_i) <= 2)
IN-WINDOW		opentitan	hw/ip/prim/fpv/vip/prim_secded_hamming_22_16_assert_fpv.sv	539	541	541	19	1378		s simultaneously. `ASSUME_FPV(MaxTwoErrors_M, $countones(error_inject_i) <= 2)
IN-WINDOW		opentitan	hw/ip/prim/fpv/vip/prim_secded_hamming_39_32_assert_fpv.sv	539	541	541	19	1378		s simultaneously. `ASSUME_FPV(MaxTwoErrors_M, $countones(error_inject_i) <= 2)
IN-WINDOW		opentitan	hw/ip/prim/fpv/vip/prim_secded_hamming_72_64_assert_fpv.sv	539	541	541	19	1378		s simultaneously. `ASSUME_FPV(MaxTwoErrors_M, $countones(error_inject_i) <= 2)
IN-WINDOW		opentitan	hw/ip/prim/fpv/vip/prim_secded_hamming_76_68_assert_fpv.sv	539	541	541	19	1378		s simultaneously. `ASSUME_FPV(MaxTwoErrors_M, $countones(error_inject_i) <= 2)
IN-WINDOW		opentitan	hw/ip/prim/fpv/vip/prim_secded_inv_22_16_assert_fpv.sv	535	537	537	19	1584		s simultaneously. `ASSUME_FPV(MaxTwoErrors_M, $countones(error_inject_i) <= 2)
IN-WINDOW		opentitan	hw/ip/prim/fpv/vip/prim_secded_inv_28_22_assert_fpv.sv	535	537	537	19	1584		s simultaneously. `ASSUME_FPV(MaxTwoErrors_M, $countones(error_inject_i) <= 2)
IN-WINDOW		opentitan	hw/ip/prim/fpv/vip/prim_secded_inv_39_32_assert_fpv.sv	535	537	537	19	1584		s simultaneously. `ASSUME_FPV(MaxTwoErrors_M, $countones(error_inject_i) <= 2)
IN-WINDOW		opentitan	hw/ip/prim/fpv/vip/prim_secded_inv_64_57_assert_fpv.sv	535	537	537	19	1584		s simultaneously. `ASSUME_FPV(MaxTwoErrors_M, $countones(error_inject_i) <= 2)
IN-WINDOW		opentitan	hw/ip/prim/fpv/vip/prim_secded_inv_72_64_assert_fpv.sv	535	537	537	19	1584		s simultaneously. `ASSUME_FPV(MaxTwoErrors_M, $countones(error_inject_i) <= 2)
IN-WINDOW		opentitan	hw/ip/prim/fpv/vip/prim_secded_inv_hamming_22_16_assert_fpv.sv	543	545	545	19	1600		s simultaneously. `ASSUME_FPV(MaxTwoErrors_M, $countones(error_inject_i) <= 2)
IN-WINDOW		opentitan	hw/ip/prim/fpv/vip/prim_secded_inv_hamming_39_32_assert_fpv.sv	543	545	545	19	1600		s simultaneously. `ASSUME_FPV(MaxTwoErrors_M, $countones(error_inject_i) <= 2)
IN-WINDOW		opentitan	hw/ip/prim/fpv/vip/prim_secded_inv_hamming_72_64_assert_fpv.sv	543	545	545	19	1600		s simultaneously. `ASSUME_FPV(MaxTwoErrors_M, $countones(error_inject_i) <= 2)
IN-WINDOW		opentitan	hw/ip/prim/fpv/vip/prim_secded_inv_hamming_76_68_assert_fpv.sv	543	545	545	19	1600		s simultaneously. `ASSUME_FPV(MaxTwoErrors_M, $countones(error_inject_i) <= 2)
IN-WINDOW		opentitan	hw/ip/prim/pre_dv/prim_flop_2sync/tb.sv	251	254	254	7	2641		abled. module tb; `include "dv_macros.svh" localparam string MsgId = $sform
IN-WINDOW		opentitan	hw/ip/prim/rtl/prim_alert_receiver.sv	2069	2074	1528	45	14494		input mubi4_t init_trig_i, // this triggers a ping test. keep asserted
IN-WINDOW		opentitan	hw/ip/prim/rtl/prim_alert_sender.sv	3065	3067	2203	65	14419		input alert_rx_t alert_rx_i, // alert output diff pair output alert_tx_t
IN-WINDOW		opentitan	hw/ip/prim/rtl/prim_arbiter_fixed.sv	1067	1071	474	41	6132		ready_i ); `ASSERT_INIT(CheckNGreaterZero_A, N > 0) // this case is
IN-WINDOW		opentitan	hw/ip/prim/rtl/prim_arbiter_ppc.sv	1949	1953	1099	57	7433		chk = req_chk_i; `ASSERT_INIT(CheckNGreaterZero_A, N > 0) // this case is
IN-WINDOW		opentitan	hw/ip/prim/rtl/prim_arbiter_tree.sv	2547	2551	1726	64	12317		chk = req_chk_i; `ASSERT_INIT(CheckNGreaterZero_A, N > 0) // this case is
IN-WINDOW		opentitan	hw/ip/prim/rtl/prim_assert.sv	1128	1128	339	29	9966		kg::uvm_report_error("ASSERT FAILED", `PRIM_STRINGIFY(__name), uvm_pkg::UVM_NONE
IN-WINDOW		opentitan	hw/ip/prim/rtl/prim_assert_sec_cm.svh	970	981	231	22	7571		\ $rose(HIER_.ERR_NAME_) && !(GATE_) |-> ##[0:MAX_CYCLES_] (ER
IN-WINDOW		opentitan	hw/ip/prim/rtl/prim_assert_standard_macros.svh	380	380	337	9	6761		, __prop) \ __name: assert (__prop) \ else begin
IN-WINDOW		opentitan	hw/ip/prim/rtl/prim_assert_yosys_macros.svh	366	367	315	9	2709		\ always_comb begin : __name \ assert (__prop);
IN-WINDOW		opentitan	hw/ip/prim/rtl/prim_cdc_rand_delay.sv	1267	1268	1268	27	2519		1:0] dst_data_o ); `ifdef SIMULATION if (Enable) begin : gen_enable // T
IN-WINDOW		opentitan	hw/ip/prim/rtl/prim_clock_meas.sv	7064	7068	500	266	7422		reference clock `ASSERT_INIT(ClkRatios_A, ClkRatio > 2) end // referenc
IN-WINDOW		opentitan	hw/ip/prim/rtl/prim_count.sv	2660	2665	1506	47	12204		r action_mask_t PossibleActions = {$bits(action_mask_t){1'b1}} ) ( input c
IN-WINDOW		opentitan	hw/ip/prim/rtl/prim_diff_decode.sv	8047	8049	855	251	12048		first clock cycle `ASSERT(SigintLevelCheck_A, ##1 sigint_o |-> $stable(level_o
IN-WINDOW		opentitan	hw/ip/prim/rtl/prim_dom_and_2share.sv	5180	5182	1024	153	5951		al to two cycles. `ASSUME_FPV(RandomReadyInShortTime_A, $changed(a0_i) ||
IN-WINDOW		opentitan	hw/ip/prim/rtl/prim_double_lfsr.sv	3174	3176	3176	87	4333		e[k]) ); end `ifdef SIMULATION `ifndef VERILATOR // Ensure both LFSRs s
IN-WINDOW		opentitan	hw/ip/prim/rtl/prim_edn_req.sv	5473	5473	662	156	7230		e as previous data. `ifdef INC_ASSERT //VCS coverage off // pragma coverage
IN-WINDOW		opentitan	hw/ip/prim/rtl/prim_esc_receiver.sv	2488	2489	827	57	9805		e output esc_rx_t esc_rx_o, // escalation output diff pair input esc_tx_t
IN-WINDOW		opentitan	hw/ip/prim/rtl/prim_esc_sender.sv	1482	1484	890	40	9055		e input esc_rx_t esc_rx_i, // escalation output diff pair output esc_tx_t
IN-WINDOW		opentitan	hw/ip/prim/rtl/prim_fifo_assert.svh	1159	1159	243	20	4456		HIER_.gen_normal_fifo.u_fifo_cnt.gen_secure_ptrs.u_wptr,
IN-WINDOW		opentitan	hw/ip/prim/rtl/prim_fifo_async.sv	1206	1208	236	34	9876		pointers to work `ASSERT_INIT(ParamCheckDepth_A, (Depth == 2**$clog2(Depth)))
IN-WINDOW		opentitan	hw/ip/prim/rtl/prim_fifo_async_sram_adapter.sv	11999	12002	225	386	13984		/////////////// `ASSERT_INIT(ParamCheckDepth_A, (Depth == 2**$clog2(Depth)))
IN-WINDOW		opentitan	hw/ip/prim/rtl/prim_fifo_sync.sv	1728	1733	235	45	7837		n_passthru_fifo `ASSERT_INIT(paramCheckPass, Pass == 1) assign depth_o
IN-WINDOW		opentitan	hw/ip/prim/rtl/prim_fifo_sync_cnt.sv	5293	5298	228	146	5368		en_never_clears `ASSERT(NeverClears_A, !clr_i) end endmodule // prim_fifo
IN-WINDOW		opentitan	hw/ip/prim/rtl/prim_flop_macros.sv	791	792	171	25	3576		_RST) \ always_ff @(posedge __clk or negedge __rst_n) begin \ if (!__rst_n
IN-WINDOW		opentitan	hw/ip/prim/rtl/prim_gate_gen.sv	2267	2269	1377	60	3791		fewer than 500 GE `ASSERT(MinimumNumGates_A, NumGates >= 500) `ASSERT(DataMu
IN-WINDOW		opentitan	hw/ip/prim/rtl/prim_gf_mult.sv	2323	2327	1286	55	6004		h-1:0] prod_o ); `ASSERT_INIT(IntegerLoops_A, (Width % StagesPerCycle) == 0)
IN-WINDOW		opentitan	hw/ip/prim/rtl/prim_hpc2.sv	6510	6510	171	227	7107		pending in Stage 2. `ifndef SYNTHESIS logic s_stage1_pending; always_ff @(po
IN-WINDOW		opentitan	hw/ip/prim/rtl/prim_intr_hw.sv	4835	4839	932	112	4910		nable_q_i; end `ASSERT_INIT(IntrTKind_A, IntrT inside {"Event", "Status"})
IN-WINDOW		opentitan	hw/ip/prim/rtl/prim_keccak.sv	2885	2888	380	78	10066		//////////////// `ASSERT_INIT(ValidWidth_A, Width inside {25, 50, 100, 200, 4
IN-WINDOW		opentitan	hw/ip/prim/rtl/prim_lc_and_hardened.sv	436	437	344	14	2069		kg::*; #( lc_tx_t ActVal = On ) ( // Clock is only used for SVAs in this mod
IN-WINDOW		opentitan	hw/ip/prim/rtl/prim_lc_or_hardened.sv	443	444	352	14	2480		kg::*; #( lc_tx_t ActVal = On ) ( // Clock is only used for SVAs in this mod
IN-WINDOW		opentitan	hw/ip/prim/rtl/prim_lc_sync.sv	1497	1501	473	36	4496		c_ctrl_pkg::Off; `ASSERT_INIT(NumCopiesMustBeGreaterZero_A, NumCopies > 0)
IN-WINDOW		opentitan	hw/ip/prim/rtl/prim_lfsr.sv	10281	10283	1273	250	25222		n DV simulations. `ifdef SIMULATION `ifdef VERILATOR localparam logic
IN-WINDOW		opentitan	hw/ip/prim/rtl/prim_max_tree.sv	1528	1530	712	40	6204		or more sources. `ASSERT_INIT(NumSources_A, NumSrc >= 2) // Align to power
IN-WINDOW		opentitan	hw/ip/prim/rtl/prim_msb_extend.sv	397	401	221	17	672		th-1:0] out_o ); `ASSERT_INIT(WidthCheck_A, OutWidth >= InWidth) localpara
IN-WINDOW		opentitan	hw/ip/prim/rtl/prim_mubi12_dec.sv	637	638	475	20	1652		( input mubi12_t mubi_i, output logic mubi_dec_o ); logic [MuBi1
IN-WINDOW		opentitan	hw/ip/prim/rtl/prim_mubi12_sender.sv	1001	1002	577	25	2855		parameter mubi12_t ResetValue = MuBi12False ) ( input clk_i, input
IN-WINDOW		opentitan	hw/ip/prim/rtl/prim_mubi12_sync.sv	1449	1450	485	33	6367		parameter mubi12_t ResetValue = MuBi12False ) ( input
IN-WINDOW		opentitan	hw/ip/prim/rtl/prim_mubi16_dec.sv	637	638	475	20	1652		( input mubi16_t mubi_i, output logic mubi_dec_o ); logic [MuBi1
IN-WINDOW		opentitan	hw/ip/prim/rtl/prim_mubi16_sender.sv	1001	1002	577	25	2855		parameter mubi16_t ResetValue = MuBi16False ) ( input clk_i, input
IN-WINDOW		opentitan	hw/ip/prim/rtl/prim_mubi16_sync.sv	1449	1450	485	33	6367		parameter mubi16_t ResetValue = MuBi16False ) ( input
IN-WINDOW		opentitan	hw/ip/prim/rtl/prim_mubi20_dec.sv	637	638	475	20	1652		( input mubi20_t mubi_i, output logic mubi_dec_o ); logic [MuBi2
IN-WINDOW		opentitan	hw/ip/prim/rtl/prim_mubi20_sender.sv	1001	1002	577	25	2855		parameter mubi20_t ResetValue = MuBi20False ) ( input clk_i, input
IN-WINDOW		opentitan	hw/ip/prim/rtl/prim_mubi20_sync.sv	1449	1450	485	33	6367		parameter mubi20_t ResetValue = MuBi20False ) ( input
IN-WINDOW		opentitan	hw/ip/prim/rtl/prim_mubi24_dec.sv	637	638	475	20	1652		( input mubi24_t mubi_i, output logic mubi_dec_o ); logic [MuBi2
IN-WINDOW		opentitan	hw/ip/prim/rtl/prim_mubi24_sender.sv	1001	1002	577	25	2855		parameter mubi24_t ResetValue = MuBi24False ) ( input clk_i, input
IN-WINDOW		opentitan	hw/ip/prim/rtl/prim_mubi24_sync.sv	1449	1450	485	33	6367		parameter mubi24_t ResetValue = MuBi24False ) ( input
IN-WINDOW		opentitan	hw/ip/prim/rtl/prim_mubi28_dec.sv	637	638	475	20	1652		( input mubi28_t mubi_i, output logic mubi_dec_o ); logic [MuBi2
IN-WINDOW		opentitan	hw/ip/prim/rtl/prim_mubi28_sender.sv	1001	1002	577	25	2855		parameter mubi28_t ResetValue = MuBi28False ) ( input clk_i, input
IN-WINDOW		opentitan	hw/ip/prim/rtl/prim_mubi28_sync.sv	1449	1450	485	33	6367		parameter mubi28_t ResetValue = MuBi28False ) ( input
IN-WINDOW		opentitan	hw/ip/prim/rtl/prim_mubi32_dec.sv	637	638	475	20	1652		( input mubi32_t mubi_i, output logic mubi_dec_o ); logic [MuBi3
IN-WINDOW		opentitan	hw/ip/prim/rtl/prim_mubi32_sender.sv	1001	1002	577	25	2855		parameter mubi32_t ResetValue = MuBi32False ) ( input clk_i, input
IN-WINDOW		opentitan	hw/ip/prim/rtl/prim_mubi32_sync.sv	1449	1450	485	33	6367		parameter mubi32_t ResetValue = MuBi32False ) ( input
IN-WINDOW		opentitan	hw/ip/prim/rtl/prim_mubi4_dec.sv	635	636	475	20	1638		( input mubi4_t mubi_i, output logic mubi_dec_o ); logic [MuBi4
IN-WINDOW		opentitan	hw/ip/prim/rtl/prim_mubi4_sender.sv	999	1000	577	25	2840		parameter mubi4_t ResetValue = MuBi4False ) ( input clk_i, input
IN-WINDOW		opentitan	hw/ip/prim/rtl/prim_mubi4_sync.sv	1447	1448	485	33	6339		parameter mubi4_t ResetValue = MuBi4False ) ( input
IN-WINDOW		opentitan	hw/ip/prim/rtl/prim_mubi8_dec.sv	635	636	475	20	1638		( input mubi8_t mubi_i, output logic mubi_dec_o ); logic [MuBi8
IN-WINDOW		opentitan	hw/ip/prim/rtl/prim_mubi8_sender.sv	999	1000	577	25	2840		parameter mubi8_t ResetValue = MuBi8False ) ( input clk_i, input
IN-WINDOW		opentitan	hw/ip/prim/rtl/prim_mubi8_sync.sv	1447	1448	485	33	6339		parameter mubi8_t ResetValue = MuBi8False ) ( input
IN-WINDOW		opentitan	hw/ip/prim/rtl/prim_mubi_pkg.sv	986	988	570	28	40926		ns below to work. `ASSERT_STATIC_IN_PACKAGE(CheckMuBi4ValsComplementary_A, MuB
IN-WINDOW		opentitan	hw/ip/prim/rtl/prim_multibit_sync.sv	2446	2450	1893	56	3965		h-1:0] data_o ); `ASSERT_INIT(NumChecks_A, NumChecks >= 1) // First, synch
IN-WINDOW		opentitan	hw/ip/prim/rtl/prim_onehot_check.sv	2078	2081	774	51	6658		//////////////// `ASSERT_INIT(NumSources_A, OneHotWidth >= 1) `ASSERT_INIT(
IN-WINDOW		opentitan	hw/ip/prim/rtl/prim_onehot_mux.sv	1132	1136	232	47	1186		_rst_n = rst_ni; `ASSERT(SelIsOnehot_A, $onehot0(sel_i)) endmodule
IN-WINDOW		opentitan	hw/ip/prim/rtl/prim_packer.sv	9374	9379	255	309	11886		gen_mask_assert `ASSUME(ContiguousOnesMask_M, valid_i |-> $count
IN-WINDOW		opentitan	hw/ip/prim/rtl/prim_packer_fifo.sv	6061	6063	2281	173	6383		ld keep asserting `ASSERT(ValidOPairedWithReadyI_A, rvalid_o && !rre
IN-WINDOW		opentitan	hw/ip/prim/rtl/prim_present.sv	7338	7341	1265	151	7810		//////////////// `ASSERT_INIT(SupportedWidths_A, (DataWidth == 64 && KeyWidth
IN-WINDOW		opentitan	hw/ip/prim/rtl/prim_prince.sv	9568	9571	1481	237	9817		//////////////// `ASSERT_INIT(SupportedWidths_A, (DataWidth == 64 && KeyWidth
IN-WINDOW		opentitan	hw/ip/prim/rtl/prim_pulse_sync.sv	1502	1502	657	43	3272		eate a valid pulse. `ifdef INC_ASSERT //VCS coverage off // pragma coverage
IN-WINDOW		opentitan	hw/ip/prim/rtl/prim_ram_1p_adv.sv	2588	2589	634	56	14304		_t [NumRamInst-1:0] cfg_i, output ram_1p_cfg_rsp_t [NumRamInst-1:0] cfg_o,
IN-WINDOW		opentitan	hw/ip/prim/rtl/prim_ram_1p_scr.sv	5277	5278	1263	90	24213		_t [NumRamInst-1:0] cfg_i, output ram_1p_cfg_rsp_t [NumRamInst-1:0] cfg_o,
IN-WINDOW		opentitan	hw/ip/prim/rtl/prim_ram_1r1w_async_adv.sv	2315	2316	644	56	9119		ram_1r1w_cfg_req_t cfg_i, output ram_1r1w_cfg_rsp_t cfg_o ); `ASSERT_INIT
IN-WINDOW		opentitan	hw/ip/prim/rtl/prim_ram_2p_async_adv.sv	2656	2658	645	61	12653		ram_2p_cfg_req_t cfg_i, output ram_2p_cfg_rsp_t cfg_o ); `ASSERT_INIT(
IN-WINDOW		opentitan	hw/ip/prim/rtl/prim_reg_cdc.sv	2774	2776	1116	83	9328		usy must be high. `ASSERT(SrcAckBusyChk_A, src_ack |-> src_busy_q, clk_src_i,
IN-WINDOW		opentitan	hw/ip/prim/rtl/prim_reg_cdc_arb.sv	5315	5319	209	133	11521		ge // holes `ASSERT(Not_Dst_req_q_while_dst_req_i_A, dst_req_i |-> !dst_
IN-WINDOW		opentitan	hw/ip/prim/rtl/prim_rom_adv.sv	778	783	210	24	1207		rom_cfg_req_t cfg_i, output rom_cfg_rsp_t cfg_o ); prim_rom #(
IN-WINDOW		opentitan	hw/ip/prim/rtl/prim_secded_inc.svh	599	602	521	13	20397		A, _SYND, _ERR) \ case (_TYPE)
IN-WINDOW		opentitan	hw/ip/prim/rtl/prim_sha2.sv	540	541	241	15	18731		lparam sha_word64_t ZeroWord = '0 ) ( input clk_i, input rst_ni, in
IN-WINDOW		opentitan	hw/ip/prim/rtl/prim_sha2_pad.sv	441	444	216	18	13571		put sha_fifo64_t fifo_rdata_i, output logic fifo_rready_o, // fr
IN-WINDOW		opentitan	hw/ip/prim/rtl/prim_slicer.sv	729	733	308	29	796		l_i*OutW+:OutW]; `ASSERT_INIT(ValidWidth_A, InW <= OutW*(2**IndexW)) endmodu
IN-WINDOW		opentitan	hw/ip/prim/rtl/prim_sparse_fsm_flop.sv	581	582	171	14	2093		AlertTriggerSVA = 1 `ifdef SIMULATION , // In case this parameter is set to
IN-WINDOW		opentitan	hw/ip/prim/rtl/prim_sram_arbiter.sv	3124	3129	354	118	4122		n : gen_unknown `ASSERT_INIT(UnknownArbImpl_A, 0) end logic [N-1:0] st
IN-WINDOW		opentitan	hw/ip/prim/rtl/prim_subreg_shadow.sv	387	391	237	13	8506		eter sw_access_e SwAccess = SwAccessRW, parameter logic [DW-1:0] RESVAL =
IN-WINDOW		opentitan	hw/ip/prim/rtl/prim_sum_tree.sv	1706	1708	816	41	6162		or more sources. `ASSERT_INIT(NumSources_A, NumSrc >= 2) // Align to power
IN-WINDOW		opentitan	hw/ip/prim/rtl/prim_sync_reqack.sv	9438	9441	1884	331	11864		//////////////// `ifdef INC_ASSERT //VCS coverage off // pragma cover
IN-WINDOW		opentitan	hw/ip/prim/rtl/prim_sync_reqack_data.sv	3899	3900	881	100	7451		assert_data_src2dst `ifdef INC_ASSERT //VCS coverage off // pragma cover
IN-WINDOW		opentitan	hw/ip/prim/rtl/prim_trivium.sv	4685	4687	4039	67	15899		ameter seed_type_e SeedType = SeedTypeStateFull, // Reseeding interface selecti
IN-WINDOW		opentitan	hw/ip/prim/rtl/prim_util_memload.svh	1782	1784	835	57	2205		endfunction `endif initial begin `ifndef SYNTHESIS logic show_mem_paths; /
IN-WINDOW		opentitan	hw/ip/prim/rtl/prim_util_pkg.sv	2284	2286	2286	66	2685		or); endfunction `ifdef INC_ASSERT // Package-scoped variable to detect the
IN-WINDOW		opentitan	hw/ip/prim/rtl/prim_xoshiro256pp.sv	866	866	624	21	3299		DefaultSeed = 256'(1'b1), parameter int unsigned NumStages = OutputDw / 64
IN-WINDOW		opentitan	hw/ip/prim_asap7/rtl/prim_clock_inv.sv	561	565	171	23	656		.Y(clk_no) ); `ASSERT(scanmodeKnown, ##1 !$isunknown(scanmode_i), clk_no,
IN-WINDOW		opentitan	hw/ip/prim_asap7/rtl/prim_clock_mux2.sv	1099	1099	171	34	1262		of the simulation. `ifndef FPV_ON `ASSERT(selKnown0, ##1 !$isunknown(sel_i),
IN-WINDOW		opentitan	hw/ip/prim_generic/rtl/prim_clock_div.sv	611	613	171	22	2867		ontrol duty cycle `ASSERT_INIT(DivEven_A, (Divisor % 2) == 0) // It is assu
IN-WINDOW		opentitan	hw/ip/prim_generic/rtl/prim_clock_mux2.sv	889	889	171	26	1052		of the simulation. `ifndef FPV_ON `ASSERT(selKnown0, ##1 !$isunknown(sel_i),
IN-WINDOW		opentitan	hw/ip/prim_generic/rtl/prim_flash.sv	4575	4579	4579	145	4718		fla_obs_o = '0; `ASSERT_PRIM_REG_WE_ONEHOT_ERROR_TRIGGER_ALERT(PrimRegWeOneh
IN-WINDOW		opentitan	hw/ip/prim_generic/rtl/prim_flop_2sync.sv	570	572	572	21	1238		[Width-1:0] intq; `ifdef SIMULATION prim_cdc_rand_delay #( .DataWidth(W
IN-WINDOW		opentitan	hw/ip/prim_generic/rtl/prim_generic_flash_bank.sv	2117	2121	2121	45	15053		ower_down_h_i ); `ifdef SYNTHESIS localparam int ReadLatency = 1; l
IN-WINDOW		opentitan	hw/ip/prim_generic/rtl/prim_pad_attr.sv	281	282	174	11	2135		arameter pad_type_e PadType = BidirStd // currently ignored in the generic model
IN-WINDOW		opentitan	hw/ip/prim_generic/rtl/prim_pad_wrapper.sv	409	410	250	14	4307		arameter pad_type_e PadType = BidirStd, parameter pad_orient_e PadOrient = Ori
IN-WINDOW		opentitan	hw/ip/prim_generic/rtl/prim_ram_1p.sv	985	987	212	26	3266		ram_1p_cfg_req_t cfg_i, output ram_1p_cfg_rsp_t cfg_o ); // For certain s
IN-WINDOW		opentitan	hw/ip/prim_generic/rtl/prim_ram_1r1w.sv	1236	1237	341	33	3477		ram_1r1w_cfg_req_t cfg_i, output ram_1r1w_cfg_rsp_t cfg_o ); // For certain
IN-WINDOW		opentitan	hw/ip/prim_generic/rtl/prim_ram_2p.sv	1257	1259	342	35	4163		ram_2p_cfg_req_t cfg_i, output ram_2p_cfg_rsp_t cfg_o ); // For certain s
IN-WINDOW		opentitan	hw/ip/prim_generic/rtl/prim_rom.sv	689	694	171	20	1391		rom_cfg_req_t cfg_i, output rom_cfg_rsp_t cfg_o ); logic unused_s
IN-WINDOW		opentitan	hw/ip/prim_generic/rtl/prim_usb_diff_rx.sv	1239	1241	351	33	1733		nput_n = input_ni; `ifdef VERILATOR logic unused_pullup_p_en, unused_pullup_n
IN-WINDOW		opentitan	hw/ip/prim_xilinx/rtl/prim_clock_mux2.sv	934	936	171	33	1075		f the simulation. `ASSERT(selKnown0, ##1 !$isunknown(sel_i), clk0_i, 0) `ASS
IN-WINDOW		opentitan	hw/ip/prim_xilinx/rtl/prim_pad_wrapper.sv	443	444	275	14	4485		arameter pad_type_e PadType = BidirStd, parameter pad_orient_e PadOrient = Ori
IN-WINDOW		opentitan	hw/ip/prim_xilinx/rtl/prim_ram_1p.sv	984	987	212	26	3088		ram_1p_cfg_req_t cfg_i, output ram_1p_cfg_rsp_t cfg_o ); logic unused_s
IN-WINDOW		opentitan	hw/ip/prim_xilinx/rtl/prim_rom.sv	689	694	171	20	2106		rom_cfg_req_t cfg_i, output rom_cfg_rsp_t cfg_o ); logic unused_s
IN-WINDOW		opentitan	hw/ip/prim_xilinx_ultrascale/rtl/prim_clock_div.sv	611	613	171	22	3129		ontrol duty cycle `ASSERT_INIT(DivEven_A, (Divisor % 2) == 0) // It is assu
IN-WINDOW		opentitan	hw/ip/prim_xilinx_ultrascale/rtl/prim_pad_wrapper.sv	443	444	275	14	4221		arameter pad_type_e PadType = BidirStd, parameter pad_orient_e PadOrient = Ori
IN-WINDOW		opentitan	hw/ip/racl_ctrl/dv/env/racl_ctrl_base_env_pkg.sv	1105	1107	1107	29	2179		// macro includes `include "uvm_macros.svh" `include "dv_macros.svh" // T
IN-WINDOW		opentitan	hw/ip/racl_ctrl/dv/env/racl_error_log_agent/racl_error_log_agent_pkg.sv	451	455	455	15	868		kg::dv_base_seq; `include "uvm_macros.svh" `include "racl_error_log_agent_
IN-WINDOW		opentitan	hw/ip/racl_ctrl/dv/tests/racl_ctrl_test_pkg.sv	321	323	323	12	480		// macro includes `include "uvm_macros.svh" `include "dv_macros.svh" // l
IN-WINDOW		opentitan	hw/ip/rom_ctrl/dv/cov/rom_ctrl_cov_if.sv	648	652	652	18	3986		pwrmgr_data_o ); `include "dv_fcov_macros.svh" import uvm_pkg::*; import
IN-WINDOW		opentitan	hw/ip/rom_ctrl/dv/env/rom_ctrl_bkdr_util_pkg.sv	623	625	625	19	738		// macro includes `include "uvm_macros.svh" `include "dv_macros.svh" // s
IN-WINDOW		opentitan	hw/ip/rom_ctrl/dv/env/rom_ctrl_env_pkg.sv	625	627	627	23	2393		// macro includes `include "uvm_macros.svh" `include "dv_macros.svh" // p
IN-WINDOW		opentitan	hw/ip/rom_ctrl/dv/env/rom_ctrl_prim_ral_pkg.sv	252	256	256	10	2881		base_reg_pkg::*; `include "uvm_macros.svh" typedef class rom_ctrl_prim_mem
IN-WINDOW		opentitan	hw/ip/rom_ctrl/dv/tb/tb.sv	384	386	386	14	5407		// macro includes `include "uvm_macros.svh" `include "dv_macros.svh" wire
IN-WINDOW		opentitan	hw/ip/rom_ctrl/dv/tests/rom_ctrl_test_pkg.sv	314	316	316	12	472		// macro includes `include "uvm_macros.svh" `include "dv_macros.svh" // l
IN-WINDOW		opentitan	hw/ip/rom_ctrl/rtl/rom_ctrl.sv	1817	1818	171	39	27472		nput rom_cfg_req_t rom_cfg_i, output rom_cfg_rsp_t rom_cfg_o, input tlul_
IN-WINDOW		opentitan	hw/ip/rom_ctrl/rtl/rom_ctrl_compare.sv	684	705	367	24	5091		good_o, // CSR inputs for DIGEST and EXP_DIGEST. Ordered
IN-WINDOW		opentitan	hw/ip/rom_ctrl/rtl/rom_ctrl_counter.sv	2397	2401	1694	57	4313		h - RomTopCount; `ASSERT_INIT(TopCountValid_A, 1 <= RomTopCount && RomTopCoun
IN-WINDOW		opentitan	hw/ip/rom_ctrl/rtl/rom_ctrl_fsm.sv	3368	3383	2368	72	14037		ata_t pwrmgr_data_o, output keymgr_data_t keymgr_d
IN-WINDOW		opentitan	hw/ip/rom_ctrl/rtl/rom_ctrl_regs_reg_top.sv	20289	20291	224	861	20772		egister Interface `ASSERT_PULSE(wePulse, reg_we, clk_i, !rst_ni) `ASSERT_PUL
IN-WINDOW		opentitan	hw/ip/rom_ctrl/rtl/rom_ctrl_scrambled_rom.sv	2372	2377	171	59	7544		rom_cfg_req_t cfg_i, output rom_cfg_rsp_t cfg_o ); //////////////
IN-WINDOW		opentitan	hw/ip/rram_ctrl/rtl/rram_ctrl.sv	1217	1229	857	26	50019		am_key_t RndCnstAddrKey = RndCnstAddrKeyDefault, parameter rram_ke
IN-WINDOW		opentitan	hw/ip/rram_ctrl/rtl/rram_ctrl_arb.sv	579	580	289	19	13635		eg2hw_control_reg_t sw_ctrl_i, input logic [BusAddrByteW-1:0] sw_addr_i
IN-WINDOW		opentitan	hw/ip/rram_ctrl/rtl/rram_ctrl_core_reg_top.sv	182144	182146	224	7213	182627		egister Interface `ASSERT_PULSE(wePulse, reg_we, clk_i, !rst_ni) `ASSERT_PUL
IN-WINDOW		opentitan	hw/ip/rram_ctrl/rtl/rram_ctrl_mp.sv	743	762	543	22	13824		t rram_disable_i, // Interface selection input rram_sel_e
IN-WINDOW		opentitan	hw/ip/rram_ctrl/rtl/rram_phy_rd_buf_dep.sv	3403	3405	3405	95	4211		when at max value `ASSERT(BufferIncrOverFlow_A, fifo_wr_i |-> curr_incr_cnt <
IN-WINDOW		opentitan	hw/ip/rram_macro/rtl/rram_macro.sv	4855	4859	4859	153	15024		tate_d, state_q; `PRIM_FLOP_SPARSE_FSM(u_state_regs, state_d, state_q, state_
IN-WINDOW		opentitan	hw/ip/rram_macro/rtl/rram_macro_prim_reg_top.sv	12384	12386	224	555	12867		egister Interface `ASSERT_PULSE(wePulse, reg_we, clk_i, !rst_ni) `ASSERT_PUL
IN-WINDOW		opentitan	hw/ip/rv_dm/dv/env/rv_dm_env_pkg.sv	701	703	703	25	1345		// macro includes `include "uvm_macros.svh" `include "dv_macros.svh" // p
IN-WINDOW		opentitan	hw/ip/rv_dm/dv/sva/rv_dm_enable_checker.sv	1567	1569	1569	39	2365		debug is enabled. `ASSERT(NdmResetAckNeedsDebug_A, $rose(ndmreset_ack) -> debu
IN-WINDOW		opentitan	hw/ip/rv_dm/dv/tb.sv	351	353	353	14	6634		// macro includes `include "uvm_macros.svh" `include "dv_macros.svh" wire
IN-WINDOW		opentitan	hw/ip/rv_dm/dv/tests/rv_dm_test_pkg.sv	308	310	310	12	463		// macro includes `include "uvm_macros.svh" `include "dv_macros.svh" // l
IN-WINDOW		opentitan	hw/ip/rv_dm/rtl/rv_dm.sv	4779	4783	448	101	28781		est_true_strict; `ASSERT_INIT(paramCheckNrHarts, NrHarts > 0) // static de
IN-WINDOW		opentitan	hw/ip/rv_dm/rtl/rv_dm_dmi_gate.sv	2442	2443	410	58	11175		// lc_tx_t [0:0] lc_hw_debug_clr; prim_lc_sync #( .NumCopies(1) ) u_p
IN-WINDOW		opentitan	hw/ip/rv_dm/rtl/rv_dm_mem_reg_top.sv	238360	238362	224	10638	238843		egister Interface `ASSERT_PULSE(wePulse, reg_we, clk_i, !rst_ni) `ASSERT_PUL
IN-WINDOW		opentitan	hw/ip/rv_dm/rtl/rv_dm_regs_reg_top.sv	9616	9618	224	352	10099		egister Interface `ASSERT_PULSE(wePulse, reg_we, clk_i, !rst_ni) `ASSERT_PUL
IN-WINDOW		opentitan	hw/ip/rv_timer/dv/env/rv_timer_env_pkg.sv	437	439	439	17	1831		// macro includes `include "uvm_macros.svh" `include "dv_macros.svh" // D
IN-WINDOW		opentitan	hw/ip/rv_timer/dv/tb/tb.sv	383	385	385	15	1713		// macro includes `include "uvm_macros.svh" `include "dv_macros.svh" wire
IN-WINDOW		opentitan	hw/ip/rv_timer/dv/tests/rv_timer_test_pkg.sv	314	316	316	12	471		// macro includes `include "uvm_macros.svh" `include "dv_macros.svh" // l
IN-WINDOW		opentitan	hw/ip/rv_timer/rtl/rv_timer.sv	5348	5350	175	173	5788		//////////////// `ASSERT_KNOWN(TlODValidKnown, tl_o.d_valid) `ASSERT_KNOWN(
IN-WINDOW		opentitan	hw/ip/rv_timer/rtl/rv_timer_reg_top.sv	18023	18025	224	689	18506		egister Interface `ASSERT_PULSE(wePulse, reg_we, clk_i, !rst_ni) `ASSERT_PUL
IN-WINDOW		opentitan	hw/ip/soc_dbg_ctrl/dv/env/soc_dbg_ctrl_env_pkg.sv	548	550	550	20	1235		// Macro includes `include "uvm_macros.svh" `include "dv_macros.svh" // P
IN-WINDOW		opentitan	hw/ip/soc_dbg_ctrl/dv/env/soc_dbg_ctrl_misc_io_if.sv	467	469	469	15	6602		// Macro includes `include "uvm_macros.svh" `include "dv_macros.svh" // I
IN-WINDOW		opentitan	hw/ip/soc_dbg_ctrl/dv/tb.sv	339	341	341	13	3182		// Macro includes `include "uvm_macros.svh" `include "dv_macros.svh" wire
IN-WINDOW		opentitan	hw/ip/soc_dbg_ctrl/dv/tests/soc_dbg_ctrl_test_pkg.sv	322	324	324	12	507		// Macro includes `include "uvm_macros.svh" `include "dv_macros.svh" // L
IN-WINDOW		opentitan	hw/ip/soc_dbg_ctrl/rtl/soc_dbg_ctrl.sv	1212	1239	171	30	19194		soc_dbg_policy_bus_o, // LC Ctrl broadcast signals input
IN-WINDOW		opentitan	hw/ip/soc_dbg_ctrl/rtl/soc_dbg_ctrl_core_reg_top.sv	17609	17611	224	657	18092		egister Interface `ASSERT_PULSE(wePulse, reg_we, clk_i, !rst_ni) `ASSERT_PUL
IN-WINDOW		opentitan	hw/ip/soc_dbg_ctrl/rtl/soc_dbg_ctrl_jtag_reg_top.sv	15129	15131	224	581	15612		egister Interface `ASSERT_PULSE(wePulse, reg_we, clk_i, !rst_ni) `ASSERT_PUL
IN-WINDOW		opentitan	hw/ip/spi_device/dv/env/spi_device_env_pkg.sv	524	526	526	20	11298		// macro includes `include "uvm_macros.svh" `include "dv_macros.svh" // l
IN-WINDOW		opentitan	hw/ip/spi_device/dv/tb/tb.sv	387	389	389	15	5749		// macro includes `include "uvm_macros.svh" `include "dv_macros.svh" wire
IN-WINDOW		opentitan	hw/ip/spi_device/dv/tests/spi_device_test_pkg.sv	344	346	346	13	503		// macro includes `include "uvm_macros.svh" `include "dv_macros.svh" // l
IN-WINDOW		opentitan	hw/ip/spi_device/pre_dv/program/prog_passthrough_sw.sv	441	442	174	17	8507		input interrupt_t intr ); initial begin automatic string testname;
IN-WINDOW		opentitan	hw/ip/spi_device/pre_dv/tb/spid_readcmd_tb.sv	4307	4308	256	180	23859		end static task host(); spi_queue_t sfdp_data; spi_queue_t read_data
IN-WINDOW		opentitan	hw/ip/spi_device/rtl/spi_cmdparse.sv	522	532	330	20	14387		spi_byte_t data_i, // Configurations input spi_mode_e spi_mode_i,
IN-WINDOW		opentitan	hw/ip/spi_device/rtl/spi_device.sv	10230	10231	229	311	66735		umTotalCmdInfo-1:0] cmd_info; // Broadcasted cmd_info. cmdparse compares the o
IN-WINDOW		opentitan	hw/ip/spi_device/rtl/spi_device_pkg.sv	18222	18225	229	508	21172		t'(SramMsgDepth); `ASSERT_STATIC_IN_PACKAGE(CheckReadBufferOffset, SramR
IN-WINDOW		opentitan	hw/ip/spi_device/rtl/spi_device_reg_top.sv	544514	544516	224	22038	544997		egister Interface `ASSERT_PULSE(wePulse, reg_we, clk_i, !rst_ni) `ASSERT_PUL
IN-WINDOW		opentitan	hw/ip/spi_device/rtl/spi_p2s.sv	395	396	214	17	5589		input spi_byte_t data_i, output logic data_sent_o, // SPI interface
IN-WINDOW		opentitan	hw/ip/spi_device/rtl/spi_passthrough.sv	4273	4274	3438	103	30213		input spi_mode_e spi_mode_i, // Control: Passthrough block // If passt
IN-WINDOW		opentitan	hw/ip/spi_device/rtl/spi_readcmd.sv	3722	3724	3432	97	25606		ameter sram_addr_t ReadBaseAddr = spi_device_pkg::SramReadBufferIdx, param
IN-WINDOW		opentitan	hw/ip/spi_device/rtl/spi_s2p.sv	456	466	210	20	2649		spi_byte_t data_o, // Configuration input
IN-WINDOW		opentitan	hw/ip/spi_device/rtl/spi_tpm.sv	2321	2321	247	57	54709		:0] CapMaxWrSize = 3'(unsigned'($clog2(WrFifoSize))), localparam logic [2:0] C
IN-WINDOW		opentitan	hw/ip/spi_device/rtl/spid_fifo2sram_adapter.sv	1964	1968	373	68	3417		l divide SramDw `ASSERT_INIT(WidthDivideSramDw_A, SramDw == (SramDw/FifoWidt
IN-WINDOW		opentitan	hw/ip/spi_device/rtl/spid_jedec.sv	472	473	209	20	4781		input jedec_cfg_t sys_jedec_i, // from CSR output io_mode_e io_mode_o, i
IN-WINDOW		opentitan	hw/ip/spi_device/rtl/spid_readbuffer.sv	7148	7152	1963	232	7245		endcase end `ASSERT(StartWithAddressUpdate_A, start_i |-> address_update
IN-WINDOW		opentitan	hw/ip/spi_device/rtl/spid_readsram.sv	1162	1164	870	32	10744		ameter sram_addr_t ReadBaseAddr = spi_device_pkg::SramReadBufferIdx, param
IN-WINDOW		opentitan	hw/ip/spi_device/rtl/spid_status.sv	1605	1615	213	51	12769		datapath_e sel_dp_i, input cmd_info_t cmd_info_i, inpu
IN-WINDOW		opentitan	hw/ip/spi_device/rtl/spid_upload.sv	1511	1513	1411	32	24894		ameter sram_addr_t CmdFifoBaseAddr = spi_device_pkg::SramCmdFifoIdx, paramet
IN-WINDOW		opentitan	hw/ip/spi_host/dv/cov/spi_host_cov_if.sv	351	354	354	15	584		dv_utils_pkg::*; `include "dv_fcov_macros.svh" bit en_full_cov =
IN-WINDOW		opentitan	hw/ip/spi_host/dv/tb.sv	476	478	478	19	5555		// macro includes `include "uvm_macros.svh" `include "dv_macros.svh" wire
IN-WINDOW		opentitan	hw/ip/spi_host/dv/tests/spi_host_test_pkg.sv	340	342	342	13	498		// macro includes `include "uvm_macros.svh" `include "dv_macros.svh" // l
IN-WINDOW		opentitan	hw/ip/spi_host/rtl/spi_host.sv	5457	5461	230	170	21730		th one CSb line `ASSERT(PassthroughNumCSCompat_A, !passthrough_i.passthrough
IN-WINDOW		opentitan	hw/ip/spi_host/rtl/spi_host_data_fifos.sv	3813	3815	217	133	3907		o represent this. `ASSERT_INIT(TxDepth_A, TxDepth < (2**$size(tx_qd_o)) - 1)
IN-WINDOW		opentitan	hw/ip/spi_host/rtl/spi_host_reg_top.sv	49104	49106	224	2044	49587		egister Interface `ASSERT_PULSE(wePulse, reg_we, clk_i, !rst_ni) `ASSERT_PUL
IN-WINDOW		opentitan	hw/ip/spi_host/rtl/spi_host_shift_register.sv	1486	1490	242	56	3750		rx_buf_valid_d; `ASSERT(SpeedValid, speed_i != RsvdSpd, clk_i, rst_ni) as
IN-WINDOW		opentitan	hw/ip/spi_host/rtl/spi_host_window.sv	3071	3075	265	84	4187		ust be the same `ASSERT(BitMaskCheck_A, (|bit_mask[i*8 +: 8] == 1'b0) ||
IN-WINDOW		opentitan	hw/ip/sram_ctrl/dv/env/seq_lib/sram_ctrl_base_vseq.sv	229	230	230	6	15093		ter int AddrWidth = `SRAM_WORD_ADDR_WIDTH ) extends cip_base_vseq #( .RAL_
IN-WINDOW		opentitan	hw/ip/sram_ctrl/dv/env/sram_ctrl_bkdr_util_pkg.sv	463	465	465	15	579		// macro includes `include "uvm_macros.svh" `include "dv_macros.svh" // s
IN-WINDOW		opentitan	hw/ip/sram_ctrl/dv/env/sram_ctrl_env_pkg.sv	773	775	775	28	2303		// macro includes `include "uvm_macros.svh" `include "dv_macros.svh" // p
IN-WINDOW		opentitan	hw/ip/sram_ctrl/dv/env/sram_ctrl_prim_ral_pkg.sv	253	257	257	10	2313		base_reg_pkg::*; `include "uvm_macros.svh" typedef class sram_ctrl_prim_me
IN-WINDOW		opentitan	hw/ip/sram_ctrl/dv/env/sram_scrambler_pkg.sv	1290	1294	1294	32	20031		m_cipher_pkg::*; `include "uvm_macros.svh" string path = "sram_scrambler_p
IN-WINDOW		opentitan	hw/ip/sram_ctrl/dv/tb.sv	441	443	443	16	6823		// macro includes `include "uvm_macros.svh" `include "dv_macros.svh" wire
IN-WINDOW		opentitan	hw/ip/sram_ctrl/dv/tests/sram_ctrl_test_pkg.sv	316	318	318	12	475		// macro includes `include "uvm_macros.svh" `include "dv_macros.svh" // l
IN-WINDOW		opentitan	hw/ip/sram_ctrl/rtl/sram_ctrl.sv	2121	2137	197	41	29214		ed_t RndCnstLfsrSeed = RndCnstLfsrSeedDefault, parameter lfsr
IN-WINDOW		opentitan	hw/ip/sram_ctrl/rtl/sram_ctrl_regs_reg_top.sv	21244	21246	224	848	21727		egister Interface `ASSERT_PULSE(wePulse, reg_we, clk_i, !rst_ni) `ASSERT_PUL
IN-WINDOW		opentitan	hw/ip/sysrst_ctrl/dv/cov/sysrst_ctrl_cov_if.sv	386	389	389	16	6660		dv_utils_pkg::*; `include "dv_fcov_macros.svh" ///////////////////////////
IN-WINDOW		opentitan	hw/ip/sysrst_ctrl/dv/env/sysrst_ctrl_env_pkg.sv	472	474	474	18	1353		// macro includes `include "uvm_macros.svh" `include "dv_macros.svh" // p
IN-WINDOW		opentitan	hw/ip/sysrst_ctrl/dv/env/sysrst_ctrl_if.sv	655	659	659	32	2798		ctrl_inputs_int; `ifndef SYSRST_CTRL_DUT_TOP `define SYSRST_CTRL_DUT_TOP tb
IN-WINDOW		opentitan	hw/ip/sysrst_ctrl/dv/tb.sv	337	339	339	13	3595		// macro includes `include "uvm_macros.svh" `include "dv_macros.svh" wire
IN-WINDOW		opentitan	hw/ip/sysrst_ctrl/dv/tests/sysrst_ctrl_test_pkg.sv	320	322	322	12	481		// macro includes `include "uvm_macros.svh" `include "dv_macros.svh" // l
IN-WINDOW		opentitan	hw/ip/sysrst_ctrl/rtl/sysrst_ctrl.sv	12849	12851	196	360	14164		value after reset `ASSERT_KNOWN(IntrEventOKnown_A, intr_event_detected_o) `A
IN-WINDOW		opentitan	hw/ip/sysrst_ctrl/rtl/sysrst_ctrl_detect.sv	1629	1635	1208	32	10956		ameter event_t EventType = LowLevel, // If this parameter is set to 1, th
IN-WINDOW		opentitan	hw/ip/sysrst_ctrl/rtl/sysrst_ctrl_reg_top.sv	194497	194499	224	7226	194980		egister Interface `ASSERT_PULSE(wePulse, reg_we, clk_i, !rst_ni) `ASSERT_PUL
IN-WINDOW		opentitan	hw/ip/tlul/generic_dv/env/xbar_scoreboard.sv	723	727	727	15	6343		_prefix_len = 7; `uvm_component_utils(xbar_scoreboard) `uvm_component_new
IN-WINDOW		opentitan	hw/ip/tlul/generic_dv/tb/tb.sv	600	602	602	17	875		n xbar_*_sim.core `include "tb__xbar_connect.sv" initial begin // drive
IN-WINDOW		opentitan	hw/ip/tlul/generic_dv/tb/xbar_macros.svh	447	448	383	11	2246		(10, 100)) \ wire ``name``; \ clk_rst_if clk_rst_if_``name``(.clk(``name``),
IN-WINDOW		opentitan	hw/ip/tlul/generic_dv/tests/xbar_test_pkg.sv	436	440	440	16	513		t dv_lib_pkg::*; `include "xbar_base_test.sv" `include "xbar_error_test.sv"
IN-WINDOW		opentitan	hw/ip/tlul/rtl/sram2tlul.sv	1078	1082	414	35	2046		ort tlul_pkg::*; `ASSERT_INIT(wrongSramDw, SramDw == top_pkg::TL_DW) local
IN-WINDOW		opentitan	hw/ip/tlul/rtl/tlul_adapter_dmi.sv	707	708	324	22	6304		e input tl_h2d_t tl_h2d_i, output tl_d2h_t tl_d2h_o, // control interfac
IN-WINDOW		opentitan	hw/ip/tlul/rtl/tlul_adapter_host.sv	1837	1858	1238	42	6340		instr_type_i, input logic [RsvdWidth-1:0] user_rsvd
IN-WINDOW		opentitan	hw/ip/tlul/rtl/tlul_adapter_racl.sv	4898	4902	171	109	5096		racl_policies_i; `ASSERT(RaclAdapterNumRanges, EnableRacl |-> RaclPolicySelNu
IN-WINDOW		opentitan	hw/ip/tlul/rtl/tlul_adapter_reg.sv	6103	6104	171	111	11606		e input tl_h2d_t tl_i, output tl_d2h_t tl_o, // control interface inpu
IN-WINDOW		opentitan	hw/ip/tlul/rtl/tlul_adapter_reg_racl.sv	1332	1333	171	31	4944		e input tl_h2d_t tl_i, output tl_d2h_t tl_o, // control interface inpu
IN-WINDOW		opentitan	hw/ip/tlul/rtl/tlul_adapter_sram.sv	2763	2773	171	50	27355		tl_h2d_t tl_i, output tl_d2h_t tl_o, // control interf
IN-WINDOW		opentitan	hw/ip/tlul/rtl/tlul_adapter_sram_racl.sv	3154	3164	171	53	6325		tl_h2d_t tl_i, output tl_d2h_t tl_o, // control interf
IN-WINDOW		opentitan	hw/ip/tlul/rtl/tlul_adapter_vh.sv	779	780	171	25	5272		tl_h2d_t tl_o, input tl_d2h_t tl_i, // V
IN-WINDOW		opentitan	hw/ip/tlul/rtl/tlul_assert.sv	511	513	268	21	18437		g::tl_d2h_t d2h ); `ifndef VERILATOR `ifndef SYNTHESIS `ifdef UVM import uvm
IN-WINDOW		opentitan	hw/ip/tlul/rtl/tlul_cmd_intg_chk.sv	332	333	171	13	1559		e input tl_h2d_t tl_i, // error output output logic err_o ); logic [1
IN-WINDOW		opentitan	hw/ip/tlul/rtl/tlul_cmd_intg_gen.sv	382	383	171	15	1483		e input tl_h2d_t tl_i, output tl_h2d_t tl_o ); tl_h2d_cmd_intg_t cmd;
IN-WINDOW		opentitan	hw/ip/tlul/rtl/tlul_err.sv	285	286	172	12	3128		, input tl_h2d_t tl_i, output logic err_o ); localparam int IW = $bits
IN-WINDOW		opentitan	hw/ip/tlul/rtl/tlul_lc_gate.sv	1232	1233	482	33	6986		t input tl_h2d_t tl_h2d_i, output tl_d2h_t tl_d2h_o, // To device outp
IN-WINDOW		opentitan	hw/ip/tlul/rtl/tlul_rsp_intg_chk.sv	381	382	171	15	1519		e input tl_d2h_t tl_i, // error output output logic err_o ); logic [1
IN-WINDOW		opentitan	hw/ip/tlul/rtl/tlul_rsp_intg_gen.sv	1224	1225	171	31	2884		e input tl_d2h_t tl_i, output tl_d2h_t tl_o ); logic [D2HRspIntgWidth-1:
IN-WINDOW		opentitan	hw/ip/tlul/rtl/tlul_socket_1n.sv	2989	2993	1935	70	9372		dev_select_i ); `ASSERT_INIT(maxN, N < 64) // Since our steering is done
IN-WINDOW		opentitan	hw/ip/tlul/rtl/tlul_socket_m1.sv	1840	1844	1146	46	8227		_d2h_t tl_d_i ); `ASSERT_INIT(maxM, M < 16) // Signals // // tl_h_i/
IN-WINDOW		opentitan	hw/ip/tlul/rtl/tlul_sram_byte.sv	985	986	171	27	33065		, input tl_h2d_t tl_i, output tl_d2h_t tl_o, output tl_h2d_t tl_sram_o,
IN-WINDOW		opentitan	hw/ip/uart/dv/env/uart_env_pkg.sv	558	560	560	21	4149		// macro includes `include "uvm_macros.svh" `include "dv_macros.svh" // l
IN-WINDOW		opentitan	hw/ip/uart/dv/tb/tb.sv	349	351	351	14	3404		// macro includes `include "uvm_macros.svh" `include "dv_macros.svh" wire
IN-WINDOW		opentitan	hw/ip/uart/dv/tests/uart_test_pkg.sv	306	308	308	12	459		// macro includes `include "uvm_macros.svh" `include "dv_macros.svh" // l
IN-WINDOW		opentitan	hw/ip/uart/rtl/uart.sv	3168	3170	218	123	4131		Known for outputs `ASSERT(TxEnIsOne_A, cio_tx_en_o === 1'b1) `ASSERT_KNOWN(T
IN-WINDOW		opentitan	hw/ip/uart/rtl/uart_core.sv	1205	1207	210	40	18145		rrent CSR layout. `ASSERT_INIT(TxFifoDepth_A, TxFifoDepth < 256) `ASSERT_INI
IN-WINDOW		opentitan	hw/ip/uart/rtl/uart_reg_top.sv	46307	46309	224	1905	46790		egister Interface `ASSERT_PULSE(wePulse, reg_we, clk_i, !rst_ni) `ASSERT_PUL
IN-WINDOW		opentitan	hw/ip/usbdev/dv/env/usbdev_env_pkg.sv	491	493	493	19	2666		// macro includes `include "uvm_macros.svh" `include "dv_macros.svh" // p
IN-WINDOW		opentitan	hw/ip/usbdev/dv/tb/tb.sv	327	329	329	13	12205		// macro includes `include "uvm_macros.svh" `include "dv_macros.svh" `incl
IN-WINDOW		opentitan	hw/ip/usbdev/dv/tests/usbdev_test_pkg.sv	310	312	312	12	466		// macro includes `include "uvm_macros.svh" `include "dv_macros.svh" // l
IN-WINDOW		opentitan	hw/ip/usbdev/rtl/usb_fs_nb_in_pe.sv	10810	10814	518	298	15541		endcase end `ASSERT(InXactStateValid_A, in_xact_state inside {StIdle
IN-WINDOW		opentitan	hw/ip/usbdev/rtl/usb_fs_nb_out_pe.sv	11608	11612	605	321	15966		endcase end `ASSERT(OutXactStateValid_A, out_xact_state inside {StId
IN-WINDOW		opentitan	hw/ip/usbdev/rtl/usb_fs_nb_pe.sv	7049	7051	666	132	14736		them to be equal. `ASSERT_INIT(NumOutEpsEqualsNumInEps_A, NumOutEps == NumInEp
IN-WINDOW		opentitan	hw/ip/usbdev/rtl/usb_fs_tx.sv	7444	7448	7448	267	13396		nd end end `ASSERT(StateValid_A, state_q inside {Idle, Sync, Pid, DataO
IN-WINDOW		opentitan	hw/ip/usbdev/rtl/usbdev.sv	54059	54062	219	1429	56283		//////////////// `ASSERT_KNOWN(TlODValidKnown_A, tl_o.d_valid) `ASSERT_KNOW
IN-WINDOW		opentitan	hw/ip/usbdev/rtl/usbdev_aon_wake.sv	4897	4901	206	159	6626		endcase end `ASSERT_KNOWN(WakeDetectActiveAonKnown_A, wake_detect_active
IN-WINDOW		opentitan	hw/ip/usbdev/rtl/usbdev_linkstate.sv	7301	7305	201	227	12148		q) end end `ASSERT(LinkStateValid_A, link_state_q inside {LinkDisconnec
IN-WINDOW		opentitan	hw/ip/usbdev/rtl/usbdev_reg_top.sv	233583	233585	224	9567	234066		egister Interface `ASSERT_PULSE(wePulse, reg_we, clk_i, !rst_ni) `ASSERT_PUL
IN-WINDOW		opentitan	hw/ip/usbdev/rtl/usbdev_usbif.sv	19313	19315	230	483	19774		//////////////// `ASSERT_INIT(ParamNEndpointsValid, (NEndpoints > 0) && (NEnd
IN-WINDOW		opentitan	hw/ip_templates/clkmgr/dv/sva/clkmgr_aon_cg_en_sva_if.sv	343	347	347	9	393		ut logic cg_en); `ASSERT_INIT_NET(CgEn_A, !cg_en) endinterface
IN-WINDOW		opentitan	hw/ip_templates/clkmgr/dv/sva/clkmgr_cg_en_sva_if.sv	756	760	760	26	1072		en && sw_clk_en; `ASSERT(CgEnOn_A, $fell(clk_enable) |=> ##[0:2] clk_enable |
IN-WINDOW		opentitan	hw/ip_templates/clkmgr/dv/sva/clkmgr_div_sva_if.sv	1478	1482	1482	44	2323		// tracking. `ASSERT(Div2Stepped_A, $rose(step_down) ##1 step_down [* WAI
IN-WINDOW		opentitan	hw/ip_templates/clkmgr/dv/sva/clkmgr_gated_clock_sva_if.sv	741	745	745	20	1035		_en || scanmode; `ASSERT(GateOpen_A, $rose(clk_enabled) |=> ##[0:3]
IN-WINDOW		opentitan	hw/ip_templates/clkmgr/dv/sva/clkmgr_lost_calib_ctrl_en_sva_if.sv	787	790	790	18	1018		MAX_CYCLES = 45; `ASSERT(CtrlEnOn_A, (calib_rdy == prim_mubi_pkg::M
IN-WINDOW		opentitan	hw/ip_templates/clkmgr/dv/sva/clkmgr_lost_calib_regwen_sva_if.sv	445	448	448	14	595		t MAX_CYCLES = 6; `ASSERT(RegwenOff_A, (calib_rdy == prim_mubi_pkg::
IN-WINDOW		opentitan	hw/ip_templates/clkmgr/dv/sva/clkmgr_sec_cm_checker_assert.sv	817	819	819	26	2307		trl_intersig_mubi `ASSERT(AllClkBypReqTrue_A, lc_hw_debug_en_i == lc
IN-WINDOW		opentitan	hw/ip_templates/clkmgr/dv/sva/clkmgr_trans_sva_if.sv	729	733	733	23	1195		TOP_CYCLES = 15; `ASSERT(TransStart_A, $rose( hint
IN-WINDOW		opentitan	hw/ip_templates/clkmgr/dv/tests/clkmgr_test_pkg.sv	310	312	312	12	466		// macro includes `include "uvm_macros.svh" `include "dv_macros.svh" // l
IN-WINDOW		opentitan	hw/ip_templates/flash_ctrl/dv/cov/flash_ctrl_cov_bind.sv	355	355	259	7	1167		cip_lc_tx_cov_if u_``__name``_cov_if( \ .rst_ni (rst_ni),
IN-WINDOW		opentitan	hw/ip_templates/flash_ctrl/dv/env/flash_ctrl_bkdr_util_pkg.sv	450	452	452	15	567		// macro includes `include "uvm_macros.svh" `include "dv_macros.svh" // s
IN-WINDOW		opentitan	hw/ip_templates/flash_ctrl/dv/env/flash_ctrl_eflash_ral_pkg.sv	256	260	260	10	2162		base_reg_pkg::*; `include "uvm_macros.svh" typedef class flash_ctrl_eflash
IN-WINDOW		opentitan	hw/ip_templates/flash_ctrl/dv/env/flash_ctrl_env_cov.sv	448	449	368	13	5436		ds cip_base_env_cov #(.CFG_T(flash_ctrl_env_cfg)); `uvm_component_utils(flash_
IN-WINDOW		opentitan	hw/ip_templates/flash_ctrl/dv/env/flash_ctrl_env_pkg.sv	775	777	777	27	19988		// macro includes `include "uvm_macros.svh" `include "dv_macros.svh" // p
IN-WINDOW		opentitan	hw/ip_templates/flash_ctrl/dv/tb/tb.sv	454	456	456	16	13515		// macro includes `include "uvm_macros.svh" `include "dv_macros.svh" // T
IN-WINDOW		opentitan	hw/ip_templates/flash_ctrl/dv/tests/flash_ctrl_test_pkg.sv	318	320	320	12	478		// macro includes `include "uvm_macros.svh" `include "dv_macros.svh" // l
IN-WINDOW		opentitan	hw/ip_templates/flash_ctrl/rtl/flash_ctrl_arb.sv	886	887	214	28	7245		ut flash_ctrl_err_t sw_err_o, // software interface to prog_fifo input sw_w
IN-WINDOW		opentitan	hw/ip_templates/flash_ctrl/rtl/flash_ctrl_info_cfg.sv	564	565	296	16	4239		[InfosPerBank-1:0] cfgs_i, input creator_seed_priv_i, input owner_seed_pr
IN-WINDOW		opentitan	hw/ip_templates/flash_ctrl/rtl/flash_mp.sv	444	445	204	19	13615		i, input mubi4_t flash_disable_i, // interface selection input flash_sel
IN-WINDOW		opentitan	hw/ip_templates/flash_ctrl/rtl/flash_phy_prog.sv	4921	4923	4923	164	11542		Y_PROG.FSM.SPARSE `PRIM_FLOP_SPARSE_FSM(u_state_regs, state_d, state_q, state_
IN-WINDOW		opentitan	hw/ip_templates/flash_ctrl/rtl/flash_phy_rd.sv	28577	28579	28579	811	30349		too many of them `ASSERT_INIT(MaxBufs_A, NumBuf <= 8) // match should happ
IN-WINDOW		opentitan	hw/ip_templates/flash_ctrl/rtl/flash_phy_rd_buf_dep.sv	3593	3595	3595	102	4450		pendent condition `ASSERT(BufferDepRsp_A, NumBuf > RspOrderDepth |-> ~all_depe
IN-WINDOW		opentitan	hw/ip_templates/otp_ctrl/dv/tests/otp_ctrl_test_pkg.sv	314	316	316	12	472		// macro includes `include "uvm_macros.svh" `include "dv_macros.svh" // l
IN-WINDOW		opentitan	hw/ip_templates/otp_ctrl/rtl/otp_ctrl_dai.sv	1346	1369	224	35	41783		error_o, // This error signal is pulsed high if the FSM ha
IN-WINDOW		opentitan	hw/ip_templates/otp_ctrl/rtl/otp_ctrl_ecc_reg.sv	1020	1022	299	30	2947		s for parameters. `ASSERT_INIT(WidthMustBe64bit_A, Width == 64) localparam
IN-WINDOW		opentitan	hw/ip_templates/otp_ctrl/rtl/otp_ctrl_lci.sv	692	693	247	22	10320		rameter part_info_t Info = PartInfoDefault ) ( input
IN-WINDOW		opentitan	hw/ip_templates/otp_ctrl/rtl/otp_ctrl_lfsr_timer.sv	1856	1857	1617	37	15267		rameter lfsr_seed_t RndCnstLfsrSeed = RndCnstLfsrSeedDefault, parameter lfsr_p
IN-WINDOW		opentitan	hw/ip_templates/otp_ctrl/rtl/otp_ctrl_part_buf.sv	660	673	219	22	38721		_info_t Info = PartInfoDefault, parameter logic [Info.size*8-1:0]
IN-WINDOW		opentitan	hw/ip_templates/otp_ctrl/rtl/otp_ctrl_part_unbuf.sv	664	665	221	22	25577		rameter part_info_t Info = PartInfoDefault ) ( input
IN-WINDOW		opentitan	hw/ip_templates/otp_ctrl/rtl/otp_ctrl_scrmbl.sv	4660	4670	4488	79	19934		ey_array_t RndCnstKey = '0, parameter digest_const_array_t Rn
IN-WINDOW		opentitan	hw/ip_templates/pwrmgr/dv/env/pwrmgr_if.sv	3259	3259	3259	74	8096		ternal DUT signals. `ifndef PATH_TO_DUT `define PATH_TO_DUT tb.dut `endif /
IN-WINDOW		opentitan	hw/ip_templates/pwrmgr/dv/sva/pwrmgr_sec_cm_checker_assert.sv	3341	3343	3343	94	8949		_en_i are active. `ASSERT(RomIntgChkDisTrue_A, rom_intg_chk_dis == p
IN-WINDOW		opentitan	hw/ip_templates/pwrmgr/dv/tests/pwrmgr_test_pkg.sv	310	312	312	12	466		// macro includes `include "uvm_macros.svh" `include "dv_macros.svh" // l
IN-WINDOW		opentitan	hw/ip_templates/rstmgr/dv/rstmgr_cnsty_chk/tb.sv	2903	2910	2910	104	15093		Faster) begin `uvm_info(`gfn, $sformatf( "Setting child cl
IN-WINDOW		opentitan	hw/ip_templates/rstmgr/dv/sva/rstmgr_attrs_sva_if.sv	503	510	510	16	689		rst_ni) begin `ASSERT_I(AlertInfoAttr_A, actual_alert_info_attr == expecte
IN-WINDOW		opentitan	hw/ip_templates/rstmgr/dv/sva/rstmgr_sw_rst_sva_if.sv	1119	1125	1125	35	1684		endsequence `ASSERT(RstNOn_A, CauseReadyOn_S |=> ##[0:RiseMax-RiseMin] !
IN-WINDOW		opentitan	hw/ip_templates/rstmgr/dv/tests/rstmgr_test_pkg.sv	310	312	312	12	466		// macro includes `include "uvm_macros.svh" `include "dv_macros.svh" // l
IN-WINDOW		opentitan	hw/ip_templates/rstmgr/rtl/rstmgr_cnsty_chk.sv	3848	3850	546	126	8899		: LEAF.FSM.SPARSE `PRIM_FLOP_SPARSE_FSM(u_state_regs, state_d, state_q, state_
IN-WINDOW		opentitan	hw/ip_templates/rstmgr/rtl/rstmgr_crash_info.sv	1703	1705	226	57	1854		excessively large `ASSERT_INIT(CntStoreSlot_A, CrashStoreSlot < (1 << IdxWidth
IN-WINDOW		opentitan	hw/top_darjeeling/dv/autogen/tb__xbar_connect.sv	364	370	291	10	12105		pd_hier = ) \ force ``tl_name``_tl_if.d2h = dut.top_darjeeling``pd_hier``.
IN-WINDOW		opentitan	hw/top_darjeeling/dv/env/ast_supply_if.sv	1479	1484	1484	37	3356		@(posedge clk); `uvm_info("ast_supply_if", "forcing vcaon_pok_h_o=0", UVM_ME
IN-WINDOW		opentitan	hw/top_darjeeling/dv/env/chip_env_pkg.sv	1707	1709	1709	58	6297		// macro includes `include "uvm_macros.svh" `include "dv_macros.svh" `incl
IN-WINDOW		opentitan	hw/top_darjeeling/dv/env/chip_if.sv	1386	1390	1390	27	43287		port uvm_pkg::*; `include "dv_macros.svh" `include "uvm_macros.svh" // T
IN-WINDOW		opentitan	hw/top_darjeeling/dv/env/flash_ctrl_host_gnt_fault_if.sv	309	312	312	11	1576		input rst_ni ); `include "dv_macros.svh" `include "uvm_macros.svh" stri
IN-WINDOW		opentitan	hw/top_darjeeling/dv/env/rstmgr_cnsty_fault_if.sv	497	500	500	14	1777		input rst_ni ); `include "dv_macros.svh" `include "uvm_macros.svh" stri
IN-WINDOW		opentitan	hw/top_darjeeling/dv/env/seq_lib/chip_sw_uart_rand_baudrate_vseq.sv	225	228	171	6	2842		, clk_freq_khz) \ (baud_rate == BaudRate1p5Mbps && clk_freq_khz == 24_000) ? 1
IN-WINDOW		opentitan	hw/top_darjeeling/dv/env/top_darjeeling_error_injection_ifs_bind.sv	291	292	292	7	635		injection_ifs_bind; `ifndef GATE_LEVEL // This is used to inject count errors
IN-WINDOW		opentitan	hw/top_darjeeling/dv/sva/clk_ctrl_and_main_pd_sva_if.sv	1371	1375	1375	39	3711		|| disable_sva; `define CLK_WAIT_BOUNDS ##[MIN_CLK_WAIT_CYCLES:MAX_CLK_WAIT_
IN-WINDOW		opentitan	hw/top_darjeeling/dv/sva/top_darjeeling_bind.sv	198	199	199	6	1581		op_darjeeling_bind; `ifndef GATE_LEVEL bind top_darjeeling_pd_aon clk_ctrl_and
IN-WINDOW		opentitan	hw/top_darjeeling/dv/tb/tb.sv	562	564	564	21	26300		// macro includes `include "uvm_macros.svh" `include "dv_macros.svh" `incl
IN-WINDOW		opentitan	hw/top_darjeeling/dv/tests/chip_test_pkg.sv	363	365	365	14	517		// macro includes `include "uvm_macros.svh" `include "dv_macros.svh" // l
IN-WINDOW		opentitan	hw/top_darjeeling/dv/verilator/chip_sim_tb.sv	2763	2765	2765	77	5706		_uart_tx_d2p) ); `ifdef DMIDirectTAP // OpenOCD direct DMI TAP bind rv_dm
IN-WINDOW		opentitan	hw/top_darjeeling/ip/ast/rtl/aon_clk.sv	761	761	761	16	1849		cillator Calibrated `ifdef AST_BYPASS_CLK input clk_aon_ext_i, //
IN-WINDOW		opentitan	hw/top_darjeeling/ip/ast/rtl/aon_osc.sv	562	562	562	13	3072		cillator Calibrated `ifdef AST_BYPASS_CLK input clk_aon_ext_i, // FPGA/VERI
IN-WINDOW		opentitan	hw/top_darjeeling/ip/ast/rtl/ast.sv	1521	1522	389	37	28672		SPI External Clock `ifdef AST_BYPASS_CLK // Clocks' Oscillator bypass for OS
IN-WINDOW		opentitan	hw/top_darjeeling/ip/ast/rtl/ast_bhv_pkg.sv	579	579	397	17	1465		/////////////////// `ifndef SYNTHESIS // POKs parameter time VCC_POK_RDLY
IN-WINDOW		opentitan	hw/top_darjeeling/ip/ast/rtl/ast_pkg.sv	4781	4783	382	110	6737		// Analog Signal `ifdef ANALOGSIM typedef real awire_t; `else typedef logi
IN-WINDOW		opentitan	hw/top_darjeeling/ip/ast/rtl/ast_pulse_sync.sv	3367	3367	788	143	3562		source is not BUSY. `ASSERT(NewPulseWhenSrcBusy, $rose(src_pulse_i) |-> !src_bus
IN-WINDOW		opentitan	hw/top_darjeeling/ip/ast/rtl/ast_reg_top.sv	36039	36041	224	1628	36522		egister Interface `ASSERT_PULSE(wePulse, reg_we, clk_i, !rst_ni) `ASSERT_PUL
IN-WINDOW		opentitan	hw/top_darjeeling/ip/ast/rtl/io_clk.sv	760	760	760	16	1831		cillator Calibrated `ifdef AST_BYPASS_CLK input clk_io_ext_i, /
IN-WINDOW		opentitan	hw/top_darjeeling/ip/ast/rtl/io_osc.sv	557	557	557	13	2887		cillator Calibrated `ifdef AST_BYPASS_CLK input clk_io_ext_i, // FPGA/VERI
IN-WINDOW		opentitan	hw/top_darjeeling/ip/ast/rtl/rglts_pdm_3p3v.sv	2740	2742	420	54	15544		dv_hook, dft_sel; `ifndef SYNTHESIS initial begin // Regulator Power-up time
IN-WINDOW		opentitan	hw/top_darjeeling/ip/ast/rtl/rng.sv	2932	2934	411	78	5711		treams-1:0] rng_b; `ifndef SYNTHESIS logic [SRateWidth-1:0] dv_srate_value; //
IN-WINDOW		opentitan	hw/top_darjeeling/ip/ast/rtl/sys_clk.sv	856	856	856	17	1992		cillator Calibrated `ifdef AST_BYPASS_CLK input clk_sys_ext_i, /
IN-WINDOW		opentitan	hw/top_darjeeling/ip/ast/rtl/sys_osc.sv	634	634	634	14	3920		cillator Calibrated `ifdef AST_BYPASS_CLK input clk_sys_ext_i, // FPGA/VERI
IN-WINDOW		opentitan	hw/top_darjeeling/ip/ast/rtl/vcaon_pgd.sv	517	519	519	17	1458		gen_supp_a = 1'b1; `ifndef SYNTHESIS // Behavioral Model //////////////////////
IN-WINDOW		opentitan	hw/top_darjeeling/ip/ast/rtl/vcc_pgd.sv	509	511	511	17	1444		gen_supp_a = 1'b1; `ifndef SYNTHESIS // Behavioral Model //////////////////////
IN-WINDOW		opentitan	hw/top_darjeeling/ip/ast/rtl/vcmain_pgd.sv	521	523	523	17	1470		gen_supp_a = 1'b1; `ifndef SYNTHESIS // Behavioral Model //////////////////////
IN-WINDOW		opentitan	hw/top_darjeeling/ip/ast/rtl/vio_pgd.sv	509	511	511	17	1443		gen_supp_a = 1'b1; `ifndef SYNTHESIS // Behavioral Model //////////////////////
IN-WINDOW		opentitan	hw/top_darjeeling/ip/soc_proxy/rtl/soc_proxy.sv	6092	6094	185	215	6546		value after reset `ASSERT_KNOWN(AlertsKnown_A, alert_tx_o) `ASSERT_KNOWN(Dma
IN-WINDOW		opentitan	hw/top_darjeeling/ip/soc_proxy/rtl/soc_proxy_core_reg_top.sv	4857	4859	224	215	5340		egister Interface `ASSERT_PULSE(wePulse, reg_we, clk_i, !rst_ni) `ASSERT_PUL
IN-WINDOW		opentitan	hw/top_darjeeling/ip/xbar_dbg/dv/autogen/xbar_dbg_bind.sv	262	263	263	7	1376		dule xbar_dbg_bind; `ifndef GATE_LEVEL // Host interfaces bind xbar_dbg tlul
IN-WINDOW		opentitan	hw/top_darjeeling/ip/xbar_main/dv/autogen/xbar_main_bind.sv	264	265	265	7	10576		ule xbar_main_bind; `ifndef GATE_LEVEL // Host interfaces bind xbar_main tlu
IN-WINDOW		opentitan	hw/top_darjeeling/ip/xbar_mbx/dv/autogen/xbar_mbx_bind.sv	262	263	263	7	2759		dule xbar_mbx_bind; `ifndef GATE_LEVEL // Host interfaces bind xbar_mbx tlul
IN-WINDOW		opentitan	hw/top_darjeeling/ip/xbar_peri/dv/autogen/xbar_peri_bind.sv	264	265	265	7	4500		ule xbar_peri_bind; `ifndef GATE_LEVEL // Host interfaces bind xbar_peri tlu
IN-WINDOW		opentitan	hw/top_darjeeling/ip_autogen/ac_range_check/dv/env/ac_range_check_env_pkg.sv	478	480	480	18	3358		// Macro includes `include "uvm_macros.svh" `include "dv_macros.svh" // I
IN-WINDOW		opentitan	hw/top_darjeeling/ip_autogen/ac_range_check/dv/env/ac_range_check_misc_io_if.sv	473	475	475	15	2222		// Macro includes `include "uvm_macros.svh" `include "dv_macros.svh" // I
IN-WINDOW		opentitan	hw/top_darjeeling/ip_autogen/ac_range_check/dv/tb/tb.sv	343	345	345	13	3122		// Macro includes `include "uvm_macros.svh" `include "dv_macros.svh" wire
IN-WINDOW		opentitan	hw/top_darjeeling/ip_autogen/ac_range_check/dv/tests/ac_range_check_test_pkg.sv	326	328	328	12	490		// Macro includes `include "uvm_macros.svh" `include "dv_macros.svh" // L
IN-WINDOW		opentitan	hw/top_darjeeling/ip_autogen/ac_range_check/rtl/ac_range_check.sv	19401	19403	171	404	20348		alues after reset `ASSERT_KNOWN(AlertsKnown_A, alert_tx_o) `ASSERT_KNOWN(Den
IN-WINDOW		opentitan	hw/top_darjeeling/ip_autogen/ac_range_check/rtl/ac_range_check_reg_top.sv	432806	432808	224	14407	433289		egister Interface `ASSERT_PULSE(wePulse, reg_we, clk_i, !rst_ni) `ASSERT_PUL
IN-WINDOW		opentitan	hw/top_darjeeling/ip_autogen/alert_handler/dv/env/alert_handler_env_pkg.sv	542	544	544	20	3456		// macro includes `include "uvm_macros.svh" `include "dv_macros.svh" // p
IN-WINDOW		opentitan	hw/top_darjeeling/ip_autogen/alert_handler/dv/env/alert_handler_scoreboard.sv	248	248	171	6	35760		se_cycs_per_class_q[``index``] = \ {ral.class``i``_phase0_cyc_shadowed, ra
IN-WINDOW		opentitan	hw/top_darjeeling/ip_autogen/alert_handler/dv/env/seq_lib/alert_handler_alert_accum_saturation_vseq.sv	361	361	307	9	4226		\ string class_``class_i``_path_0 = \ "tb.dut.gen_classes[``i``]
IN-WINDOW		opentitan	hw/top_darjeeling/ip_autogen/alert_handler/dv/env/seq_lib/alert_handler_base_vseq.sv	334	334	171	7	15471		, \ class``i``_phase0_cyc_shadowed.value inside {[0: max_phase_cyc]};
IN-WINDOW		opentitan	hw/top_darjeeling/ip_autogen/alert_handler/dv/tb/tb.sv	370	372	372	14	4777		// macro includes `include "uvm_macros.svh" `include "dv_macros.svh" wire
IN-WINDOW		opentitan	hw/top_darjeeling/ip_autogen/alert_handler/dv/tests/alert_handler_test_pkg.sv	324	326	326	12	487		// macro includes `include "uvm_macros.svh" `include "dv_macros.svh" // l
IN-WINDOW		opentitan	hw/top_darjeeling/ip_autogen/alert_handler/fpv/vip/alert_handler_esc_timer_assert_fpv.sv	862	863	260	27	5221		o, input cstate_e esc_state_o ); /////////////////////////////// // Decla
IN-WINDOW		opentitan	hw/top_darjeeling/ip_autogen/alert_handler/fpv/vip/alert_handler_ping_timer_assert_fpv.sv	1519	1522	260	44	5609		EV)-1:0] esc_idx; `ASSUME_FPV(PingEnSelRange_M, ping_en_sel < PingEnDw) `ASS
IN-WINDOW		opentitan	hw/top_darjeeling/ip_autogen/alert_handler/rtl/alert_handler.sv	632	633	195	19	12800		rameter lfsr_seed_t RndCnstLfsrSeed = RndCnstLfsrSeedDefault, parameter lfsr_p
IN-WINDOW		opentitan	hw/top_darjeeling/ip_autogen/alert_handler/rtl/alert_handler_accu.sv	2299	2302	483	62	2542		//////////////// `ASSERT(DisabledNoTrigFwd_A, !class_en_i |-> !accu_trig_o)
IN-WINDOW		opentitan	hw/top_darjeeling/ip_autogen/alert_handler/rtl/alert_handler_esc_timer.sv	2357	2371	826	42	13763		tate_e esc_state_o ); //////////////////// // Tandem Counter /
IN-WINDOW		opentitan	hw/top_darjeeling/ip_autogen/alert_handler/rtl/alert_handler_ping_timer.sv	1198	1206	1020	26	17492		lfsr_seed_t RndCnstLfsrSeed = RndCnstLfsrSeedDefault, parameter lfsr_p
IN-WINDOW		opentitan	hw/top_darjeeling/ip_autogen/alert_handler/rtl/alert_handler_reg_top.sv	671051	671053	224	22311	671534		egister Interface `ASSERT_PULSE(wePulse, reg_we, clk_i, !rst_ni) `ASSERT_PUL
IN-WINDOW		opentitan	hw/top_darjeeling/ip_autogen/clkmgr/dv/env/clkmgr_env_pkg.sv	675	677	677	26	3735		// macro includes `include "uvm_macros.svh" `include "dv_macros.svh" type
IN-WINDOW		opentitan	hw/top_darjeeling/ip_autogen/clkmgr/dv/env/clkmgr_if.sv	1250	1250	1250	41	6664		tive paths instead. `ifndef CLKMGR_HIER `define CLKMGR_HIER tb.dut `endif /
IN-WINDOW		opentitan	hw/top_darjeeling/ip_autogen/clkmgr/dv/sva/clkmgr_aon_cg_en_sva_if.sv	343	347	347	9	393		ut logic cg_en); `ASSERT_INIT_NET(CgEn_A, !cg_en) endinterface
IN-WINDOW		opentitan	hw/top_darjeeling/ip_autogen/clkmgr/dv/sva/clkmgr_bind.sv	190	191	191	6	6429		module clkmgr_bind; `ifndef GATE_LEVEL bind clkmgr tlul_assert #( .Endpoin
IN-WINDOW		opentitan	hw/top_darjeeling/ip_autogen/clkmgr/dv/sva/clkmgr_cg_en_sva_if.sv	756	760	760	26	1072		en && sw_clk_en; `ASSERT(CgEnOn_A, $fell(clk_enable) |=> ##[0:2] clk_enable |
IN-WINDOW		opentitan	hw/top_darjeeling/ip_autogen/clkmgr/dv/sva/clkmgr_div_sva_if.sv	1478	1482	1482	44	2323		// tracking. `ASSERT(Div2Stepped_A, $rose(step_down) ##1 step_down [* WAI
IN-WINDOW		opentitan	hw/top_darjeeling/ip_autogen/clkmgr/dv/sva/clkmgr_gated_clock_sva_if.sv	741	745	745	20	1035		_en || scanmode; `ASSERT(GateOpen_A, $rose(clk_enabled) |=> ##[0:3]
IN-WINDOW		opentitan	hw/top_darjeeling/ip_autogen/clkmgr/dv/sva/clkmgr_lost_calib_ctrl_en_sva_if.sv	787	790	790	18	1018		MAX_CYCLES = 45; `ASSERT(CtrlEnOn_A, (calib_rdy == prim_mubi_pkg::M
IN-WINDOW		opentitan	hw/top_darjeeling/ip_autogen/clkmgr/dv/sva/clkmgr_lost_calib_regwen_sva_if.sv	445	448	448	14	595		t MAX_CYCLES = 6; `ASSERT(RegwenOff_A, (calib_rdy == prim_mubi_pkg::
IN-WINDOW		opentitan	hw/top_darjeeling/ip_autogen/clkmgr/dv/sva/clkmgr_sec_cm_checker_assert.sv	817	819	819	26	2307		trl_intersig_mubi `ASSERT(AllClkBypReqTrue_A, lc_hw_debug_en_i == lc
IN-WINDOW		opentitan	hw/top_darjeeling/ip_autogen/clkmgr/dv/sva/clkmgr_trans_sva_if.sv	729	733	733	23	1195		TOP_CYCLES = 15; `ASSERT(TransStart_A, $rose( hint
IN-WINDOW		opentitan	hw/top_darjeeling/ip_autogen/clkmgr/dv/tb.sv	327	329	329	13	4671		// macro includes `include "uvm_macros.svh" `include "dv_macros.svh" // c
IN-WINDOW		opentitan	hw/top_darjeeling/ip_autogen/clkmgr/dv/tests/clkmgr_test_pkg.sv	310	312	312	12	466		// macro includes `include "uvm_macros.svh" `include "dv_macros.svh" // l
IN-WINDOW		opentitan	hw/top_darjeeling/ip_autogen/clkmgr/rtl/clkmgr.sv	1654	1655	204	63	17744		st output mubi4_t jitter_en_o, // clock gated indications going to alert ha
IN-WINDOW		opentitan	hw/top_darjeeling/ip_autogen/clkmgr/rtl/clkmgr_reg_top.sv	44565	44567	224	1576	45048		egister Interface `ASSERT_PULSE(wePulse, reg_we, clk_i, !rst_ni) `ASSERT_PUL
IN-WINDOW		opentitan	hw/top_darjeeling/ip_autogen/gpio/dv/env/gpio_env_pkg.sv	458	460	460	18	1946		// macro includes `include "uvm_macros.svh" `include "dv_macros.svh" // n
IN-WINDOW		opentitan	hw/top_darjeeling/ip_autogen/gpio/dv/tb/tb.sv	375	377	377	15	2674		// macro includes `include "uvm_macros.svh" `include "dv_macros.svh" wire
IN-WINDOW		opentitan	hw/top_darjeeling/ip_autogen/gpio/dv/tests/gpio_test_pkg.sv	306	308	308	12	432		// macro includes `include "uvm_macros.svh" // local types // functions
IN-WINDOW		opentitan	hw/top_darjeeling/ip_autogen/gpio/rtl/gpio.sv	1138	1139	213	28	15792		utput gpio_straps_t sampled_straps_o, // Bus interface input tlul_pkg::tl_
IN-WINDOW		opentitan	hw/top_darjeeling/ip_autogen/gpio/rtl/gpio_reg_top.sv	77513	77515	224	2695	77996		egister Interface `ASSERT_PULSE(wePulse, reg_we, clk_i, !rst_ni) `ASSERT_PUL
IN-WINDOW		opentitan	hw/top_darjeeling/ip_autogen/otp_ctrl/dv/cov/otp_ctrl_cov_bind.sv	390	391	258	8	5818		cov_if #(.Width(8)) ``__part_name``_read_lock_mubi_cov_if ( \ .rst_ni (rst_
IN-WINDOW		opentitan	hw/top_darjeeling/ip_autogen/otp_ctrl/dv/cov/otp_ctrl_cov_if.sv	747	750	750	19	3426		dv_utils_pkg::*; `include "dv_fcov_macros.svh" covergroup lc_esc_en_condit
IN-WINDOW		opentitan	hw/top_darjeeling/ip_autogen/otp_ctrl/dv/env/otp_ctrl_env_cfg.sv	214	215	171	6	3175		NT(FREQ_) \ FREQ_ dist { \ 6 :/ 2, \ [24:25] :/ 2, \ [26:47]
IN-WINDOW		opentitan	hw/top_darjeeling/ip_autogen/otp_ctrl/dv/env/otp_ctrl_env_pkg.sv	841	843	843	29	11446		// macro includes `include "uvm_macros.svh" `include "dv_macros.svh" // p
IN-WINDOW		opentitan	hw/top_darjeeling/ip_autogen/otp_ctrl/dv/env/otp_ctrl_if.sv	457	457	277	10	20939		CMD_PATH(i) \ tb.dut.gen_partitions[``i``].gen_buffered.u_part_buf.otp_cmd_o
IN-WINDOW		opentitan	hw/top_darjeeling/ip_autogen/otp_ctrl/dv/env/otp_scrambler_pkg.sv	429	433	433	15	4293		s_params_pkg::*; `include "uvm_macros.svh" parameter int SCRAMBLE_DATA_SIZ
IN-WINDOW		opentitan	hw/top_darjeeling/ip_autogen/otp_ctrl/dv/env/seq_lib/otp_ctrl_dai_lock_vseq.sv	515	520	487	10	4774		ADDR_RANGE(i) \ {[PartInfo[``i``].offset : (PartInfo[``i``].offset + PartInf
IN-WINDOW		opentitan	hw/top_darjeeling/ip_autogen/otp_ctrl/dv/env/seq_lib/otp_ctrl_smoke_vseq.sv	264	269	233	6	10656		TENT_RANGE(i) \ {[PartInfo[``i``].offset : (PartInfo[``i``].offset + PartInf
IN-WINDOW		opentitan	hw/top_darjeeling/ip_autogen/otp_ctrl/dv/tb.sv	404	406	406	15	10600		// macro includes `include "uvm_macros.svh" `include "dv_macros.svh" // T
IN-WINDOW		opentitan	hw/top_darjeeling/ip_autogen/otp_ctrl/dv/tests/otp_ctrl_test_pkg.sv	314	316	316	12	472		// macro includes `include "uvm_macros.svh" `include "dv_macros.svh" // l
IN-WINDOW		opentitan	hw/top_darjeeling/ip_autogen/otp_ctrl/rtl/otp_ctrl.sv	979	980	200	28	70300		. parameter key_t RndCnstScrmblKey0 = '0, parameter key_t RndCnstScrmblKey1
IN-WINDOW		opentitan	hw/top_darjeeling/ip_autogen/otp_ctrl/rtl/otp_ctrl_core_reg_top.sv	116039	116041	224	4031	116522		egister Interface `ASSERT_PULSE(wePulse, reg_we, clk_i, !rst_ni) `ASSERT_PUL
IN-WINDOW		opentitan	hw/top_darjeeling/ip_autogen/otp_ctrl/rtl/otp_ctrl_dai.sv	1346	1369	224	35	41783		error_o, // This error signal is pulsed high if the FSM ha
IN-WINDOW		opentitan	hw/top_darjeeling/ip_autogen/otp_ctrl/rtl/otp_ctrl_ecc_reg.sv	1020	1022	299	30	2947		s for parameters. `ASSERT_INIT(WidthMustBe64bit_A, Width == 64) localparam
IN-WINDOW		opentitan	hw/top_darjeeling/ip_autogen/otp_ctrl/rtl/otp_ctrl_kdi.sv	427	428	222	16	19878		r scrmbl_key_init_t RndCnstScrmblKeyInit = RndCnstScrmblKeyInitDefault ) ( inp
IN-WINDOW		opentitan	hw/top_darjeeling/ip_autogen/otp_ctrl/rtl/otp_ctrl_lci.sv	692	693	247	22	10320		rameter part_info_t Info = PartInfoDefault ) ( input
IN-WINDOW		opentitan	hw/top_darjeeling/ip_autogen/otp_ctrl/rtl/otp_ctrl_lfsr_timer.sv	1856	1857	1617	37	15267		rameter lfsr_seed_t RndCnstLfsrSeed = RndCnstLfsrSeedDefault, parameter lfsr_p
IN-WINDOW		opentitan	hw/top_darjeeling/ip_autogen/otp_ctrl/rtl/otp_ctrl_part_buf.sv	660	673	219	22	38721		_info_t Info = PartInfoDefault, parameter logic [Info.size*8-1:0]
IN-WINDOW		opentitan	hw/top_darjeeling/ip_autogen/otp_ctrl/rtl/otp_ctrl_part_unbuf.sv	664	665	221	22	25577		rameter part_info_t Info = PartInfoDefault ) ( input
IN-WINDOW		opentitan	hw/top_darjeeling/ip_autogen/otp_ctrl/rtl/otp_ctrl_scrmbl.sv	4660	4670	4488	79	19934		ey_array_t RndCnstKey = '0, parameter digest_const_array_t Rn
IN-WINDOW		opentitan	hw/top_darjeeling/ip_autogen/pinmux/fpv/vip/pinmux_assert_fpv.sv	408	409	243	15	27153		ameter target_cfg_t TargetCfg = DefaultTargetCfg, parameter logic [NumAlerts-1
IN-WINDOW		opentitan	hw/top_darjeeling/ip_autogen/pinmux/rtl/pinmux.sv	445	446	197	17	20576		ameter target_cfg_t TargetCfg = DefaultTargetCfg, parameter logic [NumAlerts-1
IN-WINDOW		opentitan	hw/top_darjeeling/ip_autogen/pinmux/rtl/pinmux_reg_top.sv	1327705	1327707	224	42181	1328188		egister Interface `ASSERT_PULSE(wePulse, reg_we, clk_i, !rst_ni) `ASSERT_PUL
IN-WINDOW		opentitan	hw/top_darjeeling/ip_autogen/pwrmgr/dv/env/pwrmgr_env_cov.sv	1728	1729	371	54	7264		p = interrupt_cross with (!wakeup_cp && interrupt_cp); // An interrupt can
IN-WINDOW		opentitan	hw/top_darjeeling/ip_autogen/pwrmgr/dv/env/pwrmgr_env_pkg.sv	693	695	695	24	2214		// macro includes `include "uvm_macros.svh" `include "dv_macros.svh" // p
IN-WINDOW		opentitan	hw/top_darjeeling/ip_autogen/pwrmgr/dv/env/pwrmgr_if.sv	3259	3259	3259	74	8096		ternal DUT signals. `ifndef PATH_TO_DUT `define PATH_TO_DUT tb.dut `endif /
IN-WINDOW		opentitan	hw/top_darjeeling/ip_autogen/pwrmgr/dv/sva/pwrmgr_ast_sva_if.sv	1486	1490	1490	38	4485		|| disable_sva; `define CLK_WAIT_BOUNDS ##[MinClkWaitCycles:MaxClkWaitCycles
IN-WINDOW		opentitan	hw/top_darjeeling/ip_autogen/pwrmgr/dv/sva/pwrmgr_bind.sv	190	191	191	6	2406		module pwrmgr_bind; `ifndef GATE_LEVEL bind pwrmgr tlul_assert #( .Endpoin
IN-WINDOW		opentitan	hw/top_darjeeling/ip_autogen/pwrmgr/dv/sva/pwrmgr_clock_enables_sva_if.sv	1372	1376	1376	35	1820		tPwrStateActive; `ASSERT(MainClkPwrUp_A, transitionUp_S |=> main_clk_en == 1'
IN-WINDOW		opentitan	hw/top_darjeeling/ip_autogen/pwrmgr/dv/sva/pwrmgr_sec_cm_checker_assert.sv	3341	3343	3343	94	8949		_en_i are active. `ASSERT(RomIntgChkDisTrue_A, rom_intg_chk_dis == p
IN-WINDOW		opentitan	hw/top_darjeeling/ip_autogen/pwrmgr/dv/tb.sv	327	329	329	13	4044		// macro includes `include "uvm_macros.svh" `include "dv_macros.svh" wire
IN-WINDOW		opentitan	hw/top_darjeeling/ip_autogen/pwrmgr/dv/tests/pwrmgr_test_pkg.sv	310	312	312	12	466		// macro includes `include "uvm_macros.svh" `include "dv_macros.svh" // l
IN-WINDOW		opentitan	hw/top_darjeeling/ip_autogen/pwrmgr/rtl/pwrmgr.sv	1056	1057	194	40	24032		nput pwr_ast_rsp_t pwr_ast_i, output pwr_ast_req_t pwr_ast_o, // rstmgr in
IN-WINDOW		opentitan	hw/top_darjeeling/ip_autogen/pwrmgr/rtl/pwrmgr_fsm.sv	441	442	203	18	17200		input pwrup_cause_e pwrup_cause_i, output logic ack_pwrup_o, output logic re
IN-WINDOW		opentitan	hw/top_darjeeling/ip_autogen/pwrmgr/rtl/pwrmgr_reg_top.sv	29835	29837	224	1226	30318		egister Interface `ASSERT_PULSE(wePulse, reg_we, clk_i, !rst_ni) `ASSERT_PUL
IN-WINDOW		opentitan	hw/top_darjeeling/ip_autogen/pwrmgr/rtl/pwrmgr_slow_fsm.sv	525	526	203	22	9535		utput pwrup_cause_e pwrup_cause_o, input ack_pwrup_i, input req_pwrdn_i, o
IN-WINDOW		opentitan	hw/top_darjeeling/ip_autogen/racl_ctrl/dv/racl_ctrl_env_cfg.sv	558	561	561	11	900		trl_base_env_cfg; `uvm_object_utils(racl_ctrl_env_cfg) extern function new (
IN-WINDOW		opentitan	hw/top_darjeeling/ip_autogen/racl_ctrl/dv/racl_ctrl_env_pkg.sv	482	484	484	14	527		/ package sources `include "racl_ctrl_env_cfg.sv" endpackage
IN-WINDOW		opentitan	hw/top_darjeeling/ip_autogen/racl_ctrl/dv/tb.sv	623	625	625	16	4052		// macro includes `include "uvm_macros.svh" `include "dv_macros.svh" loca
IN-WINDOW		opentitan	hw/top_darjeeling/ip_autogen/racl_ctrl/rtl/racl_ctrl.sv	9699	9701	171	217	10126		value after reset `ASSERT_KNOWN(AlertsKnown_A, alert_tx_o) `ASSERT_KNOWN(Rac
IN-WINDOW		opentitan	hw/top_darjeeling/ip_autogen/racl_ctrl/rtl/racl_ctrl_reg_top.sv	26610	26612	224	937	27093		egister Interface `ASSERT_PULSE(wePulse, reg_we, clk_i, !rst_ni) `ASSERT_PUL
IN-WINDOW		opentitan	hw/top_darjeeling/ip_autogen/rstmgr/dv/env/rstmgr_env_pkg.sv	761	763	763	29	2351		// macro includes `include "uvm_macros.svh" `include "dv_macros.svh" // p
IN-WINDOW		opentitan	hw/top_darjeeling/ip_autogen/rstmgr/dv/env/rstmgr_if.sv	1417	1417	1417	47	2050		ternal DUT signals. `ifndef PATH_TO_DUT `define PATH_TO_DUT tb.dut `endif l
IN-WINDOW		opentitan	hw/top_darjeeling/ip_autogen/rstmgr/dv/rstmgr_cnsty_chk/tb.sv	2903	2910	2910	104	15093		Faster) begin `uvm_info(`gfn, $sformatf( "Setting child cl
IN-WINDOW		opentitan	hw/top_darjeeling/ip_autogen/rstmgr/dv/sva/rstmgr_attrs_sva_if.sv	503	510	510	16	689		rst_ni) begin `ASSERT_I(AlertInfoAttr_A, actual_alert_info_attr == expecte
IN-WINDOW		opentitan	hw/top_darjeeling/ip_autogen/rstmgr/dv/sva/rstmgr_bind.sv	190	191	191	6	2395		module rstmgr_bind; `ifndef GATE_LEVEL bind rstmgr tlul_assert #( .Endpoin
IN-WINDOW		opentitan	hw/top_darjeeling/ip_autogen/rstmgr/dv/sva/rstmgr_cascading_sva_if.sv	3268	3270	3270	73	7996		plate code below. `define FALL_ASSERT(_name, _from, _to, _cycles, _clk) \
IN-WINDOW		opentitan	hw/top_darjeeling/ip_autogen/rstmgr/dv/sva/rstmgr_rst_en_track_sva_if.sv	640	644	644	19	7642		m int DELAY = 1; `ASSERT(DMainRstPorAonEnTracksRstPorAonActive_A, $
IN-WINDOW		opentitan	hw/top_darjeeling/ip_autogen/rstmgr/dv/sva/rstmgr_sw_rst_sva_if.sv	1119	1125	1125	35	1684		endsequence `ASSERT(RstNOn_A, CauseReadyOn_S |=> ##[0:RiseMax-RiseMin] !
IN-WINDOW		opentitan	hw/top_darjeeling/ip_autogen/rstmgr/dv/tb.sv	327	329	329	13	3539		// macro includes `include "uvm_macros.svh" `include "dv_macros.svh" wire
IN-WINDOW		opentitan	hw/top_darjeeling/ip_autogen/rstmgr/dv/tests/rstmgr_test_pkg.sv	310	312	312	12	466		// macro includes `include "uvm_macros.svh" `include "dv_macros.svh" // l
IN-WINDOW		opentitan	hw/top_darjeeling/ip_autogen/rstmgr/rtl/rstmgr.sv	1305	1306	226	47	25114		st output mubi4_t sw_rst_req_o, // Interface to alert handler input alert
IN-WINDOW		opentitan	hw/top_darjeeling/ip_autogen/rstmgr/rtl/rstmgr_cnsty_chk.sv	3848	3850	546	126	8899		: LEAF.FSM.SPARSE `PRIM_FLOP_SPARSE_FSM(u_state_regs, state_d, state_q, state_
IN-WINDOW		opentitan	hw/top_darjeeling/ip_autogen/rstmgr/rtl/rstmgr_crash_info.sv	1703	1705	226	57	1854		excessively large `ASSERT_INIT(CntStoreSlot_A, CrashStoreSlot < (1 << IdxWidth
IN-WINDOW		opentitan	hw/top_darjeeling/ip_autogen/rstmgr/rtl/rstmgr_reg_top.sv	27884	27886	224	1111	28367		egister Interface `ASSERT_PULSE(wePulse, reg_we, clk_i, !rst_ni) `ASSERT_PUL
IN-WINDOW		opentitan	hw/top_darjeeling/ip_autogen/rv_core_ibex/rtl/rv_core_ibex.sv	4939	4940	171	106	55984		ut cpu_crash_dump_t crash_dump_o, // CPU Control Signals input lc_ctrl_pkg:
IN-WINDOW		opentitan	hw/top_darjeeling/ip_autogen/rv_core_ibex/rtl/rv_core_ibex_cfg_reg_top.sv	409034	409036	224	14494	409517		egister Interface `ASSERT_PULSE(wePulse, reg_we, clk_i, !rst_ni) `ASSERT_PUL
IN-WINDOW		opentitan	hw/top_darjeeling/ip_autogen/rv_core_ibex/rtl/rv_core_ibex_peri.sv	702	703	204	26	4328		input alert_event_t fatal_intg_event_i, input alert_event_t fatal_core_event_i
IN-WINDOW		opentitan	hw/top_darjeeling/ip_autogen/rv_plic/fpv/vip/rv_plic_assert_fpv.sv	1444	1448	240	44	5380		th-1:0] tgt_sel; `ASSUME_FPV(IsrcRange_M, src_sel > 0 && src_sel < NumSrc, c
IN-WINDOW		opentitan	hw/top_darjeeling/ip_autogen/rv_plic/rtl/rv_plic.sv	11231	11233	649	367	13494		// Assertions `ASSERT_KNOWN(TlDValidKnownO_A, tl_o.d_valid) `ASSERT_KNOW
IN-WINDOW		opentitan	hw/top_darjeeling/ip_autogen/rv_plic/rtl/rv_plic_gateway.sv	4529	4531	4531	107	4639		h onehot0 values. `ASSERT(ClaimOneHot0_A, $onehot0(claim_i)) `ASSERT(Comp
IN-WINDOW		opentitan	hw/top_darjeeling/ip_autogen/rv_plic/rtl/rv_plic_reg_top.sv	301992	301994	224	14016	302475		egister Interface `ASSERT_PULSE(wePulse, reg_we, clk_i, !rst_ni) `ASSERT_PUL
IN-WINDOW		opentitan	hw/top_darjeeling/rtl/autogen/top_darjeeling_pd_aon.sv	17140	17142	476	431	17209		ing during reset) `ASSERT_KNOWN(scanmodeKnown, scanmode_i, clk_main_i, 0) end
IN-WINDOW		opentitan	hw/top_darjeeling/rtl/autogen/top_darjeeling_pkg.sv	36470	36470	36470	1094	36647		simulation support `ifdef ANALOGSIM `define INOUT_AI input ast_pkg::awire_t
IN-WINDOW		opentitan	hw/top_earlgrey/dv/autogen/tb__xbar_connect.sv	364	370	291	10	9367		pd_hier = ) \ force ``tl_name``_tl_if.d2h = dut.top_earlgrey``pd_hier``.u_
IN-WINDOW		opentitan	hw/top_earlgrey/dv/env/ast_ext_clk_if.sv	763	768	768	18	1569		ctive_window(); `DV_WAIT(u_ast.u_ast_main.u_ast_clks_byp_main.u_io_clk_byp_e
IN-WINDOW		opentitan	hw/top_earlgrey/dv/env/ast_supply_if.sv	1712	1717	1717	46	4474		@(posedge clk); `uvm_info("ast_supply_if", "forcing vcaon_pok_h_o=0", UVM_ME
IN-WINDOW		opentitan	hw/top_earlgrey/dv/env/chip_env_pkg.sv	1701	1703	1703	58	6133		// macro includes `include "uvm_macros.svh" `include "dv_macros.svh" `incl
IN-WINDOW		opentitan	hw/top_earlgrey/dv/env/chip_if.sv	1382	1386	1386	27	57562		port uvm_pkg::*; `include "dv_macros.svh" `include "uvm_macros.svh" // T
IN-WINDOW		opentitan	hw/top_earlgrey/dv/env/flash_ctrl_host_gnt_fault_if.sv	309	312	312	11	1574		input rst_ni ); `include "dv_macros.svh" `include "uvm_macros.svh" stri
IN-WINDOW		opentitan	hw/top_earlgrey/dv/env/rstmgr_cnsty_fault_if.sv	497	500	500	14	1775		input rst_ni ); `include "dv_macros.svh" `include "uvm_macros.svh" stri
IN-WINDOW		opentitan	hw/top_earlgrey/dv/env/seq_lib/chip_sw_uart_rand_baudrate_vseq.sv	225	228	171	6	3041		, clk_freq_khz) \ (baud_rate == BaudRate1p5Mbps && clk_freq_khz == 24_000) ? 1
IN-WINDOW		opentitan	hw/top_earlgrey/dv/env/top_earlgrey_error_injection_ifs_bind.sv	289	290	290	7	832		injection_ifs_bind; `ifndef GATE_LEVEL // This is used to inject count errors
IN-WINDOW		opentitan	hw/top_earlgrey/dv/sva/clk_ctrl_and_main_pd_sva_if.sv	1096	1100	1100	33	6078		IT_CYCLES = 160; `define CLK_WAIT_BOUNDS ##[MIN_CLK_ON_WAIT_CYCLES:MAX_CLK_ON
IN-WINDOW		opentitan	hw/top_earlgrey/dv/sva/top_earlgrey_bind.sv	196	197	197	6	1721		top_earlgrey_bind; `ifndef GATE_LEVEL bind top_earlgrey_pd_aon clk_ctrl_and_m
IN-WINDOW		opentitan	hw/top_earlgrey/dv/tb/tb.sv	598	600	600	22	31742		// macro includes `include "uvm_macros.svh" `include "dv_macros.svh" `incl
IN-WINDOW		opentitan	hw/top_earlgrey/dv/tests/chip_test_pkg.sv	363	365	365	14	517		// macro includes `include "uvm_macros.svh" `include "dv_macros.svh" // l
IN-WINDOW		opentitan	hw/top_earlgrey/dv/verilator/chip_sim_tb.sv	4293	4295	4295	104	8113		_uart_tx_d2p) ); `ifdef DMIDirectTAP // OpenOCD direct DMI TAP bind rv_dm
IN-WINDOW		opentitan	hw/top_earlgrey/ip/ast/rtl/adc.sv	3616	3616	3616	113	5398		t - zero is allowed `ASSERT(AdcChnselOneHot_A, $onehot0(adc_chnsel_i), clk_adc_i
IN-WINDOW		opentitan	hw/top_earlgrey/ip/ast/rtl/adc_ana.sv	653	655	655	16	1474		Digital Output ); `ifndef SYNTHESIS // Behavioral Model //////////////////////
IN-WINDOW		opentitan	hw/top_earlgrey/ip/ast/rtl/aon_clk.sv	941	941	941	20	2029		cillator Calibrated `ifdef AST_BYPASS_CLK input clk_aon_ext_i, //
IN-WINDOW		opentitan	hw/top_earlgrey/ip/ast/rtl/aon_osc.sv	562	562	562	13	3349		cillator Calibrated `ifdef AST_BYPASS_CLK input clk_aon_ext_i, // FPGA/VERI
IN-WINDOW		opentitan	hw/top_earlgrey/ip/ast/rtl/ast.sv	2099	2099	566	41	14900		SPI External Clock `ifdef AST_BYPASS_CLK // Clocks' Oschillator bypass for OS
IN-WINDOW		opentitan	hw/top_earlgrey/ip/ast/rtl/ast_aon.sv	1894	1895	566	37	26388		SPI External Clock `ifdef AST_BYPASS_CLK // Clocks' Oschillator bypass for OS
IN-WINDOW		opentitan	hw/top_earlgrey/ip/ast/rtl/ast_bhv_pkg.sv	759	759	577	21	1776		/////////////////// `ifndef SYNTHESIS // POKs parameter time VCC_POK_RDLY
IN-WINDOW		opentitan	hw/top_earlgrey/ip/ast/rtl/ast_clks_byp_main.sv	2164	2164	600	38	25160		// External Clock `ifdef AST_BYPASS_CLK input clk_ext_sys_i, input clk_ext
IN-WINDOW		opentitan	hw/top_earlgrey/ip/ast/rtl/ast_main.sv	1680	1682	462	47	15331		ext_freq_is_96m_i, `ifdef AST_BYPASS_CLK // Clocks' Oschillator bypass for OS
IN-WINDOW		opentitan	hw/top_earlgrey/ip/ast/rtl/ast_pkg.sv	457	458	382	13	6757		PAD2AST_WIRES \ { mio_in_raw[MioPadIoc3], \ mio_in_raw[MioPadIoc2], \ mi
IN-WINDOW		opentitan	hw/top_earlgrey/ip/ast/rtl/ast_pulse_sync.sv	3367	3367	788	143	3562		source is not BUSY. `ASSERT(NewPulseWhenSrcBusy, $rose(src_pulse_i) |-> !src_bus
IN-WINDOW		opentitan	hw/top_earlgrey/ip/ast/rtl/ast_reg_top.sv	57084	57086	224	2571	57567		egister Interface `ASSERT_PULSE(wePulse, reg_we, clk_i, !rst_ni) `ASSERT_PUL
IN-WINDOW		opentitan	hw/top_earlgrey/ip/ast/rtl/io_clk.sv	940	940	940	20	2010		cillator Calibrated `ifdef AST_BYPASS_CLK input clk_io_ext_i, /
IN-WINDOW		opentitan	hw/top_earlgrey/ip/ast/rtl/io_osc.sv	557	557	557	13	3142		cillator Calibrated `ifdef AST_BYPASS_CLK input clk_io_ext_i, // FPGA/VERI
IN-WINDOW		opentitan	hw/top_earlgrey/ip/ast/rtl/rglts_pdm_3p3v.sv	3023	3025	600	60	17030		dv_hook, dft_sel; `ifndef SYNTHESIS initial begin // Regulator Power-up time
IN-WINDOW		opentitan	hw/top_earlgrey/ip/ast/rtl/rng.sv	2549	2551	588	70	5364		treams-1:0] rng_b; `ifndef SYNTHESIS logic [12-1:0] dv_srate_value; // 4-bit rn
IN-WINDOW		opentitan	hw/top_earlgrey/ip/ast/rtl/sys_clk.sv	1036	1036	1036	21	2171		cillator Calibrated `ifdef AST_BYPASS_CLK input clk_sys_ext_i, /
IN-WINDOW		opentitan	hw/top_earlgrey/ip/ast/rtl/sys_osc.sv	634	634	634	14	4187		cillator Calibrated `ifdef AST_BYPASS_CLK input clk_sys_ext_i, // FPGA/VERI
IN-WINDOW		opentitan	hw/top_earlgrey/ip/ast/rtl/usb_clk.sv	1191	1191	1191	24	3874		cillator Calibrated `ifdef AST_BYPASS_CLK input clk_usb_ext_i, /
IN-WINDOW		opentitan	hw/top_earlgrey/ip/ast/rtl/usb_osc.sv	660	660	660	15	5385		cillator Calibrated `ifdef AST_BYPASS_CLK input clk_usb_ext_i, // FPGA/VERI
IN-WINDOW		opentitan	hw/top_earlgrey/ip/ast/rtl/vcaon_pgd.sv	517	519	519	17	1458		gen_supp_a = 1'b1; `ifndef SYNTHESIS // Behavioral Model //////////////////////
IN-WINDOW		opentitan	hw/top_earlgrey/ip/ast/rtl/vcc_pgd.sv	509	511	511	17	1444		gen_supp_a = 1'b1; `ifndef SYNTHESIS // Behavioral Model //////////////////////
IN-WINDOW		opentitan	hw/top_earlgrey/ip/ast/rtl/vcmain_pgd.sv	521	523	523	17	1469		gen_supp_a = 1'b1; `ifndef SYNTHESIS // Behavioral Model //////////////////////
IN-WINDOW		opentitan	hw/top_earlgrey/ip/ast/rtl/vio_pgd.sv	509	511	511	17	1442		gen_supp_a = 1'b1; `ifndef SYNTHESIS // Behavioral Model //////////////////////
IN-WINDOW		opentitan	hw/top_earlgrey/ip/sensor_ctrl/rtl/sensor_ctrl.sv	1697	1699	223	58	12896		must always match `ASSERT_INIT(NumAlertsMatch_A, ast_pkg::NumAlerts == NumAler
IN-WINDOW		opentitan	hw/top_earlgrey/ip/sensor_ctrl/rtl/sensor_ctrl_reg_top.sv	76683	76685	224	2972	77166		egister Interface `ASSERT_PULSE(wePulse, reg_we, clk_i, !rst_ni) `ASSERT_PUL
IN-WINDOW		opentitan	hw/top_earlgrey/ip/xbar_main/dv/autogen/xbar_main_bind.sv	264	265	265	7	5928		ule xbar_main_bind; `ifndef GATE_LEVEL // Host interfaces bind xbar_main tlu
IN-WINDOW		opentitan	hw/top_earlgrey/ip/xbar_peri/dv/autogen/xbar_peri_bind.sv	264	265	265	7	5664		ule xbar_peri_bind; `ifndef GATE_LEVEL // Host interfaces bind xbar_peri tlu
IN-WINDOW		opentitan	hw/top_earlgrey/ip_autogen/alert_handler/dv/env/alert_handler_env_pkg.sv	542	544	544	20	3456		// macro includes `include "uvm_macros.svh" `include "dv_macros.svh" // p
IN-WINDOW		opentitan	hw/top_earlgrey/ip_autogen/alert_handler/dv/env/alert_handler_scoreboard.sv	248	248	171	6	35760		se_cycs_per_class_q[``index``] = \ {ral.class``i``_phase0_cyc_shadowed, ra
IN-WINDOW		opentitan	hw/top_earlgrey/ip_autogen/alert_handler/dv/env/seq_lib/alert_handler_alert_accum_saturation_vseq.sv	361	361	307	9	4226		\ string class_``class_i``_path_0 = \ "tb.dut.gen_classes[``i``]
IN-WINDOW		opentitan	hw/top_earlgrey/ip_autogen/alert_handler/dv/env/seq_lib/alert_handler_base_vseq.sv	334	334	171	7	15471		, \ class``i``_phase0_cyc_shadowed.value inside {[0: max_phase_cyc]};
IN-WINDOW		opentitan	hw/top_earlgrey/ip_autogen/alert_handler/dv/tb/tb.sv	370	372	372	14	4777		// macro includes `include "uvm_macros.svh" `include "dv_macros.svh" wire
IN-WINDOW		opentitan	hw/top_earlgrey/ip_autogen/alert_handler/dv/tests/alert_handler_test_pkg.sv	324	326	326	12	487		// macro includes `include "uvm_macros.svh" `include "dv_macros.svh" // l
IN-WINDOW		opentitan	hw/top_earlgrey/ip_autogen/alert_handler/fpv/vip/alert_handler_esc_timer_assert_fpv.sv	862	863	260	27	5221		o, input cstate_e esc_state_o ); /////////////////////////////// // Decla
IN-WINDOW		opentitan	hw/top_earlgrey/ip_autogen/alert_handler/fpv/vip/alert_handler_ping_timer_assert_fpv.sv	1519	1522	260	44	5609		EV)-1:0] esc_idx; `ASSUME_FPV(PingEnSelRange_M, ping_en_sel < PingEnDw) `ASS
IN-WINDOW		opentitan	hw/top_earlgrey/ip_autogen/alert_handler/rtl/alert_handler.sv	632	633	195	19	12800		rameter lfsr_seed_t RndCnstLfsrSeed = RndCnstLfsrSeedDefault, parameter lfsr_p
IN-WINDOW		opentitan	hw/top_earlgrey/ip_autogen/alert_handler/rtl/alert_handler_accu.sv	2299	2302	483	62	2542		//////////////// `ASSERT(DisabledNoTrigFwd_A, !class_en_i |-> !accu_trig_o)
IN-WINDOW		opentitan	hw/top_earlgrey/ip_autogen/alert_handler/rtl/alert_handler_esc_timer.sv	2357	2371	826	42	13763		tate_e esc_state_o ); //////////////////// // Tandem Counter /
IN-WINDOW		opentitan	hw/top_earlgrey/ip_autogen/alert_handler/rtl/alert_handler_ping_timer.sv	1198	1206	1020	26	17492		lfsr_seed_t RndCnstLfsrSeed = RndCnstLfsrSeedDefault, parameter lfsr_p
IN-WINDOW		opentitan	hw/top_earlgrey/ip_autogen/alert_handler/rtl/alert_handler_reg_top.sv	585399	585401	224	19455	585882		egister Interface `ASSERT_PULSE(wePulse, reg_we, clk_i, !rst_ni) `ASSERT_PUL
IN-WINDOW		opentitan	hw/top_earlgrey/ip_autogen/clkmgr/dv/env/clkmgr_env_pkg.sv	675	677	677	26	4189		// macro includes `include "uvm_macros.svh" `include "dv_macros.svh" type
IN-WINDOW		opentitan	hw/top_earlgrey/ip_autogen/clkmgr/dv/env/clkmgr_if.sv	1960	1960	1960	59	14352		tive paths instead. `ifndef CLKMGR_HIER `define CLKMGR_HIER tb.dut `endif /
IN-WINDOW		opentitan	hw/top_earlgrey/ip_autogen/clkmgr/dv/sva/clkmgr_aon_cg_en_sva_if.sv	343	347	347	9	393		ut logic cg_en); `ASSERT_INIT_NET(CgEn_A, !cg_en) endinterface
IN-WINDOW		opentitan	hw/top_earlgrey/ip_autogen/clkmgr/dv/sva/clkmgr_bind.sv	190	191	191	6	12520		module clkmgr_bind; `ifndef GATE_LEVEL bind clkmgr tlul_assert #( .Endpoin
IN-WINDOW		opentitan	hw/top_earlgrey/ip_autogen/clkmgr/dv/sva/clkmgr_cg_en_sva_if.sv	756	760	760	26	1072		en && sw_clk_en; `ASSERT(CgEnOn_A, $fell(clk_enable) |=> ##[0:2] clk_enable |
IN-WINDOW		opentitan	hw/top_earlgrey/ip_autogen/clkmgr/dv/sva/clkmgr_div_sva_if.sv	1478	1482	1482	44	2323		// tracking. `ASSERT(Div2Stepped_A, $rose(step_down) ##1 step_down [* WAI
IN-WINDOW		opentitan	hw/top_earlgrey/ip_autogen/clkmgr/dv/sva/clkmgr_gated_clock_sva_if.sv	741	745	745	20	1035		_en || scanmode; `ASSERT(GateOpen_A, $rose(clk_enabled) |=> ##[0:3]
IN-WINDOW		opentitan	hw/top_earlgrey/ip_autogen/clkmgr/dv/sva/clkmgr_lost_calib_ctrl_en_sva_if.sv	787	790	790	18	1018		MAX_CYCLES = 45; `ASSERT(CtrlEnOn_A, (calib_rdy == prim_mubi_pkg::M
IN-WINDOW		opentitan	hw/top_earlgrey/ip_autogen/clkmgr/dv/sva/clkmgr_lost_calib_regwen_sva_if.sv	445	448	448	14	595		t MAX_CYCLES = 6; `ASSERT(RegwenOff_A, (calib_rdy == prim_mubi_pkg::
IN-WINDOW		opentitan	hw/top_earlgrey/ip_autogen/clkmgr/dv/sva/clkmgr_sec_cm_checker_assert.sv	817	819	819	26	2307		trl_intersig_mubi `ASSERT(AllClkBypReqTrue_A, lc_hw_debug_en_i == lc
IN-WINDOW		opentitan	hw/top_earlgrey/ip_autogen/clkmgr/dv/sva/clkmgr_trans_sva_if.sv	729	733	733	23	1195		TOP_CYCLES = 15; `ASSERT(TransStart_A, $rose( hint
IN-WINDOW		opentitan	hw/top_earlgrey/ip_autogen/clkmgr/dv/tb.sv	327	329	329	13	7575		// macro includes `include "uvm_macros.svh" `include "dv_macros.svh" // c
IN-WINDOW		opentitan	hw/top_earlgrey/ip_autogen/clkmgr/dv/tests/clkmgr_test_pkg.sv	310	312	312	12	466		// macro includes `include "uvm_macros.svh" `include "dv_macros.svh" // l
IN-WINDOW		opentitan	hw/top_earlgrey/ip_autogen/clkmgr/rtl/clkmgr.sv	1860	1861	204	71	32351		UBI input lc_tx_t lc_hw_debug_en_i, // clock bypass control with lc_ctrl
IN-WINDOW		opentitan	hw/top_earlgrey/ip_autogen/clkmgr/rtl/clkmgr_reg_top.sv	88522	88524	224	2935	89005		egister Interface `ASSERT_PULSE(wePulse, reg_we, clk_i, !rst_ni) `ASSERT_PUL
IN-WINDOW		opentitan	hw/top_earlgrey/ip_autogen/flash_ctrl/dv/cov/flash_ctrl_cov_bind.sv	355	355	259	7	1167		cip_lc_tx_cov_if u_``__name``_cov_if( \ .rst_ni (rst_ni),
IN-WINDOW		opentitan	hw/top_earlgrey/ip_autogen/flash_ctrl/dv/env/flash_ctrl_bkdr_util_pkg.sv	450	452	452	15	567		// macro includes `include "uvm_macros.svh" `include "dv_macros.svh" // s
IN-WINDOW		opentitan	hw/top_earlgrey/ip_autogen/flash_ctrl/dv/env/flash_ctrl_eflash_ral_pkg.sv	256	260	260	10	2162		base_reg_pkg::*; `include "uvm_macros.svh" typedef class flash_ctrl_eflash
IN-WINDOW		opentitan	hw/top_earlgrey/ip_autogen/flash_ctrl/dv/env/flash_ctrl_env_cov.sv	448	449	368	13	5436		ds cip_base_env_cov #(.CFG_T(flash_ctrl_env_cfg)); `uvm_component_utils(flash_
IN-WINDOW		opentitan	hw/top_earlgrey/ip_autogen/flash_ctrl/dv/env/flash_ctrl_env_pkg.sv	775	777	777	27	19988		// macro includes `include "uvm_macros.svh" `include "dv_macros.svh" // p
IN-WINDOW		opentitan	hw/top_earlgrey/ip_autogen/flash_ctrl/dv/tb/tb.sv	454	456	456	16	13515		// macro includes `include "uvm_macros.svh" `include "dv_macros.svh" // T
IN-WINDOW		opentitan	hw/top_earlgrey/ip_autogen/flash_ctrl/dv/tests/flash_ctrl_test_pkg.sv	318	320	320	12	478		// macro includes `include "uvm_macros.svh" `include "dv_macros.svh" // l
IN-WINDOW		opentitan	hw/top_earlgrey/ip_autogen/flash_ctrl/rtl/flash_ctrl.sv	583	594	207	18	53420		ash_key_t RndCnstAddrKey = RndCnstAddrKeyDefault, parameter flash_k
IN-WINDOW		opentitan	hw/top_earlgrey/ip_autogen/flash_ctrl/rtl/flash_ctrl_arb.sv	886	887	214	28	7245		ut flash_ctrl_err_t sw_err_o, // software interface to prog_fifo input sw_w
IN-WINDOW		opentitan	hw/top_earlgrey/ip_autogen/flash_ctrl/rtl/flash_ctrl_core_reg_top.sv	367212	367214	224	13740	367695		egister Interface `ASSERT_PULSE(wePulse, reg_we, clk_i, !rst_ni) `ASSERT_PUL
IN-WINDOW		opentitan	hw/top_earlgrey/ip_autogen/flash_ctrl/rtl/flash_ctrl_info_cfg.sv	564	565	296	16	4239		[InfosPerBank-1:0] cfgs_i, input creator_seed_priv_i, input owner_seed_pr
IN-WINDOW		opentitan	hw/top_earlgrey/ip_autogen/flash_ctrl/rtl/flash_ctrl_prim_reg_top.sv	53584	53586	224	2376	54067		egister Interface `ASSERT_PULSE(wePulse, reg_we, clk_i, !rst_ni) `ASSERT_PUL
IN-WINDOW		opentitan	hw/top_earlgrey/ip_autogen/flash_ctrl/rtl/flash_mp.sv	444	445	204	19	13615		i, input mubi4_t flash_disable_i, // interface selection input flash_sel
IN-WINDOW		opentitan	hw/top_earlgrey/ip_autogen/flash_ctrl/rtl/flash_phy_prog.sv	4921	4923	4923	164	11542		Y_PROG.FSM.SPARSE `PRIM_FLOP_SPARSE_FSM(u_state_regs, state_d, state_q, state_
IN-WINDOW		opentitan	hw/top_earlgrey/ip_autogen/flash_ctrl/rtl/flash_phy_rd.sv	28577	28579	28579	811	30349		too many of them `ASSERT_INIT(MaxBufs_A, NumBuf <= 8) // match should happ
IN-WINDOW		opentitan	hw/top_earlgrey/ip_autogen/flash_ctrl/rtl/flash_phy_rd_buf_dep.sv	3593	3595	3595	102	4450		pendent condition `ASSERT(BufferDepRsp_A, NumBuf > RspOrderDepth |-> ~all_depe
IN-WINDOW		opentitan	hw/top_earlgrey/ip_autogen/gpio/dv/env/gpio_env_pkg.sv	458	460	460	18	1946		// macro includes `include "uvm_macros.svh" `include "dv_macros.svh" // n
IN-WINDOW		opentitan	hw/top_earlgrey/ip_autogen/gpio/dv/tb/tb.sv	375	377	377	15	2674		// macro includes `include "uvm_macros.svh" `include "dv_macros.svh" wire
IN-WINDOW		opentitan	hw/top_earlgrey/ip_autogen/gpio/dv/tests/gpio_test_pkg.sv	306	308	308	12	432		// macro includes `include "uvm_macros.svh" // local types // functions
IN-WINDOW		opentitan	hw/top_earlgrey/ip_autogen/gpio/rtl/gpio.sv	1138	1139	213	28	8798		utput gpio_straps_t sampled_straps_o, // Bus interface input tlul_pkg::tl_
IN-WINDOW		opentitan	hw/top_earlgrey/ip_autogen/gpio/rtl/gpio_reg_top.sv	28001	28003	224	991	28484		egister Interface `ASSERT_PULSE(wePulse, reg_we, clk_i, !rst_ni) `ASSERT_PUL
IN-WINDOW		opentitan	hw/top_earlgrey/ip_autogen/otp_ctrl/dv/cov/otp_ctrl_cov_bind.sv	390	391	258	8	4258		cov_if #(.Width(8)) ``__part_name``_read_lock_mubi_cov_if ( \ .rst_ni (rst_
IN-WINDOW		opentitan	hw/top_earlgrey/ip_autogen/otp_ctrl/dv/cov/otp_ctrl_cov_if.sv	829	832	832	20	5597		dv_utils_pkg::*; `include "dv_fcov_macros.svh" covergroup lc_esc_en_condit
IN-WINDOW		opentitan	hw/top_earlgrey/ip_autogen/otp_ctrl/dv/env/otp_ctrl_env_cfg.sv	214	215	171	6	3795		NT(FREQ_) \ FREQ_ dist { \ 6 :/ 2, \ [24:25] :/ 2, \ [26:47]
IN-WINDOW		opentitan	hw/top_earlgrey/ip_autogen/otp_ctrl/dv/env/otp_ctrl_env_pkg.sv	841	843	843	29	10001		// macro includes `include "uvm_macros.svh" `include "dv_macros.svh" // p
IN-WINDOW		opentitan	hw/top_earlgrey/ip_autogen/otp_ctrl/dv/env/otp_ctrl_if.sv	457	457	277	10	16306		CMD_PATH(i) \ tb.dut.gen_partitions[``i``].gen_buffered.u_part_buf.otp_cmd_o
IN-WINDOW		opentitan	hw/top_earlgrey/ip_autogen/otp_ctrl/dv/env/otp_scrambler_pkg.sv	429	433	433	15	4450		s_params_pkg::*; `include "uvm_macros.svh" parameter int SCRAMBLE_DATA_SIZ
IN-WINDOW		opentitan	hw/top_earlgrey/ip_autogen/otp_ctrl/dv/env/seq_lib/otp_ctrl_dai_lock_vseq.sv	515	520	487	10	3280		ADDR_RANGE(i) \ {[PartInfo[``i``].offset : (PartInfo[``i``].offset + PartInf
IN-WINDOW		opentitan	hw/top_earlgrey/ip_autogen/otp_ctrl/dv/env/seq_lib/otp_ctrl_smoke_vseq.sv	264	269	233	6	9635		TENT_RANGE(i) \ {[PartInfo[``i``].offset : (PartInfo[``i``].offset + PartInf
IN-WINDOW		opentitan	hw/top_earlgrey/ip_autogen/otp_ctrl/dv/tb.sv	404	406	406	15	11843		// macro includes `include "uvm_macros.svh" `include "dv_macros.svh" // T
IN-WINDOW		opentitan	hw/top_earlgrey/ip_autogen/otp_ctrl/dv/tests/otp_ctrl_test_pkg.sv	314	316	316	12	472		// macro includes `include "uvm_macros.svh" `include "dv_macros.svh" // l
IN-WINDOW		opentitan	hw/top_earlgrey/ip_autogen/otp_ctrl/rtl/otp_ctrl.sv	979	980	200	28	70481		. parameter key_t RndCnstScrmblKey0 = '0, parameter key_t RndCnstScrmblKey1
IN-WINDOW		opentitan	hw/top_earlgrey/ip_autogen/otp_ctrl/rtl/otp_ctrl_core_reg_top.sv	73056	73058	224	2613	73539		egister Interface `ASSERT_PULSE(wePulse, reg_we, clk_i, !rst_ni) `ASSERT_PUL
IN-WINDOW		opentitan	hw/top_earlgrey/ip_autogen/otp_ctrl/rtl/otp_ctrl_dai.sv	1346	1369	224	35	41783		error_o, // This error signal is pulsed high if the FSM ha
IN-WINDOW		opentitan	hw/top_earlgrey/ip_autogen/otp_ctrl/rtl/otp_ctrl_ecc_reg.sv	1020	1022	299	30	2947		s for parameters. `ASSERT_INIT(WidthMustBe64bit_A, Width == 64) localparam
IN-WINDOW		opentitan	hw/top_earlgrey/ip_autogen/otp_ctrl/rtl/otp_ctrl_kdi.sv	427	428	222	16	22147		r scrmbl_key_init_t RndCnstScrmblKeyInit = RndCnstScrmblKeyInitDefault ) ( inp
IN-WINDOW		opentitan	hw/top_earlgrey/ip_autogen/otp_ctrl/rtl/otp_ctrl_lci.sv	692	693	247	22	10320		rameter part_info_t Info = PartInfoDefault ) ( input
IN-WINDOW		opentitan	hw/top_earlgrey/ip_autogen/otp_ctrl/rtl/otp_ctrl_lfsr_timer.sv	1856	1857	1617	37	15267		rameter lfsr_seed_t RndCnstLfsrSeed = RndCnstLfsrSeedDefault, parameter lfsr_p
IN-WINDOW		opentitan	hw/top_earlgrey/ip_autogen/otp_ctrl/rtl/otp_ctrl_part_buf.sv	660	673	219	22	38721		_info_t Info = PartInfoDefault, parameter logic [Info.size*8-1:0]
IN-WINDOW		opentitan	hw/top_earlgrey/ip_autogen/otp_ctrl/rtl/otp_ctrl_part_unbuf.sv	664	665	221	22	25577		rameter part_info_t Info = PartInfoDefault ) ( input
IN-WINDOW		opentitan	hw/top_earlgrey/ip_autogen/otp_ctrl/rtl/otp_ctrl_scrmbl.sv	4660	4670	4488	79	19934		ey_array_t RndCnstKey = '0, parameter digest_const_array_t Rn
IN-WINDOW		opentitan	hw/top_earlgrey/ip_autogen/pinmux/fpv/vip/pinmux_assert_fpv.sv	408	409	243	15	38334		ameter target_cfg_t TargetCfg = DefaultTargetCfg, parameter logic [NumAlerts-1
IN-WINDOW		opentitan	hw/top_earlgrey/ip_autogen/pinmux/rtl/pinmux.sv	445	446	197	17	28318		ameter target_cfg_t TargetCfg = DefaultTargetCfg, parameter bit SecVolatileRaw
IN-WINDOW		opentitan	hw/top_earlgrey/ip_autogen/pinmux/rtl/pinmux_reg_top.sv	1236660	1236662	224	40256	1237143		egister Interface `ASSERT_PULSE(wePulse, reg_we, clk_i, !rst_ni) `ASSERT_PUL
IN-WINDOW		opentitan	hw/top_earlgrey/ip_autogen/pwrmgr/dv/env/pwrmgr_env_cov.sv	1728	1729	371	54	7010		p = interrupt_cross with (!wakeup_cp && interrupt_cp); // An interrupt can
IN-WINDOW		opentitan	hw/top_earlgrey/ip_autogen/pwrmgr/dv/env/pwrmgr_env_pkg.sv	693	695	695	24	2268		// macro includes `include "uvm_macros.svh" `include "dv_macros.svh" // p
IN-WINDOW		opentitan	hw/top_earlgrey/ip_autogen/pwrmgr/dv/env/pwrmgr_if.sv	3259	3259	3259	74	8096		ternal DUT signals. `ifndef PATH_TO_DUT `define PATH_TO_DUT tb.dut `endif /
IN-WINDOW		opentitan	hw/top_earlgrey/ip_autogen/pwrmgr/dv/sva/pwrmgr_ast_sva_if.sv	1531	1535	1535	39	5866		|| disable_sva; `define CLK_WAIT_BOUNDS ##[MinClkWaitCycles:MaxClkWaitCycles
IN-WINDOW		opentitan	hw/top_earlgrey/ip_autogen/pwrmgr/dv/sva/pwrmgr_bind.sv	190	191	191	6	2761		module pwrmgr_bind; `ifndef GATE_LEVEL bind pwrmgr tlul_assert #( .Endpoin
IN-WINDOW		opentitan	hw/top_earlgrey/ip_autogen/pwrmgr/dv/sva/pwrmgr_clock_enables_sva_if.sv	1591	1595	1595	39	2701		tPwrStateActive; `ASSERT(MainClkPwrUp_A, transitionUp_S |=> main_clk_en == 1'
IN-WINDOW		opentitan	hw/top_earlgrey/ip_autogen/pwrmgr/dv/sva/pwrmgr_sec_cm_checker_assert.sv	3341	3343	3343	94	8949		_en_i are active. `ASSERT(RomIntgChkDisTrue_A, rom_intg_chk_dis == p
IN-WINDOW		opentitan	hw/top_earlgrey/ip_autogen/pwrmgr/dv/tb.sv	327	329	329	13	3865		// macro includes `include "uvm_macros.svh" `include "dv_macros.svh" wire
IN-WINDOW		opentitan	hw/top_earlgrey/ip_autogen/pwrmgr/dv/tests/pwrmgr_test_pkg.sv	310	312	312	12	466		// macro includes `include "uvm_macros.svh" `include "dv_macros.svh" // l
IN-WINDOW		opentitan	hw/top_earlgrey/ip_autogen/pwrmgr/rtl/pwrmgr.sv	1056	1057	194	40	23932		nput pwr_ast_rsp_t pwr_ast_i, output pwr_ast_req_t pwr_ast_o, // rstmgr in
IN-WINDOW		opentitan	hw/top_earlgrey/ip_autogen/pwrmgr/rtl/pwrmgr_fsm.sv	441	442	203	18	16056		input pwrup_cause_e pwrup_cause_i, output logic ack_pwrup_o, output logic re
IN-WINDOW		opentitan	hw/top_earlgrey/ip_autogen/pwrmgr/rtl/pwrmgr_reg_top.sv	35352	35354	224	1473	35835		egister Interface `ASSERT_PULSE(wePulse, reg_we, clk_i, !rst_ni) `ASSERT_PUL
IN-WINDOW		opentitan	hw/top_earlgrey/ip_autogen/pwrmgr/rtl/pwrmgr_slow_fsm.sv	525	526	203	22	10416		utput pwrup_cause_e pwrup_cause_o, input ack_pwrup_i, input req_pwrdn_i, o
IN-WINDOW		opentitan	hw/top_earlgrey/ip_autogen/rstmgr/dv/env/rstmgr_env_pkg.sv	761	763	763	29	2703		// macro includes `include "uvm_macros.svh" `include "dv_macros.svh" // p
IN-WINDOW		opentitan	hw/top_earlgrey/ip_autogen/rstmgr/dv/env/rstmgr_if.sv	1417	1417	1417	47	2055		ternal DUT signals. `ifndef PATH_TO_DUT `define PATH_TO_DUT tb.dut `endif l
IN-WINDOW		opentitan	hw/top_earlgrey/ip_autogen/rstmgr/dv/rstmgr_cnsty_chk/tb.sv	2903	2910	2910	104	15093		Faster) begin `uvm_info(`gfn, $sformatf( "Setting child cl
IN-WINDOW		opentitan	hw/top_earlgrey/ip_autogen/rstmgr/dv/sva/rstmgr_attrs_sva_if.sv	503	510	510	16	689		rst_ni) begin `ASSERT_I(AlertInfoAttr_A, actual_alert_info_attr == expecte
IN-WINDOW		opentitan	hw/top_earlgrey/ip_autogen/rstmgr/dv/sva/rstmgr_bind.sv	190	191	191	6	3038		module rstmgr_bind; `ifndef GATE_LEVEL bind rstmgr tlul_assert #( .Endpoin
IN-WINDOW		opentitan	hw/top_earlgrey/ip_autogen/rstmgr/dv/sva/rstmgr_cascading_sva_if.sv	3351	3353	3353	76	8738		plate code below. `define FALL_ASSERT(_name, _from, _to, _cycles, _clk) \
IN-WINDOW		opentitan	hw/top_earlgrey/ip_autogen/rstmgr/dv/sva/rstmgr_rst_en_track_sva_if.sv	723	727	727	22	15851		m int DELAY = 1; `ASSERT(DMainRstPorAonEnTracksRstPorAonActive_A, $
IN-WINDOW		opentitan	hw/top_earlgrey/ip_autogen/rstmgr/dv/sva/rstmgr_sw_rst_sva_if.sv	1119	1125	1125	35	1684		endsequence `ASSERT(RstNOn_A, CauseReadyOn_S |=> ##[0:RiseMax-RiseMin] !
IN-WINDOW		opentitan	hw/top_earlgrey/ip_autogen/rstmgr/dv/tb.sv	327	329	329	13	4481		// macro includes `include "uvm_macros.svh" `include "dv_macros.svh" wire
IN-WINDOW		opentitan	hw/top_earlgrey/ip_autogen/rstmgr/dv/tests/rstmgr_test_pkg.sv	310	312	312	12	466		// macro includes `include "uvm_macros.svh" `include "dv_macros.svh" // l
IN-WINDOW		opentitan	hw/top_earlgrey/ip_autogen/rstmgr/rtl/rstmgr.sv	1370	1371	226	50	39456		st output mubi4_t sw_rst_req_o, // Interface to alert handler input alert
IN-WINDOW		opentitan	hw/top_earlgrey/ip_autogen/rstmgr/rtl/rstmgr_cnsty_chk.sv	3848	3850	546	126	8899		: LEAF.FSM.SPARSE `PRIM_FLOP_SPARSE_FSM(u_state_regs, state_d, state_q, state_
IN-WINDOW		opentitan	hw/top_earlgrey/ip_autogen/rstmgr/rtl/rstmgr_crash_info.sv	1703	1705	226	57	1854		excessively large `ASSERT_INIT(CntStoreSlot_A, CrashStoreSlot < (1 << IdxWidth
IN-WINDOW		opentitan	hw/top_earlgrey/ip_autogen/rstmgr/rtl/rstmgr_reg_top.sv	39254	39256	224	1546	39737		egister Interface `ASSERT_PULSE(wePulse, reg_we, clk_i, !rst_ni) `ASSERT_PUL
IN-WINDOW		opentitan	hw/top_earlgrey/ip_autogen/rv_core_ibex/rtl/rv_core_ibex.sv	4939	4940	171	106	55984		ut cpu_crash_dump_t crash_dump_o, // CPU Control Signals input lc_ctrl_pkg:
IN-WINDOW		opentitan	hw/top_earlgrey/ip_autogen/rv_core_ibex/rtl/rv_core_ibex_cfg_reg_top.sv	45466	45468	224	1714	45949		egister Interface `ASSERT_PULSE(wePulse, reg_we, clk_i, !rst_ni) `ASSERT_PUL
IN-WINDOW		opentitan	hw/top_earlgrey/ip_autogen/rv_core_ibex/rtl/rv_core_ibex_peri.sv	702	703	204	26	4328		input alert_event_t fatal_intg_event_i, input alert_event_t fatal_core_event_i
IN-WINDOW		opentitan	hw/top_earlgrey/ip_autogen/rv_plic/fpv/vip/rv_plic_assert_fpv.sv	1444	1448	240	44	5380		th-1:0] tgt_sel; `ASSUME_FPV(IsrcRange_M, src_sel > 0 && src_sel < NumSrc, c
IN-WINDOW		opentitan	hw/top_earlgrey/ip_autogen/rv_plic/rtl/rv_plic.sv	13363	13365	649	419	15626		// Assertions `ASSERT_KNOWN(TlDValidKnownO_A, tl_o.d_valid) `ASSERT_KNOW
IN-WINDOW		opentitan	hw/top_earlgrey/ip_autogen/rv_plic/rtl/rv_plic_gateway.sv	4529	4531	4531	107	4639		h onehot0 values. `ASSERT(ClaimOneHot0_A, $onehot0(claim_i)) `ASSERT(Comp
IN-WINDOW		opentitan	hw/top_earlgrey/ip_autogen/rv_plic/rtl/rv_plic_reg_top.sv	418996	418998	224	19392	419479		egister Interface `ASSERT_PULSE(wePulse, reg_we, clk_i, !rst_ni) `ASSERT_PUL
IN-WINDOW		opentitan	hw/top_earlgrey/rtl/autogen/chip_earlgrey_asic.sv	662	664	664	19	63742		_N, // Manual Pad `INOUT_AI CC1, // Manual Pad `INOUT_AI CC2, // Manual Pad
IN-WINDOW		opentitan	hw/top_earlgrey/rtl/autogen/chip_earlgrey_cw340.sv	2262	2264	471	55	63425		OA1, // MIO Pad 1 `INOUT_AO IOA2, // MIO Pad 2 `INOUT_AO IOA3, // MIO Pad 3
IN-WINDOW		opentitan	hw/top_earlgrey/rtl/autogen/top_earlgrey_pd_aon.sv	22973	22975	470	548	23042		ing during reset) `ASSERT_KNOWN(scanmodeKnown, scanmode_i, clk_main_i, 0) end
IN-WINDOW		opentitan	hw/top_earlgrey/rtl/autogen/top_earlgrey_pkg.sv	36077	36077	36077	1099	36254		simulation support `ifdef ANALOGSIM `define INOUT_AI input ast_pkg::awire_t
IN-WINDOW		opentitan	hw/top_englishbreakfast/dv/autogen/tb__xbar_connect.sv	364	370	291	10	6466		pd_hier = ) \ force ``tl_name``_tl_if.d2h = dut.top_englishbreakfast``pd_h
IN-WINDOW		opentitan	hw/top_englishbreakfast/dv/verilator/chip_sim_tb.sv	4003	4005	4005	100	7818		_uart_tx_d2p) ); `ifdef DMIDirectTAP // OpenOCD direct DMI TAP bind rv_dm
IN-WINDOW		opentitan	hw/top_englishbreakfast/ip/ast/rtl/ast_reg_top.sv	57084	57086	224	2571	57567		egister Interface `ASSERT_PULSE(wePulse, reg_we, clk_i, !rst_ni) `ASSERT_PUL
IN-WINDOW		opentitan	hw/top_englishbreakfast/ip/xbar_main/dv/autogen/xbar_main_bind.sv	264	265	265	7	3169		ule xbar_main_bind; `ifndef GATE_LEVEL // Host interfaces bind xbar_main tlu
IN-WINDOW		opentitan	hw/top_englishbreakfast/ip/xbar_peri/dv/autogen/xbar_peri_bind.sv	264	265	265	7	2911		ule xbar_peri_bind; `ifndef GATE_LEVEL // Host interfaces bind xbar_peri tlu
IN-WINDOW		opentitan	hw/top_englishbreakfast/ip_autogen/clkmgr/dv/env/clkmgr_env_pkg.sv	675	677	677	26	4017		// macro includes `include "uvm_macros.svh" `include "dv_macros.svh" type
IN-WINDOW		opentitan	hw/top_englishbreakfast/ip_autogen/clkmgr/dv/env/clkmgr_if.sv	1960	1960	1960	59	13134		tive paths instead. `ifndef CLKMGR_HIER `define CLKMGR_HIER tb.dut `endif /
IN-WINDOW		opentitan	hw/top_englishbreakfast/ip_autogen/clkmgr/dv/sva/clkmgr_aon_cg_en_sva_if.sv	343	347	347	9	393		ut logic cg_en); `ASSERT_INIT_NET(CgEn_A, !cg_en) endinterface
IN-WINDOW		opentitan	hw/top_englishbreakfast/ip_autogen/clkmgr/dv/sva/clkmgr_bind.sv	190	191	191	6	9916		module clkmgr_bind; `ifndef GATE_LEVEL bind clkmgr tlul_assert #( .Endpoin
IN-WINDOW		opentitan	hw/top_englishbreakfast/ip_autogen/clkmgr/dv/sva/clkmgr_cg_en_sva_if.sv	756	760	760	26	1072		en && sw_clk_en; `ASSERT(CgEnOn_A, $fell(clk_enable) |=> ##[0:2] clk_enable |
IN-WINDOW		opentitan	hw/top_englishbreakfast/ip_autogen/clkmgr/dv/sva/clkmgr_div_sva_if.sv	1478	1482	1482	44	2323		// tracking. `ASSERT(Div2Stepped_A, $rose(step_down) ##1 step_down [* WAI
IN-WINDOW		opentitan	hw/top_englishbreakfast/ip_autogen/clkmgr/dv/sva/clkmgr_gated_clock_sva_if.sv	741	745	745	20	1035		_en || scanmode; `ASSERT(GateOpen_A, $rose(clk_enabled) |=> ##[0:3]
IN-WINDOW		opentitan	hw/top_englishbreakfast/ip_autogen/clkmgr/dv/sva/clkmgr_lost_calib_ctrl_en_sva_if.sv	787	790	790	18	1018		MAX_CYCLES = 45; `ASSERT(CtrlEnOn_A, (calib_rdy == prim_mubi_pkg::M
IN-WINDOW		opentitan	hw/top_englishbreakfast/ip_autogen/clkmgr/dv/sva/clkmgr_lost_calib_regwen_sva_if.sv	445	448	448	14	595		t MAX_CYCLES = 6; `ASSERT(RegwenOff_A, (calib_rdy == prim_mubi_pkg::
IN-WINDOW		opentitan	hw/top_englishbreakfast/ip_autogen/clkmgr/dv/sva/clkmgr_sec_cm_checker_assert.sv	817	819	819	26	2307		trl_intersig_mubi `ASSERT(AllClkBypReqTrue_A, lc_hw_debug_en_i == lc
IN-WINDOW		opentitan	hw/top_englishbreakfast/ip_autogen/clkmgr/dv/sva/clkmgr_trans_sva_if.sv	729	733	733	23	1195		TOP_CYCLES = 15; `ASSERT(TransStart_A, $rose( hint
IN-WINDOW		opentitan	hw/top_englishbreakfast/ip_autogen/clkmgr/dv/tb.sv	327	329	329	13	7465		// macro includes `include "uvm_macros.svh" `include "dv_macros.svh" // c
IN-WINDOW		opentitan	hw/top_englishbreakfast/ip_autogen/clkmgr/dv/tests/clkmgr_test_pkg.sv	310	312	312	12	466		// macro includes `include "uvm_macros.svh" `include "dv_macros.svh" // l
IN-WINDOW		opentitan	hw/top_englishbreakfast/ip_autogen/clkmgr/rtl/clkmgr.sv	1860	1861	204	71	28534		UBI input lc_tx_t lc_hw_debug_en_i, // clock bypass control with lc_ctrl
IN-WINDOW		opentitan	hw/top_englishbreakfast/ip_autogen/clkmgr/rtl/clkmgr_reg_top.sv	70659	70661	224	2377	71142		egister Interface `ASSERT_PULSE(wePulse, reg_we, clk_i, !rst_ni) `ASSERT_PUL
IN-WINDOW		opentitan	hw/top_englishbreakfast/ip_autogen/flash_ctrl/dv/cov/flash_ctrl_cov_bind.sv	355	355	259	7	1167		cip_lc_tx_cov_if u_``__name``_cov_if( \ .rst_ni (rst_ni),
IN-WINDOW		opentitan	hw/top_englishbreakfast/ip_autogen/flash_ctrl/dv/env/flash_ctrl_bkdr_util_pkg.sv	450	452	452	15	567		// macro includes `include "uvm_macros.svh" `include "dv_macros.svh" // s
IN-WINDOW		opentitan	hw/top_englishbreakfast/ip_autogen/flash_ctrl/dv/env/flash_ctrl_eflash_ral_pkg.sv	256	260	260	10	2162		base_reg_pkg::*; `include "uvm_macros.svh" typedef class flash_ctrl_eflash
IN-WINDOW		opentitan	hw/top_englishbreakfast/ip_autogen/flash_ctrl/dv/env/flash_ctrl_env_cov.sv	448	449	368	13	5436		ds cip_base_env_cov #(.CFG_T(flash_ctrl_env_cfg)); `uvm_component_utils(flash_
IN-WINDOW		opentitan	hw/top_englishbreakfast/ip_autogen/flash_ctrl/dv/env/flash_ctrl_env_pkg.sv	775	777	777	27	19988		// macro includes `include "uvm_macros.svh" `include "dv_macros.svh" // p
IN-WINDOW		opentitan	hw/top_englishbreakfast/ip_autogen/flash_ctrl/dv/tb/tb.sv	454	456	456	16	13515		// macro includes `include "uvm_macros.svh" `include "dv_macros.svh" // T
IN-WINDOW		opentitan	hw/top_englishbreakfast/ip_autogen/flash_ctrl/dv/tests/flash_ctrl_test_pkg.sv	318	320	320	12	478		// macro includes `include "uvm_macros.svh" `include "dv_macros.svh" // l
IN-WINDOW		opentitan	hw/top_englishbreakfast/ip_autogen/flash_ctrl/rtl/flash_ctrl.sv	583	594	207	18	53420		ash_key_t RndCnstAddrKey = RndCnstAddrKeyDefault, parameter flash_k
IN-WINDOW		opentitan	hw/top_englishbreakfast/ip_autogen/flash_ctrl/rtl/flash_ctrl_arb.sv	886	887	214	28	7245		ut flash_ctrl_err_t sw_err_o, // software interface to prog_fifo input sw_w
IN-WINDOW		opentitan	hw/top_englishbreakfast/ip_autogen/flash_ctrl/rtl/flash_ctrl_core_reg_top.sv	367196	367198	224	13740	367679		egister Interface `ASSERT_PULSE(wePulse, reg_we, clk_i, !rst_ni) `ASSERT_PUL
IN-WINDOW		opentitan	hw/top_englishbreakfast/ip_autogen/flash_ctrl/rtl/flash_ctrl_info_cfg.sv	564	565	296	16	4239		[InfosPerBank-1:0] cfgs_i, input creator_seed_priv_i, input owner_seed_pr
IN-WINDOW		opentitan	hw/top_englishbreakfast/ip_autogen/flash_ctrl/rtl/flash_ctrl_prim_reg_top.sv	53584	53586	224	2376	54067		egister Interface `ASSERT_PULSE(wePulse, reg_we, clk_i, !rst_ni) `ASSERT_PUL
IN-WINDOW		opentitan	hw/top_englishbreakfast/ip_autogen/flash_ctrl/rtl/flash_mp.sv	444	445	204	19	13615		i, input mubi4_t flash_disable_i, // interface selection input flash_sel
IN-WINDOW		opentitan	hw/top_englishbreakfast/ip_autogen/flash_ctrl/rtl/flash_phy_prog.sv	4921	4923	4923	164	11542		Y_PROG.FSM.SPARSE `PRIM_FLOP_SPARSE_FSM(u_state_regs, state_d, state_q, state_
IN-WINDOW		opentitan	hw/top_englishbreakfast/ip_autogen/flash_ctrl/rtl/flash_phy_rd.sv	28577	28579	28579	811	30349		too many of them `ASSERT_INIT(MaxBufs_A, NumBuf <= 8) // match should happ
IN-WINDOW		opentitan	hw/top_englishbreakfast/ip_autogen/flash_ctrl/rtl/flash_phy_rd_buf_dep.sv	3593	3595	3595	102	4450		pendent condition `ASSERT(BufferDepRsp_A, NumBuf > RspOrderDepth |-> ~all_depe
IN-WINDOW		opentitan	hw/top_englishbreakfast/ip_autogen/gpio/dv/env/gpio_env_pkg.sv	458	460	460	18	1946		// macro includes `include "uvm_macros.svh" `include "dv_macros.svh" // n
IN-WINDOW		opentitan	hw/top_englishbreakfast/ip_autogen/gpio/dv/tb/tb.sv	375	377	377	15	2674		// macro includes `include "uvm_macros.svh" `include "dv_macros.svh" wire
IN-WINDOW		opentitan	hw/top_englishbreakfast/ip_autogen/gpio/dv/tests/gpio_test_pkg.sv	306	308	308	12	432		// macro includes `include "uvm_macros.svh" // local types // functions
IN-WINDOW		opentitan	hw/top_englishbreakfast/ip_autogen/gpio/rtl/gpio.sv	1138	1139	213	28	8798		utput gpio_straps_t sampled_straps_o, // Bus interface input tlul_pkg::tl_
IN-WINDOW		opentitan	hw/top_englishbreakfast/ip_autogen/gpio/rtl/gpio_reg_top.sv	28001	28003	224	991	28484		egister Interface `ASSERT_PULSE(wePulse, reg_we, clk_i, !rst_ni) `ASSERT_PUL
IN-WINDOW		opentitan	hw/top_englishbreakfast/ip_autogen/pinmux/fpv/vip/pinmux_assert_fpv.sv	408	409	243	15	38334		ameter target_cfg_t TargetCfg = DefaultTargetCfg, parameter logic [NumAlerts-1
IN-WINDOW		opentitan	hw/top_englishbreakfast/ip_autogen/pinmux/rtl/pinmux.sv	445	446	197	17	28318		ameter target_cfg_t TargetCfg = DefaultTargetCfg, parameter bit SecVolatileRaw
IN-WINDOW		opentitan	hw/top_englishbreakfast/ip_autogen/pinmux/rtl/pinmux_reg_top.sv	1160551	1160553	224	37733	1161034		egister Interface `ASSERT_PULSE(wePulse, reg_we, clk_i, !rst_ni) `ASSERT_PUL
IN-WINDOW		opentitan	hw/top_englishbreakfast/ip_autogen/pwrmgr/dv/env/pwrmgr_env_cov.sv	1728	1729	371	54	7010		p = interrupt_cross with (!wakeup_cp && interrupt_cp); // An interrupt can
IN-WINDOW		opentitan	hw/top_englishbreakfast/ip_autogen/pwrmgr/dv/env/pwrmgr_env_pkg.sv	693	695	695	24	2268		// macro includes `include "uvm_macros.svh" `include "dv_macros.svh" // p
IN-WINDOW		opentitan	hw/top_englishbreakfast/ip_autogen/pwrmgr/dv/env/pwrmgr_if.sv	3259	3259	3259	74	8096		ternal DUT signals. `ifndef PATH_TO_DUT `define PATH_TO_DUT tb.dut `endif /
IN-WINDOW		opentitan	hw/top_englishbreakfast/ip_autogen/pwrmgr/dv/sva/pwrmgr_ast_sva_if.sv	1531	1535	1535	39	5866		|| disable_sva; `define CLK_WAIT_BOUNDS ##[MinClkWaitCycles:MaxClkWaitCycles
IN-WINDOW		opentitan	hw/top_englishbreakfast/ip_autogen/pwrmgr/dv/sva/pwrmgr_bind.sv	190	191	191	6	2761		module pwrmgr_bind; `ifndef GATE_LEVEL bind pwrmgr tlul_assert #( .Endpoin
IN-WINDOW		opentitan	hw/top_englishbreakfast/ip_autogen/pwrmgr/dv/sva/pwrmgr_clock_enables_sva_if.sv	1591	1595	1595	39	2701		tPwrStateActive; `ASSERT(MainClkPwrUp_A, transitionUp_S |=> main_clk_en == 1'
IN-WINDOW		opentitan	hw/top_englishbreakfast/ip_autogen/pwrmgr/dv/sva/pwrmgr_sec_cm_checker_assert.sv	3341	3343	3343	94	8949		_en_i are active. `ASSERT(RomIntgChkDisTrue_A, rom_intg_chk_dis == p
IN-WINDOW		opentitan	hw/top_englishbreakfast/ip_autogen/pwrmgr/dv/tb.sv	327	329	329	13	3865		// macro includes `include "uvm_macros.svh" `include "dv_macros.svh" wire
IN-WINDOW		opentitan	hw/top_englishbreakfast/ip_autogen/pwrmgr/dv/tests/pwrmgr_test_pkg.sv	310	312	312	12	466		// macro includes `include "uvm_macros.svh" `include "dv_macros.svh" // l
IN-WINDOW		opentitan	hw/top_englishbreakfast/ip_autogen/pwrmgr/rtl/pwrmgr.sv	1056	1057	194	40	23932		nput pwr_ast_rsp_t pwr_ast_i, output pwr_ast_req_t pwr_ast_o, // rstmgr in
IN-WINDOW		opentitan	hw/top_englishbreakfast/ip_autogen/pwrmgr/rtl/pwrmgr_fsm.sv	441	442	203	18	16056		input pwrup_cause_e pwrup_cause_i, output logic ack_pwrup_o, output logic re
IN-WINDOW		opentitan	hw/top_englishbreakfast/ip_autogen/pwrmgr/rtl/pwrmgr_reg_top.sv	29964	29966	224	1227	30447		egister Interface `ASSERT_PULSE(wePulse, reg_we, clk_i, !rst_ni) `ASSERT_PUL
IN-WINDOW		opentitan	hw/top_englishbreakfast/ip_autogen/pwrmgr/rtl/pwrmgr_slow_fsm.sv	525	526	203	22	10416		utput pwrup_cause_e pwrup_cause_o, input ack_pwrup_i, input req_pwrdn_i, o
IN-WINDOW		opentitan	hw/top_englishbreakfast/ip_autogen/rstmgr/dv/env/rstmgr_env_pkg.sv	761	763	763	29	2508		// macro includes `include "uvm_macros.svh" `include "dv_macros.svh" // p
IN-WINDOW		opentitan	hw/top_englishbreakfast/ip_autogen/rstmgr/dv/env/rstmgr_if.sv	1417	1417	1417	47	2055		ternal DUT signals. `ifndef PATH_TO_DUT `define PATH_TO_DUT tb.dut `endif l
IN-WINDOW		opentitan	hw/top_englishbreakfast/ip_autogen/rstmgr/dv/rstmgr_cnsty_chk/tb.sv	2903	2910	2910	104	15093		Faster) begin `uvm_info(`gfn, $sformatf( "Setting child cl
IN-WINDOW		opentitan	hw/top_englishbreakfast/ip_autogen/rstmgr/dv/sva/rstmgr_attrs_sva_if.sv	503	510	510	16	689		rst_ni) begin `ASSERT_I(AlertInfoAttr_A, actual_alert_info_attr == expecte
IN-WINDOW		opentitan	hw/top_englishbreakfast/ip_autogen/rstmgr/dv/sva/rstmgr_bind.sv	190	191	191	6	2511		module rstmgr_bind; `ifndef GATE_LEVEL bind rstmgr tlul_assert #( .Endpoin
IN-WINDOW		opentitan	hw/top_englishbreakfast/ip_autogen/rstmgr/dv/sva/rstmgr_cascading_sva_if.sv	3351	3353	3353	76	8738		plate code below. `define FALL_ASSERT(_name, _from, _to, _cycles, _clk) \
IN-WINDOW		opentitan	hw/top_englishbreakfast/ip_autogen/rstmgr/dv/sva/rstmgr_rst_en_track_sva_if.sv	723	727	727	22	10064		m int DELAY = 1; `ASSERT(DAonRstPorAonEnTracksRstPorAonActive_A, $f
IN-WINDOW		opentitan	hw/top_englishbreakfast/ip_autogen/rstmgr/dv/sva/rstmgr_sw_rst_sva_if.sv	1119	1125	1125	35	1684		endsequence `ASSERT(RstNOn_A, CauseReadyOn_S |=> ##[0:RiseMax-RiseMin] !
IN-WINDOW		opentitan	hw/top_englishbreakfast/ip_autogen/rstmgr/dv/tb.sv	327	329	329	13	4481		// macro includes `include "uvm_macros.svh" `include "dv_macros.svh" wire
IN-WINDOW		opentitan	hw/top_englishbreakfast/ip_autogen/rstmgr/dv/tests/rstmgr_test_pkg.sv	310	312	312	12	466		// macro includes `include "uvm_macros.svh" `include "dv_macros.svh" // l
IN-WINDOW		opentitan	hw/top_englishbreakfast/ip_autogen/rstmgr/rtl/rstmgr.sv	1370	1371	226	50	30406		st output mubi4_t sw_rst_req_o, // Interface to alert handler input alert
IN-WINDOW		opentitan	hw/top_englishbreakfast/ip_autogen/rstmgr/rtl/rstmgr_cnsty_chk.sv	3848	3850	546	126	8899		: LEAF.FSM.SPARSE `PRIM_FLOP_SPARSE_FSM(u_state_regs, state_d, state_q, state_
IN-WINDOW		opentitan	hw/top_englishbreakfast/ip_autogen/rstmgr/rtl/rstmgr_crash_info.sv	1703	1705	226	57	1854		excessively large `ASSERT_INIT(CntStoreSlot_A, CrashStoreSlot < (1 << IdxWidth
IN-WINDOW		opentitan	hw/top_englishbreakfast/ip_autogen/rstmgr/rtl/rstmgr_reg_top.sv	27884	27886	224	1111	28367		egister Interface `ASSERT_PULSE(wePulse, reg_we, clk_i, !rst_ni) `ASSERT_PUL
IN-WINDOW		opentitan	hw/top_englishbreakfast/ip_autogen/rv_core_ibex/rtl/rv_core_ibex.sv	4939	4940	171	106	55984		ut cpu_crash_dump_t crash_dump_o, // CPU Control Signals input lc_ctrl_pkg:
IN-WINDOW		opentitan	hw/top_englishbreakfast/ip_autogen/rv_core_ibex/rtl/rv_core_ibex_cfg_reg_top.sv	45466	45468	224	1714	45949		egister Interface `ASSERT_PULSE(wePulse, reg_we, clk_i, !rst_ni) `ASSERT_PUL
IN-WINDOW		opentitan	hw/top_englishbreakfast/ip_autogen/rv_core_ibex/rtl/rv_core_ibex_peri.sv	702	703	204	26	4328		input alert_event_t fatal_intg_event_i, input alert_event_t fatal_core_event_i
IN-WINDOW		opentitan	hw/top_englishbreakfast/ip_autogen/rv_plic/fpv/vip/rv_plic_assert_fpv.sv	1444	1448	240	44	5380		th-1:0] tgt_sel; `ASSUME_FPV(IsrcRange_M, src_sel > 0 && src_sel < NumSrc, c
IN-WINDOW		opentitan	hw/top_englishbreakfast/ip_autogen/rv_plic/rtl/rv_plic.sv	9449	9451	649	323	11712		// Assertions `ASSERT_KNOWN(TlDValidKnownO_A, tl_o.d_valid) `ASSERT_KNOW
IN-WINDOW		opentitan	hw/top_englishbreakfast/ip_autogen/rv_plic/rtl/rv_plic_gateway.sv	4529	4531	4531	107	4639		h onehot0 values. `ASSERT(ClaimOneHot0_A, $onehot0(claim_i)) `ASSERT(Comp
IN-WINDOW		opentitan	hw/top_englishbreakfast/ip_autogen/rv_plic/rtl/rv_plic_reg_top.sv	202401	202403	224	9444	202884		egister Interface `ASSERT_PULSE(wePulse, reg_we, clk_i, !rst_ni) `ASSERT_PUL
IN-WINDOW		opentitan	hw/top_englishbreakfast/rtl/autogen/top_englishbreakfast_pd_aon.sv	15323	15325	494	346	15392		ing during reset) `ASSERT_KNOWN(scanmodeKnown, scanmode_i, clk_main_i, 0) end
IN-WINDOW		opentitan	hw/top_englishbreakfast/rtl/autogen/top_englishbreakfast_pkg.sv	22152	22152	22152	660	22329		simulation support `ifdef ANALOGSIM `define INOUT_AI input ast_pkg::awire_t
IN-WINDOW		opentitan	hw/vendor/lowrisc_ibex/dv/cs_registers/tb/tb_cs_registers.sv	1806	1806	1806	51	5007		------------------- `ifndef VERILATOR logic local_clk_i; initial begin l
IN-WINDOW		opentitan	hw/vendor/lowrisc_ibex/dv/formal/check/encodings.sv	665	666	250	20	3187		IS_ORI | `IS_ANDI \ ) `define IS_SLLI (`IS_ITYPE(3'b001) && `INSTR[31:25] == 7'
IN-WINDOW		opentitan	hw/vendor/lowrisc_ibex/dv/formal/check/peek/compare_helper.sv	433	435	395	14	3723		decompressed_instr assign wbexc_is_load_instr = `IS_LB | `IS_LBU | `IS_LH | `IS
IN-WINDOW		opentitan	hw/vendor/lowrisc_ibex/dv/formal/check/peek/follower.sv	1087	1088	974	23	6938		ably very fragile. assign ex_success = `ID.instr_done; assign ex_err = `IDC.exc
IN-WINDOW		opentitan	hw/vendor/lowrisc_ibex/dv/formal/check/protocol/mem.sv	1468	1474	495	45	2479		o |-> ~gnt_i); `ifdef YOSYS // Give yosys stronger bounds for now.
IN-WINDOW		opentitan	hw/vendor/lowrisc_ibex/dv/formal/check/top.sv	1635	1640	695	43	21392		ameter rv32zc_e RV32ZC = RV32Zca, parameter int unsigned PMPNumR
IN-WINDOW		opentitan	hw/vendor/lowrisc_ibex/dv/uvm/core_ibex/common/ibex_cosim_agent/ibex_cosim_agent.sv	217	217	151	7	2851		nt extends uvm_agent; ibex_rvfi_monitor rvfi_monitor; ibex_ifetch_monitor if
IN-WINDOW		opentitan	hw/vendor/lowrisc_ibex/dv/uvm/core_ibex/common/ibex_cosim_agent/ibex_cosim_agent_pkg.sv	232	236	236	9	626		mem_intf_pkg::*; `include "uvm_macros.svh" `include "dv_macros.svh" `inc
IN-WINDOW		opentitan	hw/vendor/lowrisc_ibex/dv/uvm/core_ibex/common/ibex_cosim_agent/ibex_cosim_scoreboard.sv	258	258	151	8	13938		tends uvm_scoreboard; chandle cosim_handle; core_ibex_cosim_cfg cfg; uvm
IN-WINDOW		opentitan	hw/vendor/lowrisc_ibex/dv/uvm/core_ibex/common/ibex_mem_intf_agent/ibex_mem_intf_agent_pkg.sv	297	301	301	12	960		im_agent_pkg::*; `include "uvm_macros.svh" `include "dv_macros.svh" type
IN-WINDOW		opentitan	hw/vendor/lowrisc_ibex/dv/uvm/core_ibex/common/ibex_mem_intf_agent/ibex_mem_intf_pkg.sv	336	340	340	15	444		D, WRITE } rw_e; `include "uvm_macros.svh" `include "dv_macros.svh" `incl
IN-WINDOW		opentitan	hw/vendor/lowrisc_ibex/dv/uvm/core_ibex/common/irq_agent/irq_agent_pkg.sv	262	266	266	12	521		ADDR_WIDTH = 32; `include "uvm_macros.svh" `include "dv_macros.svh" `incl
IN-WINDOW		opentitan	hw/vendor/lowrisc_ibex/dv/uvm/core_ibex/env/core_ibex_dut_probe_if.sv	3185	3189	151	100	4103		bexMuBiOn; end `DV_CREATE_SIGNAL_PROBE_FUNCTION(signal_probe_rf_ren_a, rf_r
IN-WINDOW		opentitan	hw/vendor/lowrisc_ibex/dv/uvm/core_ibex/env/core_ibex_env_pkg.sv	630	631	288	22	939		RAMBLE_KEY_W) ) scrambling_key_agent; typedef push_pull_agent_cfg#( .D
IN-WINDOW		opentitan	hw/vendor/lowrisc_ibex/dv/uvm/core_ibex/fcov/core_ibex_csr_categories.svh	375	376	297	9	2722		CSR_MCOUNTINHIBIT, \ CSR_MCOUNTEREN, \ CSR_MHPMEVENT3, \ CSR_MHPMEVENT4,
IN-WINDOW		opentitan	hw/vendor/lowrisc_ibex/dv/uvm/core_ibex/fcov/core_ibex_fcov_if.sv	318	319	151	12	35991		input priv_lvl_e priv_mode_id, input priv_lvl_e priv_mode_lsu, input deb
IN-WINDOW		opentitan	hw/vendor/lowrisc_ibex/dv/uvm/core_ibex/fcov/core_ibex_pmp_fcov_if.sv	900	908	151	24	43118		mp_mseccfg_t csr_pmp_mseccfg, input logic debug_mode, input logic d
IN-WINDOW		opentitan	hw/vendor/lowrisc_ibex/dv/uvm/core_ibex/tb/core_ibex_tb_top.sv	1228	1230	151	43	20634		ameters directly. `ifndef IBEX_CFG_RV32M `define IBEX_CFG_RV32M ibex_pkg::
IN-WINDOW		opentitan	hw/vendor/lowrisc_ibex/dv/uvm/core_ibex/tests/core_ibex_base_test.sv	218	218	151	7	21604		est extends uvm_test; core_ibex_env env;
IN-WINDOW		opentitan	hw/vendor/lowrisc_ibex/dv/uvm/core_ibex/tests/core_ibex_seq_lib.sv	270	270	151	9	5330		= uvm_sequence_item) extends uvm_sequence#(REQ); rand int unsigned interval
IN-WINDOW		opentitan	hw/vendor/lowrisc_ibex/dv/uvm/core_ibex/tests/core_ibex_test_pkg.sv	1432	1436	1436	47	1660		ambling_key_vif; `include "core_ibex_report_server.sv" `include "core_ibex_
IN-WINDOW		opentitan	hw/vendor/lowrisc_ibex/dv/uvm/icache/dv/env/ibex_icache_env_pkg.sv	452	454	454	17	1217		// macro includes `include "uvm_macros.svh" `include "dv_macros.svh" // p
IN-WINDOW		opentitan	hw/vendor/lowrisc_ibex/dv/uvm/icache/dv/env/ibex_icache_ram_if.sv	2233	2236	2236	67	4096		:0] tag_mask; `DV_CHECK_STD_RANDOMIZE_WITH_FATAL(tag_sel_line, tag_sel_lin
IN-WINDOW		opentitan	hw/vendor/lowrisc_ibex/dv/uvm/icache/dv/fcov/ibex_icache_fcov_if.sv	2265	2269	2269	59	9453		x; endfunction `include "dv_fcov_macros.svh" import uvm_pkg::*; typede
IN-WINDOW		opentitan	hw/vendor/lowrisc_ibex/dv/uvm/icache/dv/ibex_icache_core_agent/ibex_icache_core_agent_pkg.sv	635	637	637	25	1169		// macro includes `include "uvm_macros.svh" `include "dv_macros.svh" // p
IN-WINDOW		opentitan	hw/vendor/lowrisc_ibex/dv/uvm/icache/dv/ibex_icache_core_agent/ibex_icache_core_protocol_checker.sv	1150	1152	453	40	6630		ould never do it. `ASSERT(NoReadyWithoutReq, !req |-> !ready, clk, !rst_n)
IN-WINDOW		opentitan	hw/vendor/lowrisc_ibex/dv/uvm/icache/dv/ibex_icache_mem_agent/ibex_icache_mem_agent_pkg.sv	296	298	298	12	858		// macro includes `include "uvm_macros.svh" `include "dv_macros.svh" // p
IN-WINDOW		opentitan	hw/vendor/lowrisc_ibex/dv/uvm/icache/dv/ibex_icache_mem_agent/ibex_icache_mem_protocol_checker.sv	757	759	454	27	1571		d always be known `ASSERT_KNOWN(ReqKnown, req, clk, !rst_n) `ASSERT_K
IN-WINDOW		opentitan	hw/vendor/lowrisc_ibex/dv/uvm/icache/dv/tb/tb.sv	419	421	421	17	8936		// macro includes `include "uvm_macros.svh" `include "dv_macros.svh" wire
IN-WINDOW		opentitan	hw/vendor/lowrisc_ibex/dv/uvm/icache/dv/tests/ibex_icache_test_pkg.sv	298	300	300	12	499		// macro includes `include "uvm_macros.svh" `include "dv_macros.svh" // l
IN-WINDOW		opentitan	hw/vendor/lowrisc_ibex/rtl/ibex_alu.sv	42142	42148	42148	1111	52336		= 16/2**stage `define _N(stg) (16 >> stg) // bcompress / bdecompres
IN-WINDOW		opentitan	hw/vendor/lowrisc_ibex/rtl/ibex_branch_predict.sv	2844	2848	672	91	3351		endcase end `ASSERT_IF(BranchInsTypeOneHot, $onehot0({instr_j, instr_b,
IN-WINDOW		opentitan	hw/vendor/lowrisc_ibex/rtl/ibex_compressed_decoder.sv	34458	34460	432	829	35306		ns must be known. `ASSERT_KNOWN(IbexInstrValidKnown, valid_i) // Selectors
IN-WINDOW		opentitan	hw/vendor/lowrisc_ibex/rtl/ibex_controller.sv	7481	7483	273	170	38079		c instr_fetch_err; `ifndef SYNTHESIS // synopsys translate_off // make sure
IN-WINDOW		opentitan	hw/vendor/lowrisc_ibex/rtl/ibex_core.sv	1126	1143	228	26	85308		m_e RV32M = RV32MFast, parameter rv32b_e
IN-WINDOW		opentitan	hw/vendor/lowrisc_ibex/rtl/ibex_counter.sv	1625	1627	1627	53	3465		:0]; end end `ifdef FPGA_XILINX // On Xilinx FPGAs, 48-bit DSPs are ava
IN-WINDOW		opentitan	hw/vendor/lowrisc_ibex/rtl/ibex_cs_registers.sv	4426	4437	269	101	65023		ex_mubi_t mcounteren_writable_i, // Exception save/restore input
IN-WINDOW		opentitan	hw/vendor/lowrisc_ibex/rtl/ibex_csr.sv	1235	1239	199	55	1289		_o = 1'b0; end `ASSERT_KNOWN(IbexCSREnValid, wr_en_i) endmodule
IN-WINDOW		opentitan	hw/vendor/lowrisc_ibex/rtl/ibex_decoder.sv	46295	46297	352	1210	46414		t be known/valid. `ASSERT(IbexRegImmAluOpKnown, (opcode == OPCODE_OP_IMM) |->
IN-WINDOW		opentitan	hw/vendor/lowrisc_ibex/rtl/ibex_ex_block.sv	7440	7442	7442	199	8222		(|alu_imd_val_we); `ifdef INC_ASSERT // This is intended to be accessed via h
IN-WINDOW		opentitan	hw/vendor/lowrisc_ibex/rtl/ibex_fetch_fifo.sv	9598	9600	409	262	9839		y when FIFO full. `ASSERT(IbexFetchFifoPushPopFull, (in_valid_i && pop_f
IN-WINDOW		opentitan	hw/vendor/lowrisc_ibex/rtl/ibex_icache.sv	54518	54521	284	1309	55477		//////////////// `ASSERT_INIT(size_param_legal, (IC_LINE_SIZE > 32)) // EC
IN-WINDOW		opentitan	hw/vendor/lowrisc_ibex/rtl/ibex_id_stage.sv	13561	13566	228	359	45222		endcase end `ASSERT(IbexImmBMuxSelValid, instr_valid_i |-> imm_b_mux_sel
IN-WINDOW		opentitan	hw/vendor/lowrisc_ibex/rtl/ibex_if_stage.sv	726	731	373	21	36579		ameter rv32zc_e RV32ZC = RV32ZcaZcbZcmp, parameter bit
IN-WINDOW		opentitan	hw/vendor/lowrisc_ibex/rtl/ibex_load_store_unit.sv	19189	19189	376	560	22057		COV // ////////// `ifndef DV_FCOV_DISABLE // Set when awaiting the response
IN-WINDOW		opentitan	hw/vendor/lowrisc_ibex/rtl/ibex_multdiv_fast.sv	3587	3591	228	117	18521		d; end end `ASSERT_KNOWN(DivEnKnown, div_en_internal) `ASSERT_KNOWN(M
IN-WINDOW		opentitan	hw/vendor/lowrisc_ibex/rtl/ibex_multdiv_slow.sv	13051	13053	317	369	13669		te must be valid. `ASSERT(IbexMultDivStateValid, md_state_q inside { MD_
IN-WINDOW		opentitan	hw/vendor/lowrisc_ibex/rtl/ibex_pmp.sv	13186	13190	151	255	13587		// region. `DV_FCOV_SIGNAL(logic, pmp_region_override, ~pmp_req_e
IN-WINDOW		opentitan	hw/vendor/lowrisc_ibex/rtl/ibex_register_file_latch.sv	4830	4832	4832	161	4983		WordZeroVal; end `ifdef VERILATOR initial begin $display("Latch-based r
IN-WINDOW		opentitan	hw/vendor/lowrisc_ibex/rtl/ibex_top.sv	1104	1121	228	25	56896		m_e RV32M = RV32MFast, parameter rv32b_
IN-WINDOW		opentitan	hw/vendor/lowrisc_ibex/rtl/ibex_wb_stage.sv	9734	9738	545	249	9901		wdata_wb_mux_we; `DV_FCOV_SIGNAL_GEN_IF(logic, wb_valid, g_writeback_stage.wb
IN-WINDOW		opentitan	hw/vendor/lowrisc_ibex/vendor/google_riscv-dv/src/dv_defines.svh	680	681	596	19	3027		w (string name=""); \ super.new(name); \ endfunction : new `endif `if
IN-WINDOW		opentitan	hw/vendor/lowrisc_ibex/vendor/google_riscv-dv/src/riscv_defines.svh	702	702	596	18	5815		constraint riscv_``instr_group``_``instr_n``_c { \ if (instr_name == ``in
IN-WINDOW		opentitan	hw/vendor/lowrisc_ibex/vendor/google_riscv-dv/src/riscv_instr_cover_group.sv	702	705	596	24	80372		SAMPLE(cg, val) \ if (cg != null) cg.sample(val); // sample with type cast `d
IN-WINDOW		opentitan	hw/vendor/lowrisc_ibex/vendor/google_riscv-dv/src/riscv_instr_pkg.sv	666	670	670	21	53020		riscv_instr_pkg; `include "dv_defines.svh" `include "riscv_defines.svh" `
IN-WINDOW		opentitan	hw/vendor/lowrisc_ibex/vendor/google_riscv-dv/test/riscv_instr_test_pkg.sv	676	680	680	22	802		cv_instr_pkg::*; `include "riscv_instr_base_test.sv" `include "riscv_instr_
IN-WINDOW		opentitan	hw/vendor/pulp_riscv_dbg/src/dmi_intf.sv	1094	1096	1096	47	1705		gma translate_off `ifndef VERILATOR assert property (@(posedge clk_i) (q_val
IN-WINDOW		opentitan	hw/vendor/pulp_riscv_dbg/tb/jtag_dmi/tb_jtag_dmi.sv	2527	2531	2531	130	7804		ave.run(); end `ifdef TARGET_BSCANE JTAG_SIME2 #( .PART_NAME ("7K325
IN-WINDOW		opentitan	hw/vendor/pulp_riscv_dbg/tb/mm_ram.sv	17927	17930	17930	390	24327		end end `ifndef VERILATOR // make sure we don't access any unmap
IN-WINDOW		opentitan	hw/vendor/pulp_riscv_dbg/tb/tb_top.sv	2199	2200	2200	57	4481		b_top); end `ifdef QUESTA if ($test$plusargs("wlfdump")) begin
IN-WINDOW		scr1	src/core/pipeline/scr1_ipic.sv	1734	1734	968	53	23262		input logic [`SCR1_XLEN-1:0] csr2ipic_wdata_i, //
IN-WINDOW		scr1	src/core/pipeline/scr1_pipe_csr.sv	1632	1632	1065	51	47697		// Gated CSR clock `ifndef SCR1_CSR_REDUCED_CNT `ifdef SCR1_CLKCTRL_EN inp
IN-WINDOW		scr1	src/core/pipeline/scr1_pipe_exu.sv	1760	1760	1247	58	43749		// Gated EXU clock `ifdef SCR1_CLKCTRL_EN input logic
IN-WINDOW		scr1	src/core/pipeline/scr1_pipe_hdu.sv	1438	1438	896	43	37863		/ HDU clock enable `ifdef SCR1_CLKCTRL_EN input logic
IN-WINDOW		scr1	src/core/pipeline/scr1_pipe_ialu.sv	913	914	781	31	30972		le scr1_pipe_ialu ( `ifdef SCR1_RVM_EXT // Common input logic
IN-WINDOW		scr1	src/core/pipeline/scr1_pipe_idu.sv	673	674	517	25	47132		ule scr1_pipe_idu ( `ifdef SCR1_TRGT_SIMULATION input logic
IN-WINDOW		scr1	src/core/pipeline/scr1_pipe_ifu.sv	1695	1716	930	43	33593		ifu2imem_cmd_o, // Instruction memory command (R
IN-WINDOW		scr1	src/core/pipeline/scr1_pipe_lsu.sv	1256	1269	683	37	15020		d_sel_e exu2lsu_cmd_i, // LSU command input logic
IN-WINDOW		scr1	src/core/pipeline/scr1_pipe_mprf.sv	265	265	158	11	6670		prf ( // Common `ifdef SCR1_MPRF_RST_EN input logic
IN-WINDOW		scr1	src/core/pipeline/scr1_pipe_tdu.sv	1738	1764	984	46	27254		csr2tdu_cmd_i, // CSR-TDU i/f command input
IN-WINDOW		scr1	src/core/pipeline/scr1_pipe_top.sv	606	606	143	26	41424		// Pipe reset `ifdef SCR1_DBG_EN input logic
IN-WINDOW		scr1	src/core/pipeline/scr1_tracelog.sv	487	487	146	15	19655		// Tracelog clock `ifdef SCR1_TRACE_LOG_EN , input logic [`SCR1_XLEN
IN-WINDOW		scr1	src/core/scr1_core_top.sv	1227	1227	139	30	24277		Core RDC qualifier `ifdef SCR1_DBG_EN output logic
IN-WINDOW		scr1	src/core/scr1_dm.sv	2657	2673	1240	64	65165		es_e dm2pipe_cmd_o, // Command to pipe input lo
IN-WINDOW		scr1	src/core/scr1_scu.sv	4289	4289	880	94	19873		tapc_shift_ff; type_scr1_scu_sysctrl_dr_s tapc_shift_nex
IN-WINDOW		scr1	src/core/scr1_tapc.sv	2985	3015	739	65	18556		TAP's current state type_scr1_tap_state_e tap_fsm_next;
IN-WINDOW		scr1	src/core/scr1_tapc_shift_reg.sv	3559	3561	212	88	4181		al = shift_reg[0]; `ifdef SCR1_TRGT_SIMULATION //------------------------------
IN-WINDOW		scr1	src/includes/scr1_arch_description.svh	7408	7408	164	170	9612		sed) parameter bit [`SCR1_XLEN-1:0] SCR1_ARCH_RST_VECTOR = 'h200
IN-WINDOW		scr1	src/includes/scr1_arch_types.svh	658	658	159	23	3072		XT typedef logic [`SCR1_XLEN-1:0] type_scr1_mprf_v; typedef logic [`SCR1_XLEN-
IN-WINDOW		scr1	src/includes/scr1_csr.svh	5461	5461	149	98	9143		ral parameter bit [`SCR1_XLEN-1:0] SCR1_RST_VECTOR = SCR1_ARCH_RST_VECTOR;
IN-WINDOW		scr1	src/includes/scr1_hdu.svh	1548	1548	158	40	6580		UN = 2'b11 `ifdef SCR1_XPROP_EN , SCR1_HDU_DBGSTATE_XXX
IN-WINDOW		scr1	src/includes/scr1_ipic.svh	2873	2873	138	51	3028		SCR1_CSR2IPIC_WR `ifdef SCR1_XPROP_EN , SCR1_CSR2IPIC_ERROR = 'x `end
IN-WINDOW		scr1	src/includes/scr1_memif.svh	512	512	156	17	1510		M_CMD_WR = 1'b1 `ifdef SCR1_XPROP_EN , SCR1_MEM_CMD_ERROR = 'x `end
IN-WINDOW		scr1	src/includes/scr1_riscv_isa_decoding.svh	2999	2999	163	75	7893		// op1 >>> op2 `ifdef SCR1_RVM_EXT , SCR1_IALU_CMD_MUL, //
IN-WINDOW		scr1	src/includes/scr1_scu.svh	1055	1055	136	28	3497		_CLRBITS = 2'h3 `ifdef SCR1_XPROP_EN , SCR1_SCU_SYSCTRL_OP_XXX
IN-WINDOW		scr1	src/includes/scr1_tapc.svh	1046	1046	138	22	2366		D_VALUE = `SCR1_MIMPID; //===========================================
IN-WINDOW		scr1	src/includes/scr1_tdu.svh	724	725	149	25	5671		_W = `SCR1_XLEN; parameter int unsigned SCR1_TDU_DATA_W
IN-WINDOW		scr1	src/tb/scr1_memory_tb_ahb.sv	441	442	151	17	24588		clk, `ifdef SCR1_IPIC_EN output logic [SCR1_IRQ_LINES_NUM-1
IN-WINDOW		scr1	src/tb/scr1_memory_tb_axi.sv	499	500	151	20	13179		clk, `ifdef SCR1_IPIC_EN output logic [SCR1_IRQ_LINES_NUM-1:
IN-WINDOW		scr1	src/tb/scr1_top_tb_ahb.sv	304	305	150	13	12260		e scr1_top_tb_ahb ( `ifdef VERILATOR input logic clk `endif // VERILATOR );
IN-WINDOW		scr1	src/tb/scr1_top_tb_axi.sv	280	281	150	12	21109		e scr1_top_tb_axi ( `ifdef VERILATOR input logic clk `endif // VERILATOR );
IN-WINDOW		scr1	src/top/scr1_dmem_ahb.sv	511	524	148	17	15860		m_cmd_e dmem_cmd, input type_scr1_mem_width_e dmem_w
IN-WINDOW		scr1	src/top/scr1_dmem_router.sv	278	279	146	10	10019		T1_ADDR_MASK = `SCR1_DMEM_AWIDTH'hFFFF0000, parameter SCR1_PORT1_ADDR_P
IN-WINDOW		scr1	src/top/scr1_dp_memory.sv	324	325	179	12	3862		ter SCR1_SIZE = `SCR1_IMEM_AWIDTH'h00010000, parameter SCR1_NBYTES = S
IN-WINDOW		scr1	src/top/scr1_imem_ahb.sv	630	641	154	19	10454		m_resp_e imem_resp, // AHB Interface output logic [3:0]
IN-WINDOW		scr1	src/top/scr1_imem_router.sv	277	278	153	10	6324		SCR1_ADDR_MASK = `SCR1_IMEM_AWIDTH'hFFFF0000, parameter SCR1_ADDR_PATTERN
IN-WINDOW		scr1	src/top/scr1_mem_axi.sv	876	889	142	26	14686		m_cmd_e core_cmd, input type_scr1_mem_width_e core_w
IN-WINDOW		scr1	src/top/scr1_tcm.sv	280	281	149	12	4915		ter SCR1_TCM_SIZE = `SCR1_IMEM_AWIDTH'h00010000 ) ( // Control signals i
IN-WINDOW		scr1	src/top/scr1_timer.sv	535	556	142	17	10216		dmem_cmd, input type_scr1_mem_width_e
IN-WINDOW		scr1	src/top/scr1_top_ahb.sv	1070	1070	137	26	21299		// Real-time clock `ifdef SCR1_DBG_EN output logic
IN-WINDOW		scr1	src/top/scr1_top_axi.sv	1046	1046	137	25	31250		// Real-time clock `ifdef SCR1_DBG_EN output logic
IN-WINDOW		slang	tests/unittests/data/library/other.sv	35	40	0	4	59		module other; `FOO(1); endmodule
IN-WINDOW		sv2v	test/core/typename_deep.svh	375	380	0	12	418		4) module top; `TEST(T, 1) `TEST(U, 2) endmodule
IN-WINDOW		uvm-core	uvm-core-2020.3.1/compat/uvm_compat_packer.svh	1489	1490	1393	42	17113		typedef uvm_packer uvm_compat_packer; `else //@uvm-compat provided as a packer
IN-WINDOW		uvm-core	uvm-core-2020.3.1/compat/uvm_compat_pkg.sv	1403	1405	1245	46	1504		import uvm_pkg::*; `include "uvm_compat_packer.svh" `include "uvm_compat_proxy_
IN-WINDOW		uvm-core	uvm-core-2020.3.1/src/base/uvm_cache.svh	1952	1952	1194	51	7011		) extends uvm_object; // Type: this_type // Typedef representing this cache
IN-WINDOW		uvm-core	uvm-core-2020.3.1/src/base/uvm_callback.svh	2629	2629	1314	76	42556		d#(type T=uvm_object) extends uvm_typeid_base; static uvm_typeid#(T) m_b_inst;
IN-WINDOW		uvm-core	uvm-core-2020.3.1/src/base/uvm_hdl_polling.svh	1314	1314	1097	40	22657		DTH typedef logic [`UVM_POLL_DATA_WIDTH-1:0] uvm_poll_data_logic_t; typedef l
IN-WINDOW		uvm-core	uvm-core-2020.3.1/src/base/uvm_heartbeat.svh	1462	1463	1200	45	13276		heartbeat_callback) uvm_heartbeat_cbs_t; //-----------------------------------
IN-WINDOW		uvm-core	uvm-core-2020.3.1/src/base/uvm_lru_cache.svh	1994	1994	1189	56	7970		t) extends uvm_cache#(KEY_T, DATA_T); typedef uvm_lru_cache#(KEY_T,DATA_T) th
IN-WINDOW		uvm-core	uvm-core-2020.3.1/src/base/uvm_object_globals.svh	1724	1725	1725	51	26014		er UVM_STREAMBITS = `UVM_MAX_STREAMBITS; // Type --NODOCS-- uvm_bitstream_t /
IN-WINDOW		uvm-core	uvm-core-2020.3.1/src/base/uvm_objection.svh	1612	1613	1354	46	44414		objection_callback) uvm_objection_cbs_t /* @uvm-ieee 1800.2-2020 auto D.4.2*/ ;
IN-WINDOW		uvm-core	uvm-core-2020.3.1/src/base/uvm_packer.svh	2029	2029	2029	52	28991		ypedef bit signed [(`UVM_PACKER_MAX_BYTES*8)-1:0] uvm_pack_bitstream_t; // Clas
IN-WINDOW		uvm-core	uvm-core-2020.3.1/src/base/uvm_queue.svh	1786	1786	1246	50	6247		) extends uvm_object; typedef uvm_queue #(T) this_type; `uvm_object_param_
IN-WINDOW		uvm-core	uvm-core-2020.3.1/src/base/uvm_regex_cache.svh	1565	1565	1096	43	2331		xtends uvm_lru_cache#(string, chandle); `uvm_type_name_decl("uvm_regex_cache"
IN-WINDOW		uvm-core	uvm-core-2020.3.1/src/base/uvm_registry.svh	2038	2038	1321	57	29493		type T=uvm_component, string Tname="<unknown>")
IN-WINDOW		uvm-core	uvm-core-2020.3.1/src/base/uvm_report_catcher.svh	1700	1701	1437	47	24505		uvm_report_catcher) uvm_report_cb; typedef uvm_callback_iter#(uvm_report_object,
IN-WINDOW		uvm-core	uvm-core-2020.3.1/src/base/uvm_report_handler.svh	1593	1594	1427	45	28951		string, uvm_action) uvm_id_actions_array; typedef uvm_pool#(string, UVM_FILE) uv
IN-WINDOW		uvm-core	uvm-core-2020.3.1/src/base/uvm_report_message.svh	1774	1775	1252	54	29459		rotected uvm_action _action; protected string _name; // Functio
IN-WINDOW		uvm-core	uvm-core-2020.3.1/src/base/uvm_report_object.svh	4331	4331	1360	98	23440		t extends uvm_object; uvm_report_handler m_rh; local bit m_rh_set; local
IN-WINDOW		uvm-core	uvm-core-2020.3.1/src/base/uvm_report_server.svh	2443	2443	1404	65	34782		r extends uvm_object; function string get_type_name(); r
IN-WINDOW		uvm-core	uvm-core-2020.3.1/src/base/uvm_resource_specializations.svh	2386	2387	2289	59	6661		\ static function this_subtype get_by_name(string scope, string name,
IN-WINDOW		uvm-core	uvm-core-2020.3.1/src/base/uvm_spell_chkr.svh	4247	4254	4254	123	6976		== max) begin `uvm_info("UVM/CONFIGDB/SPELLCHK",$sformatf("%s not located,
IN-WINDOW		uvm-core	uvm-core-2020.3.1/src/dpi/uvm_hdl.svh	2096	2097	1674	65	6008		UVM_HDL_MAX_WIDTH = `UVM_HDL_MAX_WIDTH; typedef logic [UVM_HDL_MAX_WIDTH-1:0]
IN-WINDOW		uvm-core	uvm-core-2020.3.1/src/macros/uvm_callback_defines.svh	2494	2495	1187	72	11489		B) \ static local bit m_register_cb_``CB = uvm_callbacks#(T,CB)::m_register_pa
IN-WINDOW		uvm-core	uvm-core-2020.3.1/src/macros/uvm_comparer_defines.svh	1593	1596	1439	46	18590		begin(COMPARER) \ if ((!COMPARER.get_threshold() || \ (COMPARER.get_res
IN-WINDOW		uvm-core	uvm-core-2020.3.1/src/macros/uvm_copier_defines.svh	1590	1591	1423	47	3950		Y, COPIER=copier) \ if (LVALUE != RVALUE) begin \ if ((RVALUE == null) || \
IN-WINDOW		uvm-core	uvm-core-2020.3.1/src/macros/uvm_message_defines.svh	4551	4555	1340	131	18478		port_object()) \ begin \ uvm_pkg::uvm_report_object _local_report_object
IN-WINDOW		uvm-core	uvm-core-2020.3.1/src/macros/uvm_object_defines.svh	7033	7034	1444	188	107200		te_op( uvm_field_op op ); \ super.do_execute_o
IN-WINDOW		uvm-core	uvm-core-2020.3.1/src/macros/uvm_packer_defines.svh	3308	3311	1150	98	18328		,PACKER=packer) \ if (SIZE <= $bits(uvm_integral_t)) begin \ PACKER.pack_
IN-WINDOW		uvm-core	uvm-core-2020.3.1/src/macros/uvm_phase_defines.svh	2028	2028	0	51	5114		class PREFIX``PHASE``_phase extends uvm_task_phase; \ virtual
IN-WINDOW		uvm-core	uvm-core-2020.3.1/src/macros/uvm_printer_defines.svh	2055	2056	1679	55	30565		PRINTER=printer) \ if (SIZE > 64) \ PRINTER.print_field(NAME, VALUE, SIZE, RA
IN-WINDOW		uvm-core	uvm-core-2020.3.1/src/macros/uvm_recorder_defines.svh	3399	3406	1861	88	14157		R=recorder) \ $add_attribute(TR_HANDLE,VALUE,NAME); `else // @uvm-ie
IN-WINDOW		uvm-core	uvm-core-2020.3.1/src/macros/uvm_resource_defines.svh	1757	1758	1372	52	7754		VAL, OBJ=null) \ begin
IN-WINDOW		uvm-core	uvm-core-2020.3.1/src/macros/uvm_sequence_defines.svh	2243	2246	2188	61	10767		et_sequencer()) \ begin \ uvm_object_wrapper w_; \ w_ = SEQ_OR_ITEM.get_ty
IN-WINDOW		uvm-core	uvm-core-2020.3.1/src/macros/uvm_tlm_defines.svh	3818	3818	3751	99	26314		uvm_blocking_put_imp``SFX #(type T=int, type IMP=int) \ extends uvm_port_base
IN-WINDOW		uvm-core	uvm-core-2020.3.1/src/reg/uvm_mem_mam.svh	2687	2687	1957	79	33282		mam extends uvm_void; //---------------------- // Group -- NODOCS -- Init
IN-WINDOW		uvm-core	uvm-core-2020.3.1/src/reg/uvm_reg_model.svh	2307	2307	1698	74	13303		edef bit unsigned [`UVM_REG_DATA_WIDTH-1:0] uvm_reg_data_t ; // Type -- NODO
IN-WINDOW		uvm-core	uvm-core-2020.3.1/src/tlm1/uvm_sqr_ifs.svh	1952	1952	1280	52	11191		#(type T1=uvm_object, T2=T1) extends uvm_void; // Task -- NODOCS -- get_next_
IN-WINDOW		uvm-core	uvm-core-2020.3.1/src/tlm1/uvm_tlm_fifo_base.svh	2313	2313	1219	61	9531		xtends uvm_component; `uvm_component_abstract_param_utils(uvm_tlm_fifo_base #
IN-WINDOW		uvm-core	uvm-core-2020.3.1/src/tlm1/uvm_tlm_ifs.svh	2616	2616	1190	60	7977		nt) extends uvm_void; // Group -- NODOCS -- Blocking put // Task -- NODOCS
IN-WINDOW		uvm-core	uvm-core-2020.3.1/src/tlm1/uvm_tlm_imps.svh	3062	3063	1171	109	7135		\ task put (TYPE arg); \ imp.put(arg); \ endtask `define UVM_NONBLOCKI
IN-WINDOW		uvm-core	uvm-core-2020.3.1/src/tlm2/uvm_tlm2_ifs.svh	2816	2816	2309	96	7072		_tlm_generic_payload, type P=uvm_tlm_phase_e) extends uvm_void;
IN-WINDOW		uvm-core	uvm-core-2020.3.1/src/tlm2/uvm_tlm2_imps.svh	3030	3031	2930	71	8966		tion uvm_tlm_sync_e nb_transport_fw(T t, ref P p, input uvm_tlm_time delay); \
IN-WINDOW		uvm-core	uvm-core-2020.3.1/src/uvm_pkg.sv	1421	1424	1211	45	2501		tic bit notifier; `ifndef XCELIUM string notifier_signal_name = $sfor
IN-WINDOW		verible	verible/verilog/tools/kythe/testdata/include_file_test/package_with_include.sv	309	311	311	9	817		vh.node/kind file `include "package_with_include_class.svh" endpackage module
IN-WINDOW		verilator	test_regress/t/t_case_huge_sub2.v	686	687	687	26	8274		case (index[7:0]) `ifdef VERILATOR // Harder test 8'h00: begin
IN-WINDOW		verilator	test_regress/t/t_case_write2_tasks.v	327	329	329	13	110553		ff CASEINCOMPLETE `define FD_BITS 31:0 parameter STRLEN = 78; task ozoner
IN-WINDOW		verilator	test_regress/t/t_config_rules_sub.v	392	393	203	13	881		s.C %%m=%m %%l=%l", `STRINGIFY(m)); endtask endclass initial $display("%
IN-WINDOW		verilator	test_regress/t/t_embed1_wrap.v	738	739	739	27	2555		End of automatics `ifdef verilator // Import $t_embed_child__initial etc as
IN-WINDOW		verilator	test_regress/t/t_flag_relinc_dir/chip/t_flag_relinc_sub.v	436	441	352	13	485		initial begin `all_finished; $finish; end endmodule
IN-WINDOW		verilator	test_regress/t/t_hier_block_import/t_hier_block_import_subB.v	477	478	478	13	498		t ); assign out = `VALUE_B; endmodule
IN-WINDOW		verilator	test_regress/t/t_hier_block_import/t_hier_block_import_subsub.v	363	368	368	10	502		odule subsub #( `include "t_hier_block_import.vh" ) ( output bit [31:0]
IN-WINDOW		verilator	test_regress/t/t_sv_cpu_code/ac_dig.sv	1757	1758	1758	79	3421		ways_comb begin `ifdef VERILATOR //TODO dbus.sConnect( .id(ID), .rst(r
IN-WINDOW		verilator	test_regress/t/t_sv_cpu_code/chip.sv	555	555	555	19	3476		// **** Pinout **** `ifdef VERILATOR // see t_tri_array inout wire [NUMPADS:1
IN-WINDOW		verilator	test_regress/t/t_sv_cpu_code/pad_gpio.sv	786	786	786	30	1147		pad connection **** `ifndef VERILATOR //TODO alias alias ana = pad; `endif
IN-WINDOW		verilator	test_regress/t/t_sv_cpu_code/pads.sv	572	572	572	23	2800		// **** Pinout **** `ifdef VERILATOR // see t_tri_array inout wire [NUMPADS:1
IN-WINDOW		verilator	test_regress/t/t_sv_cpu_code/pinout_h.sv	558	561	248	21	1736		packed { t_pinid id; t_padtype padtype; int aux; } t_pin_descriptor;
IN-WINDOW		verilator	test_regress/t/t_sv_cpu_code/rom.sv	537	544	544	19	876		[0:13] = '{ `LDI( R0, 11 ) `LDI( R1, 22 ) `LDI( R2, 33 )
IN-WINDOW		verilator	test_regress/t/uvm/uvm_pkg_all_v2017_1_0_dpi.svh	1788	1792	1217	46	1533677		SG, VERBOSITY) \ begin \ if (uvm_report_enabled(VERBOSITY,UVM_INFO,ID))
IN-WINDOW		verilator	test_regress/t/uvm/uvm_pkg_all_v2017_1_0_nodpi.svh	1809	1813	1219	47	1534767		SG, VERBOSITY) \ begin \ if (uvm_report_enabled(VERBOSITY,UVM_INFO,ID))
IN-WINDOW		verilator	test_regress/t/uvm/uvm_pkg_all_v2020_3_1_dpi.svh	2323	2327	1263	60	1908208		port_object()) \ begin \ uvm_pkg::uvm_report_object _local_report_object
IN-WINDOW		verilator	test_regress/t/uvm/uvm_pkg_all_v2020_3_1_nodpi.svh	2344	2348	1265	61	1908678		port_object()) \ begin \ uvm_pkg::uvm_report_object _local_report_object
IN-WINDOW		verilator	test_regress/t/uvm/v2017_1_0/dpi/uvm_hdl.svh	1801	1802	1385	54	5687		UVM_HDL_MAX_WIDTH = `UVM_HDL_MAX_WIDTH; typedef logic [UVM_HDL_MAX_WIDTH-1:0]
IN-WINDOW		verilator	test_regress/t/uvm/v2020_3_1/dpi/uvm_hdl.svh	2190	2191	1771	65	6062		UVM_HDL_MAX_WIDTH = `UVM_HDL_MAX_WIDTH; typedef logic [UVM_HDL_MAX_WIDTH-1:0]
NO-ALTERABLE-TICK	CROSS-LIBRARY	Surelog	tests/SimpleClass/Environemnt.sv	568	569		17	1172	Driver @ stimuli/sv/subs/verilator/test_regress/t/t_wait_iface_vif.v	tf[4] ; Driver drvr; Receiver rcvr[4]; Scoreboard sb; mailbox drvr2sb
NO-ALTERABLE-TICK	CROSS-LIBRARY	Surelog	tests/SimpleClass/top_1.sv	797	798		51	1018	uvm_packer @ stimuli/sv/uvm/uvm-core-2020.3.1/src/base/uvm_coreservice.svh	name="", uvm_packer packer=null); // `uvm_fatal("UVMC",{"Port '
NO-ALTERABLE-TICK	CROSS-LIBRARY	Surelog	tests/SplitFile/svaunit_pkg.sv	1081	1081		33	130192	uvm_default_report_server @ stimuli/sv/uvm/uvm-core-2020.3.1/src/base/uvm_root.svh	efault_report_server; typedef uvm_object_registry#(svaunit_reporte
NO-ALTERABLE-TICK	CROSS-LIBRARY	opentitan	hw/ip/spi_device/pre_dv/program/spiflash.sv	6130	6131		192	18278	static @ stimuli/sv/subs/slang/tests/regression/all.sv	_capacity static task main(); // Main function forever begin au
NO-ALTERABLE-TICK	CROSS-LIBRARY	opentitan	hw/ip/spi_device/pre_dv/tb/spid_jedec_tb.sv	1926	1927		97	4748	static @ stimuli/sv/subs/slang/tests/regression/all.sv	end static task host(); automatic int unsigned num_cc; logic [23:0]
NO-ALTERABLE-TICK	CROSS-LIBRARY	opentitan	hw/ip/spi_device/pre_dv/tb/spid_upload_tb.sv	4697	4698		186	19916	i @ stimuli/sv/subs/verilator/test_regress/t/t_dpi_arg_input_type.v	end static task host(); // Prep data automatic logic [7:0] payload
NO-ALTERABLE-TICK	CROSS-LIBRARY	opentitan	hw/vendor/lowrisc_ibex/dv/uvm/core_ibex/tests/core_ibex_report_server.sv	214	214		5	764	uvm_default_report_server @ stimuli/sv/uvm/uvm-core-2020.3.1/src/base/uvm_root.svh	efault_report_server; function new(string name = ""); super.new(name);
NO-ALTERABLE-TICK	FACT-GATED-CROSS-FILE	Surelog	tests/AllBinding/dut.sv	40	56		1	140	type_scr1_mem_resp_e @ stimuli/sv/subs/Surelog/tests/AllBinding/enum.sv	sp_e dmem2exu_resp_i); type_scr1_mem_resp_e dmem2
NO-ALTERABLE-TICK	FACT-GATED-CROSS-FILE	Surelog	tests/ClassFuncProto/top.v	289	290		30	708	REQ @ stimuli/sv/subs/Surelog/tests/ClassExtendParam/dut.sv	ity; function REQ get_current_item(); REQ t; endfunction function v
NO-ALTERABLE-TICK	FACT-GATED-CROSS-FILE	Surelog	tests/FSMBsp13/top.v	1034	1035		63	2131	s @ stimuli/sv/subs/Surelog/tests/PackageHierRef/packages.sv	3 r = ~r; #2 s = ~s; #5 t = ~t; #3 u = ~u; #5 v = ~v; en
NO-ALTERABLE-TICK	FACT-GATED-CROSS-FILE	Surelog	tests/GenerateAssigns/top.v	799	800		25	1167	a @ stimuli/sv/subs/Surelog/tests/HierPathVarArray/dut.sv	assign y = a ~& b; end else begin : u2 case (q)
NO-ALTERABLE-TICK	FACT-GATED-CROSS-FILE	Surelog	tests/SimpleClass1/top_1.v	100	100		8	259	uvm_void @ stimuli/sv/subs/Surelog/tests/ClassVirtual/dut.sv	r #(type IF=uvm_void) extends IF; endclass typedef uvm_sequencer #(uvm_sequ
NO-ALTERABLE-TICK	FACT-GATED-CROSS-FILE	Surelog	tests/SimpleClass2/top.v	148	149		13	743	uvm_component @ stimuli/sv/subs/Surelog/tests/SimpleClass1/top.v	name, uvm_component parent); function foo(string name = ""); endfunct
NO-ALTERABLE-TICK	FACT-GATED-CROSS-FILE	Surelog	tests/SplitFile/amiq_eth_ve_top.v	7083	7083		273	360140	uvm_object @ stimuli/sv/subs/Surelog/tests/ThisHier/dut.sv	t extends uvm_object; rand int min_frame_size; constraint min_frame_size_c {
NO-ALTERABLE-TICK	FACT-GATED-CROSS-FILE	Surelog	tests/UnitForeach/top2.v	66	67		5	410	uvm_sequencer_base @ stimuli/sv/subs/Surelog/tests/ClassExtendParam/dut.sv	ncer_base::do_print (uvm_printer printer); super.do_print(printer); prin
NO-ALTERABLE-TICK	FACT-GATED-CROSS-FILE	opentitan	hw/dv/sv/csrng_agent/csrng_if.sv	468	471		15	3359	csrng_req_t @ stimuli/sv/subs/opentitan/hw/ip/csrng/rtl/csrng_pkg.sv	wire csrng_req_t cmd_req; wire csrng_rsp_t cmd_rsp; // Internal versio
NO-ALTERABLE-TICK	FACT-GATED-CROSS-FILE	opentitan	hw/dv/sv/flash_phy_prim_agent/flash_phy_prim_if.sv	314	315		11	752	flash_phy_prim_flash_req_t @ stimuli/sv/subs/opentitan/hw/ip_templates/flash_ctrl/rtl/flash_phy_pkg.sv	eq_t [NumBanks-1:0] req; flash_phy_prim_flash_rsp_t [NumBanks-1:0] rsp; // I
NO-ALTERABLE-TICK	FACT-GATED-CROSS-FILE	opentitan	hw/dv/sv/mem_bkdr_util/mem_bkdr_util_row_adapter.sv	457	458		13	2159	uint32_t @ stimuli/sv/subs/opentitan/hw/dv/sv/dv_utils/dv_utils_pkg.sv	protected uint32_t num_extra_bits = 0; // Return the number of extra bits of
NO-ALTERABLE-TICK	FACT-GATED-CROSS-FILE	opentitan	hw/ip/adc_ctrl/rtl/adc_ctrl_intr.sv	602	603		24	4687	adc_ctrl_reg2hw_intr_state_reg_t @ stimuli/sv/subs/opentitan/hw/ip/adc_ctrl/rtl/adc_ctrl_reg_pkg.sv	hw_intr_state_reg_t intr_state_i, input adc_ctrl_reg2hw_intr_enable_reg_t int
NO-ALTERABLE-TICK	FACT-GATED-CROSS-FILE	opentitan	hw/ip/aes/dv/err_injection_if/fi_cipher_fsm_wrapper.sv	487	488		17	707	aes_cipher_ctrl_e @ stimuli/sv/subs/opentitan/hw/ip/aes/rtl/aes_pkg.sv	t aes_cipher_ctrl_e aes_cipher_ctrl_cs ); // declare interface fi_cipher_
NO-ALTERABLE-TICK	FACT-GATED-CROSS-FILE	opentitan	hw/ip/aes/dv/err_injection_if/fi_control_fsm_wrapper.sv	467	468		17	681	aes_ctrl_e @ stimuli/sv/subs/opentitan/hw/ip/aes/rtl/aes_pkg.sv	input aes_ctrl_e aes_ctrl_cs ); // declare interface fi_control_if fi
NO-ALTERABLE-TICK	FACT-GATED-CROSS-FILE	opentitan	hw/ip/aes/dv/err_injection_if/fi_core_wrapper.sv	460	461		17	642	aes_ctrl_e @ stimuli/sv/subs/opentitan/hw/ip/aes/rtl/aes_pkg.sv	input aes_ctrl_e aes_ctrl_cs ); // declare interface fi_core_if fi_if
NO-ALTERABLE-TICK	FACT-GATED-CROSS-FILE	opentitan	hw/ip/aes/dv/err_injection_if/fi_ctr_fsm_wrapper.sv	460	461		17	674	aes_ctr_e @ stimuli/sv/subs/opentitan/hw/ip/aes/rtl/aes_pkg.sv	input aes_ctr_e aes_ctr_cs ); // declare interface fi_ctr_fsm_if fi_
NO-ALTERABLE-TICK	FACT-GATED-CROSS-FILE	opentitan	hw/ip/aes/dv/err_injection_if/fi_ghash_wrapper.sv	464	465		17	650	aes_ghash_e @ stimuli/sv/subs/opentitan/hw/ip/aes/rtl/aes_pkg.sv	input aes_ghash_e aes_ghash_cs ); // declare interface fi_ghash_if fi_
NO-ALTERABLE-TICK	FACT-GATED-CROSS-FILE	opentitan	hw/ip/aes/pre_dv/aes_cipher_core_tb/rtl/aes_cipher_core_tb.sv	1158	1160		31	13325	sbox_impl_e @ stimuli/sv/subs/opentitan/hw/ip/aes/rtl/aes_pkg.sv	lparam sbox_impl_e SecSBoxImpl = SecMasking ? SBoxImplDom : SBoxImplCanright;
NO-ALTERABLE-TICK	FACT-GATED-CROSS-FILE	opentitan	hw/ip/aes/pre_dv/aes_tb/rtl/aes_tb_c_dpi.sv	798	799		21	5194	c_dpi_input_t @ stimuli/sv/subs/opentitan/hw/ip/aes/pre_dv/aes_tb/rtl/aes_tb_pkg.sv	input c_dpi_input_t c_dpi_input_i, input logic c_dpi_load_i, // Flop
NO-ALTERABLE-TICK	FACT-GATED-CROSS-FILE	opentitan	hw/ip/aes/pre_dv/aes_tb/rtl/tlul_delayer.sv	314	315		13	2952	tl_h2d_t @ stimuli/sv/subs/opentitan/hw/ip/tlul/rtl/tlul_pkg.sv	, input tl_h2d_t tl_h2d_i, input tl_d2h_t tl_d2h_i, output tl_h2d_t tl_h
NO-ALTERABLE-TICK	FACT-GATED-CROSS-FILE	opentitan	hw/ip/aes/rtl/aes_cipher_control_fsm_n.sv	774	775		17	13595	sbox_impl_e @ stimuli/sv/subs/opentitan/hw/ip/aes/rtl/aes_pkg.sv	rameter sbox_impl_e SecSBoxImpl = SBoxImplDom ) ( input logic clk
NO-ALTERABLE-TICK	FACT-GATED-CROSS-FILE	opentitan	hw/ip/aes/rtl/aes_cipher_control_fsm_p.sv	462	463		13	12123	sbox_impl_e @ stimuli/sv/subs/opentitan/hw/ip/aes/rtl/aes_pkg.sv	rameter sbox_impl_e SecSBoxImpl = SBoxImplDom ) ( input logic clk
NO-ALTERABLE-TICK	FACT-GATED-CROSS-FILE	opentitan	hw/ip/aes/rtl/aes_ctr.sv	494	532		15	7338	sp2v_e @ stimuli/sv/subs/opentitan/hw/ip/aes/rtl/aes_pkg.sv	inc32_i, input sp2v_e
NO-ALTERABLE-TICK	FACT-GATED-CROSS-FILE	opentitan	hw/ip/aes/rtl/aes_ghash_wrap.sv	657	671		21	4497	aes_op_e @ stimuli/sv/subs/opentitan/hw/ip/aes/rtl/aes_pkg.sv	s_op_e op_i, input gcm_phase_e gcm_phase_i, input l
NO-ALTERABLE-TICK	FACT-GATED-CROSS-FILE	opentitan	hw/ip/aes/rtl/aes_reduced_round.sv	402	403		11	2669	sbox_impl_e @ stimuli/sv/subs/opentitan/hw/ip/aes/rtl/aes_pkg.sv	rameter sbox_impl_e SecSBoxImpl = SBoxImplDom ) ( input logic
NO-ALTERABLE-TICK	FACT-GATED-CROSS-FILE	opentitan	hw/ip/aes/rtl/aes_sub_bytes.sv	256	257		9	3426	sbox_impl_e @ stimuli/sv/subs/opentitan/hw/ip/aes/rtl/aes_pkg.sv	rameter sbox_impl_e SecSBoxImpl = SBoxImplDom ) ( input logic
NO-ALTERABLE-TICK	FACT-GATED-CROSS-FILE	opentitan	hw/ip/aes/rtl/aes_wrap.sv	901	902		17	17625	sbox_impl_e @ stimuli/sv/subs/opentitan/hw/ip/aes/rtl/aes_pkg.sv	rameter sbox_impl_e SecSBoxImpl = SBoxImplDom // See aes_pkg.sv ) ( input l
NO-ALTERABLE-TICK	FACT-GATED-CROSS-FILE	opentitan	hw/ip/aon_timer/rtl/aon_timer_core.sv	538	547		15	3178	aon_timer_reg2hw_t @ stimuli/sv/subs/opentitan/hw/ip/aon_timer/rtl/aon_timer_reg_pkg.sv	er_reg2hw_t reg2hw_i, output logic wkup_count_reg
NO-ALTERABLE-TICK	FACT-GATED-CROSS-FILE	opentitan	hw/ip/ascon/pre_dv/ascon_tb/rtl/ascon_tl_ul_stim.sv	473	474		20	7342	tl_d2h_t @ stimuli/sv/subs/opentitan/hw/ip/tlul/rtl/tlul_pkg.sv	output tl_d2h_t expected_tlul_resonse_o, output tl_h2d_t tlul_stimulus_o,
NO-ALTERABLE-TICK	FACT-GATED-CROSS-FILE	opentitan	hw/ip/ascon/pre_dv/ascon_tb/rtl/ascon_tl_ul_stim_pkg.sv	285	286		12	1396	tl_h2d_t @ stimuli/sv/subs/opentitan/hw/ip/tlul/rtl/tlul_pkg.sv	automatic tl_h2d_t put_full_data (logic [31:0] data, logic [7:0] address);
NO-ALTERABLE-TICK	FACT-GATED-CROSS-FILE	opentitan	hw/ip/ascon/rtl/ascon_core.sv	647	648		29	23530	ascon_reg2hw_t @ stimuli/sv/subs/opentitan/hw/ip/ascon/rtl/ascon_reg_pkg.sv	put ascon_reg2hw_t reg2hw, output ascon_hw2reg_t hw2reg, output prim_mubi_
NO-ALTERABLE-TICK	FACT-GATED-CROSS-FILE	opentitan	hw/ip/csrng/rtl/csrng_block_encrypt.sv	611	617		20	3771	csrng_key_v_t @ stimuli/sv/subs/opentitan/hw/ip/csrng/rtl/csrng_pkg.sv	csrng_key_v_t req_data_i, // Response to ctr_drbg output logic
NO-ALTERABLE-TICK	FACT-GATED-CROSS-FILE	opentitan	hw/ip/entropy_src/dv/cov/entropy_src_fsm_cov_if.sv	461	462		14	903	state_e @ stimuli/sv/subs/opentitan/hw/vendor/pulp_riscv_dbg/src/dmi_jtag.sv	_i, input state_e state_i, input state_e state_o ); state_e next_state, c
NO-ALTERABLE-TICK	FACT-GATED-CROSS-FILE	opentitan	hw/ip/lc_ctrl/rtl/lc_ctrl_state_decode.sv	423	432		13	7440	lc_state_e @ stimuli/sv/subs/opentitan/hw/ip/lc_ctrl/rtl/lc_ctrl_state_pkg.sv	lc_state_e lc_state_i, input lc_cnt_e lc_cnt_i, input l
NO-ALTERABLE-TICK	FACT-GATED-CROSS-FILE	opentitan	hw/ip/lc_ctrl/rtl/lc_ctrl_state_transition.sv	522	531		15	10365	lc_state_e @ stimuli/sv/subs/opentitan/hw/ip/lc_ctrl/rtl/lc_ctrl_state_pkg.sv	lc_state_e lc_state_i, input lc_cnt_e lc_cnt_i, // Main
NO-ALTERABLE-TICK	FACT-GATED-CROSS-FILE	opentitan	hw/ip/otbn/dv/verilator/otbn_mock_edn.sv	541	542		21	2088	edn_req_t @ stimuli/sv/subs/opentitan/hw/ip/edn/rtl/edn_pkg.sv	input edn_req_t edn_req_i, output edn_rsp_t edn_rsp_o, output [Width-1:
NO-ALTERABLE-TICK	FACT-GATED-CROSS-FILE	opentitan	hw/ip/otbn/dv/verilator/otbn_mock_edn_bivium.sv	535	536		16	1429	edn_req_t @ stimuli/sv/subs/opentitan/hw/ip/edn/rtl/edn_pkg.sv	input edn_req_t edn_req_i, output edn_rsp_t edn_rsp_o ); int idx_q;
NO-ALTERABLE-TICK	FACT-GATED-CROSS-FILE	opentitan	hw/ip/otbn/pre_sca/rtl/otbn_mask_accelerator_sca_wrapper.sv	1028	1053		25	3338	mask_op_e @ stimuli/sv/subs/opentitan/hw/ip/otbn/rtl/otbn_pkg.sv	mask_op_i, // All SecAddVecSize elements presented at onc
NO-ALTERABLE-TICK	FACT-GATED-CROSS-FILE	opentitan	hw/ip/otbn/pre_sca/rtl/otbn_mask_accelerator_sca_wrapper_prolead.sv	823	848		24	2221	mask_op_e @ stimuli/sv/subs/opentitan/hw/ip/otbn/rtl/otbn_pkg.sv	mask_op_i, // share0_i = {b_share0, a_share0} input lo
NO-ALTERABLE-TICK	FACT-GATED-CROSS-FILE	opentitan	hw/ip/otbn/rtl/otbn_mod_result_selector.sv	3632	3643		82	5524	alu_elen_e @ stimuli/sv/subs/opentitan/hw/ip/otbn/rtl/otbn_pkg.sv	lu_elen_e elen_i, output logic [VLEN-1:0] result_o, output log
NO-ALTERABLE-TICK	FACT-GATED-CROSS-FILE	opentitan	hw/ip/pattgen/rtl/pattgen_chan.sv	326	328		10	6909	pattgen_chan_ctrl_t @ stimuli/sv/subs/opentitan/hw/ip/pattgen/rtl/pattgen_ctrl_pkg.sv	attgen_chan_ctrl_t ctrl_i, output logic pda_o, output logic
NO-ALTERABLE-TICK	FACT-GATED-CROSS-FILE	opentitan	hw/ip/pattgen/rtl/pattgen_core.sv	383	384		13	3502	pattgen_reg2hw_t @ stimuli/sv/subs/opentitan/hw/ip/pattgen/rtl/pattgen_reg_pkg.sv	t pattgen_reg2hw_t reg2hw, output pattgen_hw2reg_t hw2reg, output logic
NO-ALTERABLE-TICK	FACT-GATED-CROSS-FILE	opentitan	hw/ip/prim/fpv/tb/prim_alert_rxtx_async_fatal_tb.sv	870	871		29	3571	mubi4_t @ stimuli/sv/subs/opentitan/hw/ip/prim/rtl/prim_mubi_pkg.sv	i, input mubi4_t init_trig_i, input ping_req_i, output logic a
NO-ALTERABLE-TICK	FACT-GATED-CROSS-FILE	opentitan	hw/ip/prim/fpv/tb/prim_alert_rxtx_async_tb.sv	838	839		29	3522	mubi4_t @ stimuli/sv/subs/opentitan/hw/ip/prim/rtl/prim_mubi_pkg.sv	i, input mubi4_t init_trig_i, input ping_req_i, output logic alert
NO-ALTERABLE-TICK	FACT-GATED-CROSS-FILE	opentitan	hw/ip/prim/fpv/tb/prim_alert_rxtx_fatal_tb.sv	745	746		26	2144	mubi4_t @ stimuli/sv/subs/opentitan/hw/ip/prim/rtl/prim_mubi_pkg.sv	i, input mubi4_t init_trig_i, input ping_req_i, output logic alert
NO-ALTERABLE-TICK	FACT-GATED-CROSS-FILE	opentitan	hw/ip/prim/fpv/tb/prim_alert_rxtx_tb.sv	739	740		26	2094	mubi4_t @ stimuli/sv/subs/opentitan/hw/ip/prim/rtl/prim_mubi_pkg.sv	i, input mubi4_t init_trig_i, input ping_req_i, output logic alert
NO-ALTERABLE-TICK	FACT-GATED-CROSS-FILE	opentitan	hw/ip/prim/pre_dv/prim_ascon/prim_ascon_duplex_tb/rtl/prim_ascon_duplex_tb.sv	730	731		26	12069	duplex_op_e @ stimuli/sv/subs/opentitan/hw/ip/prim/rtl/prim_ascon_pkg.sv	rameter duplex_op_e OPERATION = ASCON_ENC; parameter duplex_variant_e VARIANT
NO-ALTERABLE-TICK	FACT-GATED-CROSS-FILE	opentitan	hw/ip/prim/rtl/prim_lc_dec.sv	312	313		11	802	lc_tx_t @ stimuli/sv/subs/opentitan/hw/ip/lc_ctrl/rtl/lc_ctrl_pkg.sv	( input lc_tx_t lc_en_i, output logic lc_en_dec_o ); logic [lc_ctrl_pkg
NO-ALTERABLE-TICK	FACT-GATED-CROSS-FILE	opentitan	hw/ip/prim/rtl/prim_racl_error_arb.sv	354	355		12	2476	racl_error_log_t @ stimuli/sv/subs/opentitan/hw/top_darjeeling/rtl/autogen/top_racl_pkg.sv	t racl_error_log_t error_log_i[N], output racl_error_log_t error_log_o ); /
NO-ALTERABLE-TICK	FACT-GATED-CROSS-FILE	opentitan	hw/ip/prim/rtl/prim_sha2_32.sv	431	432		15	11566	sha_word32_t @ stimuli/sv/subs/opentitan/hw/ip/prim/rtl/prim_sha2_pkg.sv	input sha_word32_t wipe_v_i, // Control signals and message words input to th
NO-ALTERABLE-TICK	FACT-GATED-CROSS-FILE	opentitan	hw/ip/prim/rtl/prim_subreg.sv	344	348		11	1838	sw_access_e @ stimuli/sv/subs/opentitan/hw/ip/prim/rtl/prim_subreg_pkg.sv	eter sw_access_e SwAccess = SwAccessRW, parameter logic [DW-1:0] RESVAL =
NO-ALTERABLE-TICK	FACT-GATED-CROSS-FILE	opentitan	hw/ip/prim/rtl/prim_subreg_arb.sv	389	390		11	8993	sw_access_e @ stimuli/sv/subs/opentitan/hw/ip/prim/rtl/prim_subreg_pkg.sv	rameter sw_access_e SwAccess = SwAccessRW, parameter bit Mubi = 1'
NO-ALTERABLE-TICK	FACT-GATED-CROSS-FILE	opentitan	hw/ip/rom_ctrl/dv/formal/tb.sv	393	394		14	1228	rom_cfg_req_t @ stimuli/sv/subs/opentitan/hw/ip/prim_generic/rtl/prim_rom_pkg.sv	nput rom_cfg_req_t rom_cfg_req_i, input tlul_pkg::tl_h2d_t rom_tl_i, outp
NO-ALTERABLE-TICK	FACT-GATED-CROSS-FILE	opentitan	hw/ip/rom_ctrl/rtl/rom_ctrl_mux.sv	628	637		21	4155	mubi4_t @ stimuli/sv/subs/opentitan/hw/ip/prim/rtl/prim_mubi_pkg.sv	put mubi4_t sel_bus_i, // Interface for bus input logic [AW-1:0] b
NO-ALTERABLE-TICK	FACT-GATED-CROSS-FILE	opentitan	hw/ip/rram_ctrl/rtl/rram_ctrl_pkg.sv	7351	7352		211	14759	rram_ctrl_reg2hw_mp_region_mreg_t @ stimuli/sv/subs/opentitan/hw/ip/rram_ctrl/rtl/rram_ctrl_reg_pkg.sv	hw_mp_region_mreg_t sw_region_t; typedef rram_ctrl_reg2hw_mp_region_cfg_mreg_t
NO-ALTERABLE-TICK	FACT-GATED-CROSS-FILE	opentitan	hw/ip/rram_ctrl/rtl/rram_ctrl_region_cfg.sv	852	860		26	6596	sw_region_t @ stimuli/sv/subs/opentitan/hw/ip/rram_ctrl/rtl/rram_ctrl_pkg.sv	Regions-1:0] region_i, input sw_region_cfg_t [MpRegions-1:0] region_
NO-ALTERABLE-TICK	FACT-GATED-CROSS-FILE	opentitan	hw/ip/rram_ctrl/rtl/rram_phy.sv	526	527		15	14298	rram_key_t @ stimuli/sv/subs/opentitan/hw/ip/rram_ctrl/rtl/rram_ctrl_pkg.sv	arameter rram_key_t RndCnstAddrKey = RndCnstAddrKeyDefault, parameter rram_key
NO-ALTERABLE-TICK	FACT-GATED-CROSS-FILE	opentitan	hw/ip/rram_ctrl/rtl/rram_scramble.sv	505	506		13	8222	rram_key_t @ stimuli/sv/subs/opentitan/hw/ip/rram_ctrl/rtl/rram_ctrl_pkg.sv	arameter rram_key_t RndCnstAddrKey = RndCnstAddrKeyDefault, parameter rram_key
NO-ALTERABLE-TICK	FACT-GATED-CROSS-FILE	opentitan	hw/ip/spi_device/pre_dv/program/prog_passthrough_host.sv	336	337		16	13084	spi_data_t @ stimuli/sv/subs/opentitan/hw/ip/spi_device/pre_dv/tb/spid_common.sv	spi_data_t [2:0] status; spi_data_t jedec_id; logic [15:0] device_id;
NO-ALTERABLE-TICK	FACT-GATED-CROSS-FILE	opentitan	hw/ip/spi_device/pre_dv/tb/spid_common.sv	2341	2342		87	33703	cmd_info_t @ stimuli/sv/subs/opentitan/hw/ip/spi_device/rtl/spi_device_pkg.sv	umTotalCmdInfo-1:0] CmdInfo = { // 27: WRDI '{ valid: 1
NO-ALTERABLE-TICK	FACT-GATED-CROSS-FILE	opentitan	hw/ip/spi_device/pre_dv/tb/spid_status_tb.sv	2004	2005		96	6523	spi_data_t @ stimuli/sv/subs/opentitan/hw/ip/spi_device/pre_dv/tb/spid_common.sv	t(); spi_data_t data; // Initial config spi_mode = FlashMode;
NO-ALTERABLE-TICK	FACT-GATED-CROSS-FILE	opentitan	hw/ip/spi_device/rtl/spid_dpram.sv	707	708		18	9652	sram_type_e @ stimuli/sv/subs/opentitan/hw/ip/spi_device/rtl/spi_device_pkg.sv	ameter sram_type_e SramType = DefaultSramType, parameter bit EnableECC
NO-ALTERABLE-TICK	FACT-GATED-CROSS-FILE	opentitan	hw/ip/sysrst_ctrl/rtl/sysrst_ctrl_autoblock.sv	1009	1010		21	2731	sysrst_ctrl_reg2hw_auto_block_debounce_ctl_reg_t @ stimuli/sv/subs/opentitan/hw/ip/sysrst_ctrl/rtl/sysrst_ctrl_reg_pkg.sv	_debounce_ctl_reg_t aon_auto_block_debounce_ctl_i, input sysrst_ctrl_reg2hw_a
NO-ALTERABLE-TICK	FACT-GATED-CROSS-FILE	opentitan	hw/ip/sysrst_ctrl/rtl/sysrst_ctrl_combo.sv	1099	1126		21	6149	sysrst_ctrl_reg2hw_ec_rst_ctl_reg_t @ stimuli/sv/subs/opentitan/hw/ip/sysrst_ctrl/rtl/sysrst_ctrl_reg_pkg.sv	ec_rst_ctl_i, input sysrst_ctrl_reg2hw_key_intr_debounce_
NO-ALTERABLE-TICK	FACT-GATED-CROSS-FILE	opentitan	hw/ip/sysrst_ctrl/rtl/sysrst_ctrl_comboact.sv	514	515		20	2927	sysrst_ctrl_reg2hw_ec_rst_ctl_reg_t @ stimuli/sv/subs/opentitan/hw/ip/sysrst_ctrl/rtl/sysrst_ctrl_reg_pkg.sv	hw_ec_rst_ctl_reg_t ec_rst_ctl_i, output combo_intr_pulse_o, output bat_dis
NO-ALTERABLE-TICK	FACT-GATED-CROSS-FILE	opentitan	hw/ip/sysrst_ctrl/rtl/sysrst_ctrl_intr.sv	587	594		20	6894	sysrst_ctrl_reg2hw_wkup_status_reg_t @ stimuli/sv/subs/opentitan/hw/ip/sysrst_ctrl/rtl/sysrst_ctrl_reg_pkg.sv	_status_reg_t wkup_status_i, input sysrst_ctrl_reg2hw_intr_state_reg_t
NO-ALTERABLE-TICK	FACT-GATED-CROSS-FILE	opentitan	hw/ip/sysrst_ctrl/rtl/sysrst_ctrl_keyintr.sv	1075	1085		22	3476	sysrst_ctrl_reg2hw_key_intr_ctl_reg_t @ stimuli/sv/subs/opentitan/hw/ip/sysrst_ctrl/rtl/sysrst_ctrl_reg_pkg.sv	_ctl_reg_t key_intr_ctl_i, input sysrst_ctrl_reg2hw_key_intr_debounc
NO-ALTERABLE-TICK	FACT-GATED-CROSS-FILE	opentitan	hw/ip/sysrst_ctrl/rtl/sysrst_ctrl_pin.sv	924	925		32	4824	sysrst_ctrl_reg2hw_pin_allowed_ctl_reg_t @ stimuli/sv/subs/opentitan/hw/ip/sysrst_ctrl/rtl/sysrst_ctrl_reg_pkg.sv	n_allowed_ctl_reg_t aon_pin_allowed_ctl_i, input sysrst_ctrl_reg2hw_pin_out_ct
NO-ALTERABLE-TICK	FACT-GATED-CROSS-FILE	opentitan	hw/ip/sysrst_ctrl/rtl/sysrst_ctrl_ulp.sv	536	537		18	3213	sysrst_ctrl_reg2hw_ulp_ac_debounce_ctl_reg_t @ stimuli/sv/subs/opentitan/hw/ip/sysrst_ctrl/rtl/sysrst_ctrl_reg_pkg.sv	_debounce_ctl_reg_t ulp_ac_debounce_ctl_i, input sysrst_ctrl_reg2hw_ulp_lid_de
NO-ALTERABLE-TICK	FACT-GATED-CROSS-FILE	opentitan	hw/ip/usbdev/rtl/usbdev_iomux.sv	559	560		17	4759	usbdev_hw2reg_phy_pins_sense_reg_t @ stimuli/sv/subs/opentitan/hw/ip/usbdev/rtl/usbdev_reg_pkg.sv	hy_pins_sense_reg_t hw2reg_sense_o, input usbdev_reg2hw_phy_pins_drive_reg_t
NO-ALTERABLE-TICK	FACT-GATED-CROSS-FILE	opentitan	hw/ip_templates/clkmgr/rtl/clkmgr_byp.sv	472	482		17	4044	lc_tx_t @ stimuli/sv/subs/opentitan/hw/ip/lc_ctrl/rtl/lc_ctrl_pkg.sv	t lc_tx_t en_i, input lc_tx_t lc_clk_byp_req_i, output l
NO-ALTERABLE-TICK	FACT-GATED-CROSS-FILE	opentitan	hw/ip_templates/clkmgr/rtl/clkmgr_meas_chk.sv	898	899		29	3419	mubi4_t @ stimuli/sv/subs/opentitan/hw/ip/prim/rtl/prim_mubi_pkg.sv	_i, input mubi4_t src_cfg_meas_en_i, output logic src_cfg_meas_en_valid_o,
NO-ALTERABLE-TICK	FACT-GATED-CROSS-FILE	opentitan	hw/ip_templates/clkmgr/rtl/clkmgr_root_ctrl.sv	351	352		14	851	mubi4_t @ stimuli/sv/subs/opentitan/hw/ip/prim/rtl/prim_mubi_pkg.sv	i, input mubi4_t scanmode_i, input async_en_i, output logic en_o, outp
NO-ALTERABLE-TICK	FACT-GATED-CROSS-FILE	opentitan	hw/ip_templates/clkmgr/rtl/clkmgr_trans.sv	419	420		17	4405	mubi4_t @ stimuli/sv/subs/opentitan/hw/ip/prim/rtl/prim_mubi_pkg.sv	_i, input mubi4_t idle_i, input sw_hint_i, input mubi4_t scanmode_i, out
NO-ALTERABLE-TICK	FACT-GATED-CROSS-FILE	opentitan	hw/ip_templates/flash_ctrl/dv/env/flash_ctrl_if.sv	1781	1782		51	2669	flash_ctrl_top_specific_pkg @ stimuli/sv/subs/opentitan/hw/top_englishbreakfast/ip_autogen/flash_ctrl/rtl/flash_ctrl_top_specific_pkg.sv	ks-1:0][NumBuf-1:0] rd_buf; logic [flash_ctrl_top_specific_pkg::NumBanks-1:0]
NO-ALTERABLE-TICK	FACT-GATED-CROSS-FILE	opentitan	hw/ip_templates/flash_ctrl/dv/env/flash_ctrl_mem_if.sv	452	453		12	614	flash_part_e @ stimuli/sv/subs/opentitan/hw/top_englishbreakfast/ip_autogen/flash_ctrl/rtl/flash_ctrl_top_specific_pkg.sv	input flash_part_e mem_part, input logic [InfoTypesWidth-1:0] mem_info_sel,
NO-ALTERABLE-TICK	FACT-GATED-CROSS-FILE	opentitan	hw/ip_templates/flash_ctrl/dv/env/flash_mem_addr_attrs.sv	292	293		8	2396	addr_t @ stimuli/sv/subs/opentitan/hw/vendor/pulp_riscv_dbg/src/dmi_intf.sv	_attrs; addr_t addr; // Input addr, bus-word aligned. add
NO-ALTERABLE-TICK	FACT-GATED-CROSS-FILE	opentitan	hw/ip_templates/flash_ctrl/rtl/flash_ctrl_erase.sv	357	366		11	2389	flash_erase_e @ stimuli/sv/subs/opentitan/hw/top_englishbreakfast/ip_autogen/flash_ctrl/rtl/flash_ctrl_top_specific_pkg.sv	ash_erase_e op_type_i, input [BusAddrW-1:0] op_addr_i, input
NO-ALTERABLE-TICK	FACT-GATED-CROSS-FILE	opentitan	hw/ip_templates/flash_ctrl/rtl/flash_ctrl_prog.sv	468	470		16	5574	flash_ctrl_err_t @ stimuli/sv/subs/opentitan/hw/top_englishbreakfast/ip_autogen/flash_ctrl/rtl/flash_ctrl_top_specific_pkg.sv	t flash_ctrl_err_t op_err_o, input [BusAddrW-1:0] op_addr_i, input
NO-ALTERABLE-TICK	FACT-GATED-CROSS-FILE	opentitan	hw/ip_templates/flash_ctrl/rtl/flash_phy.sv	802	803		28	14593	flash_req_t @ stimuli/sv/subs/opentitan/hw/top_englishbreakfast/ip_autogen/flash_ctrl/rtl/flash_ctrl_top_specific_pkg.sv	input flash_req_t flash_ctrl_i, output flash_rsp_t flash_ctrl_o, input tlu
NO-ALTERABLE-TICK	FACT-GATED-CROSS-FILE	opentitan	hw/ip_templates/flash_ctrl/rtl/flash_phy_scramble.sv	749	750		22	7472	scramble_req_t @ stimuli/sv/subs/opentitan/hw/ip/rram_ctrl/rtl/rram_ctrl_pkg.sv	eq_t [NumBanks-1:0] scramble_req_i, output scramble_rsp_t [NumBanks-1:0] scram
NO-ALTERABLE-TICK	FACT-GATED-CROSS-FILE	opentitan	hw/ip_templates/otp_ctrl/rtl/otp_ctrl_token_const.sv	600	604		11	2750	digest_const_array_t @ stimuli/sv/subs/opentitan/hw/top_darjeeling/ip_autogen/otp_ctrl/rtl/otp_ctrl_part_pkg.sv	st_const_array_t RndCnstDigestConst = RndCnstDigestConstDefault, paramet
NO-ALTERABLE-TICK	FACT-GATED-CROSS-FILE	opentitan	hw/ip_templates/pinmux/rtl/pinmux_wkup.sv	497	517		15	2562	wkup_mode_e @ stimuli/sv/subs/opentitan/hw/top_darjeeling/ip_autogen/pinmux/rtl/pinmux_pkg.sv	wkup_mode_i, input [WkupCntWidth-1:0] wkup_cn
NO-ALTERABLE-TICK	FACT-GATED-CROSS-FILE	opentitan	hw/top_darjeeling/dv/autogen/xbar_env_pkg__params.sv	274	275		9	9122	tl_device_t @ stimuli/sv/subs/opentitan/hw/ip/tlul/generic_dv/env/xbar_env_pkg.sv	ory map tl_device_t xbar_devices[$] = '{ '{"rv_dm__regs", '{ '{32'h2
NO-ALTERABLE-TICK	FACT-GATED-CROSS-FILE	opentitan	hw/top_darjeeling/dv/env/autogen/chip_env_pkg__params.sv	212	213		7	2363	uint @ stimuli/sv/subs/opentitan/hw/dv/sv/dv_utils/dv_utils_pkg.sv	.py parameter uint NUM_ALERTS = 77; parameter string LIST_OF_ALERTS[NUM_ALERTS]
NO-ALTERABLE-TICK	FACT-GATED-CROSS-FILE	opentitan	hw/top_darjeeling/dv/env/mbx_if.sv	973	974		24	1352	chip_common_pkg @ stimuli/sv/subs/opentitan/hw/top_darjeeling/dv/env/chip_common_pkg.sv	_pkg::NUM_MBXS-1:0] interrupts; // Internal Signals // wire tlul_pkg::tl_h2
NO-ALTERABLE-TICK	FACT-GATED-CROSS-FILE	opentitan	hw/top_darjeeling/ip/xbar_dbg/dv/autogen/xbar_env_pkg__params.sv	273	274		9	759	tl_device_t @ stimuli/sv/subs/opentitan/hw/ip/tlul/generic_dv/env/xbar_env_pkg.sv	ory map tl_device_t xbar_devices[$] = '{ '{"rv_dm__dbg", '{ '{32'h00
NO-ALTERABLE-TICK	FACT-GATED-CROSS-FILE	opentitan	hw/top_darjeeling/ip/xbar_main/dv/autogen/xbar_env_pkg__params.sv	273	274		9	5515	tl_device_t @ stimuli/sv/subs/opentitan/hw/ip/tlul/generic_dv/env/xbar_env_pkg.sv	ory map tl_device_t xbar_devices[$] = '{ '{"rv_dm__regs", '{ '{32'h2
NO-ALTERABLE-TICK	FACT-GATED-CROSS-FILE	opentitan	hw/top_darjeeling/ip/xbar_mbx/dv/autogen/xbar_env_pkg__params.sv	273	274		9	1378	tl_device_t @ stimuli/sv/subs/opentitan/hw/ip/tlul/generic_dv/env/xbar_env_pkg.sv	ory map tl_device_t xbar_devices[$] = '{ '{"mbx0__soc", '{ '{32'h014
NO-ALTERABLE-TICK	FACT-GATED-CROSS-FILE	opentitan	hw/top_darjeeling/ip/xbar_peri/dv/autogen/xbar_env_pkg__params.sv	273	274		9	2147	tl_device_t @ stimuli/sv/subs/opentitan/hw/ip/tlul/generic_dv/env/xbar_env_pkg.sv	ory map tl_device_t xbar_devices[$] = '{ '{"uart0", '{ '{32'h3001000
NO-ALTERABLE-TICK	FACT-GATED-CROSS-FILE	opentitan	hw/top_darjeeling/ip_autogen/alert_handler/fpv/tb/alert_handler_esc_timer_tb.sv	838	839		25	1245	cstate_e @ stimuli/sv/subs/opentitan/hw/top_darjeeling/ip_autogen/alert_handler/rtl/alert_handler_pkg.sv	, output cstate_e esc_state_o ); alert_handler_esc_timer i_alert_handler_es
NO-ALTERABLE-TICK	FACT-GATED-CROSS-FILE	opentitan	hw/top_darjeeling/ip_autogen/alert_handler/rtl/alert_handler_reg_wrap.sv	737	742		18	16924	alert_crashdump_t @ stimuli/sv/subs/opentitan/hw/top_darjeeling/ip_autogen/alert_handler/rtl/alert_handler_pkg.sv	ert_crashdump_t crashdump_o, // hw2reg input hw2reg_wrap_t hw2r
NO-ALTERABLE-TICK	FACT-GATED-CROSS-FILE	opentitan	hw/top_darjeeling/ip_autogen/clkmgr/rtl/clkmgr_byp.sv	472	482		17	4044	lc_tx_t @ stimuli/sv/subs/opentitan/hw/ip/lc_ctrl/rtl/lc_ctrl_pkg.sv	t lc_tx_t en_i, input lc_tx_t lc_clk_byp_req_i, output l
NO-ALTERABLE-TICK	FACT-GATED-CROSS-FILE	opentitan	hw/top_darjeeling/ip_autogen/clkmgr/rtl/clkmgr_meas_chk.sv	898	899		29	3419	mubi4_t @ stimuli/sv/subs/opentitan/hw/ip/prim/rtl/prim_mubi_pkg.sv	_i, input mubi4_t src_cfg_meas_en_i, output logic src_cfg_meas_en_valid_o,
NO-ALTERABLE-TICK	FACT-GATED-CROSS-FILE	opentitan	hw/top_darjeeling/ip_autogen/clkmgr/rtl/clkmgr_root_ctrl.sv	351	352		14	851	mubi4_t @ stimuli/sv/subs/opentitan/hw/ip/prim/rtl/prim_mubi_pkg.sv	i, input mubi4_t scanmode_i, input async_en_i, output logic en_o, outp
NO-ALTERABLE-TICK	FACT-GATED-CROSS-FILE	opentitan	hw/top_darjeeling/ip_autogen/clkmgr/rtl/clkmgr_trans.sv	419	420		17	4405	mubi4_t @ stimuli/sv/subs/opentitan/hw/ip/prim/rtl/prim_mubi_pkg.sv	_i, input mubi4_t idle_i, input sw_hint_i, input mubi4_t scanmode_i, out
NO-ALTERABLE-TICK	FACT-GATED-CROSS-FILE	opentitan	hw/top_darjeeling/ip_autogen/otp_ctrl/rtl/otp_ctrl_part_pkg.sv	15643	15644		535	29454	otp_ctrl_core_hw2reg_t @ stimuli/sv/subs/opentitan/hw/top_darjeeling/ip_autogen/otp_ctrl/rtl/otp_ctrl_reg_pkg.sv	_ctrl_core_hw2reg_t named_reg_assign( logic [NumPart-1:0][ScrmblBlockWidth
NO-ALTERABLE-TICK	FACT-GATED-CROSS-FILE	opentitan	hw/top_darjeeling/ip_autogen/otp_ctrl/rtl/otp_ctrl_token_const.sv	600	604		11	2750	digest_const_array_t @ stimuli/sv/subs/opentitan/hw/top_darjeeling/ip_autogen/otp_ctrl/rtl/otp_ctrl_part_pkg.sv	st_const_array_t RndCnstDigestConst = RndCnstDigestConstDefault, paramet
NO-ALTERABLE-TICK	FACT-GATED-CROSS-FILE	opentitan	hw/top_darjeeling/ip_autogen/otp_ctrl/rtl/otp_ctrl_top_specific_pkg.sv	3931	3934		115	4318	sram_key_t @ stimuli/sv/subs/opentitan/hw/ip/otp_ctrl/rtl/otp_ctrl_pkg.sv	{ sram_key_t key; sram_nonce_t nonce; } scrmbl_key_init_t; localp
NO-ALTERABLE-TICK	FACT-GATED-CROSS-FILE	opentitan	hw/top_darjeeling/ip_autogen/pinmux/rtl/pinmux_pkg.sv	750	751		19	1685	pad_type_e @ stimuli/sv/subs/opentitan/hw/ip/prim/rtl/prim_pad_wrapper_pkg.sv	ed { pad_type_e [NDioPads-1:0] dio_pad_type; pad_type_e [NMioPads-1:0] m
NO-ALTERABLE-TICK	FACT-GATED-CROSS-FILE	opentitan	hw/top_darjeeling/ip_autogen/pinmux/rtl/pinmux_wkup.sv	497	517		15	2562	wkup_mode_e @ stimuli/sv/subs/opentitan/hw/top_darjeeling/ip_autogen/pinmux/rtl/pinmux_pkg.sv	wkup_mode_i, input [WkupCntWidth-1:0] wkup_cn
NO-ALTERABLE-TICK	FACT-GATED-CROSS-FILE	opentitan	hw/top_darjeeling/ip_autogen/rv_core_ibex/rtl/rv_core_ibex_addr_trans.sv	600	601		17	2802	region_cfg_t @ stimuli/sv/subs/opentitan/hw/ip/rv_core_ibex/rtl/rv_core_ibex_pkg.sv	_t [NumRegions-1:0] region_cfg_i, input logic [AddrWidth-1:0] addr_i, output
NO-ALTERABLE-TICK	FACT-GATED-CROSS-FILE	opentitan	hw/top_darjeeling/rtl/autogen/chip_darjeeling_asic.sv	13665	13666		306	79023	pad_attr_t @ stimuli/sv/subs/opentitan/hw/ip/prim/rtl/prim_pad_wrapper_pkg.sv	_pkg::NMioPads-1:0] mio_attr; pad_attr_t [pinmux_reg_pkg::NDioPads-1:0] dio_at
NO-ALTERABLE-TICK	FACT-GATED-CROSS-FILE	opentitan	hw/top_darjeeling/rtl/autogen/chip_darjeeling_verilator.sv	9338	9339		214	49968	pad_attr_t @ stimuli/sv/subs/opentitan/hw/ip/prim/rtl/prim_pad_wrapper_pkg.sv	_pkg::NMioPads-1:0] mio_attr; pad_attr_t [pinmux_reg_pkg::NDioPads-1:0] dio_at
NO-ALTERABLE-TICK	FACT-GATED-CROSS-FILE	opentitan	hw/top_darjeeling/rtl/autogen/testing/lc_ctrl_token_pkg.sv	614	615		18	971	lc_token_t @ stimuli/sv/subs/opentitan/hw/ip/lc_ctrl/rtl/lc_ctrl_state_pkg.sv	arameter lc_token_t AllZeroToken = { 128'h0 }; parameter lc_token_t RndC
NO-ALTERABLE-TICK	FACT-GATED-CROSS-FILE	opentitan	hw/top_darjeeling/rtl/autogen/top_darjeeling_racl_pkg.sv	794	795		28	22325	racl_policy_sel_t @ stimuli/sv/subs/opentitan/hw/top_darjeeling/rtl/autogen/top_racl_pkg.sv	r racl_policy_sel_t RACL_POLICY_SEL_VEC_MBX0_SOC [4] = '{ RACL_POLICY_SEL_AL
NO-ALTERABLE-TICK	FACT-GATED-CROSS-FILE	opentitan	hw/top_darjeeling/rtl/ibex_pmp_reset_pkg.sv	538	539		14	3064	pmp_cfg_t @ stimuli/sv/subs/opentitan/hw/vendor/lowrisc_ibex/rtl/ibex_pkg.sv	ocalparam pmp_cfg_t PmpCfgRst[16] = '{
NO-ALTERABLE-TICK	FACT-GATED-CROSS-FILE	opentitan	hw/top_darjeeling/rtl/pad_orient_pkg.sv	348	349		12	6241	pad_orient_e @ stimuli/sv/subs/opentitan/hw/ip/prim/rtl/prim_pad_wrapper_pkg.sv	ameter pad_orient_e DioPadPorNPadOrient = OrientH; parameter pad_orien
NO-ALTERABLE-TICK	FACT-GATED-CROSS-FILE	opentitan	hw/top_darjeeling/rtl/scan_role_pkg.sv	349	350		12	6242	scan_role_e @ stimuli/sv/subs/opentitan/hw/ip/prim/rtl/prim_pad_wrapper_pkg.sv	rameter scan_role_e DioPadPorNScanRole = NoScan; parameter scan_rol
NO-ALTERABLE-TICK	FACT-GATED-CROSS-FILE	opentitan	hw/top_earlgrey/dv/autogen/xbar_env_pkg__params.sv	274	275		9	5991	tl_device_t @ stimuli/sv/subs/opentitan/hw/ip/tlul/generic_dv/env/xbar_env_pkg.sv	ory map tl_device_t xbar_devices[$] = '{ '{"rv_dm__regs", '{ '{32'h4
NO-ALTERABLE-TICK	FACT-GATED-CROSS-FILE	opentitan	hw/top_earlgrey/dv/env/autogen/chip_env_pkg__params.sv	212	213		7	2025	uint @ stimuli/sv/subs/opentitan/hw/dv/sv/dv_utils/dv_utils_pkg.sv	.py parameter uint NUM_ALERTS = 63; parameter string LIST_OF_ALERTS[NUM_ALERTS]
NO-ALTERABLE-TICK	FACT-GATED-CROSS-FILE	opentitan	hw/top_earlgrey/ip/xbar_main/dv/autogen/xbar_env_pkg__params.sv	273	274		9	3289	tl_device_t @ stimuli/sv/subs/opentitan/hw/ip/tlul/generic_dv/env/xbar_env_pkg.sv	ory map tl_device_t xbar_devices[$] = '{ '{"rv_dm__regs", '{ '{32'h4
NO-ALTERABLE-TICK	FACT-GATED-CROSS-FILE	opentitan	hw/top_earlgrey/ip/xbar_peri/dv/autogen/xbar_env_pkg__params.sv	273	274		9	2649	tl_device_t @ stimuli/sv/subs/opentitan/hw/ip/tlul/generic_dv/env/xbar_env_pkg.sv	ory map tl_device_t xbar_devices[$] = '{ '{"uart0", '{ '{32'h4000000
NO-ALTERABLE-TICK	FACT-GATED-CROSS-FILE	opentitan	hw/top_earlgrey/ip_autogen/alert_handler/fpv/tb/alert_handler_esc_timer_tb.sv	838	839		25	1245	cstate_e @ stimuli/sv/subs/opentitan/hw/top_darjeeling/ip_autogen/alert_handler/rtl/alert_handler_pkg.sv	, output cstate_e esc_state_o ); alert_handler_esc_timer i_alert_handler_es
NO-ALTERABLE-TICK	FACT-GATED-CROSS-FILE	opentitan	hw/top_earlgrey/ip_autogen/alert_handler/rtl/alert_handler_reg_wrap.sv	737	742		18	16924	alert_crashdump_t @ stimuli/sv/subs/opentitan/hw/top_darjeeling/ip_autogen/alert_handler/rtl/alert_handler_pkg.sv	ert_crashdump_t crashdump_o, // hw2reg input hw2reg_wrap_t hw2r
NO-ALTERABLE-TICK	FACT-GATED-CROSS-FILE	opentitan	hw/top_earlgrey/ip_autogen/clkmgr/rtl/clkmgr_byp.sv	472	482		17	4044	lc_tx_t @ stimuli/sv/subs/opentitan/hw/ip/lc_ctrl/rtl/lc_ctrl_pkg.sv	t lc_tx_t en_i, input lc_tx_t lc_clk_byp_req_i, output l
NO-ALTERABLE-TICK	FACT-GATED-CROSS-FILE	opentitan	hw/top_earlgrey/ip_autogen/clkmgr/rtl/clkmgr_meas_chk.sv	898	899		29	3419	mubi4_t @ stimuli/sv/subs/opentitan/hw/ip/prim/rtl/prim_mubi_pkg.sv	_i, input mubi4_t src_cfg_meas_en_i, output logic src_cfg_meas_en_valid_o,
NO-ALTERABLE-TICK	FACT-GATED-CROSS-FILE	opentitan	hw/top_earlgrey/ip_autogen/clkmgr/rtl/clkmgr_root_ctrl.sv	351	352		14	851	mubi4_t @ stimuli/sv/subs/opentitan/hw/ip/prim/rtl/prim_mubi_pkg.sv	i, input mubi4_t scanmode_i, input async_en_i, output logic en_o, outp
NO-ALTERABLE-TICK	FACT-GATED-CROSS-FILE	opentitan	hw/top_earlgrey/ip_autogen/clkmgr/rtl/clkmgr_trans.sv	419	420		17	4405	mubi4_t @ stimuli/sv/subs/opentitan/hw/ip/prim/rtl/prim_mubi_pkg.sv	_i, input mubi4_t idle_i, input sw_hint_i, input mubi4_t scanmode_i, out
NO-ALTERABLE-TICK	FACT-GATED-CROSS-FILE	opentitan	hw/top_earlgrey/ip_autogen/flash_ctrl/dv/env/flash_ctrl_if.sv	1781	1782		51	2669	flash_ctrl_top_specific_pkg @ stimuli/sv/subs/opentitan/hw/top_englishbreakfast/ip_autogen/flash_ctrl/rtl/flash_ctrl_top_specific_pkg.sv	ks-1:0][NumBuf-1:0] rd_buf; logic [flash_ctrl_top_specific_pkg::NumBanks-1:0]
NO-ALTERABLE-TICK	FACT-GATED-CROSS-FILE	opentitan	hw/top_earlgrey/ip_autogen/flash_ctrl/dv/env/flash_ctrl_mem_if.sv	452	453		12	614	flash_part_e @ stimuli/sv/subs/opentitan/hw/top_englishbreakfast/ip_autogen/flash_ctrl/rtl/flash_ctrl_top_specific_pkg.sv	input flash_part_e mem_part, input logic [InfoTypesWidth-1:0] mem_info_sel,
NO-ALTERABLE-TICK	FACT-GATED-CROSS-FILE	opentitan	hw/top_earlgrey/ip_autogen/flash_ctrl/dv/env/flash_mem_addr_attrs.sv	292	293		8	2396	addr_t @ stimuli/sv/subs/opentitan/hw/vendor/pulp_riscv_dbg/src/dmi_intf.sv	_attrs; addr_t addr; // Input addr, bus-word aligned. add
NO-ALTERABLE-TICK	FACT-GATED-CROSS-FILE	opentitan	hw/top_earlgrey/ip_autogen/flash_ctrl/rtl/flash_ctrl_erase.sv	357	366		11	2389	flash_erase_e @ stimuli/sv/subs/opentitan/hw/top_englishbreakfast/ip_autogen/flash_ctrl/rtl/flash_ctrl_top_specific_pkg.sv	ash_erase_e op_type_i, input [BusAddrW-1:0] op_addr_i, input
NO-ALTERABLE-TICK	FACT-GATED-CROSS-FILE	opentitan	hw/top_earlgrey/ip_autogen/flash_ctrl/rtl/flash_ctrl_prog.sv	468	470		16	5574	flash_ctrl_err_t @ stimuli/sv/subs/opentitan/hw/top_englishbreakfast/ip_autogen/flash_ctrl/rtl/flash_ctrl_top_specific_pkg.sv	t flash_ctrl_err_t op_err_o, input [BusAddrW-1:0] op_addr_i, input
NO-ALTERABLE-TICK	FACT-GATED-CROSS-FILE	opentitan	hw/top_earlgrey/ip_autogen/flash_ctrl/rtl/flash_ctrl_region_cfg.sv	777	778		21	6949	sw_bank_cfg_t @ stimuli/sv/subs/opentitan/hw/top_englishbreakfast/ip_autogen/flash_ctrl/rtl/flash_ctrl_top_specific_pkg.sv	fg_t [NumBanks-1:0] bank_cfg_i, input sw_region_t [MpRegions-1:0] region_i,
NO-ALTERABLE-TICK	FACT-GATED-CROSS-FILE	opentitan	hw/top_earlgrey/ip_autogen/flash_ctrl/rtl/flash_ctrl_top_specific_pkg.sv	5484	5485		133	18792	flash_ctrl_reg2hw_mp_bank_cfg_shadowed_mreg_t @ stimuli/sv/subs/opentitan/hw/top_englishbreakfast/ip_autogen/flash_ctrl/rtl/flash_ctrl_reg_pkg.sv	cfg_shadowed_mreg_t sw_bank_cfg_t; typedef flash_ctrl_reg2hw_mp_region_mreg_t
NO-ALTERABLE-TICK	FACT-GATED-CROSS-FILE	opentitan	hw/top_earlgrey/ip_autogen/flash_ctrl/rtl/flash_phy.sv	802	803		28	14593	flash_req_t @ stimuli/sv/subs/opentitan/hw/top_englishbreakfast/ip_autogen/flash_ctrl/rtl/flash_ctrl_top_specific_pkg.sv	input flash_req_t flash_ctrl_i, output flash_rsp_t flash_ctrl_o, input tlu
NO-ALTERABLE-TICK	FACT-GATED-CROSS-FILE	opentitan	hw/top_earlgrey/ip_autogen/flash_ctrl/rtl/flash_phy_scramble.sv	749	750		22	7472	scramble_req_t @ stimuli/sv/subs/opentitan/hw/ip/rram_ctrl/rtl/rram_ctrl_pkg.sv	eq_t [NumBanks-1:0] scramble_req_i, output scramble_rsp_t [NumBanks-1:0] scram
NO-ALTERABLE-TICK	FACT-GATED-CROSS-FILE	opentitan	hw/top_earlgrey/ip_autogen/otp_ctrl/rtl/otp_ctrl_part_pkg.sv	10105	10106		338	17420	otp_ctrl_core_hw2reg_t @ stimuli/sv/subs/opentitan/hw/top_darjeeling/ip_autogen/otp_ctrl/rtl/otp_ctrl_reg_pkg.sv	_ctrl_core_hw2reg_t named_reg_assign( logic [NumPart-1:0][ScrmblBlockWidth
NO-ALTERABLE-TICK	FACT-GATED-CROSS-FILE	opentitan	hw/top_earlgrey/ip_autogen/otp_ctrl/rtl/otp_ctrl_token_const.sv	600	604		11	2750	digest_const_array_t @ stimuli/sv/subs/opentitan/hw/top_darjeeling/ip_autogen/otp_ctrl/rtl/otp_ctrl_part_pkg.sv	st_const_array_t RndCnstDigestConst = RndCnstDigestConstDefault, paramet
NO-ALTERABLE-TICK	FACT-GATED-CROSS-FILE	opentitan	hw/top_earlgrey/ip_autogen/otp_ctrl/rtl/otp_ctrl_top_specific_pkg.sv	4042	4045		117	4429	sram_key_t @ stimuli/sv/subs/opentitan/hw/ip/otp_ctrl/rtl/otp_ctrl_pkg.sv	{ sram_key_t key; sram_nonce_t nonce; } scrmbl_key_init_t; localp
NO-ALTERABLE-TICK	FACT-GATED-CROSS-FILE	opentitan	hw/top_earlgrey/ip_autogen/pinmux/fpv/tb/pinmux_chip_tb.sv	1042	1043		33	8877	dft_strap_test_req_t @ stimuli/sv/subs/opentitan/hw/top_darjeeling/ip_autogen/pinmux/rtl/pinmux_pkg.sv	ft_strap_test_req_t dft_strap_test_o, input dft_hold_tap_sel_i, output jtag
NO-ALTERABLE-TICK	FACT-GATED-CROSS-FILE	opentitan	hw/top_earlgrey/ip_autogen/pinmux/fpv/tb/pinmux_tb.sv	1446	1447		45	3781	dft_strap_test_req_t @ stimuli/sv/subs/opentitan/hw/top_darjeeling/ip_autogen/pinmux/rtl/pinmux_pkg.sv	ft_strap_test_req_t dft_strap_test_o, input dft_hold_tap_sel_i, output jtag
NO-ALTERABLE-TICK	FACT-GATED-CROSS-FILE	opentitan	hw/top_earlgrey/ip_autogen/pinmux/rtl/pinmux_pkg.sv	1259	1260		31	2506	pad_type_e @ stimuli/sv/subs/opentitan/hw/ip/prim/rtl/prim_pad_wrapper_pkg.sv	idx; pad_type_e [NDioPads-1:0] dio_pad_type; pad_type_e [NMioPads-1:0] m
NO-ALTERABLE-TICK	FACT-GATED-CROSS-FILE	opentitan	hw/top_earlgrey/ip_autogen/pinmux/rtl/pinmux_wkup.sv	497	517		15	2562	wkup_mode_e @ stimuli/sv/subs/opentitan/hw/top_darjeeling/ip_autogen/pinmux/rtl/pinmux_pkg.sv	wkup_mode_i, input [WkupCntWidth-1:0] wkup_cn
NO-ALTERABLE-TICK	FACT-GATED-CROSS-FILE	opentitan	hw/top_earlgrey/ip_autogen/rv_core_ibex/rtl/rv_core_ibex_addr_trans.sv	600	601		17	2802	region_cfg_t @ stimuli/sv/subs/opentitan/hw/ip/rv_core_ibex/rtl/rv_core_ibex_pkg.sv	_t [NumRegions-1:0] region_cfg_i, input logic [AddrWidth-1:0] addr_i, output
NO-ALTERABLE-TICK	FACT-GATED-CROSS-FILE	opentitan	hw/top_earlgrey/rtl/autogen/chip_earlgrey_verilator.sv	6933	6934		195	44048	pad_attr_t @ stimuli/sv/subs/opentitan/hw/ip/prim/rtl/prim_pad_wrapper_pkg.sv	_pkg::NMioPads-1:0] mio_attr; pad_attr_t [pinmux_reg_pkg::NDioPads-1:0] dio_at
NO-ALTERABLE-TICK	FACT-GATED-CROSS-FILE	opentitan	hw/top_earlgrey/rtl/autogen/testing/lc_ctrl_token_pkg.sv	614	615		18	971	lc_token_t @ stimuli/sv/subs/opentitan/hw/ip/lc_ctrl/rtl/lc_ctrl_state_pkg.sv	arameter lc_token_t AllZeroToken = { 128'h0 }; parameter lc_token_t RndC
NO-ALTERABLE-TICK	FACT-GATED-CROSS-FILE	opentitan	hw/top_earlgrey/rtl/ibex_pmp_reset_pkg.sv	417	418		12	2946	pmp_cfg_t @ stimuli/sv/subs/opentitan/hw/vendor/lowrisc_ibex/rtl/ibex_pkg.sv	ocalparam pmp_cfg_t PmpCfgRst[16] = '{
NO-ALTERABLE-TICK	FACT-GATED-CROSS-FILE	opentitan	hw/top_earlgrey/rtl/pad_orient_pkg.sv	348	349		12	5039	pad_orient_e @ stimuli/sv/subs/opentitan/hw/ip/prim/rtl/prim_pad_wrapper_pkg.sv	ameter pad_orient_e DioPadAstMiscPadOrient = OrientH; parameter pad_ori
NO-ALTERABLE-TICK	FACT-GATED-CROSS-FILE	opentitan	hw/top_earlgrey/rtl/scan_role_pkg.sv	349	350		12	4901	scan_role_e @ stimuli/sv/subs/opentitan/hw/ip/prim/rtl/prim_pad_wrapper_pkg.sv	rameter scan_role_e DioPadAstMiscScanRole = NoScan; parameter scan_rol
NO-ALTERABLE-TICK	FACT-GATED-CROSS-FILE	opentitan	hw/top_englishbreakfast/dv/autogen/xbar_env_pkg__params.sv	274	275		9	2568	tl_device_t @ stimuli/sv/subs/opentitan/hw/ip/tlul/generic_dv/env/xbar_env_pkg.sv	ory map tl_device_t xbar_devices[$] = '{ '{"rom_ctrl__rom", '{ '{32'
NO-ALTERABLE-TICK	FACT-GATED-CROSS-FILE	opentitan	hw/top_englishbreakfast/dv/env/autogen/chip_env_pkg__params.sv	212	213		7	280	uint @ stimuli/sv/subs/opentitan/hw/dv/sv/dv_utils/dv_utils_pkg.sv	.py parameter uint NUM_ALERTS = 0; parameter string LIST_OF_ALERTS[NUM_ALERTS]
NO-ALTERABLE-TICK	FACT-GATED-CROSS-FILE	opentitan	hw/top_englishbreakfast/ip/xbar_main/dv/autogen/xbar_env_pkg__params.sv	273	274		9	1579	tl_device_t @ stimuli/sv/subs/opentitan/hw/ip/tlul/generic_dv/env/xbar_env_pkg.sv	ory map tl_device_t xbar_devices[$] = '{ '{"rom_ctrl__rom", '{ '{32'
NO-ALTERABLE-TICK	FACT-GATED-CROSS-FILE	opentitan	hw/top_englishbreakfast/ip/xbar_peri/dv/autogen/xbar_env_pkg__params.sv	273	274		9	1402	tl_device_t @ stimuli/sv/subs/opentitan/hw/ip/tlul/generic_dv/env/xbar_env_pkg.sv	ory map tl_device_t xbar_devices[$] = '{ '{"uart0", '{ '{32'h4000000
NO-ALTERABLE-TICK	FACT-GATED-CROSS-FILE	opentitan	hw/top_englishbreakfast/ip_autogen/clkmgr/rtl/clkmgr_byp.sv	472	482		17	4044	lc_tx_t @ stimuli/sv/subs/opentitan/hw/ip/lc_ctrl/rtl/lc_ctrl_pkg.sv	t lc_tx_t en_i, input lc_tx_t lc_clk_byp_req_i, output l
NO-ALTERABLE-TICK	FACT-GATED-CROSS-FILE	opentitan	hw/top_englishbreakfast/ip_autogen/clkmgr/rtl/clkmgr_meas_chk.sv	898	899		29	3419	mubi4_t @ stimuli/sv/subs/opentitan/hw/ip/prim/rtl/prim_mubi_pkg.sv	_i, input mubi4_t src_cfg_meas_en_i, output logic src_cfg_meas_en_valid_o,
NO-ALTERABLE-TICK	FACT-GATED-CROSS-FILE	opentitan	hw/top_englishbreakfast/ip_autogen/clkmgr/rtl/clkmgr_root_ctrl.sv	351	352		14	851	mubi4_t @ stimuli/sv/subs/opentitan/hw/ip/prim/rtl/prim_mubi_pkg.sv	i, input mubi4_t scanmode_i, input async_en_i, output logic en_o, outp
NO-ALTERABLE-TICK	FACT-GATED-CROSS-FILE	opentitan	hw/top_englishbreakfast/ip_autogen/clkmgr/rtl/clkmgr_trans.sv	419	420		17	4405	mubi4_t @ stimuli/sv/subs/opentitan/hw/ip/prim/rtl/prim_mubi_pkg.sv	_i, input mubi4_t idle_i, input sw_hint_i, input mubi4_t scanmode_i, out
NO-ALTERABLE-TICK	FACT-GATED-CROSS-FILE	opentitan	hw/top_englishbreakfast/ip_autogen/flash_ctrl/dv/env/flash_ctrl_if.sv	1781	1782		51	2669	flash_ctrl_top_specific_pkg @ stimuli/sv/subs/opentitan/hw/top_englishbreakfast/ip_autogen/flash_ctrl/rtl/flash_ctrl_top_specific_pkg.sv	ks-1:0][NumBuf-1:0] rd_buf; logic [flash_ctrl_top_specific_pkg::NumBanks-1:0]
NO-ALTERABLE-TICK	FACT-GATED-CROSS-FILE	opentitan	hw/top_englishbreakfast/ip_autogen/flash_ctrl/dv/env/flash_ctrl_mem_if.sv	452	453		12	614	flash_part_e @ stimuli/sv/subs/opentitan/hw/top_englishbreakfast/ip_autogen/flash_ctrl/rtl/flash_ctrl_top_specific_pkg.sv	input flash_part_e mem_part, input logic [InfoTypesWidth-1:0] mem_info_sel,
NO-ALTERABLE-TICK	FACT-GATED-CROSS-FILE	opentitan	hw/top_englishbreakfast/ip_autogen/flash_ctrl/dv/env/flash_mem_addr_attrs.sv	292	293		8	2396	addr_t @ stimuli/sv/subs/opentitan/hw/vendor/pulp_riscv_dbg/src/dmi_intf.sv	_attrs; addr_t addr; // Input addr, bus-word aligned. add
NO-ALTERABLE-TICK	FACT-GATED-CROSS-FILE	opentitan	hw/top_englishbreakfast/ip_autogen/flash_ctrl/rtl/flash_ctrl_erase.sv	357	366		11	2389	flash_erase_e @ stimuli/sv/subs/opentitan/hw/top_englishbreakfast/ip_autogen/flash_ctrl/rtl/flash_ctrl_top_specific_pkg.sv	ash_erase_e op_type_i, input [BusAddrW-1:0] op_addr_i, input
NO-ALTERABLE-TICK	FACT-GATED-CROSS-FILE	opentitan	hw/top_englishbreakfast/ip_autogen/flash_ctrl/rtl/flash_ctrl_prog.sv	468	470		16	5574	flash_ctrl_err_t @ stimuli/sv/subs/opentitan/hw/top_englishbreakfast/ip_autogen/flash_ctrl/rtl/flash_ctrl_top_specific_pkg.sv	t flash_ctrl_err_t op_err_o, input [BusAddrW-1:0] op_addr_i, input
NO-ALTERABLE-TICK	FACT-GATED-CROSS-FILE	opentitan	hw/top_englishbreakfast/ip_autogen/flash_ctrl/rtl/flash_ctrl_region_cfg.sv	777	778		21	6949	sw_bank_cfg_t @ stimuli/sv/subs/opentitan/hw/top_englishbreakfast/ip_autogen/flash_ctrl/rtl/flash_ctrl_top_specific_pkg.sv	fg_t [NumBanks-1:0] bank_cfg_i, input sw_region_t [MpRegions-1:0] region_i,
NO-ALTERABLE-TICK	FACT-GATED-CROSS-FILE	opentitan	hw/top_englishbreakfast/ip_autogen/flash_ctrl/rtl/flash_ctrl_top_specific_pkg.sv	5484	5485		133	18792	flash_ctrl_reg2hw_mp_bank_cfg_shadowed_mreg_t @ stimuli/sv/subs/opentitan/hw/top_englishbreakfast/ip_autogen/flash_ctrl/rtl/flash_ctrl_reg_pkg.sv	cfg_shadowed_mreg_t sw_bank_cfg_t; typedef flash_ctrl_reg2hw_mp_region_mreg_t
NO-ALTERABLE-TICK	FACT-GATED-CROSS-FILE	opentitan	hw/top_englishbreakfast/ip_autogen/flash_ctrl/rtl/flash_phy.sv	802	803		28	14593	flash_req_t @ stimuli/sv/subs/opentitan/hw/top_englishbreakfast/ip_autogen/flash_ctrl/rtl/flash_ctrl_top_specific_pkg.sv	input flash_req_t flash_ctrl_i, output flash_rsp_t flash_ctrl_o, input tlu
NO-ALTERABLE-TICK	FACT-GATED-CROSS-FILE	opentitan	hw/top_englishbreakfast/ip_autogen/flash_ctrl/rtl/flash_phy_scramble.sv	749	750		22	7472	scramble_req_t @ stimuli/sv/subs/opentitan/hw/ip/rram_ctrl/rtl/rram_ctrl_pkg.sv	eq_t [NumBanks-1:0] scramble_req_i, output scramble_rsp_t [NumBanks-1:0] scram
NO-ALTERABLE-TICK	FACT-GATED-CROSS-FILE	opentitan	hw/top_englishbreakfast/ip_autogen/pinmux/fpv/tb/pinmux_chip_tb.sv	1050	1051		33	8901	dft_strap_test_req_t @ stimuli/sv/subs/opentitan/hw/top_darjeeling/ip_autogen/pinmux/rtl/pinmux_pkg.sv	ft_strap_test_req_t dft_strap_test_o, input dft_hold_tap_sel_i, output jtag
NO-ALTERABLE-TICK	FACT-GATED-CROSS-FILE	opentitan	hw/top_englishbreakfast/ip_autogen/pinmux/fpv/tb/pinmux_tb.sv	1446	1447		45	3781	dft_strap_test_req_t @ stimuli/sv/subs/opentitan/hw/top_darjeeling/ip_autogen/pinmux/rtl/pinmux_pkg.sv	ft_strap_test_req_t dft_strap_test_o, input dft_hold_tap_sel_i, output jtag
NO-ALTERABLE-TICK	FACT-GATED-CROSS-FILE	opentitan	hw/top_englishbreakfast/ip_autogen/pinmux/rtl/pinmux_pkg.sv	1259	1260		31	2506	pad_type_e @ stimuli/sv/subs/opentitan/hw/ip/prim/rtl/prim_pad_wrapper_pkg.sv	idx; pad_type_e [NDioPads-1:0] dio_pad_type; pad_type_e [NMioPads-1:0] m
NO-ALTERABLE-TICK	FACT-GATED-CROSS-FILE	opentitan	hw/top_englishbreakfast/ip_autogen/pinmux/rtl/pinmux_wkup.sv	497	517		15	2562	wkup_mode_e @ stimuli/sv/subs/opentitan/hw/top_darjeeling/ip_autogen/pinmux/rtl/pinmux_pkg.sv	wkup_mode_i, input [WkupCntWidth-1:0] wkup_cn
NO-ALTERABLE-TICK	FACT-GATED-CROSS-FILE	opentitan	hw/top_englishbreakfast/ip_autogen/rv_core_ibex/rtl/rv_core_ibex_addr_trans.sv	600	601		17	2802	region_cfg_t @ stimuli/sv/subs/opentitan/hw/ip/rv_core_ibex/rtl/rv_core_ibex_pkg.sv	_t [NumRegions-1:0] region_cfg_i, input logic [AddrWidth-1:0] addr_i, output
NO-ALTERABLE-TICK	FACT-GATED-CROSS-FILE	opentitan	hw/top_englishbreakfast/rtl/autogen/chip_englishbreakfast_cw305.sv	6428	6429		233	35983	pad_attr_t @ stimuli/sv/subs/opentitan/hw/ip/prim/rtl/prim_pad_wrapper_pkg.sv	_pkg::NMioPads-1:0] mio_attr; pad_attr_t [pinmux_reg_pkg::NDioPads-1:0] dio_at
NO-ALTERABLE-TICK	FACT-GATED-CROSS-FILE	opentitan	hw/top_englishbreakfast/rtl/autogen/chip_englishbreakfast_verilator.sv	6729	6730		191	23849	pad_attr_t @ stimuli/sv/subs/opentitan/hw/ip/prim/rtl/prim_pad_wrapper_pkg.sv	_pkg::NMioPads-1:0] mio_attr; pad_attr_t [pinmux_reg_pkg::NDioPads-1:0] dio_at
NO-ALTERABLE-TICK	FACT-GATED-CROSS-FILE	opentitan	hw/vendor/lowrisc_ibex/dv/uvm/core_ibex/riscv_dv_extension/riscv_core_setting.tpl.sv	1331	1332		41	7906	satp_mode_t @ stimuli/sv/subs/opentitan/hw/vendor/lowrisc_ibex/vendor/google_riscv-dv/src/riscv_instr_pkg.sv	rameter satp_mode_t SATP_MODE = BARE; // Supported Privileged mode privileged_m
NO-ALTERABLE-TICK	FACT-GATED-CROSS-FILE	opentitan	hw/vendor/lowrisc_ibex/rtl/ibex_dummy_instr.sv	381	382		13	4963	lfsr_seed_t @ stimuli/sv/subs/opentitan/hw/vendor/lowrisc_ibex/rtl/ibex_pkg.sv	rameter lfsr_seed_t RndCnstLfsrSeed = RndCnstLfsrSeedDefault, parameter lfsr
NO-ALTERABLE-TICK	FACT-GATED-CROSS-FILE	opentitan	hw/vendor/pulp_riscv_dbg/src/dmi_test.sv	395	402		16	8382	dtm_op_e @ stimuli/sv/subs/opentitan/hw/vendor/pulp_riscv_dbg/src/dm_pkg.sv	rand dtm_op_e op; rand logic [31:0] data; /// Compare objects o
NO-ALTERABLE-TICK	FACT-GATED-CROSS-FILE	uvm-core	uvm-core-2020.3.1/src/base/uvm_cmdline_processor.svh	1440	1441		42	12482	uvm_verbosity @ stimuli/sv/uvm/uvm-core-2020.3.1/src/base/uvm_object_globals.svh	id; uvm_verbosity verb; int exec_time; endclass // TITLE: Command Line Debu
NO-ALTERABLE-TICK	FACT-GATED-CROSS-FILE	uvm-core	uvm-core-2020.3.1/src/base/uvm_config_db.svh	2135	2135		58	10876	uvm_resource_db @ stimuli/sv/uvm/uvm-core-2020.3.1/src/base/uvm_resource_db.svh	ends uvm_resource_db#(T); // Internal lookup of config settings so they can b
NO-ALTERABLE-TICK	FACT-GATED-CROSS-FILE	uvm-core	uvm-core-2020.3.1/src/base/uvm_coreservice.svh	2257	2257		71	13420	uvm_void @ stimuli/sv/uvm/uvm-core-2020.3.1/src/base/uvm_misc.svh	e_t extends uvm_void; // @uvm-ieee 1800.2-2020 auto F.4.1.4.2 pure virt
NO-ALTERABLE-TICK	FACT-GATED-CROSS-FILE	uvm-core	uvm-core-2020.3.1/src/base/uvm_process_guard.svh	2742	2742		76	4359	uvm_process_guard_base @ stimuli/sv/uvm/uvm-core-2020.3.1/src/base/uvm_root.svh	m_process_guard_base; // Type: this_type // // @uvm-contrib This API is b
NO-ALTERABLE-TICK	FACT-GATED-CROSS-FILE	uvm-core	uvm-core-2020.3.1/src/base/uvm_process_guard_base.svh	1265	1265		33	5185	uvm_object @ stimuli/sv/uvm/uvm-core-2020.3.1/src/base/uvm_misc.svh	e extends uvm_object; // Function: new // Constructor. // // The constr
NO-ALTERABLE-TICK	FACT-GATED-CROSS-FILE	uvm-core	uvm-core-2020.3.1/src/base/uvm_resource_db.svh	2507	2507		66	8948	uvm_object @ stimuli/sv/uvm/uvm-core-2020.3.1/src/base/uvm_misc.svh	#(type T=uvm_object) extends uvm_void; typedef uvm_resource #(T) rsrc_t;
NO-ALTERABLE-TICK	FACT-GATED-CROSS-FILE	uvm-core	uvm-core-2020.3.1/src/base/uvm_resource_db_options.svh	3796	3797		115	4026	uvm_cmdline_processor @ stimuli/sv/uvm/uvm-core-2020.3.1/src/base/uvm_resource_db_implementation.svh	m_cmdline_processor clp; string trace_args[$]; clp = uvm_cmdline
NO-ALTERABLE-TICK	FACT-GATED-CROSS-FILE	uvm-core	uvm-core-2020.3.1/src/base/uvm_run_test_callback.svh	1174	1174		33	3937	uvm_callback @ stimuli/sv/uvm/uvm-core-2020.3.1/src/base/uvm_callback.svh	extends uvm_callback; // @uvm-ieee 1800.2-2020 auto F.6.2.1 extern function
NO-ALTERABLE-TICK	FACT-GATED-CROSS-FILE	uvm-core	uvm-core-2020.3.1/src/base/uvm_transaction.svh	5085	5085		139	25732	uvm_object @ stimuli/sv/uvm/uvm-core-2020.3.1/src/base/uvm_misc.svh	n extends uvm_object; // Function -- NODOCS -- new // // Creates a new tr
NO-ALTERABLE-TICK	FACT-GATED-CROSS-FILE	uvm-core	uvm-core-2020.3.1/src/comps/uvm_subscriber.svh	1884	1884		47	2833	uvm_component @ stimuli/sv/uvm/uvm-core-2020.3.1/src/base/uvm_coreservice.svh	xtends uvm_component; typedef uvm_subscriber #(T) this_type; // Port -- NO
NO-ALTERABLE-TICK	FACT-GATED-CROSS-FILE	uvm-core	uvm-core-2020.3.1/src/dap/uvm_set_get_dap_base.svh	1524	1524		41	3279	uvm_object @ stimuli/sv/uvm/uvm-core-2020.3.1/src/base/uvm_misc.svh	) extends uvm_object; // Used for self references typedef uvm_set_get_dap
NO-ALTERABLE-TICK	FACT-GATED-CROSS-FILE	uvm-core	uvm-core-2020.3.1/src/reg/sequences/uvm_reg_randval.svh	1562	1563		46	1586	uvm_reg_data_t @ stimuli/sv/uvm/uvm-core-2020.3.1/src/reg/uvm_reg_model.svh	rand uvm_reg_data_t randval; endclass
NO-ALTERABLE-TICK	FACT-GATED-CROSS-FILE	uvm-core	uvm-core-2020.3.1/src/seq/uvm_push_sequencer.svh	1496	1496		41	3147	uvm_sequence_item @ stimuli/sv/uvm/uvm-core-2020.3.1/src/seq/uvm_sequence_item.svh	EQ=uvm_sequence_item, RSP=REQ) extends uvm_se
NO-ALTERABLE-TICK	FACT-GATED-CROSS-FILE	uvm-core	uvm-core-2020.3.1/src/seq/uvm_sequence.svh	1710	1710		47	5890	uvm_sequence_item @ stimuli/sv/uvm/uvm-core-2020.3.1/src/seq/uvm_sequence_item.svh	= uvm_sequence_item, type RSP = REQ) extends uvm_s
NO-ALTERABLE-TICK	FACT-GATED-CROSS-FILE	uvm-core	uvm-core-2020.3.1/src/seq/uvm_sequencer_analysis_fifo.svh	1233	1233		34	1804	uvm_sequence_item @ stimuli/sv/uvm/uvm-core-2020.3.1/src/seq/uvm_sequence_item.svh	= uvm_sequence_item) extends uvm_tlm_fifo #(RSP); uvm_analysis_imp #(RSP, uv
NO-ALTERABLE-TICK	FACT-GATED-CROSS-FILE	verilator	test_regress/t/t_sv_cpu_code/cpu.sv	5733	5733		225	5925	mPreAdrDecode_resp @ stimuli/sv/subs/verilator/test_regress/t/t_sv_cpu_code/genbus_if.sv	ode_resp busproperty; always_comb begin: PreAdrDecode // verilator l
NO-ALTERABLE-TICK	FACT-GATED-LOCAL-TYPE	uvm-core	uvm-core-2020.3.1/src/base/uvm_port_base.svh	2863	2863		75	29865	uvm_port_component_base	xtends uvm_component; function new (string name, uvm_component parent);
NO-ALTERABLE-TICK	FACT-GATED-LOCAL-TYPE	uvm-core	uvm-core-2020.3.1/src/comps/uvm_policies.svh	4829	4830		147	4900	T	function uvm_object clone(input T from); return from.clone(); endfunction
NO-ALTERABLE-TICK	NO-FACT-GATE-AT-FAILURE	Cores-VeeR-EL2	design/include/el2_dec_csr_equ_m.svh	1622	1623		87	19862		nc; logic postsync; assign csr_misa = (!dec_csr_rdaddr_d[11]&!dec_csr_rdaddr_d[6
NO-ALTERABLE-TICK	NO-FACT-GATE-AT-FAILURE	Cores-VeeR-EL2	design/include/el2_dec_csr_equ_mu.svh	1939	1940		104	24138		nc; logic postsync; assign csr_misa = (!dec_csr_rdaddr_d[11]&!dec_csr_rdaddr_d[6
NO-ALTERABLE-TICK	NO-FACT-GATE-AT-FAILURE	Surelog	tests/ElabSysCall/dut.sv	42	78		3	385		must be at most 4kB"); end endmodule module top_error(); if (1) begin $error(
NO-ALTERABLE-TICK	NO-FACT-GATE-AT-FAILURE	Surelog	tests/LoopBits/LoopBits.sv	0	0		1	63		-parse -d uhdm -d coveruhdm -elabuhdm -d ast dut.sv -nobuilt
NO-ALTERABLE-TICK	NO-FACT-GATE-AT-FAILURE	opentitan	hw/dv/sv/cip_lib/cip_lc_tx_cov_if.sv	414	415		11	624		(lc_ctrl_pkg::Off)) lc_tx_cov; lc_tx_cov cov; initial begin cov = lc_tx_
NO-ALTERABLE-TICK	NO-FACT-GATE-AT-FAILURE	opentitan	hw/ip/kmac/pre_dv/kmac_reduced_tb/rtl/kmac_reduced_tb.sv	1430	1433		53	13926		th(EntropyWidth), ) u_kmac_reduced ( .clk_i, .rst_ni, // Inputs e
NO-ALTERABLE-TICK	NO-FACT-GATE-AT-FAILURE	opentitan	hw/top_darjeeling/rtl/autogen/testing/top_darjeeling_rnd_cnst_pkg.sv	5899	5899		244	21910		448'h0 }) }; //////////////////////////////////////////// // lc_ct
NO-ALTERABLE-TICK	NO-FACT-GATE-AT-FAILURE	opentitan	hw/top_earlgrey/rtl/autogen/testing/top_earlgrey_rnd_cnst_pkg.sv	5906	5906		233	22616		448'h0 }) }; //////////////////////////////////////////// // lc_ct
NO-ALTERABLE-TICK	NO-FACT-GATE-AT-FAILURE	opentitan	hw/vendor/lowrisc_ibex/dv/verilator/simple_system_cosim/ibex_simple_system_cosim_checker_bind.sv	275	275		7	906		#( .SecureIbex, .ICache, .PMPEnable, .PMPGranularity,
NO-ALTERABLE-TICK	NO-FACT-GATE-AT-FAILURE	opentitan	hw/vendor/lowrisc_ibex/syn/rtl/latch_map.v	200	201		6	303		pecific cell module $_DLATCH_P_ (input E, input D, output Q); DLH_X1 _TECHMAP_RE
NO-ALTERABLE-TICK	NO-FACT-GATE-AT-FAILURE	opentitan	hw/vendor/lowrisc_ibex/vendor/google_riscv-dv/src/isa/custom/riscv_custom_instr_enum.sv	51			2	52		name enum CUSTOM_1,
NO-ALTERABLE-TICK	NO-FACT-GATE-AT-FAILURE	slang	tests/unittests/data/local.svh	22			2	36		Just a test string "test string"
NO-ALTERABLE-TICK	NO-FACT-GATE-AT-FAILURE	slang	tests/unittests/data/nested/nested_local.svh	0			1	14		"test string"
NO-ALTERABLE-TICK	NO-FACT-GATE-AT-FAILURE	slang	tests/unittests/data/system/system.svh	0			1	16		"system stuff!"
NO-ALTERABLE-TICK	NO-FACT-GATE-AT-FAILURE	verilator	test_regress/t/t_langext_order_sub.v	335	336		11	351		ext_order_sub(input do); endmodule
NO-ALTERABLE-TICK	UNDECLARED-ANYWHERE	Surelog	tests/ModPortTest/top.v	220	220		14	739	id_t1	id_t1 aw_id; modport Master ( output aw_id ); id_t
NO-ALTERABLE-TICK	UNDECLARED-ANYWHERE	Surelog	tests/UnitClass/top.v	460	461		24	868	DD	ass B b; DD d; covergroup memory @ (posedge ce); address : co
NO-ALTERABLE-TICK	UNDECLARED-ANYWHERE	Surelog	tests/UnitTest/top.v	729	730		34	1144	result,shifter	shifter = shifter ~& result; shifter = shifter ~| result; end endmodu
NO-ALTERABLE-TICK	UNDECLARED-ANYWHERE	opentitan	hw/ip/i3c/rtl/i3c_dat.sv	903	904		27	7111	i3c_dat_mem_t	ut i3c_dat_mem_t dat_rdata_o, // HCI Device Address Table interface. inp
NO-ALTERABLE-TICK	UNDECLARED-ANYWHERE	opentitan	hw/ip/i3c/rtl/i3c_dct.sv	975	976		28	4310	i3c_dct_mem_t	t i3c_dct_mem_t dct_wdata_i, // HCI Device Characteristics Table interfac
NO-ALTERABLE-TICK	UNDECLARED-ANYWHERE	opentitan	hw/ip/i3c/rtl/i3c_dxt.sv	1944	1949		53	3576	ram_1p_cfg_t	t ram_1p_cfg_t cfg_i, output ram_1p_cfg_rsp_t cfg_rsp_o ); localparam
NO-ALTERABLE-TICK	UNDECLARED-ANYWHERE	opentitan	hw/ip/otbn/dv/verilator/otbn_top_sim.sv	6554	6554		168	19497	DmemAddrWidth,ImemAddrWidth,bind	_if #(.ImemAddrWidth, .DmemAddrWidth) i_otbn_trace_if (.*); bind otbn_core otb
NO-ALTERABLE-TICK	UNDECLARED-ANYWHERE	opentitan	hw/vendor/lowrisc_ibex/dv/formal/spec/spec_api.sv	682	683		24	9472	t_MainMode	input t_MainMode main_mode, input [31:0] regs_i [1:31], output logi
NOT-SV-SOURCE		friscv	test/apps/tests/coremark.v	0	0		1	62735		@00010000 93 00 00 00 13 01 00 00 93 01 00 00 13 02 00 00
NOT-SV-SOURCE		friscv	test/apps/tests/coremark/coremark.v	0	0		1	62735		@00010000 93 00 00 00 13 01 00 00 93 01 00 00 13 02 00 00
NOT-SV-SOURCE		friscv	test/apps/tests/repl.v	0	0		1	340255		@00010000 93 00 00 00 13 01 00 00 93 01 00 00 13 02 00 00
NOT-SV-SOURCE		friscv	test/apps/tests/repl/repl.v	0	0		1	340255		@00010000 93 00 00 00 13 01 00 00 93 01 00 00 13 02 00 00
NOT-SV-SOURCE		friscv	test/c_testsuite/tests/array_mean.v	0	0		1	1223		@00010000 93 00 00 00 13 01 00 00 93 01 00 00 13 02 00 00
NOT-SV-SOURCE		friscv	test/c_testsuite/tests/array_mean/array_mean.v	0	0		1	1223		@00010000 93 00 00 00 13 01 00 00 93 01 00 00 13 02 00 00
NOT-SV-SOURCE		friscv	test/c_testsuite/tests/control.v	0	0		1	1566		@00010000 93 00 00 00 13 01 00 00 93 01 00 00 13 02 00 00
NOT-SV-SOURCE		friscv	test/c_testsuite/tests/control/control.v	0	0		1	1566		@00010000 93 00 00 00 13 01 00 00 93 01 00 00 13 02 00 00
NOT-SV-SOURCE		friscv	test/c_testsuite/tests/extern_vars.v	0	0		1	1051		@00010000 93 00 00 00 13 01 00 00 93 01 00 00 13 02 00 00
NOT-SV-SOURCE		friscv	test/c_testsuite/tests/extern_vars/extern_vars.v	0	0		1	1051		@00010000 93 00 00 00 13 01 00 00 93 01 00 00 13 02 00 00
NOT-SV-SOURCE		friscv	test/c_testsuite/tests/functions.v	0	0		1	2129		@00010000 93 00 00 00 13 01 00 00 93 01 00 00 13 02 00 00
NOT-SV-SOURCE		friscv	test/c_testsuite/tests/functions/functions.v	0	0		1	2129		@00010000 93 00 00 00 13 01 00 00 93 01 00 00 13 02 00 00
NOT-SV-SOURCE		friscv	test/c_testsuite/tests/heap.v	0	0		1	19411		@00010000 93 00 00 00 13 01 00 00 93 01 00 00 13 02 00 00
NOT-SV-SOURCE		friscv	test/c_testsuite/tests/heap/heap.v	0	0		1	19411		@00010000 93 00 00 00 13 01 00 00 93 01 00 00 13 02 00 00
NOT-SV-SOURCE		friscv	test/c_testsuite/tests/pointers.v	0	0		1	2435		@00010000 93 00 00 00 13 01 00 00 93 01 00 00 13 02 00 00
NOT-SV-SOURCE		friscv	test/c_testsuite/tests/pointers/pointers.v	0	0		1	2435		@00010000 93 00 00 00 13 01 00 00 93 01 00 00 13 02 00 00
NOT-SV-SOURCE		friscv	test/c_testsuite/tests/simple.v	0	0		1	672		@00010000 93 00 00 00 13 01 00 00 93 01 00 00 13 02 00 00
NOT-SV-SOURCE		friscv	test/c_testsuite/tests/simple/simple.v	0	0		1	672		@00010000 93 00 00 00 13 01 00 00 93 01 00 00 13 02 00 00
NOT-SV-SOURCE		friscv	test/c_testsuite/tests/strings.v	0	0		1	4137		@00010000 93 00 00 00 13 01 00 00 93 01 00 00 13 02 00 00
NOT-SV-SOURCE		friscv	test/c_testsuite/tests/strings/strings.v	0	0		1	4137		@00010000 93 00 00 00 13 01 00 00 93 01 00 00 13 02 00 00
NOT-SV-SOURCE		friscv	test/c_testsuite/tests/structure.v	0	0		1	1321		@00010000 93 00 00 00 13 01 00 00 93 01 00 00 13 02 00 00
NOT-SV-SOURCE		friscv	test/c_testsuite/tests/structure/structure.v	0	0		1	1321		@00010000 93 00 00 00 13 01 00 00 93 01 00 00 13 02 00 00
NOT-SV-SOURCE		friscv	test/c_testsuite/tests/type_operator_expression.v	0	0		1	1713		@00010000 93 00 00 00 13 01 00 00 93 01 00 00 13 02 00 00
NOT-SV-SOURCE		friscv	test/c_testsuite/tests/type_operator_expression/type_operator_expression.v	0	0		1	1713		@00010000 93 00 00 00 13 01 00 00 93 01 00 00 13 02 00 00
NOT-SV-SOURCE		friscv	test/common/zero.v	0	0		1	144		00000000 00000000 00000000 00000000 00000000 00000000 000000
NOT-SV-SOURCE		friscv	test/priv_sec_testsuite/tests/rv32ui-p-test0.v	0	0		1	2387		@00010000 6F 00 00 0A 73 2F 20 34 93 0E 80 00 63 06 DF 1D
NOT-SV-SOURCE		friscv	test/priv_sec_testsuite/tests/rv32ui-p-test1.v	0	0		1	2779		@00010000 6F 00 00 0A 73 2F 20 34 93 0E 80 00 63 06 DF 1D
NOT-SV-SOURCE		friscv	test/priv_sec_testsuite/tests/rv32ui-p-test2.v	0	0		1	8561		@00010000 6F 00 00 0B 73 2F 20 34 93 0E 80 00 63 14 DF 01
NOT-SV-SOURCE		friscv	test/priv_sec_testsuite/tests/rv32ui-p-test3.v	0	0		1	7997		@00010000 6F 00 00 0B 73 2F 20 34 93 0E 80 00 63 14 DF 01
NOT-SV-SOURCE		friscv	test/priv_sec_testsuite/tests/rv32ui-p-test4.v	0	0		1	8389		@00010000 6F 00 00 0B 73 2F 20 34 93 0E 80 00 63 14 DF 01
NOT-SV-SOURCE		friscv	test/priv_sec_testsuite/tests/rv32ui-p-test5.v	0	0		1	8389		@00010000 6F 00 00 0B 73 2F 20 34 93 0E 80 00 63 14 DF 01
NOT-SV-SOURCE		friscv	test/priv_sec_testsuite/tests/rv32ui-v-test0.v	0	0		1	11523		@80000000 6F 00 C0 00 6F 20 80 30 6F 20 40 30 93 00 00 00
NOT-SV-SOURCE		friscv	test/priv_sec_testsuite/tests/rv32ui-v-test1.v	0	0		1	12013		@80000000 6F 00 C0 00 6F 20 80 30 6F 20 40 30 93 00 00 00
NOT-SV-SOURCE		friscv	test/priv_sec_testsuite/tests/rv32ui-v-test2.v	0	0		1	17366		@80000000 6F 00 C0 00 6F 20 80 30 6F 20 40 30 93 00 00 00
NOT-SV-SOURCE		friscv	test/priv_sec_testsuite/tests/rv32ui-v-test3.v	0	0		1	16889		@80000000 6F 00 C0 00 6F 20 80 30 6F 20 40 30 93 00 00 00
NOT-SV-SOURCE		friscv	test/priv_sec_testsuite/tests/rv32ui-v-test4.v	0	0		1	17195		@80000000 6F 00 C0 00 6F 20 80 30 6F 20 40 30 93 00 00 00
NOT-SV-SOURCE		friscv	test/priv_sec_testsuite/tests/rv32ui-v-test5.v	0	0		1	17195		@80000000 6F 00 C0 00 6F 20 80 30 6F 20 40 30 93 00 00 00
NOT-SV-SOURCE		friscv	test/priv_sec_testsuite/tests/rv64ui-p-test0.v	0	0		1	2387		@00010000 6F 00 00 0A 73 2F 20 34 93 0E 80 00 63 08 DF 1D
NOT-SV-SOURCE		friscv	test/priv_sec_testsuite/tests/rv64ui-p-test1.v	0	0		1	2779		@00010000 6F 00 00 0A 73 2F 20 34 93 0E 80 00 63 08 DF 1D
NOT-SV-SOURCE		friscv	test/priv_sec_testsuite/tests/rv64ui-p-test2.v	0	0		1	8879		@00010000 6F 00 00 0B 73 2F 20 34 93 0E 80 00 63 14 DF 01
NOT-SV-SOURCE		friscv	test/priv_sec_testsuite/tests/rv64ui-p-test3.v	0	0		1	8315		@00010000 6F 00 00 0B 73 2F 20 34 93 0E 80 00 63 14 DF 01
NOT-SV-SOURCE		friscv	test/priv_sec_testsuite/tests/rv64ui-p-test4.v	0	0		1	8707		@00010000 6F 00 00 0B 73 2F 20 34 93 0E 80 00 63 14 DF 01
NOT-SV-SOURCE		friscv	test/priv_sec_testsuite/tests/rv64ui-p-test5.v	0	0		1	7923		@00010000 6F 00 00 0B 73 2F 20 34 93 0E 80 00 63 14 DF 01
NOT-SV-SOURCE		friscv	test/priv_sec_testsuite/tests/rv64ui-v-test0.v	0	0		1	11242		@80000000 6F 00 C0 00 6F 20 80 2C 6F 20 40 2C 93 00 00 00
NOT-SV-SOURCE		friscv	test/priv_sec_testsuite/tests/rv64ui-v-test1.v	0	0		1	11732		@80000000 6F 00 C0 00 6F 20 80 2C 6F 20 40 2C 93 00 00 00
NOT-SV-SOURCE		friscv	test/priv_sec_testsuite/tests/rv64ui-v-test2.v	0	0		1	17403		@80000000 6F 00 C0 00 6F 20 80 2C 6F 20 40 2C 93 00 00 00
NOT-SV-SOURCE		friscv	test/priv_sec_testsuite/tests/rv64ui-v-test3.v	0	0		1	16926		@80000000 6F 00 C0 00 6F 20 80 2C 6F 20 40 2C 93 00 00 00
NOT-SV-SOURCE		friscv	test/priv_sec_testsuite/tests/rv64ui-v-test4.v	0	0		1	17232		@80000000 6F 00 C0 00 6F 20 80 2C 6F 20 40 2C 93 00 00 00
NOT-SV-SOURCE		friscv	test/priv_sec_testsuite/tests/rv64ui-v-test5.v	0	0		1	16595		@80000000 6F 00 C0 00 6F 20 80 2C 6F 20 40 2C 93 00 00 00
NOT-SV-SOURCE		friscv	test/riscv-tests/tests/rv32mi-p-breakpoint.v	0	0		1	2655		@00010000 6F 00 C0 04 73 2F 20 34 93 0F 80 00 63 0A FF 03
NOT-SV-SOURCE		friscv	test/riscv-tests/tests/rv32mi-p-csr.v	0	0		1	3635		@00010000 6F 00 C0 04 73 2F 20 34 93 0F 80 00 63 0A FF 03
NOT-SV-SOURCE		friscv	test/riscv-tests/tests/rv32mi-p-illegal.v	0	0		1	4029		@00010000 6F 00 C0 04 73 2F 20 34 93 0F 80 00 63 0A FF 03
NOT-SV-SOURCE		friscv	test/riscv-tests/tests/rv32mi-p-ma_addr.v	0	0		1	3831		@00010000 6F 00 C0 04 73 2F 20 34 93 0F 80 00 63 0A FF 03
NOT-SV-SOURCE		friscv	test/riscv-tests/tests/rv32mi-p-ma_fetch.v	0	0		1	2791		@00010000 6F 00 C0 04 73 2F 20 34 93 0F 80 00 63 0A FF 03
NOT-SV-SOURCE		friscv	test/riscv-tests/tests/rv32mi-p-mcsr.v	0	0		1	1799		@00010000 6F 00 80 04 73 2F 20 34 93 0F 80 00 63 08 FF 03
NOT-SV-SOURCE		friscv	test/riscv-tests/tests/rv32mi-p-sbreak.v	0	0		1	1811		@00010000 6F 00 C0 04 73 2F 20 34 93 0F 80 00 63 0A FF 03
NOT-SV-SOURCE		friscv	test/riscv-tests/tests/rv32mi-p-scall.v	0	0		1	2007		@00010000 6F 00 C0 04 73 2F 20 34 93 0F 80 00 63 0A FF 03
NOT-SV-SOURCE		friscv	test/riscv-tests/tests/rv32mi-p-shamt.v	0	0		1	1811		@00010000 6F 00 C0 04 73 2F 20 34 93 0F 80 00 63 0A FF 03
NOT-SV-SOURCE		friscv	test/riscv-tests/tests/rv32si-p-csr.v	0	0		1	3243		@00010000 6F 00 80 04 73 2F 20 34 93 0F 80 00 63 08 FF 03
NOT-SV-SOURCE		friscv	test/riscv-tests/tests/rv32si-p-dirty.v	0	0		1	2851		@00010000 6F 00 C0 04 73 2F 20 34 93 0F 80 00 63 0A FF 03
NOT-SV-SOURCE		friscv	test/riscv-tests/tests/rv32si-p-ma_fetch.v	0	0		1	2595		@00010000 6F 00 80 04 73 2F 20 34 93 0F 80 00 63 08 FF 03
NOT-SV-SOURCE		friscv	test/riscv-tests/tests/rv32si-p-sbreak.v	0	0		1	2007		@00010000 6F 00 80 04 73 2F 20 34 93 0F 80 00 63 08 FF 03
NOT-SV-SOURCE		friscv	test/riscv-tests/tests/rv32si-p-scall.v	0	0		1	2007		@00010000 6F 00 80 04 73 2F 20 34 93 0F 80 00 63 08 FF 03
NOT-SV-SOURCE		friscv	test/riscv-tests/tests/rv32si-p-wfi.v	0	0		1	1799		@00010000 6F 00 80 04 73 2F 20 34 93 0F 80 00 63 08 FF 03
NOT-SV-SOURCE		friscv	test/riscv-tests/tests/rv32ui-p-add.v	0	0		1	5523		@00010000 6F 00 80 04 73 2F 20 34 93 0F 80 00 63 08 FF 03
NOT-SV-SOURCE		friscv	test/riscv-tests/tests/rv32ui-p-addi.v	0	0		1	3563		@00010000 6F 00 80 04 73 2F 20 34 93 0F 80 00 63 08 FF 03
NOT-SV-SOURCE		friscv	test/riscv-tests/tests/rv32ui-p-and.v	0	0		1	5327		@00010000 6F 00 80 04 73 2F 20 34 93 0F 80 00 63 08 FF 03
NOT-SV-SOURCE		friscv	test/riscv-tests/tests/rv32ui-p-andi.v	0	0		1	2975		@00010000 6F 00 80 04 73 2F 20 34 93 0F 80 00 63 08 FF 03
NOT-SV-SOURCE		friscv	test/riscv-tests/tests/rv32ui-p-auipc.v	0	0		1	1787		@00010000 6F 00 80 04 73 2F 20 34 93 0F 80 00 63 08 FF 03
NOT-SV-SOURCE		friscv	test/riscv-tests/tests/rv32ui-p-beq.v	0	0		1	3759		@00010000 6F 00 80 04 73 2F 20 34 93 0F 80 00 63 08 FF 03
NOT-SV-SOURCE		friscv	test/riscv-tests/tests/rv32ui-p-bge.v	0	0		1	4151		@00010000 6F 00 80 04 73 2F 20 34 93 0F 80 00 63 08 FF 03
NOT-SV-SOURCE		friscv	test/riscv-tests/tests/rv32ui-p-bgeu.v	0	0		1	4347		@00010000 6F 00 80 04 73 2F 20 34 93 0F 80 00 63 08 FF 03
NOT-SV-SOURCE		friscv	test/riscv-tests/tests/rv32ui-p-blt.v	0	0		1	3759		@00010000 6F 00 80 04 73 2F 20 34 93 0F 80 00 63 08 FF 03
NOT-SV-SOURCE		friscv	test/riscv-tests/tests/rv32ui-p-bltu.v	0	0		1	3955		@00010000 6F 00 80 04 73 2F 20 34 93 0F 80 00 63 08 FF 03
NOT-SV-SOURCE		friscv	test/riscv-tests/tests/rv32ui-p-bne.v	0	0		1	3759		@00010000 6F 00 80 04 73 2F 20 34 93 0F 80 00 63 08 FF 03
NOT-SV-SOURCE		friscv	test/riscv-tests/tests/rv32ui-p-fence_i.v	0	0		1	2447		@00010000 6F 00 80 04 73 2F 20 34 93 0F 80 00 63 08 FF 03
NOT-SV-SOURCE		friscv	test/riscv-tests/tests/rv32ui-p-jal.v	0	0		1	1995		@00010000 6F 00 80 04 73 2F 20 34 93 0F 80 00 63 08 FF 03
NOT-SV-SOURCE		friscv	test/riscv-tests/tests/rv32ui-p-jalr.v	0	0		1	2387		@00010000 6F 00 80 04 73 2F 20 34 93 0F 80 00 63 08 FF 03
NOT-SV-SOURCE		friscv	test/riscv-tests/tests/rv32ui-p-lb.v	0	0		1	3427		@00010000 6F 00 80 04 73 2F 20 34 93 0F 80 00 63 08 FF 03
NOT-SV-SOURCE		friscv	test/riscv-tests/tests/rv32ui-p-lbu.v	0	0		1	3427		@00010000 6F 00 80 04 73 2F 20 34 93 0F 80 00 63 08 FF 03
NOT-SV-SOURCE		friscv	test/riscv-tests/tests/rv32ui-p-lh.v	0	0		1	3623		@00010000 6F 00 80 04 73 2F 20 34 93 0F 80 00 63 08 FF 03
NOT-SV-SOURCE		friscv	test/riscv-tests/tests/rv32ui-p-lhu.v	0	0		1	3623		@00010000 6F 00 80 04 73 2F 20 34 93 0F 80 00 63 08 FF 03
NOT-SV-SOURCE		friscv	test/riscv-tests/tests/rv32ui-p-lui.v	0	0		1	1995		@00010000 6F 00 80 04 73 2F 20 34 93 0F 80 00 63 08 FF 03
NOT-SV-SOURCE		friscv	test/riscv-tests/tests/rv32ui-p-lw.v	0	0		1	3623		@00010000 6F 00 80 04 73 2F 20 34 93 0F 80 00 63 08 FF 03
NOT-SV-SOURCE		friscv	test/riscv-tests/tests/rv32ui-p-or.v	0	0		1	5327		@00010000 6F 00 80 04 73 2F 20 34 93 0F 80 00 63 08 FF 03
NOT-SV-SOURCE		friscv	test/riscv-tests/tests/rv32ui-p-ori.v	0	0		1	3171		@00010000 6F 00 80 04 73 2F 20 34 93 0F 80 00 63 08 FF 03
NOT-SV-SOURCE		friscv	test/riscv-tests/tests/rv32ui-p-sb.v	0	0		1	4799		@00010000 6F 00 80 04 73 2F 20 34 93 0F 80 00 63 08 FF 03
NOT-SV-SOURCE		friscv	test/riscv-tests/tests/rv32ui-p-sh.v	0	0		1	5240		@00010000 6F 00 80 04 73 2F 20 34 93 0F 80 00 63 08 FF 03
NOT-SV-SOURCE		friscv	test/riscv-tests/tests/rv32ui-p-simple.v	0	0		1	1603		@00010000 6F 00 80 04 73 2F 20 34 93 0F 80 00 63 08 FF 03
NOT-SV-SOURCE		friscv	test/riscv-tests/tests/rv32ui-p-sll.v	0	0		1	5915		@00010000 6F 00 80 04 73 2F 20 34 93 0F 80 00 63 08 FF 03
NOT-SV-SOURCE		friscv	test/riscv-tests/tests/rv32ui-p-slli.v	0	0		1	3563		@00010000 6F 00 80 04 73 2F 20 34 93 0F 80 00 63 08 FF 03
NOT-SV-SOURCE		friscv	test/riscv-tests/tests/rv32ui-p-slt.v	0	0		1	5327		@00010000 6F 00 80 04 73 2F 20 34 93 0F 80 00 63 08 FF 03
NOT-SV-SOURCE		friscv	test/riscv-tests/tests/rv32ui-p-slti.v	0	0		1	3563		@00010000 6F 00 80 04 73 2F 20 34 93 0F 80 00 63 08 FF 03
NOT-SV-SOURCE		friscv	test/riscv-tests/tests/rv32ui-p-sltiu.v	0	0		1	3563		@00010000 6F 00 80 04 73 2F 20 34 93 0F 80 00 63 08 FF 03
NOT-SV-SOURCE		friscv	test/riscv-tests/tests/rv32ui-p-sltu.v	0	0		1	5327		@00010000 6F 00 80 04 73 2F 20 34 93 0F 80 00 63 08 FF 03
NOT-SV-SOURCE		friscv	test/riscv-tests/tests/rv32ui-p-sra.v	0	0		1	6111		@00010000 6F 00 80 04 73 2F 20 34 93 0F 80 00 63 08 FF 03
NOT-SV-SOURCE		friscv	test/riscv-tests/tests/rv32ui-p-srai.v	0	0		1	3759		@00010000 6F 00 80 04 73 2F 20 34 93 0F 80 00 63 08 FF 03
NOT-SV-SOURCE		friscv	test/riscv-tests/tests/rv32ui-p-srl.v	0	0		1	5915		@00010000 6F 00 80 04 73 2F 20 34 93 0F 80 00 63 08 FF 03
NOT-SV-SOURCE		friscv	test/riscv-tests/tests/rv32ui-p-srli.v	0	0		1	3759		@00010000 6F 00 80 04 73 2F 20 34 93 0F 80 00 63 08 FF 03
NOT-SV-SOURCE		friscv	test/riscv-tests/tests/rv32ui-p-sub.v	0	0		1	5327		@00010000 6F 00 80 04 73 2F 20 34 93 0F 80 00 63 08 FF 03
NOT-SV-SOURCE		friscv	test/riscv-tests/tests/rv32ui-p-sw.v	0	0		1	5289		@00010000 6F 00 80 04 73 2F 20 34 93 0F 80 00 63 08 FF 03
NOT-SV-SOURCE		friscv	test/riscv-tests/tests/rv32ui-p-xor.v	0	0		1	5327		@00010000 6F 00 80 04 73 2F 20 34 93 0F 80 00 63 08 FF 03
NOT-SV-SOURCE		friscv	test/riscv-tests/tests/rv32ui-p-xori.v	0	0		1	3171		@00010000 6F 00 80 04 73 2F 20 34 93 0F 80 00 63 08 FF 03
NOT-SV-SOURCE		friscv	test/riscv-tests/tests/rv32ui-v-add.v	0	0		1	14965		@80000000 6F 00 C0 00 6F 20 80 30 6F 20 40 30 93 00 00 00
NOT-SV-SOURCE		friscv	test/riscv-tests/tests/rv32ui-v-addi.v	0	0		1	13128		@80000000 6F 00 C0 00 6F 20 80 30 6F 20 40 30 93 00 00 00
NOT-SV-SOURCE		friscv	test/riscv-tests/tests/rv32ui-v-and.v	0	0		1	14843		@80000000 6F 00 C0 00 6F 20 80 30 6F 20 40 30 93 00 00 00
NOT-SV-SOURCE		friscv	test/riscv-tests/tests/rv32ui-v-andi.v	0	0		1	12515		@80000000 6F 00 C0 00 6F 20 80 30 6F 20 40 30 93 00 00 00
NOT-SV-SOURCE		friscv	test/riscv-tests/tests/rv32ui-v-auipc.v	0	0		1	11376		@80000000 6F 00 C0 00 6F 20 80 30 6F 20 40 30 93 00 00 00
NOT-SV-SOURCE		friscv	test/riscv-tests/tests/rv32ui-v-beq.v	0	0		1	13299		@80000000 6F 00 C0 00 6F 20 80 30 6F 20 40 30 93 00 00 00
NOT-SV-SOURCE		friscv	test/riscv-tests/tests/rv32ui-v-bge.v	0	0		1	13593		@80000000 6F 00 C0 00 6F 20 80 30 6F 20 40 30 93 00 00 00
NOT-SV-SOURCE		friscv	test/riscv-tests/tests/rv32ui-v-bgeu.v	0	0		1	13753		@80000000 6F 00 C0 00 6F 20 80 30 6F 20 40 30 93 00 00 00
NOT-SV-SOURCE		friscv	test/riscv-tests/tests/rv32ui-v-blt.v	0	0		1	13299		@80000000 6F 00 C0 00 6F 20 80 30 6F 20 40 30 93 00 00 00
NOT-SV-SOURCE		friscv	test/riscv-tests/tests/rv32ui-v-bltu.v	0	0		1	13459		@80000000 6F 00 C0 00 6F 20 80 30 6F 20 40 30 93 00 00 00
NOT-SV-SOURCE		friscv	test/riscv-tests/tests/rv32ui-v-bne.v	0	0		1	13312		@80000000 6F 00 C0 00 6F 20 80 30 6F 20 40 30 93 00 00 00
NOT-SV-SOURCE		friscv	test/riscv-tests/tests/rv32ui-v-fence_i.v	0	0		1	12098		@80000000 6F 00 C0 00 6F 20 80 30 6F 20 40 30 93 00 00 00
NOT-SV-SOURCE		friscv	test/riscv-tests/tests/rv32ui-v-jal.v	0	0		1	11401		@80000000 6F 00 C0 00 6F 20 80 30 6F 20 40 30 93 00 00 00
NOT-SV-SOURCE		friscv	test/riscv-tests/tests/rv32ui-v-jalr.v	0	0		1	11891		@80000000 6F 00 C0 00 6F 20 80 30 6F 20 40 30 93 00 00 00
NOT-SV-SOURCE		friscv	test/riscv-tests/tests/rv32ui-v-lb.v	0	0		1	12968		@80000000 6F 00 C0 00 6F 20 80 30 6F 20 40 30 93 00 00 00
NOT-SV-SOURCE		friscv	test/riscv-tests/tests/rv32ui-v-lbu.v	0	0		1	12968		@80000000 6F 00 C0 00 6F 20 80 30 6F 20 40 30 93 00 00 00
NOT-SV-SOURCE		friscv	test/riscv-tests/tests/rv32ui-v-lh.v	0	0		1	13078		@80000000 6F 00 C0 00 6F 20 80 30 6F 20 40 30 93 00 00 00
NOT-SV-SOURCE		friscv	test/riscv-tests/tests/rv32ui-v-lhu.v	0	0		1	13139		@80000000 6F 00 C0 00 6F 20 80 30 6F 20 40 30 93 00 00 00
NOT-SV-SOURCE		friscv	test/riscv-tests/tests/rv32ui-v-lui.v	0	0		1	11437		@80000000 6F 00 C0 00 6F 20 80 30 6F 20 40 30 93 00 00 00
NOT-SV-SOURCE		friscv	test/riscv-tests/tests/rv32ui-v-lw.v	0	0		1	13200		@80000000 6F 00 C0 00 6F 20 80 30 6F 20 40 30 93 00 00 00
NOT-SV-SOURCE		friscv	test/riscv-tests/tests/rv32ui-v-or.v	0	0		1	14880		@80000000 6F 00 C0 00 6F 20 80 30 6F 20 40 30 93 00 00 00
NOT-SV-SOURCE		friscv	test/riscv-tests/tests/rv32ui-v-ori.v	0	0		1	12601		@80000000 6F 00 C0 00 6F 20 80 30 6F 20 40 30 93 00 00 00
NOT-SV-SOURCE		friscv	test/riscv-tests/tests/rv32ui-v-sb.v	0	0		1	14285		@80000000 6F 00 C0 00 6F 20 80 30 6F 20 40 30 93 00 00 00
NOT-SV-SOURCE		friscv	test/riscv-tests/tests/rv32ui-v-sh.v	0	0		1	14720		@80000000 6F 00 C0 00 6F 20 80 30 6F 20 40 30 93 00 00 00
NOT-SV-SOURCE		friscv	test/riscv-tests/tests/rv32ui-v-simple.v	0	0		1	11094		@80000000 6F 00 C0 00 6F 20 80 30 6F 20 40 30 93 00 00 00
NOT-SV-SOURCE		friscv	test/riscv-tests/tests/rv32ui-v-sll.v	0	0		1	15308		@80000000 6F 00 C0 00 6F 20 80 30 6F 20 40 30 93 00 00 00
NOT-SV-SOURCE		friscv	test/riscv-tests/tests/rv32ui-v-slli.v	0	0		1	13116		@80000000 6F 00 C0 00 6F 20 80 30 6F 20 40 30 93 00 00 00
NOT-SV-SOURCE		friscv	test/riscv-tests/tests/rv32ui-v-slt.v	0	0		1	14892		@80000000 6F 00 C0 00 6F 20 80 30 6F 20 40 30 93 00 00 00
NOT-SV-SOURCE		friscv	test/riscv-tests/tests/rv32ui-v-slti.v	0	0		1	13067		@80000000 6F 00 C0 00 6F 20 80 30 6F 20 40 30 93 00 00 00
NOT-SV-SOURCE		friscv	test/riscv-tests/tests/rv32ui-v-sltiu.v	0	0		1	13067		@80000000 6F 00 C0 00 6F 20 80 30 6F 20 40 30 93 00 00 00
NOT-SV-SOURCE		friscv	test/riscv-tests/tests/rv32ui-v-sltu.v	0	0		1	14892		@80000000 6F 00 C0 00 6F 20 80 30 6F 20 40 30 93 00 00 00
NOT-SV-SOURCE		friscv	test/riscv-tests/tests/rv32ui-v-sra.v	0	0		1	15541		@80000000 6F 00 C0 00 6F 20 80 30 6F 20 40 30 93 00 00 00
NOT-SV-SOURCE		friscv	test/riscv-tests/tests/rv32ui-v-srai.v	0	0		1	13275		@80000000 6F 00 C0 00 6F 20 80 30 6F 20 40 30 93 00 00 00
NOT-SV-SOURCE		friscv	test/riscv-tests/tests/rv32ui-v-srl.v	0	0		1	15468		@80000000 6F 00 C0 00 6F 20 80 30 6F 20 40 30 93 00 00 00
NOT-SV-SOURCE		friscv	test/riscv-tests/tests/rv32ui-v-srli.v	0	0		1	13201		@80000000 6F 00 C0 00 6F 20 80 30 6F 20 40 30 93 00 00 00
NOT-SV-SOURCE		friscv	test/riscv-tests/tests/rv32ui-v-sub.v	0	0		1	14867		@80000000 6F 00 C0 00 6F 20 80 30 6F 20 40 30 93 00 00 00
NOT-SV-SOURCE		friscv	test/riscv-tests/tests/rv32ui-v-sw.v	0	0		1	14818		@80000000 6F 00 C0 00 6F 20 80 30 6F 20 40 30 93 00 00 00
NOT-SV-SOURCE		friscv	test/riscv-tests/tests/rv32ui-v-xor.v	0	0		1	14867		@80000000 6F 00 C0 00 6F 20 80 30 6F 20 40 30 93 00 00 00
NOT-SV-SOURCE		friscv	test/riscv-tests/tests/rv32ui-v-xori.v	0	0		1	12626		@80000000 6F 00 C0 00 6F 20 80 30 6F 20 40 30 93 00 00 00
NOT-SV-SOURCE		friscv	test/riscv-tests/tests/rv32um-p-div.v	0	0		1	2387		@00010000 6F 00 80 04 73 2F 20 34 93 0F 80 00 63 08 FF 03
NOT-SV-SOURCE		friscv	test/riscv-tests/tests/rv32um-p-divu.v	0	0		1	2387		@00010000 6F 00 80 04 73 2F 20 34 93 0F 80 00 63 08 FF 03
NOT-SV-SOURCE		friscv	test/riscv-tests/tests/rv32um-p-mul.v	0	0		1	5327		@00010000 6F 00 80 04 73 2F 20 34 93 0F 80 00 63 08 FF 03
NOT-SV-SOURCE		friscv	test/riscv-tests/tests/rv32um-p-mulh.v	0	0		1	5327		@00010000 6F 00 80 04 73 2F 20 34 93 0F 80 00 63 08 FF 03
NOT-SV-SOURCE		friscv	test/riscv-tests/tests/rv32um-p-mulhsu.v	0	0		1	5327		@00010000 6F 00 80 04 73 2F 20 34 93 0F 80 00 63 08 FF 03
NOT-SV-SOURCE		friscv	test/riscv-tests/tests/rv32um-p-mulhu.v	0	0		1	5327		@00010000 6F 00 80 04 73 2F 20 34 93 0F 80 00 63 08 FF 03
NOT-SV-SOURCE		friscv	test/riscv-tests/tests/rv32um-p-rem.v	0	0		1	2387		@00010000 6F 00 80 04 73 2F 20 34 93 0F 80 00 63 08 FF 03
NOT-SV-SOURCE		friscv	test/riscv-tests/tests/rv32um-p-remu.v	0	0		1	2387		@00010000 6F 00 80 04 73 2F 20 34 93 0F 80 00 63 08 FF 03
NOT-SV-SOURCE		friscv	test/riscv-tests/tests/rv32um-v-div.v	0	0		1	11817		@80000000 6F 00 C0 00 6F 20 80 30 6F 20 40 30 93 00 00 00
NOT-SV-SOURCE		friscv	test/riscv-tests/tests/rv32um-v-divu.v	0	0		1	11829		@80000000 6F 00 C0 00 6F 20 80 30 6F 20 40 30 93 00 00 00
NOT-SV-SOURCE		friscv	test/riscv-tests/tests/rv32um-v-mul.v	0	0		1	14892		@80000000 6F 00 C0 00 6F 20 80 30 6F 20 40 30 93 00 00 00
NOT-SV-SOURCE		friscv	test/riscv-tests/tests/rv32um-v-mulh.v	0	0		1	14892		@80000000 6F 00 C0 00 6F 20 80 30 6F 20 40 30 93 00 00 00
NOT-SV-SOURCE		friscv	test/riscv-tests/tests/rv32um-v-mulhsu.v	0	0		1	14892		@80000000 6F 00 C0 00 6F 20 80 30 6F 20 40 30 93 00 00 00
NOT-SV-SOURCE		friscv	test/riscv-tests/tests/rv32um-v-mulhu.v	0	0		1	14892		@80000000 6F 00 C0 00 6F 20 80 30 6F 20 40 30 93 00 00 00
NOT-SV-SOURCE		friscv	test/riscv-tests/tests/rv32um-v-rem.v	0	0		1	11817		@80000000 6F 00 C0 00 6F 20 80 30 6F 20 40 30 93 00 00 00
NOT-SV-SOURCE		friscv	test/riscv-tests/tests/rv32um-v-remu.v	0	0		1	11817		@80000000 6F 00 C0 00 6F 20 80 30 6F 20 40 30 93 00 00 00
NOT-SV-SOURCE		friscv	test/riscv-tests/tests/rv64mi-p-access.v	0	0		1	2007		@00010000 6F 00 C0 04 73 2F 20 34 93 0F 80 00 63 0A FF 03
NOT-SV-SOURCE		friscv	test/riscv-tests/tests/rv64mi-p-breakpoint.v	0	0		1	2655		@00010000 6F 00 C0 04 73 2F 20 34 93 0F 80 00 63 0A FF 03
NOT-SV-SOURCE		friscv	test/riscv-tests/tests/rv64mi-p-csr.v	0	0		1	4027		@00010000 6F 00 C0 04 73 2F 20 34 93 0F 80 00 63 0A FF 03
NOT-SV-SOURCE		friscv	test/riscv-tests/tests/rv64mi-p-illegal.v	0	0		1	4016		@00010000 6F 00 C0 04 73 2F 20 34 93 0F 80 00 63 0A FF 03
NOT-SV-SOURCE		friscv	test/riscv-tests/tests/rv64mi-p-ma_addr.v	0	0		1	6575		@00010000 6F 00 C0 04 73 2F 20 34 93 0F 80 00 63 0A FF 03
NOT-SV-SOURCE		friscv	test/riscv-tests/tests/rv64mi-p-ma_fetch.v	0	0		1	2791		@00010000 6F 00 C0 04 73 2F 20 34 93 0F 80 00 63 0A FF 03
NOT-SV-SOURCE		friscv	test/riscv-tests/tests/rv64mi-p-mcsr.v	0	0		1	1995		@00010000 6F 00 80 04 73 2F 20 34 93 0F 80 00 63 08 FF 03
NOT-SV-SOURCE		friscv	test/riscv-tests/tests/rv64mi-p-sbreak.v	0	0		1	2007		@00010000 6F 00 C0 04 73 2F 20 34 93 0F 80 00 63 0A FF 03
NOT-SV-SOURCE		friscv	test/riscv-tests/tests/rv64mi-p-scall.v	0	0		1	2007		@00010000 6F 00 C0 04 73 2F 20 34 93 0F 80 00 63 0A FF 03
NOT-SV-SOURCE		friscv	test/riscv-tests/tests/rv64si-p-csr.v	0	0		1	3243		@00010000 6F 00 80 04 73 2F 20 34 93 0F 80 00 63 08 FF 03
NOT-SV-SOURCE		friscv	test/riscv-tests/tests/rv64si-p-dirty.v	0	0		1	2851		@00010000 6F 00 C0 04 73 2F 20 34 93 0F 80 00 63 0A FF 03
NOT-SV-SOURCE		friscv	test/riscv-tests/tests/rv64si-p-icache-alias.v	0	0		1	65571		@00010000 6F 00 C0 04 73 2F 20 34 93 0F 80 00 63 0A FF 03
NOT-SV-SOURCE		friscv	test/riscv-tests/tests/rv64si-p-ma_fetch.v	0	0		1	2595		@00010000 6F 00 80 04 73 2F 20 34 93 0F 80 00 63 08 FF 03
NOT-SV-SOURCE		friscv	test/riscv-tests/tests/rv64si-p-sbreak.v	0	0		1	2007		@00010000 6F 00 80 04 73 2F 20 34 93 0F 80 00 63 08 FF 03
NOT-SV-SOURCE		friscv	test/riscv-tests/tests/rv64si-p-scall.v	0	0		1	2007		@00010000 6F 00 80 04 73 2F 20 34 93 0F 80 00 63 08 FF 03
NOT-SV-SOURCE		friscv	test/riscv-tests/tests/rv64si-p-wfi.v	0	0		1	1799		@00010000 6F 00 80 04 73 2F 20 34 93 0F 80 00 63 08 FF 03
NOT-SV-SOURCE		friscv	test/riscv-tests/tests/rv64ui-p-add.v	0	0		1	5523		@00010000 6F 00 80 04 73 2F 20 34 93 0F 80 00 63 08 FF 03
NOT-SV-SOURCE		friscv	test/riscv-tests/tests/rv64ui-p-addi.v	0	0		1	3759		@00010000 6F 00 80 04 73 2F 20 34 93 0F 80 00 63 08 FF 03
NOT-SV-SOURCE		friscv	test/riscv-tests/tests/rv64ui-p-addiw.v	0	0		1	3563		@00010000 6F 00 80 04 73 2F 20 34 93 0F 80 00 63 08 FF 03
NOT-SV-SOURCE		friscv	test/riscv-tests/tests/rv64ui-p-addw.v	0	0		1	5523		@00010000 6F 00 80 04 73 2F 20 34 93 0F 80 00 63 08 FF 03
NOT-SV-SOURCE		friscv	test/riscv-tests/tests/rv64ui-p-and.v	0	0		1	5915		@00010000 6F 00 80 04 73 2F 20 34 93 0F 80 00 63 08 FF 03
NOT-SV-SOURCE		friscv	test/riscv-tests/tests/rv64ui-p-andi.v	0	0		1	3171		@00010000 6F 00 80 04 73 2F 20 34 93 0F 80 00 63 08 FF 03
NOT-SV-SOURCE		friscv	test/riscv-tests/tests/rv64ui-p-auipc.v	0	0		1	1971		@00010000 6F 00 80 04 73 2F 20 34 93 0F 80 00 63 08 FF 03
NOT-SV-SOURCE		friscv	test/riscv-tests/tests/rv64ui-p-beq.v	0	0		1	3759		@00010000 6F 00 80 04 73 2F 20 34 93 0F 80 00 63 08 FF 03
NOT-SV-SOURCE		friscv	test/riscv-tests/tests/rv64ui-p-bge.v	0	0		1	4151		@00010000 6F 00 80 04 73 2F 20 34 93 0F 80 00 63 08 FF 03
NOT-SV-SOURCE		friscv	test/riscv-tests/tests/rv64ui-p-bgeu.v	0	0		1	4739		@00010000 6F 00 80 04 73 2F 20 34 93 0F 80 00 63 08 FF 03
NOT-SV-SOURCE		friscv	test/riscv-tests/tests/rv64ui-p-blt.v	0	0		1	3759		@00010000 6F 00 80 04 73 2F 20 34 93 0F 80 00 63 08 FF 03
NOT-SV-SOURCE		friscv	test/riscv-tests/tests/rv64ui-p-bltu.v	0	0		1	4347		@00010000 6F 00 80 04 73 2F 20 34 93 0F 80 00 63 08 FF 03
NOT-SV-SOURCE		friscv	test/riscv-tests/tests/rv64ui-p-bne.v	0	0		1	3759		@00010000 6F 00 80 04 73 2F 20 34 93 0F 80 00 63 08 FF 03
NOT-SV-SOURCE		friscv	test/riscv-tests/tests/rv64ui-p-fence_i.v	0	0		1	2435		@00010000 6F 00 80 04 73 2F 20 34 93 0F 80 00 63 08 FF 03
NOT-SV-SOURCE		friscv	test/riscv-tests/tests/rv64ui-p-jal.v	0	0		1	1995		@00010000 6F 00 80 04 73 2F 20 34 93 0F 80 00 63 08 FF 03
NOT-SV-SOURCE		friscv	test/riscv-tests/tests/rv64ui-p-jalr.v	0	0		1	2387		@00010000 6F 00 80 04 73 2F 20 34 93 0F 80 00 63 08 FF 03
NOT-SV-SOURCE		friscv	test/riscv-tests/tests/rv64ui-p-lb.v	0	0		1	3623		@00010000 6F 00 80 04 73 2F 20 34 93 0F 80 00 63 08 FF 03
NOT-SV-SOURCE		friscv	test/riscv-tests/tests/rv64ui-p-lbu.v	0	0		1	3623		@00010000 6F 00 80 04 73 2F 20 34 93 0F 80 00 63 08 FF 03
NOT-SV-SOURCE		friscv	test/riscv-tests/tests/rv64ui-p-ld.v	0	0		1	4848		@00010000 6F 00 80 04 73 2F 20 34 93 0F 80 00 63 08 FF 03
NOT-SV-SOURCE		friscv	test/riscv-tests/tests/rv64ui-p-lh.v	0	0		1	3623		@00010000 6F 00 80 04 73 2F 20 34 93 0F 80 00 63 08 FF 03
NOT-SV-SOURCE		friscv	test/riscv-tests/tests/rv64ui-p-lhu.v	0	0		1	3623		@00010000 6F 00 80 04 73 2F 20 34 93 0F 80 00 63 08 FF 03
NOT-SV-SOURCE		friscv	test/riscv-tests/tests/rv64ui-p-lui.v	0	0		1	1995		@00010000 6F 00 80 04 73 2F 20 34 93 0F 80 00 63 08 FF 03
NOT-SV-SOURCE		friscv	test/riscv-tests/tests/rv64ui-p-lw.v	0	0		1	3819		@00010000 6F 00 80 04 73 2F 20 34 93 0F 80 00 63 08 FF 03
NOT-SV-SOURCE		friscv	test/riscv-tests/tests/rv64ui-p-lwu.v	0	0		1	4015		@00010000 6F 00 80 04 73 2F 20 34 93 0F 80 00 63 08 FF 03
NOT-SV-SOURCE		friscv	test/riscv-tests/tests/rv64ui-p-or.v	0	0		1	6307		@00010000 6F 00 80 04 73 2F 20 34 93 0F 80 00 63 08 FF 03
NOT-SV-SOURCE		friscv	test/riscv-tests/tests/rv64ui-p-ori.v	0	0		1	3171		@00010000 6F 00 80 04 73 2F 20 34 93 0F 80 00 63 08 FF 03
NOT-SV-SOURCE		friscv	test/riscv-tests/tests/rv64ui-p-sb.v	0	0		1	4799		@00010000 6F 00 80 04 73 2F 20 34 93 0F 80 00 63 08 FF 03
NOT-SV-SOURCE		friscv	test/riscv-tests/tests/rv64ui-p-sd.v	0	0		1	6759		@00010000 6F 00 80 04 73 2F 20 34 93 0F 80 00 63 08 FF 03
NOT-SV-SOURCE		friscv	test/riscv-tests/tests/rv64ui-p-sh.v	0	0		1	5240		@00010000 6F 00 80 04 73 2F 20 34 93 0F 80 00 63 08 FF 03
NOT-SV-SOURCE		friscv	test/riscv-tests/tests/rv64ui-p-simple.v	0	0		1	1603		@00010000 6F 00 80 04 73 2F 20 34 93 0F 80 00 63 08 FF 03
NOT-SV-SOURCE		friscv	test/riscv-tests/tests/rv64ui-p-sll.v	0	0		1	6503		@00010000 6F 00 80 04 73 2F 20 34 93 0F 80 00 63 08 FF 03
NOT-SV-SOURCE		friscv	test/riscv-tests/tests/rv64ui-p-slli.v	0	0		1	3955		@00010000 6F 00 80 04 73 2F 20 34 93 0F 80 00 63 08 FF 03
NOT-SV-SOURCE		friscv	test/riscv-tests/tests/rv64ui-p-slliw.v	0	0		1	4151		@00010000 6F 00 80 04 73 2F 20 34 93 0F 80 00 63 08 FF 03
NOT-SV-SOURCE		friscv	test/riscv-tests/tests/rv64ui-p-sllw.v	0	0		1	6503		@00010000 6F 00 80 04 73 2F 20 34 93 0F 80 00 63 08 FF 03
NOT-SV-SOURCE		friscv	test/riscv-tests/tests/rv64ui-p-slt.v	0	0		1	5327		@00010000 6F 00 80 04 73 2F 20 34 93 0F 80 00 63 08 FF 03
NOT-SV-SOURCE		friscv	test/riscv-tests/tests/rv64ui-p-slti.v	0	0		1	3563		@00010000 6F 00 80 04 73 2F 20 34 93 0F 80 00 63 08 FF 03
NOT-SV-SOURCE		friscv	test/riscv-tests/tests/rv64ui-p-sltiu.v	0	0		1	3563		@00010000 6F 00 80 04 73 2F 20 34 93 0F 80 00 63 08 FF 03
NOT-SV-SOURCE		friscv	test/riscv-tests/tests/rv64ui-p-sltu.v	0	0		1	5719		@00010000 6F 00 80 04 73 2F 20 34 93 0F 80 00 63 08 FF 03
NOT-SV-SOURCE		friscv	test/riscv-tests/tests/rv64ui-p-sra.v	0	0		1	6111		@00010000 6F 00 80 04 73 2F 20 34 93 0F 80 00 63 08 FF 03
NOT-SV-SOURCE		friscv	test/riscv-tests/tests/rv64ui-p-srai.v	0	0		1	3759		@00010000 6F 00 80 04 73 2F 20 34 93 0F 80 00 63 08 FF 03
NOT-SV-SOURCE		friscv	test/riscv-tests/tests/rv64ui-p-sraiw.v	0	0		1	4347		@00010000 6F 00 80 04 73 2F 20 34 93 0F 80 00 63 08 FF 03
NOT-SV-SOURCE		friscv	test/riscv-tests/tests/rv64ui-p-sraw.v	0	0		1	6503		@00010000 6F 00 80 04 73 2F 20 34 93 0F 80 00 63 08 FF 03
NOT-SV-SOURCE		friscv	test/riscv-tests/tests/rv64ui-p-srl.v	0	0		1	6307		@00010000 6F 00 80 04 73 2F 20 34 93 0F 80 00 63 08 FF 03
NOT-SV-SOURCE		friscv	test/riscv-tests/tests/rv64ui-p-srli.v	0	0		1	3955		@00010000 6F 00 80 04 73 2F 20 34 93 0F 80 00 63 08 FF 03
NOT-SV-SOURCE		friscv	test/riscv-tests/tests/rv64ui-p-srliw.v	0	0		1	4151		@00010000 6F 00 80 04 73 2F 20 34 93 0F 80 00 63 08 FF 03
NOT-SV-SOURCE		friscv	test/riscv-tests/tests/rv64ui-p-srlw.v	0	0		1	6503		@00010000 6F 00 80 04 73 2F 20 34 93 0F 80 00 63 08 FF 03
NOT-SV-SOURCE		friscv	test/riscv-tests/tests/rv64ui-p-sub.v	0	0		1	5523		@00010000 6F 00 80 04 73 2F 20 34 93 0F 80 00 63 08 FF 03
NOT-SV-SOURCE		friscv	test/riscv-tests/tests/rv64ui-p-subw.v	0	0		1	5327		@00010000 6F 00 80 04 73 2F 20 34 93 0F 80 00 63 08 FF 03
NOT-SV-SOURCE		friscv	test/riscv-tests/tests/rv64ui-p-sw.v	0	0		1	5289		@00010000 6F 00 80 04 73 2F 20 34 93 0F 80 00 63 08 FF 03
NOT-SV-SOURCE		friscv	test/riscv-tests/tests/rv64ui-p-xor.v	0	0		1	6111		@00010000 6F 00 80 04 73 2F 20 34 93 0F 80 00 63 08 FF 03
NOT-SV-SOURCE		friscv	test/riscv-tests/tests/rv64ui-p-xori.v	0	0		1	3171		@00010000 6F 00 80 04 73 2F 20 34 93 0F 80 00 63 08 FF 03
NOT-SV-SOURCE		friscv	test/riscv-tests/tests/rv64ui-v-add.v	0	0		1	14745		@80000000 6F 00 C0 00 6F 20 80 2C 6F 20 40 2C 93 00 00 00
NOT-SV-SOURCE		friscv	test/riscv-tests/tests/rv64ui-v-addi.v	0	0		1	12883		@80000000 6F 00 C0 00 6F 20 80 2C 6F 20 40 2C 93 00 00 00
NOT-SV-SOURCE		friscv	test/riscv-tests/tests/rv64ui-v-addiw.v	0	0		1	12846		@80000000 6F 00 C0 00 6F 20 80 2C 6F 20 40 2C 93 00 00 00
NOT-SV-SOURCE		friscv	test/riscv-tests/tests/rv64ui-v-addw.v	0	0		1	14684		@80000000 6F 00 C0 00 6F 20 80 2C 6F 20 40 2C 93 00 00 00
NOT-SV-SOURCE		friscv	test/riscv-tests/tests/rv64ui-v-and.v	0	0		1	15051		@80000000 6F 00 C0 00 6F 20 80 2C 6F 20 40 2C 93 00 00 00
NOT-SV-SOURCE		friscv	test/riscv-tests/tests/rv64ui-v-andi.v	0	0		1	12405		@80000000 6F 00 C0 00 6F 20 80 2C 6F 20 40 2C 93 00 00 00
NOT-SV-SOURCE		friscv	test/riscv-tests/tests/rv64ui-v-auipc.v	0	0		1	11095		@80000000 6F 00 C0 00 6F 20 80 2C 6F 20 40 2C 93 00 00 00
NOT-SV-SOURCE		friscv	test/riscv-tests/tests/rv64ui-v-beq.v	0	0		1	13018		@80000000 6F 00 C0 00 6F 20 80 2C 6F 20 40 2C 93 00 00 00
NOT-SV-SOURCE		friscv	test/riscv-tests/tests/rv64ui-v-bge.v	0	0		1	13312		@80000000 6F 00 C0 00 6F 20 80 2C 6F 20 40 2C 93 00 00 00
NOT-SV-SOURCE		friscv	test/riscv-tests/tests/rv64ui-v-bgeu.v	0	0		1	13973		@80000000 6F 00 C0 00 6F 20 80 2C 6F 20 40 2C 93 00 00 00
NOT-SV-SOURCE		friscv	test/riscv-tests/tests/rv64ui-v-blt.v	0	0		1	13018		@80000000 6F 00 C0 00 6F 20 80 2C 6F 20 40 2C 93 00 00 00
NOT-SV-SOURCE		friscv	test/riscv-tests/tests/rv64ui-v-bltu.v	0	0		1	13630		@80000000 6F 00 C0 00 6F 20 80 2C 6F 20 40 2C 93 00 00 00
NOT-SV-SOURCE		friscv	test/riscv-tests/tests/rv64ui-v-bne.v	0	0		1	13030		@80000000 6F 00 C0 00 6F 20 80 2C 6F 20 40 2C 93 00 00 00
NOT-SV-SOURCE		friscv	test/riscv-tests/tests/rv64ui-v-fence_i.v	0	0		1	11792		@80000000 6F 00 C0 00 6F 20 80 2C 6F 20 40 2C 93 00 00 00
NOT-SV-SOURCE		friscv	test/riscv-tests/tests/rv64ui-v-jal.v	0	0		1	11119		@80000000 6F 00 C0 00 6F 20 80 2C 6F 20 40 2C 93 00 00 00
NOT-SV-SOURCE		friscv	test/riscv-tests/tests/rv64ui-v-jalr.v	0	0		1	11609		@80000000 6F 00 C0 00 6F 20 80 2C 6F 20 40 2C 93 00 00 00
NOT-SV-SOURCE		friscv	test/riscv-tests/tests/rv64ui-v-lb.v	0	0		1	12687		@80000000 6F 00 C0 00 6F 20 80 2C 6F 20 40 2C 93 00 00 00
NOT-SV-SOURCE		friscv	test/riscv-tests/tests/rv64ui-v-lbu.v	0	0		1	12687		@80000000 6F 00 C0 00 6F 20 80 2C 6F 20 40 2C 93 00 00 00
NOT-SV-SOURCE		friscv	test/riscv-tests/tests/rv64ui-v-ld.v	0	0		1	13948		@80000000 6F 00 C0 00 6F 20 80 2C 6F 20 40 2C 93 00 00 00
NOT-SV-SOURCE		friscv	test/riscv-tests/tests/rv64ui-v-lh.v	0	0		1	12797		@80000000 6F 00 C0 00 6F 20 80 2C 6F 20 40 2C 93 00 00 00
NOT-SV-SOURCE		friscv	test/riscv-tests/tests/rv64ui-v-lhu.v	0	0		1	12858		@80000000 6F 00 C0 00 6F 20 80 2C 6F 20 40 2C 93 00 00 00
NOT-SV-SOURCE		friscv	test/riscv-tests/tests/rv64ui-v-lui.v	0	0		1	11156		@80000000 6F 00 C0 00 6F 20 80 2C 6F 20 40 2C 93 00 00 00
NOT-SV-SOURCE		friscv	test/riscv-tests/tests/rv64ui-v-lw.v	0	0		1	12919		@80000000 6F 00 C0 00 6F 20 80 2C 6F 20 40 2C 93 00 00 00
NOT-SV-SOURCE		friscv	test/riscv-tests/tests/rv64ui-v-lwu.v	0	0		1	13139		@80000000 6F 00 C0 00 6F 20 80 2C 6F 20 40 2C 93 00 00 00
NOT-SV-SOURCE		friscv	test/riscv-tests/tests/rv64ui-v-or.v	0	0		1	15456		@80000000 6F 00 C0 00 6F 20 80 2C 6F 20 40 2C 93 00 00 00
NOT-SV-SOURCE		friscv	test/riscv-tests/tests/rv64ui-v-ori.v	0	0		1	12369		@80000000 6F 00 C0 00 6F 20 80 2C 6F 20 40 2C 93 00 00 00
NOT-SV-SOURCE		friscv	test/riscv-tests/tests/rv64ui-v-sb.v	0	0		1	14003		@80000000 6F 00 C0 00 6F 20 80 2C 6F 20 40 2C 93 00 00 00
NOT-SV-SOURCE		friscv	test/riscv-tests/tests/rv64ui-v-sd.v	0	0		1	16030		@80000000 6F 00 C0 00 6F 20 80 2C 6F 20 40 2C 93 00 00 00
NOT-SV-SOURCE		friscv	test/riscv-tests/tests/rv64ui-v-sh.v	0	0		1	14438		@80000000 6F 00 C0 00 6F 20 80 2C 6F 20 40 2C 93 00 00 00
NOT-SV-SOURCE		friscv	test/riscv-tests/tests/rv64ui-v-simple.v	0	0		1	10813		@80000000 6F 00 C0 00 6F 20 80 2C 6F 20 40 2C 93 00 00 00
NOT-SV-SOURCE		friscv	test/riscv-tests/tests/rv64ui-v-sll.v	0	0		1	15603		@80000000 6F 00 C0 00 6F 20 80 2C 6F 20 40 2C 93 00 00 00
NOT-SV-SOURCE		friscv	test/riscv-tests/tests/rv64ui-v-slli.v	0	0		1	13189		@80000000 6F 00 C0 00 6F 20 80 2C 6F 20 40 2C 93 00 00 00
NOT-SV-SOURCE		friscv	test/riscv-tests/tests/rv64ui-v-slliw.v	0	0		1	13275		@80000000 6F 00 C0 00 6F 20 80 2C 6F 20 40 2C 93 00 00 00
NOT-SV-SOURCE		friscv	test/riscv-tests/tests/rv64ui-v-sllw.v	0	0		1	15603		@80000000 6F 00 C0 00 6F 20 80 2C 6F 20 40 2C 93 00 00 00
NOT-SV-SOURCE		friscv	test/riscv-tests/tests/rv64ui-v-slt.v	0	0		1	14610		@80000000 6F 00 C0 00 6F 20 80 2C 6F 20 40 2C 93 00 00 00
NOT-SV-SOURCE		friscv	test/riscv-tests/tests/rv64ui-v-slti.v	0	0		1	12785		@80000000 6F 00 C0 00 6F 20 80 2C 6F 20 40 2C 93 00 00 00
NOT-SV-SOURCE		friscv	test/riscv-tests/tests/rv64ui-v-sltiu.v	0	0		1	12785		@80000000 6F 00 C0 00 6F 20 80 2C 6F 20 40 2C 93 00 00 00
NOT-SV-SOURCE		friscv	test/riscv-tests/tests/rv64ui-v-sltu.v	0	0		1	14819		@80000000 6F 00 C0 00 6F 20 80 2C 6F 20 40 2C 93 00 00 00
NOT-SV-SOURCE		friscv	test/riscv-tests/tests/rv64ui-v-sra.v	0	0		1	15260		@80000000 6F 00 C0 00 6F 20 80 2C 6F 20 40 2C 93 00 00 00
NOT-SV-SOURCE		friscv	test/riscv-tests/tests/rv64ui-v-srai.v	0	0		1	13018		@80000000 6F 00 C0 00 6F 20 80 2C 6F 20 40 2C 93 00 00 00
NOT-SV-SOURCE		friscv	test/riscv-tests/tests/rv64ui-v-sraiw.v	0	0		1	13581		@80000000 6F 00 C0 00 6F 20 80 2C 6F 20 40 2C 93 00 00 00
NOT-SV-SOURCE		friscv	test/riscv-tests/tests/rv64ui-v-sraw.v	0	0		1	15750		@80000000 6F 00 C0 00 6F 20 80 2C 6F 20 40 2C 93 00 00 00
NOT-SV-SOURCE		friscv	test/riscv-tests/tests/rv64ui-v-srl.v	0	0		1	15590		@80000000 6F 00 C0 00 6F 20 80 2C 6F 20 40 2C 93 00 00 00
NOT-SV-SOURCE		friscv	test/riscv-tests/tests/rv64ui-v-srli.v	0	0		1	13202		@80000000 6F 00 C0 00 6F 20 80 2C 6F 20 40 2C 93 00 00 00
NOT-SV-SOURCE		friscv	test/riscv-tests/tests/rv64ui-v-srliw.v	0	0		1	13361		@80000000 6F 00 C0 00 6F 20 80 2C 6F 20 40 2C 93 00 00 00
NOT-SV-SOURCE		friscv	test/riscv-tests/tests/rv64ui-v-srlw.v	0	0		1	15676		@80000000 6F 00 C0 00 6F 20 80 2C 6F 20 40 2C 93 00 00 00
NOT-SV-SOURCE		friscv	test/riscv-tests/tests/rv64ui-v-sub.v	0	0		1	14635		@80000000 6F 00 C0 00 6F 20 80 2C 6F 20 40 2C 93 00 00 00
NOT-SV-SOURCE		friscv	test/riscv-tests/tests/rv64ui-v-subw.v	0	0		1	14586		@80000000 6F 00 C0 00 6F 20 80 2C 6F 20 40 2C 93 00 00 00
NOT-SV-SOURCE		friscv	test/riscv-tests/tests/rv64ui-v-sw.v	0	0		1	14536		@80000000 6F 00 C0 00 6F 20 80 2C 6F 20 40 2C 93 00 00 00
NOT-SV-SOURCE		friscv	test/riscv-tests/tests/rv64ui-v-xor.v	0	0		1	15394		@80000000 6F 00 C0 00 6F 20 80 2C 6F 20 40 2C 93 00 00 00
NOT-SV-SOURCE		friscv	test/riscv-tests/tests/rv64ui-v-xori.v	0	0		1	12344		@80000000 6F 00 C0 00 6F 20 80 2C 6F 20 40 2C 93 00 00 00
NOT-SV-SOURCE		friscv	test/riscv-tests/tests/rv64um-p-div.v	0	0		1	2387		@00010000 6F 00 80 04 73 2F 20 34 93 0F 80 00 63 08 FF 03
NOT-SV-SOURCE		friscv	test/riscv-tests/tests/rv64um-p-divu.v	0	0		1	2387		@00010000 6F 00 80 04 73 2F 20 34 93 0F 80 00 63 08 FF 03
NOT-SV-SOURCE		friscv	test/riscv-tests/tests/rv64um-p-divuw.v	0	0		1	2387		@00010000 6F 00 80 04 73 2F 20 34 93 0F 80 00 63 08 FF 03
NOT-SV-SOURCE		friscv	test/riscv-tests/tests/rv64um-p-divw.v	0	0		1	2387		@00010000 6F 00 80 04 73 2F 20 34 93 0F 80 00 63 08 FF 03
NOT-SV-SOURCE		friscv	test/riscv-tests/tests/rv64um-p-mul.v	0	0		1	5523		@00010000 6F 00 80 04 73 2F 20 34 93 0F 80 00 63 08 FF 03
NOT-SV-SOURCE		friscv	test/riscv-tests/tests/rv64um-p-mulh.v	0	0		1	5131		@00010000 6F 00 80 04 73 2F 20 34 93 0F 80 00 63 08 FF 03
NOT-SV-SOURCE		friscv	test/riscv-tests/tests/rv64um-p-mulhsu.v	0	0		1	5131		@00010000 6F 00 80 04 73 2F 20 34 93 0F 80 00 63 08 FF 03
NOT-SV-SOURCE		friscv	test/riscv-tests/tests/rv64um-p-mulhu.v	0	0		1	5523		@00010000 6F 00 80 04 73 2F 20 34 93 0F 80 00 63 08 FF 03
NOT-SV-SOURCE		friscv	test/riscv-tests/tests/rv64um-p-mulw.v	0	0		1	4739		@00010000 6F 00 80 04 73 2F 20 34 93 0F 80 00 63 08 FF 03
NOT-SV-SOURCE		friscv	test/riscv-tests/tests/rv64um-p-rem.v	0	0		1	2387		@00010000 6F 00 80 04 73 2F 20 34 93 0F 80 00 63 08 FF 03
NOT-SV-SOURCE		friscv	test/riscv-tests/tests/rv64um-p-remu.v	0	0		1	2387		@00010000 6F 00 80 04 73 2F 20 34 93 0F 80 00 63 08 FF 03
NOT-SV-SOURCE		friscv	test/riscv-tests/tests/rv64um-p-remuw.v	0	0		1	2387		@00010000 6F 00 80 04 73 2F 20 34 93 0F 80 00 63 08 FF 03
NOT-SV-SOURCE		friscv	test/riscv-tests/tests/rv64um-p-remw.v	0	0		1	2387		@00010000 6F 00 80 04 73 2F 20 34 93 0F 80 00 63 08 FF 03
NOT-SV-SOURCE		friscv	test/riscv-tests/tests/rv64um-v-div.v	0	0		1	11597		@80000000 6F 00 C0 00 6F 20 80 2C 6F 20 40 2C 93 00 00 00
NOT-SV-SOURCE		friscv	test/riscv-tests/tests/rv64um-v-divu.v	0	0		1	11670		@80000000 6F 00 C0 00 6F 20 80 2C 6F 20 40 2C 93 00 00 00
NOT-SV-SOURCE		friscv	test/riscv-tests/tests/rv64um-v-divuw.v	0	0		1	11572		@80000000 6F 00 C0 00 6F 20 80 2C 6F 20 40 2C 93 00 00 00
NOT-SV-SOURCE		friscv	test/riscv-tests/tests/rv64um-v-divw.v	0	0		1	11536		@80000000 6F 00 C0 00 6F 20 80 2C 6F 20 40 2C 93 00 00 00
NOT-SV-SOURCE		friscv	test/riscv-tests/tests/rv64um-v-mul.v	0	0		1	14623		@80000000 6F 00 C0 00 6F 20 80 2C 6F 20 40 2C 93 00 00 00
NOT-SV-SOURCE		friscv	test/riscv-tests/tests/rv64um-v-mulh.v	0	0		1	14353		@80000000 6F 00 C0 00 6F 20 80 2C 6F 20 40 2C 93 00 00 00
NOT-SV-SOURCE		friscv	test/riscv-tests/tests/rv64um-v-mulhsu.v	0	0		1	14353		@80000000 6F 00 C0 00 6F 20 80 2C 6F 20 40 2C 93 00 00 00
NOT-SV-SOURCE		friscv	test/riscv-tests/tests/rv64um-v-mulhu.v	0	0		1	14745		@80000000 6F 00 C0 00 6F 20 80 2C 6F 20 40 2C 93 00 00 00
NOT-SV-SOURCE		friscv	test/riscv-tests/tests/rv64um-v-mulw.v	0	0		1	13875		@80000000 6F 00 C0 00 6F 20 80 2C 6F 20 40 2C 93 00 00 00
NOT-SV-SOURCE		friscv	test/riscv-tests/tests/rv64um-v-rem.v	0	0		1	11585		@80000000 6F 00 C0 00 6F 20 80 2C 6F 20 40 2C 93 00 00 00
NOT-SV-SOURCE		friscv	test/riscv-tests/tests/rv64um-v-remu.v	0	0		1	11597		@80000000 6F 00 C0 00 6F 20 80 2C 6F 20 40 2C 93 00 00 00
NOT-SV-SOURCE		friscv	test/riscv-tests/tests/rv64um-v-remuw.v	0	0		1	11536		@80000000 6F 00 C0 00 6F 20 80 2C 6F 20 40 2C 93 00 00 00
NOT-SV-SOURCE		friscv	test/riscv-tests/tests/rv64um-v-remw.v	0	0		1	11609		@80000000 6F 00 C0 00 6F 20 80 2C 6F 20 40 2C 93 00 00 00
NOT-SV-SOURCE		friscv	test/wba_testsuite/tests/rv32ui-p-test0.v	0	0		1	1603		@00010000 6F 00 80 04 73 2F 20 34 93 0F 80 00 63 08 FF 03
NOT-SV-SOURCE		friscv	test/wba_testsuite/tests/rv32ui-p-test1.v	0	0		1	1995		@00010000 6F 00 80 04 73 2F 20 34 93 0F 80 00 63 08 FF 03
NOT-SV-SOURCE		friscv	test/wba_testsuite/tests/rv32ui-p-test10.v	0	0		1	2779		@00010000 6F 00 80 04 73 2F 20 34 93 0F 80 00 63 08 FF 03
NOT-SV-SOURCE		friscv	test/wba_testsuite/tests/rv32ui-p-test2.v	0	0		1	1995		@00010000 6F 00 80 04 73 2F 20 34 93 0F 80 00 63 08 FF 03
NOT-SV-SOURCE		friscv	test/wba_testsuite/tests/rv32ui-p-test3.v	0	0		1	1995		@00010000 6F 00 80 04 73 2F 20 34 93 0F 80 00 63 08 FF 03
NOT-SV-SOURCE		friscv	test/wba_testsuite/tests/rv32ui-p-test4.v	0	0		1	1995		@00010000 6F 00 80 04 73 2F 20 34 93 0F 80 00 63 08 FF 03
NOT-SV-SOURCE		friscv	test/wba_testsuite/tests/rv32ui-p-test5.v	0	0		1	2387		@00010000 6F 00 80 04 73 2F 20 34 93 0F 80 00 63 08 FF 03
NOT-SV-SOURCE		friscv	test/wba_testsuite/tests/rv32ui-p-test6.v	0	0		1	3759		@00010000 6F 00 80 04 73 2F 20 34 93 0F 80 00 63 08 FF 03
NOT-SV-SOURCE		friscv	test/wba_testsuite/tests/rv32ui-p-test7.v	0	0		1	1799		@00010000 6F 00 80 04 73 2F 20 34 93 0F 80 00 63 08 FF 03
NOT-SV-SOURCE		friscv	test/wba_testsuite/tests/rv32ui-p-test8.v	0	0		1	2191		@00010000 6F 00 80 04 73 2F 20 34 93 0F 80 00 63 08 FF 03
NOT-SV-SOURCE		friscv	test/wba_testsuite/tests/rv32ui-p-test9.v	0	0		1	1995		@00010000 6F 00 80 04 73 2F 20 34 93 0F 80 00 63 08 FF 03
NOT-SV-SOURCE		friscv	test/wba_testsuite/tests/rv32ui-v-test0.v	0	0		1	11180		@80000000 6F 00 C0 00 6F 20 80 30 6F 20 40 30 93 00 00 00
NOT-SV-SOURCE		friscv	test/wba_testsuite/tests/rv32ui-v-test1.v	0	0		1	11486		@80000000 6F 00 C0 00 6F 20 80 30 6F 20 40 30 93 00 00 00
NOT-SV-SOURCE		friscv	test/wba_testsuite/tests/rv32ui-v-test10.v	0	0		1	12185		@80000000 6F 00 C0 00 6F 20 80 30 6F 20 40 30 93 00 00 00
NOT-SV-SOURCE		friscv	test/wba_testsuite/tests/rv32ui-v-test2.v	0	0		1	11523		@80000000 6F 00 C0 00 6F 20 80 30 6F 20 40 30 93 00 00 00
NOT-SV-SOURCE		friscv	test/wba_testsuite/tests/rv32ui-v-test3.v	0	0		1	11511		@80000000 6F 00 C0 00 6F 20 80 30 6F 20 40 30 93 00 00 00
NOT-SV-SOURCE		friscv	test/wba_testsuite/tests/rv32ui-v-test4.v	0	0		1	11560		@80000000 6F 00 C0 00 6F 20 80 30 6F 20 40 30 93 00 00 00
NOT-SV-SOURCE		friscv	test/wba_testsuite/tests/rv32ui-v-test5.v	0	0		1	11829		@80000000 6F 00 C0 00 6F 20 80 30 6F 20 40 30 93 00 00 00
NOT-SV-SOURCE		friscv	test/wba_testsuite/tests/rv32ui-v-test6.v	0	0		1	13263		@80000000 6F 00 C0 00 6F 20 80 30 6F 20 40 30 93 00 00 00
NOT-SV-SOURCE		friscv	test/wba_testsuite/tests/rv32ui-v-test7.v	0	0		1	11303		@80000000 6F 00 C0 00 6F 20 80 30 6F 20 40 30 93 00 00 00
NOT-SV-SOURCE		friscv	test/wba_testsuite/tests/rv32ui-v-test8.v	0	0		1	11670		@80000000 6F 00 C0 00 6F 20 80 30 6F 20 40 30 93 00 00 00
NOT-SV-SOURCE		friscv	test/wba_testsuite/tests/rv32ui-v-test9.v	0	0		1	11523		@80000000 6F 00 C0 00 6F 20 80 30 6F 20 40 30 93 00 00 00
NOT-SV-SOURCE		friscv	test/wba_testsuite/tests/rv64ui-p-test0.v	0	0		1	1799		@00010000 6F 00 80 04 73 2F 20 34 93 0F 80 00 63 08 FF 03
NOT-SV-SOURCE		friscv	test/wba_testsuite/tests/rv64ui-p-test1.v	0	0		1	1995		@00010000 6F 00 80 04 73 2F 20 34 93 0F 80 00 63 08 FF 03
NOT-SV-SOURCE		friscv	test/wba_testsuite/tests/rv64ui-p-test10.v	0	0		1	2779		@00010000 6F 00 80 04 73 2F 20 34 93 0F 80 00 63 08 FF 03
NOT-SV-SOURCE		friscv	test/wba_testsuite/tests/rv64ui-p-test2.v	0	0		1	1995		@00010000 6F 00 80 04 73 2F 20 34 93 0F 80 00 63 08 FF 03
NOT-SV-SOURCE		friscv	test/wba_testsuite/tests/rv64ui-p-test3.v	0	0		1	1995		@00010000 6F 00 80 04 73 2F 20 34 93 0F 80 00 63 08 FF 03
NOT-SV-SOURCE		friscv	test/wba_testsuite/tests/rv64ui-p-test4.v	0	0		1	1995		@00010000 6F 00 80 04 73 2F 20 34 93 0F 80 00 63 08 FF 03
NOT-SV-SOURCE		friscv	test/wba_testsuite/tests/rv64ui-p-test5.v	0	0		1	2387		@00010000 6F 00 80 04 73 2F 20 34 93 0F 80 00 63 08 FF 03
NOT-SV-SOURCE		friscv	test/wba_testsuite/tests/rv64ui-p-test6.v	0	0		1	3759		@00010000 6F 00 80 04 73 2F 20 34 93 0F 80 00 63 08 FF 03
NOT-SV-SOURCE		friscv	test/wba_testsuite/tests/rv64ui-p-test7.v	0	0		1	1799		@00010000 6F 00 80 04 73 2F 20 34 93 0F 80 00 63 08 FF 03
NOT-SV-SOURCE		friscv	test/wba_testsuite/tests/rv64ui-p-test8.v	0	0		1	2191		@00010000 6F 00 80 04 73 2F 20 34 93 0F 80 00 63 08 FF 03
NOT-SV-SOURCE		friscv	test/wba_testsuite/tests/rv64ui-p-test9.v	0	0		1	1995		@00010000 6F 00 80 04 73 2F 20 34 93 0F 80 00 63 08 FF 03
NOT-SV-SOURCE		friscv	test/wba_testsuite/tests/rv64ui-v-test0.v	0	0		1	10899		@80000000 6F 00 C0 00 6F 20 80 2C 6F 20 40 2C 93 00 00 00
NOT-SV-SOURCE		friscv	test/wba_testsuite/tests/rv64ui-v-test1.v	0	0		1	11205		@80000000 6F 00 C0 00 6F 20 80 2C 6F 20 40 2C 93 00 00 00
NOT-SV-SOURCE		friscv	test/wba_testsuite/tests/rv64ui-v-test10.v	0	0		1	11903		@80000000 6F 00 C0 00 6F 20 80 2C 6F 20 40 2C 93 00 00 00
NOT-SV-SOURCE		friscv	test/wba_testsuite/tests/rv64ui-v-test2.v	0	0		1	11242		@80000000 6F 00 C0 00 6F 20 80 2C 6F 20 40 2C 93 00 00 00
NOT-SV-SOURCE		friscv	test/wba_testsuite/tests/rv64ui-v-test3.v	0	0		1	11229		@80000000 6F 00 C0 00 6F 20 80 2C 6F 20 40 2C 93 00 00 00
NOT-SV-SOURCE		friscv	test/wba_testsuite/tests/rv64ui-v-test4.v	0	0		1	11278		@80000000 6F 00 C0 00 6F 20 80 2C 6F 20 40 2C 93 00 00 00
NOT-SV-SOURCE		friscv	test/wba_testsuite/tests/rv64ui-v-test5.v	0	0		1	11548		@80000000 6F 00 C0 00 6F 20 80 2C 6F 20 40 2C 93 00 00 00
NOT-SV-SOURCE		friscv	test/wba_testsuite/tests/rv64ui-v-test6.v	0	0		1	12981		@80000000 6F 00 C0 00 6F 20 80 2C 6F 20 40 2C 93 00 00 00
NOT-SV-SOURCE		friscv	test/wba_testsuite/tests/rv64ui-v-test7.v	0	0		1	11021		@80000000 6F 00 C0 00 6F 20 80 2C 6F 20 40 2C 93 00 00 00
NOT-SV-SOURCE		friscv	test/wba_testsuite/tests/rv64ui-v-test8.v	0	0		1	11389		@80000000 6F 00 C0 00 6F 20 80 2C 6F 20 40 2C 93 00 00 00
NOT-SV-SOURCE		friscv	test/wba_testsuite/tests/rv64ui-v-test9.v	0	0		1	11242		@80000000 6F 00 C0 00 6F 20 80 2C 6F 20 40 2C 93 00 00 00
PAST-LAST-TICK		Surelog	tests/SimpleClass1/top.v	424	425	21	32	2068		(Packet,Scoreboard) Rcvr2Sb_port; uvm_analysis_imp_sent_pkt #(Packet,Scorebo
PAST-LAST-TICK		Surelog	tests/SimpleInterface/simple_if.sv	284	285	21	16	3198		dport tb (clocking cb, input clk); end endgenerate endinterface module toto (
PAST-LAST-TICK		black-parrot	bp_me/src/v/cce/bp_cce_inst_stall.sv	509	528	362	21	4504		s decoded_inst_i // input queue valid signals , input
PAST-LAST-TICK		opentitan	hw/ip/aes/pre_dv/aes_tb/data/gcm_k128_a0_d0.svh	482	482	301	14	10265		\ c_dpi_load('{
PAST-LAST-TICK		opentitan	hw/ip/aes/pre_dv/aes_tb/data/gcm_k128_a0_d16.svh	483	483	301	14	12918		\ c_dpi_load('{
PAST-LAST-TICK		opentitan	hw/ip/aes/pre_dv/aes_tb/data/gcm_k128_a20_d60.svh	472	573	301	14	77414		\ /*******************************************************
PAST-LAST-TICK		opentitan	hw/ip/aes/pre_dv/aes_tb/data/gcm_k128_a20_d64.svh	485	485	301	14	21132		\ c_dpi_load('{
PAST-LAST-TICK		opentitan	hw/ip/aes/pre_dv/aes_tb/data/modes_d64.svh	476	577	305	14	362304		\ /*******************************************************
PAST-LAST-TICK		opentitan	hw/ip/aes/pre_dv/aes_tb/rtl/tlul_adapter_tb_reqs.sv	471	472	256	18	2578		output tl_h2d_t tl_o, input tl_d2h_t tl_i, // A valid request is indic
PAST-LAST-TICK		opentitan	hw/ip/aes/rtl/aes_control_fsm_n.sv	1302	1335	715	32	26109		op_i, input aes_mode_e mode
PAST-LAST-TICK		opentitan	hw/ip/aes/rtl/aes_control_fsm_p.sv	1001	1034	414	28	24564		op_i, input aes_mode_e mode
PAST-LAST-TICK		opentitan	hw/ip/aes/rtl/aes_ctrl_gcm_reg_shadowed.sv	1127	1128	651	31	7718		output gcm_phase_e gcm_phase_o, output logic [4:0] num_valid_bytes_o, // A
PAST-LAST-TICK		opentitan	hw/ip/aes/rtl/aes_ctrl_reg_shadowed.sv	1043	1046	613	30	9175		output aes_op_e operation_o, output aes_mode_e mode_o, output key_len_e
PAST-LAST-TICK		opentitan	hw/ip/keymgr/rtl/keymgr_input_checks.sv	608	609	234	17	3417		input hw_key_req_t key_i, input [31:0] key_version_i, input [KeyWidth-1:0]
PAST-LAST-TICK		opentitan	hw/ip/kmac/rtl/kmac_reduced.sv	809	810	299	24	10411		rameter lfsr_perm_t RndCnstLfsrPerm = RndCnstLfsrPermDefault, parameter lfsr_s
PAST-LAST-TICK		opentitan	hw/ip/otbn/rtl/otbn_alu_base.sv	519	521	171	19	4703		u_base_operation_t operation_i, input alu_base_comparison_t comparison_i,
PAST-LAST-TICK		opentitan	hw/ip/otbn/rtl/otbn_vec_multiplier.sv	1615	1625	171	46	3279		mac_elen_e elen_i, output logic [2*Width-1:0] result_o ); logic
PAST-LAST-TICK		opentitan	hw/ip/prim/rtl/prim_macros.svh	883	886	806	20	1898		__allowed_more) \ (((__actual) + (__allowed_less) >= (__expected)) &&
PAST-LAST-TICK		opentitan	hw/ip/prim/rtl/prim_ram_1r1w_adv.sv	2283	2284	631	53	3043		ram_1r1w_cfg_req_t cfg_i, output ram_1r1w_cfg_rsp_t cfg_o ); prim_ram_1r1w
PAST-LAST-TICK		opentitan	hw/ip/prim/rtl/prim_ram_2p_adv.sv	2624	2626	632	58	3492		ram_2p_cfg_req_t cfg_i, output ram_2p_cfg_rsp_t cfg_o ); prim_ram_2p_as
PAST-LAST-TICK		opentitan	hw/ip/prim/rtl/prim_sdc_example.sv	11431	11432	2549	376	21045		4_t [NumSender-1:0] mubi4_true_out; mubi4_t [NumSender-1:0] mubi4_false_out;
PAST-LAST-TICK		opentitan	hw/ip/prim_xilinx/rtl/prim_pad_attr.sv	336	337	174	12	1631		arameter pad_type_e PadType = BidirStd ) ( output pad_attr_t attr_warl_o );
PAST-LAST-TICK		opentitan	hw/ip/rram_ctrl/rtl/rram_ctrl_mp_region_sel.sv	635	641	462	16	1865		rram_phase_e phase_i, input logic [PageW-1:0] addr_i, input mp_regi
PAST-LAST-TICK		opentitan	hw/ip_templates/flash_ctrl/rtl/flash_mp_data_region_sel.sv	379	380	204	14	1866		flash_lcmgr_phase_e phase_i, input [AllPagesW-1:0] addr_i, input data_region
PAST-LAST-TICK		opentitan	hw/ip_templates/pwrmgr/rtl/pwrmgr_wake_info.sv	554	555	211	21	2096		reg_wake_info_reg_t info_o ); logic record_en; // detect rising edge of st
PAST-LAST-TICK		opentitan	hw/ip_templates/rstmgr/rtl/rstmgr_leaf_rst.sv	679	680	264	25	3590		i, output mubi4_t rst_en_o, output logic leaf_rst_o, output logic err_o,
PAST-LAST-TICK		opentitan	hw/top_darjeeling/ip_autogen/alert_handler/rtl/alert_handler_lpg_ctrl.sv	1327	1328	624	32	3229		mubi4_t [NLpg-1:0] synced_lpg_cg_en, synced_lpg_rst_en, lpg_init_trig; for (g
PAST-LAST-TICK		opentitan	hw/top_darjeeling/ip_autogen/pwrmgr/rtl/pwrmgr_cdc.sv	560	561	207	23	7344		input pwrup_cause_e slow_pwrup_cause_i, output logic [NumWkups-1:0] slow_wakeu
PAST-LAST-TICK		opentitan	hw/top_darjeeling/ip_autogen/pwrmgr/rtl/pwrmgr_wake_info.sv	554	555	211	21	2096		reg_wake_info_reg_t info_o ); logic record_en; // detect rising edge of st
PAST-LAST-TICK		opentitan	hw/top_darjeeling/ip_autogen/rstmgr/rtl/rstmgr_leaf_rst.sv	679	680	264	25	3590		i, output mubi4_t rst_en_o, output logic leaf_rst_o, output logic err_o,
PAST-LAST-TICK		opentitan	hw/top_darjeeling/rtl/padring.sv	575	576	399	17	4231		pe_e [NDioPads-1:0] DioPadType = {NDioPads{BidirStd}}, parameter pad_type_e [N
PAST-LAST-TICK		opentitan	hw/top_darjeeling/rtl/physical_pads.sv	471	472	320	15	538		ok_t [NIoBanks-1:0] pad_pok_o ); assign pad_pok_o = '1; endmodule : physical
PAST-LAST-TICK		opentitan	hw/top_earlgrey/ip/ast/rtl/ast_clks_byp_aon.sv	1244	1245	629	29	3286		s_byp_main_to_aon_t main_to_aon_i, // Interface to main domain output clks_b
PAST-LAST-TICK		opentitan	hw/top_earlgrey/ip_autogen/alert_handler/rtl/alert_handler_lpg_ctrl.sv	1327	1328	624	32	3229		mubi4_t [NLpg-1:0] synced_lpg_cg_en, synced_lpg_rst_en, lpg_init_trig; for (g
PAST-LAST-TICK		opentitan	hw/top_earlgrey/ip_autogen/flash_ctrl/rtl/flash_mp_data_region_sel.sv	379	380	204	14	1866		flash_lcmgr_phase_e phase_i, input [AllPagesW-1:0] addr_i, input data_region
PAST-LAST-TICK		opentitan	hw/top_earlgrey/ip_autogen/pwrmgr/rtl/pwrmgr_cdc.sv	560	561	207	23	8120		input pwrup_cause_e slow_pwrup_cause_i, output logic [NumWkups-1:0] slow_wakeu
PAST-LAST-TICK		opentitan	hw/top_earlgrey/ip_autogen/pwrmgr/rtl/pwrmgr_wake_info.sv	554	555	211	21	2096		reg_wake_info_reg_t info_o ); logic record_en; // detect rising edge of st
PAST-LAST-TICK		opentitan	hw/top_earlgrey/ip_autogen/rstmgr/rtl/rstmgr_leaf_rst.sv	679	680	264	25	3590		i, output mubi4_t rst_en_o, output logic leaf_rst_o, output logic err_o,
PAST-LAST-TICK		opentitan	hw/top_earlgrey/rtl/padring.sv	575	576	399	17	9970		pe_e [NDioPads-1:0] DioPadType = {NDioPads{BidirStd}}, parameter pad_type_e [N
PAST-LAST-TICK		opentitan	hw/top_earlgrey/rtl/physical_pads.sv	471	472	320	15	538		ok_t [NIoBanks-1:0] pad_pok_o ); assign pad_pok_o = '1; endmodule : physical
PAST-LAST-TICK		opentitan	hw/top_englishbreakfast/ip_autogen/flash_ctrl/rtl/flash_mp_data_region_sel.sv	379	380	204	14	1866		flash_lcmgr_phase_e phase_i, input [AllPagesW-1:0] addr_i, input data_region
PAST-LAST-TICK		opentitan	hw/top_englishbreakfast/ip_autogen/pwrmgr/rtl/pwrmgr_cdc.sv	560	561	207	23	8119		input pwrup_cause_e slow_pwrup_cause_i, output logic [NumWkups-1:0] slow_wakeu
PAST-LAST-TICK		opentitan	hw/top_englishbreakfast/ip_autogen/pwrmgr/rtl/pwrmgr_wake_info.sv	554	555	211	21	2096		reg_wake_info_reg_t info_o ); logic record_en; // detect rising edge of st
PAST-LAST-TICK		opentitan	hw/top_englishbreakfast/ip_autogen/rstmgr/rtl/rstmgr_leaf_rst.sv	679	680	264	25	3590		i, output mubi4_t rst_en_o, output logic leaf_rst_o, output logic err_o,
PAST-LAST-TICK		opentitan	hw/vendor/lowrisc_ibex/dv/formal/spec/stub.sv	1033	1034	250	32	4837		automatic sail_bits sail_shift_bits_left(sail_bits x, sail_bits y); return {
PAST-LAST-TICK		uvm-core	uvm-core-2020.3.1/src/seq/uvm_seq.svh	1617	1618	1209	45	1929		uvm_sequence_item) uvm_default_sequence_type; typedef uvm_sequencer #(uvm_seque
PAST-LAST-TICK		verible	verible/verilog/tools/kythe/testdata/include_file_test/module.sv	414	415	167	14	1016		yClassIncludedFile1 instance2 = new(); //- @MyClassIncludedFile2 ref My
PAST-LAST-TICK		verible	verible/verilog/tools/kythe/testdata/include_file_test/module2.sv	416	417	167	14	1018		yClassIncludedFile1 instance1 = new(); //- @MyClassIncludedFile2 ref My
PAST-LAST-TICK		verible	verible/verilog/tools/kythe/testdata/include_with_dir_test/module3.sv	414	415	167	14	1016		yClassIncludedFile1 instance2 = new(); //- @MyClassIncludedFile2 ref My
PAST-LAST-TICK		verible	verible/verilog/tools/kythe/testdata/include_with_dir_test/module4.sv	416	417	167	14	1018		yClassIncludedFile1 instance1 = new(); //- @MyClassIncludedFile2 ref My
PRE-TICK	CROSS-LIBRARY	Cores-VeeR-EL2	testbench/ahb_lite_2to1_mux.sv	4277	4278	10406	99	11764	always_comb @ stimuli/sv/subs/opentitan/hw/vendor/lowrisc_ibex/rtl/ibex_branch_predict.sv	side {2'b10, 2'b11} & ~force_bus_idle; always_comb initiator1_address_ph = hsel_
PRE-TICK	CROSS-LIBRARY	Cores-VeeR-EL2	testbench/uvm/mem/hdl/dccm_driver.sv	107	108	183	4	1575	uvm_driver @ stimuli/sv/uvm/uvm-core-2020.3.1/src/comps/uvm_driver.svh	extends uvm_driver #(dccm_transaction_sequence_item); virtual dccm_interface
PRE-TICK	CROSS-LIBRARY	Cores-VeeR-EL2	testbench/uvm/mem/hdl/dccm_monitor.sv	109	109	279	4	1638	uvm_monitor @ stimuli/sv/uvm/uvm-core-2020.3.1/src/comps/uvm_monitor.svh	extends uvm_monitor; virtual dccm_interface memory_vif; uvm_analysis_port
PRE-TICK	CROSS-LIBRARY	Cores-VeeR-EL2	testbench/uvm/mem/hdl/dccm_scoreboard.sv	115	115	120	4	2399	uvm_scoreboard @ stimuli/sv/uvm/uvm-core-2020.3.1/src/comps/uvm_scoreboard.svh	tends uvm_scoreboard; `include "el2_param.vh" ; dccm_transaction_sequenc
PRE-TICK	CROSS-LIBRARY	Cores-VeeR-EL2	testbench/uvm/mem/hdl/dccm_sequence.sv	202	203	241	5	1238	uvm_sequence @ stimuli/sv/subs/Surelog/tests/ClassExtendParam/dut.sv	xtends uvm_sequence #(dccm_transaction_sequence_item); `uvm_object_utils(dccm
PRE-TICK	CROSS-LIBRARY	Cores-VeeR-EL2	testbench/uvm/mem/hdl/dccm_transaction_sequence_item.sv	133	133	138	4	790	uvm_sequence_item @ stimuli/sv/subs/Surelog/tests/SimpleClass1/top_1.v	ds uvm_sequence_item; `include "el2_param.vh" ; rand bit [ pt.DCCM
PRE-TICK	CROSS-LIBRARY	Cores-VeeR-EL2	tools/riscv-dv/riscv_core_setting.sv	244	245	3362	6	6274	satp_mode_t @ stimuli/sv/subs/opentitan/hw/vendor/lowrisc_ibex/vendor/google_riscv-dv/src/riscv_instr_pkg.sv	rameter satp_mode_t SATP_MODE = BARE; privileged_mode_t supported_privileged_mod
PRE-TICK	CROSS-LIBRARY	Cores-VeeR-EL2	tools/riscv-dv/veer_directed_instr_lib.sv	736	736	849	16	935	riscv_load_store_rand_addr_instr_stream @ stimuli/sv/subs/opentitan/hw/vendor/lowrisc_ibex/vendor/google_riscv-dv/src/riscv_load_store_instr_lib.sv	nd_addr_instr_stream; // Avoid writing in higher memory regions constraint
PRE-TICK	CROSS-LIBRARY	Surelog	tests/Escape/top.v	89	89	495	8	1450	uvm_env @ stimuli/sv/uvm/uvm-core-2020.3.1/src/comps/uvm_env.svh	env extends uvm_env; function void connect_phase(uvm_phase phase);
PRE-TICK	CROSS-LIBRARY	Surelog	tests/SimpleClass1/mod.v	38	38	100	3	197	uvm_transaction @ stimuli/sv/uvm/uvm-core-2020.3.1/src/base/uvm_transaction.svh	ends uvm_transaction; function void uvm_default_factory::print (int all_types=1)
PRE-TICK	CROSS-LIBRARY	Surelog	tests/UnitClass/mod.v	38	38	100	3	197	uvm_transaction @ stimuli/sv/uvm/uvm-core-2020.3.1/src/base/uvm_transaction.svh	ends uvm_transaction; function void uvm_default_factory::print (int all_types=1)
PRE-TICK	CROSS-LIBRARY	opentitan	hw/dv/sv/alert_esc_agent/alert_esc_seq_item.sv	359	359	1780	9	3525	uvm_sequence_item @ stimuli/sv/subs/Surelog/tests/SimpleClass1/top_1.v	ds uvm_sequence_item; // prefix 's' for sender, 'r' for receiver rand bit s
PRE-TICK	CROSS-LIBRARY	opentitan	hw/dv/sv/csr_utils/csr_base_seq.sv	1686	1687	1722	34	13312	uvm_reg_sequence @ stimuli/sv/subs/Surelog/tests/ClassExtendParam/dut.sv	ds uvm_reg_sequence #(uvm_sequence #(uvm_reg_item)); `uvm_object_utils(csr_bas
PRE-TICK	CROSS-LIBRARY	opentitan	hw/dv/sv/csrng_agent/csrng_item.sv	213	213	218	5	2932	uvm_sequence_item @ stimuli/sv/subs/Surelog/tests/SimpleClass1/top_1.v	ds uvm_sequence_item; `uvm_object_utils_begin(csrng_item) `uvm_object_utils
PRE-TICK	CROSS-LIBRARY	opentitan	hw/dv/sv/dv_base_agent/dv_base_agent_cfg.sv	253	253	1642	7	2226	uvm_object @ stimuli/sv/subs/Surelog/tests/ThisHier/dut.sv	g extends uvm_object; // True if this is an active agent, so has a driver and
PRE-TICK	CROSS-LIBRARY	opentitan	hw/dv/sv/dv_base_agent/dv_base_driver.sv	961	961	1131	17	3700	uvm_sequence_item @ stimuli/sv/subs/Surelog/tests/SimpleClass1/top_1.v	= uvm_sequence_item, type CFG_T = dv_base_agent_cfg
PRE-TICK	CROSS-LIBRARY	opentitan	hw/dv/sv/dv_base_agent/dv_base_monitor.sv	226	226	365	5	3943	uvm_sequence_item @ stimuli/sv/subs/Surelog/tests/SimpleClass1/top_1.v	= uvm_sequence_item, type CFG_T = dv_base_agent_cfg,
PRE-TICK	CROSS-LIBRARY	opentitan	hw/dv/sv/dv_base_agent/dv_base_seq.sv	227	227	424	5	769	uvm_sequence_item @ stimuli/sv/subs/Surelog/tests/SimpleClass1/top_1.v	= uvm_sequence_item, type RSP = REQ,
PRE-TICK	CROSS-LIBRARY	opentitan	hw/dv/sv/dv_base_agent/dv_base_sequencer.sv	232	232	411	5	743	uvm_sequence_item @ stimuli/sv/subs/Surelog/tests/SimpleClass1/top_1.v	= uvm_sequence_item, type CFG_T = dv_base_agent_
PRE-TICK	CROSS-LIBRARY	opentitan	hw/dv/sv/dv_base_agent/dv_reactive_monitor.sv	230	230	539	5	1355	uvm_sequence_item @ stimuli/sv/subs/Surelog/tests/SimpleClass1/top_1.v	= uvm_sequence_item, type REQ_ITEM_T = ITEM_T,
PRE-TICK	CROSS-LIBRARY	opentitan	hw/dv/sv/dv_base_agent/dv_reactive_sequencer.sv	236	236	456	5	1772	uvm_sequence_item @ stimuli/sv/subs/Surelog/tests/SimpleClass1/top_1.v	= uvm_sequence_item, type CFG_T = dv_reactiv
PRE-TICK	CROSS-LIBRARY	opentitan	hw/dv/sv/dv_base_reg/csr_excl_item.sv	384	384	388	8	6681	uvm_object @ stimuli/sv/subs/Surelog/tests/ThisHier/dut.sv	m extends uvm_object; `uvm_object_utils(csr_excl_item) typedef struct {
PRE-TICK	CROSS-LIBRARY	opentitan	hw/dv/sv/dv_base_reg/dv_base_lockable_field_cov.sv	280	280	661	6	2033	uvm_object @ stimuli/sv/subs/Surelog/tests/ThisHier/dut.sv	v extends uvm_object; // mirrored value of the lockable field, which is used t
PRE-TICK	CROSS-LIBRARY	opentitan	hw/dv/sv/dv_base_reg/dv_base_mem.sv	510	510	2169	13	3441	uvm_mem @ stimuli/sv/uvm/uvm-core-2020.3.1/src/reg/uvm_mem.svh	_mem extends uvm_mem; // If true, the memory supports partial writes. If not,
PRE-TICK	CROSS-LIBRARY	opentitan	hw/dv/sv/dv_base_reg/dv_base_mubi_cov.sv	433	433	437	8	5468	uvm_object @ stimuli/sv/subs/Surelog/tests/ThisHier/dut.sv	) extends uvm_object; `uvm_object_param_utils(mubi_cov #(Width, ValueTrue, Val
PRE-TICK	CROSS-LIBRARY	opentitan	hw/dv/sv/dv_base_reg/dv_base_reg_block.sv	293	293	297	6	20301	uvm_reg_block @ stimuli/sv/uvm/uvm-core-2020.3.1/src/reg/uvm_reg_block.svh	xtends uvm_reg_block; `uvm_object_utils(dv_base_reg_block) // The default a
PRE-TICK	CROSS-LIBRARY	opentitan	hw/dv/sv/dv_base_reg/dv_base_reg_field.sv	290	290	1666	6	15743	uvm_reg_field @ stimuli/sv/uvm/uvm-core-2020.3.1/src/reg/uvm_reg_model.svh	xtends uvm_reg_field; // The access value that the field had when it was conf
PRE-TICK	CROSS-LIBRARY	opentitan	hw/dv/sv/dv_base_reg/dv_base_reg_map.sv	284	284	288	6	350	uvm_reg_map @ stimuli/sv/subs/Surelog/tests/ForeachClass/dut.sv	extends uvm_reg_map; `uvm_object_utils(dv_base_reg_map) `uvm_object_new end
PRE-TICK	CROSS-LIBRARY	opentitan	hw/dv/sv/dv_base_reg/dv_base_shadowed_field_cov.sv	292	292	296	7	930	uvm_object @ stimuli/sv/subs/Surelog/tests/ThisHier/dut.sv	v extends uvm_object; `uvm_object_utils(dv_base_shadowed_field_cov) covergr
PRE-TICK	CROSS-LIBRARY	opentitan	hw/dv/sv/dv_utils/dv_report_catcher.sv	246	246	406	5	1562	uvm_report_catcher @ stimuli/sv/uvm/uvm-core-2020.3.1/src/base/uvm_report_catcher.svh	s uvm_report_catcher; // Stores a new severity indexed by the ID and // the
PRE-TICK	CROSS-LIBRARY	opentitan	hw/dv/sv/dv_utils/dv_report_server.sv	296	296	300	6	2921	uvm_default_report_server @ stimuli/sv/uvm/uvm-core-2020.3.1/src/base/uvm_root.svh	efault_report_server; `uvm_object_utils(dv_report_server) bit show_file_lin
PRE-TICK	CROSS-LIBRARY	opentitan	hw/dv/sv/entropy_src_xht_agent/entropy_src_xht_item.sv	223	223	257	5	692	uvm_sequence_item @ stimuli/sv/subs/Surelog/tests/SimpleClass1/top_1.v	ds uvm_sequence_item; localparam int RngBusWidth = `RNG_BUS_WIDTH; localpar
PRE-TICK	CROSS-LIBRARY	opentitan	hw/dv/sv/flash_phy_prim_agent/flash_phy_prim_item.sv	222	222	227	5	440	uvm_sequence_item @ stimuli/sv/subs/Surelog/tests/SimpleClass1/top_1.v	ds uvm_sequence_item; `uvm_object_utils_begin(flash_phy_prim_item) `uvm_obj
PRE-TICK	CROSS-LIBRARY	opentitan	hw/dv/sv/i2c_agent/i2c_acqdata_item.sv	219	219	282	5	548	uvm_sequence_item @ stimuli/sv/subs/Surelog/tests/SimpleClass1/top_1.v	ds uvm_sequence_item; rand bit [7:0] abyte; rand i2c_acq_byte_id_e signal;
PRE-TICK	CROSS-LIBRARY	opentitan	hw/dv/sv/i2c_agent/i2c_fdata_item.sv	217	217	366	5	900	uvm_sequence_item @ stimuli/sv/subs/Surelog/tests/SimpleClass1/top_1.v	ds uvm_sequence_item; rand bit [7:0] fbyte; rand bit start; rand bi
PRE-TICK	CROSS-LIBRARY	opentitan	hw/dv/sv/i2c_agent/i2c_item.sv	211	211	3232	5	7572	uvm_sequence_item @ stimuli/sv/subs/Surelog/tests/SimpleClass1/top_1.v	ds uvm_sequence_item; // Stimulus ID (incremented when generating stimulus tr
PRE-TICK	CROSS-LIBRARY	opentitan	hw/dv/sv/jtag_agent/jtag_dtm_reg_adapter.sv	271	271	275	6	5039	uvm_reg_adapter @ stimuli/sv/uvm/uvm-core-2020.3.1/src/reg/uvm_reg_adapter.svh	ends uvm_reg_adapter; `uvm_object_utils(jtag_dtm_reg_adapter) // Used when
PRE-TICK	CROSS-LIBRARY	opentitan	hw/dv/sv/jtag_agent/jtag_item.sv	212	212	3660	5	4193	uvm_sequence_item @ stimuli/sv/subs/Surelog/tests/SimpleClass1/top_1.v	ds uvm_sequence_item; // random variables // Indicates the sizes of IR and
PRE-TICK	CROSS-LIBRARY	opentitan	hw/dv/sv/jtag_dmi_agent/jtag_dmi_item.sv	216	216	988	5	1380	uvm_sequence_item @ stimuli/sv/subs/Surelog/tests/SimpleClass1/top_1.v	ds uvm_sequence_item; // JTAG DMI accesses are driven / monitored by writing
PRE-TICK	CROSS-LIBRARY	opentitan	hw/dv/sv/jtag_dmi_agent/jtag_dmi_reg_frontdoor.sv	460	460	464	9	8294	uvm_reg_frontdoor @ stimuli/sv/uvm/uvm-core-2020.3.1/src/reg/uvm_reg_sequence.svh	ds uvm_reg_frontdoor; `uvm_object_utils(jtag_dmi_reg_frontdoor) // Handle t
PRE-TICK	CROSS-LIBRARY	opentitan	hw/dv/sv/jtag_dmi_agent/jtag_rv_debugger.sv	658	658	662	11	57278	uvm_object @ stimuli/sv/subs/Surelog/tests/ThisHier/dut.sv	r extends uvm_object; `uvm_object_utils(jtag_rv_debugger) // A pre-created
PRE-TICK	CROSS-LIBRARY	opentitan	hw/dv/sv/jtag_dmi_agent/sba_access_item.sv	218	218	1058	5	1924	uvm_sequence_item @ stimuli/sv/subs/Surelog/tests/SimpleClass1/top_1.v	ds uvm_sequence_item; // Request side signals. rand bus_op_e bus_o
PRE-TICK	CROSS-LIBRARY	opentitan	hw/dv/sv/jtag_dmi_agent/sba_access_reg_frontdoor.sv	726	726	730	12	2782	uvm_reg_frontdoor @ stimuli/sv/uvm/uvm-core-2020.3.1/src/reg/uvm_reg_sequence.svh	ds uvm_reg_frontdoor; `uvm_object_utils(sba_access_reg_frontdoor) // Handle
PRE-TICK	CROSS-LIBRARY	opentitan	hw/dv/sv/jtag_riscv_agent/jtag_riscv_item.sv	218	218	852	5	1298	uvm_sequence_item @ stimuli/sv/subs/Surelog/tests/SimpleClass1/top_1.v	ds uvm_sequence_item; // random variables rand uint ir_len
PRE-TICK	CROSS-LIBRARY	opentitan	hw/dv/sv/jtag_riscv_agent/jtag_riscv_reg_adapter.sv	269	269	273	5	2294	uvm_reg_adapter @ stimuli/sv/uvm/uvm-core-2020.3.1/src/reg/uvm_reg_adapter.svh	ends uvm_reg_adapter; `uvm_object_utils(jtag_riscv_reg_adapter) // Ensure t
PRE-TICK	CROSS-LIBRARY	opentitan	hw/dv/sv/kmac_app_agent/kmac_app_item.sv	216	216	569	5	1187	uvm_sequence_item @ stimuli/sv/subs/Surelog/tests/SimpleClass1/top_1.v	ds uvm_sequence_item; // random variables // request data/mask // // a
PRE-TICK	CROSS-LIBRARY	opentitan	hw/dv/sv/mem_bkdr_scb/mem_bkdr_scb.sv	327	327	3061	6	7915	uvm_object @ stimuli/sv/subs/Surelog/tests/ThisHier/dut.sv	) extends uvm_object; localparam int MaskWidth = DataWidth / 8; typedef b
PRE-TICK	CROSS-LIBRARY	opentitan	hw/dv/sv/mem_bkdr_util/mem_bkdr_util.sv	900	900	2110	15	31217	uvm_object @ stimuli/sv/subs/Surelog/tests/ThisHier/dut.sv	l extends uvm_object; // Hierarchical path to the memory. protected string p
PRE-TICK	CROSS-LIBRARY	opentitan	hw/dv/sv/mem_model/mem_model.sv	305	305	531	6	3328	uvm_object @ stimuli/sv/subs/Surelog/tests/ThisHier/dut.sv	) extends uvm_object; localparam int MaskWidth = DataWidth / 8; typedef l
PRE-TICK	CROSS-LIBRARY	opentitan	hw/dv/sv/pattgen_agent/pattgen_item.sv	215	215	238	5	391	uvm_sequence_item @ stimuli/sv/subs/Surelog/tests/SimpleClass1/top_1.v	ds uvm_sequence_item; bit data_q[$]; `uvm_object_utils_begin(pattgen_item)
PRE-TICK	CROSS-LIBRARY	opentitan	hw/dv/sv/push_pull_agent/push_pull_item.sv	325	325	1127	7	1935	uvm_sequence_item @ stimuli/sv/subs/Surelog/tests/SimpleClass1/top_1.v	ds uvm_sequence_item; rand bit [HostDataWidth-1:0] h_data; rand bit [D
PRE-TICK	CROSS-LIBRARY	opentitan	hw/dv/sv/pwm_monitor/pwm_item.sv	211	211	830	5	2146	uvm_sequence_item @ stimuli/sv/subs/Surelog/tests/SimpleClass1/top_1.v	ds uvm_sequence_item; int monitor_id = 0; // for debugging purpose only
PRE-TICK	CROSS-LIBRARY	opentitan	hw/dv/sv/rng_agent/rng_item.sv	211	211	239	5	326	uvm_sequence_item @ stimuli/sv/subs/Surelog/tests/SimpleClass1/top_1.v	ds uvm_sequence_item; // random variables `uvm_object_utils_begin(rng_item
PRE-TICK	CROSS-LIBRARY	opentitan	hw/dv/sv/scoreboard/scoreboard.sv	550	550	1720	13	9608	uvm_object @ stimuli/sv/subs/Surelog/tests/ThisHier/dut.sv	ITEM_T = uvm_object, type RAL_T = dv_base_reg_block,
PRE-TICK	CROSS-LIBRARY	opentitan	hw/dv/sv/scoreboard/scoreboard_queue.sv	221	221	729	5	5790	uvm_object @ stimuli/sv/subs/Surelog/tests/ThisHier/dut.sv	EQ_ITEM = uvm_object) extends uvm_object; SEQ_ITEM expected_items[$
PRE-TICK	CROSS-LIBRARY	opentitan	hw/dv/sv/spi_agent/spi_flash_cmd_info.sv	386	386	1429	7	1832	uvm_sequence_item @ stimuli/sv/subs/Surelog/tests/SimpleClass1/top_1.v	ds uvm_sequence_item; rand bit [7:0] opcode; rand spi_flash_addr_mode_e addr
PRE-TICK	CROSS-LIBRARY	opentitan	hw/dv/sv/spi_agent/spi_item.sv	211	211	2295	5	4626	uvm_sequence_item @ stimuli/sv/subs/Surelog/tests/SimpleClass1/top_1.v	ds uvm_sequence_item; // hold transaction type rand spi_trans_type_e item_t
PRE-TICK	CROSS-LIBRARY	opentitan	hw/dv/sv/uart_agent/uart_item.sv	212	212	870	5	1357	uvm_sequence_item @ stimuli/sv/subs/Surelog/tests/SimpleClass1/top_1.v	ds uvm_sequence_item; // start and stop bits rand bit start_bit = 1'b0; r
PRE-TICK	CROSS-LIBRARY	opentitan	hw/dv/sv/uart_agent/uart_logger.sv	210	210	214	5	3113	uvm_component @ stimuli/sv/subs/Surelog/tests/SimpleClass1/top.v	xtends uvm_component; `uvm_component_utils(uart_logger) int logs_output_fd
PRE-TICK	CROSS-LIBRARY	opentitan	hw/dv/sv/usb20_agent/usb20_item.sv	213	213	1865	5	11166	uvm_sequence_item @ stimuli/sv/subs/Surelog/tests/SimpleClass1/top_1.v	ds uvm_sequence_item; // Bus-level events ev_type_e m_ev_type; // in micr
PRE-TICK	CROSS-LIBRARY	opentitan	hw/ip/adc_ctrl/dv/env/adc_ctrl_filter_cfg.sv	257	257	647	7	2500	uvm_object @ stimuli/sv/subs/Surelog/tests/ThisHier/dut.sv	g extends uvm_object; // An interval of values (inclusive). rand bit [ADC_CT
PRE-TICK	CROSS-LIBRARY	opentitan	hw/ip/adc_ctrl/dv/env/seq_lib/adc_ctrl_channel_ramp_vseq.sv	440	440	1331	9	3031	uvm_sequence @ stimuli/sv/subs/Surelog/tests/ClassExtendParam/dut.sv	extends uvm_sequence; // A config object for the push/pull agent through which
PRE-TICK	CROSS-LIBRARY	opentitan	hw/ip/aes/dv/env/aes_message_item.sv	219	219	224	5	19256	uvm_sequence_item @ stimuli/sv/subs/Surelog/tests/SimpleClass1/top_1.v	ds uvm_sequence_item; `uvm_object_utils(aes_message_item) `uvm_object_new
PRE-TICK	CROSS-LIBRARY	opentitan	hw/ip/aes/dv/env/aes_seq_item.sv	216	216	220	6	13358	uvm_sequence_item @ stimuli/sv/subs/Surelog/tests/SimpleClass1/top_1.v	ds uvm_sequence_item; `uvm_object_utils(aes_seq_item) aes_item_type_e item
PRE-TICK	CROSS-LIBRARY	opentitan	hw/ip/aon_timer/dv/env/aon_timer_intr_timed_regs.sv	361	361	365	7	5242	uvm_object @ stimuli/sv/subs/Surelog/tests/ThisHier/dut.sv	s extends uvm_object; `uvm_object_utils(aon_timer_intr_timed_regs) extern f
PRE-TICK	CROSS-LIBRARY	opentitan	hw/ip/dma/dv/env/dma_handshake_mode_fifo.sv	445	445	450	8	6650	uvm_object @ stimuli/sv/subs/Surelog/tests/ThisHier/dut.sv	) extends uvm_object; `uvm_object_param_utils(dma_handshake_mode_fifo#(AddrWi
PRE-TICK	CROSS-LIBRARY	opentitan	hw/ip/dma/dv/env/dma_seq_item.sv	1258	1258	3840	32	33026	uvm_sequence_item @ stimuli/sv/subs/Surelog/tests/SimpleClass1/top_1.v	ds uvm_sequence_item; // Variables to configure DMA rand bit handshake; r
PRE-TICK	CROSS-LIBRARY	opentitan	hw/ip/entropy_src/dv/env/entropy_src_dut_cfg.sv	679	679	684	14	23923	uvm_object @ stimuli/sv/subs/Surelog/tests/ThisHier/dut.sv	g extends uvm_object; `uvm_object_utils(entropy_src_dut_cfg) `uvm_object_ne
PRE-TICK	CROSS-LIBRARY	opentitan	hw/ip/i2c/dv/env/i2c_reference_model.sv	3825	3825	3829	62	31022	uvm_component @ stimuli/sv/subs/Surelog/tests/SimpleClass1/top.v	xtends uvm_component; `uvm_component_utils(i2c_reference_model) i2c_env_cfg
PRE-TICK	CROSS-LIBRARY	opentitan	hw/ip/i2c/dv/env/i2c_seq_cfg.sv	288	288	292	6	5985	uvm_object @ stimuli/sv/subs/Surelog/tests/ThisHier/dut.sv	g extends uvm_object; `uvm_object_utils(i2c_seq_cfg) // knobs for number of
PRE-TICK	CROSS-LIBRARY	opentitan	hw/ip/lc_ctrl/dv/env/lc_ctrl_parameters_cfg.sv	296	296	1012	5	2131	uvm_object @ stimuli/sv/subs/Surelog/tests/ThisHier/dut.sv	g extends uvm_object; // LC_CTRL parameters // Enable asynchronous transitio
PRE-TICK	CROSS-LIBRARY	opentitan	hw/ip/mbx/dv/env/mbx_seq_item.sv	215	215	612	5	3009	uvm_sequence_item @ stimuli/sv/subs/Surelog/tests/SimpleClass1/top_1.v	ds uvm_sequence_item; rand bit [top_pkg::TL_AW-1:0] ibmbx_base_addr; rand b
PRE-TICK	CROSS-LIBRARY	opentitan	hw/ip/otbn/dv/uvm/env/otbn_trace_item.sv	218	218	1579	5	3254	uvm_sequence_item @ stimuli/sv/subs/Surelog/tests/SimpleClass1/top_1.v	ds uvm_sequence_item; logic [31:0] insn_addr; logic [31:0] insn_data; //
PRE-TICK	CROSS-LIBRARY	opentitan	hw/ip/otbn/dv/uvm/otbn_model_agent/otbn_model_item.sv	218	218	601	5	1052	uvm_sequence_item @ stimuli/sv/subs/Surelog/tests/SimpleClass1/top_1.v	ds uvm_sequence_item; // What sort of transaction is this? otbn_model_item_
PRE-TICK	CROSS-LIBRARY	opentitan	hw/ip/pattgen/dv/env/pattgen_channel_cfg.sv	215	215	219	5	2092	uvm_object @ stimuli/sv/subs/Surelog/tests/ThisHier/dut.sv	g extends uvm_object; `uvm_object_utils(pattgen_channel_cfg) `uvm_object_new
PRE-TICK	CROSS-LIBRARY	opentitan	hw/ip/pattgen/dv/env/pattgen_seq_cfg.sv	292	292	296	6	1424	uvm_object @ stimuli/sv/subs/Surelog/tests/ThisHier/dut.sv	g extends uvm_object; `uvm_object_utils(pattgen_seq_cfg) `uvm_object_new
PRE-TICK	CROSS-LIBRARY	opentitan	hw/ip/racl_ctrl/dv/env/racl_ctrl_error_arb_predictor.sv	348	348	352	8	4572	uvm_component @ stimuli/sv/subs/Surelog/tests/SimpleClass1/top.v	xtends uvm_component; `uvm_component_utils(racl_ctrl_error_arb_predictor) t
PRE-TICK	CROSS-LIBRARY	opentitan	hw/ip/racl_ctrl/dv/env/racl_ctrl_reg_window.sv	288	288	292	6	4752	uvm_object @ stimuli/sv/subs/Surelog/tests/ThisHier/dut.sv	w extends uvm_object; `uvm_object_utils(racl_ctrl_reg_window) // A queue wi
PRE-TICK	CROSS-LIBRARY	opentitan	hw/ip/racl_ctrl/dv/env/racl_error_log_agent/racl_error_log_item.sv	486	486	490	11	1733	uvm_sequence_item @ stimuli/sv/subs/Surelog/tests/SimpleClass1/top_1.v	ds uvm_sequence_item; `uvm_object_utils(racl_error_log_item) // If this is
PRE-TICK	CROSS-LIBRARY	opentitan	hw/ip/racl_ctrl/dv/env/racl_error_log_agent/racl_error_log_vec_item.sv	373	373	377	8	1868	uvm_sequence_item @ stimuli/sv/subs/Surelog/tests/SimpleClass1/top_1.v	ds uvm_sequence_item; `uvm_object_utils(racl_error_log_vec_item) // An asso
PRE-TICK	CROSS-LIBRARY	opentitan	hw/ip/rv_timer/dv/env/rv_timer_env_cov.sv	428	428	432	9	4533	uvm_object @ stimuli/sv/subs/Surelog/tests/ThisHier/dut.sv	j extends uvm_object; `uvm_object_utils(rv_timer_cfg_cov_obj) const bit [PR
PRE-TICK	CROSS-LIBRARY	opentitan	hw/ip/spi_host/dv/env/spi_host_seq_cfg.sv	293	293	297	6	2621	uvm_object @ stimuli/sv/subs/Surelog/tests/ThisHier/dut.sv	g extends uvm_object; `uvm_object_utils(spi_host_seq_cfg) // knobs for numb
PRE-TICK	CROSS-LIBRARY	opentitan	hw/ip/spi_host/dv/env/spi_segment_item.sv	219	219	224	5	5367	uvm_sequence_item @ stimuli/sv/subs/Surelog/tests/SimpleClass1/top_1.v	ds uvm_sequence_item; `uvm_object_utils(spi_segment_item) `uvm_object_new
PRE-TICK	CROSS-LIBRARY	opentitan	hw/ip/spi_host/dv/env/spi_transaction_item.sv	223	223	228	5	4729	uvm_sequence_item @ stimuli/sv/subs/Surelog/tests/SimpleClass1/top_1.v	ds uvm_sequence_item; `uvm_object_utils(spi_transaction_item) `uvm_object_n
PRE-TICK	CROSS-LIBRARY	opentitan	hw/ip/sram_ctrl/dv/env/sram_ctrl_fault_if.sv	1056	1057	1332	26	5040	uvm_hdl_data_t @ stimuli/sv/uvm/uvm-core-2020.3.1/src/dpi/uvm_hdl.svh	ath, uvm_hdl_data_t fault_bits); uvm_hdl_data_t good_value; string full_
PRE-TICK	CROSS-LIBRARY	opentitan	hw/ip/sysrst_ctrl/dv/env/sysrst_ctrl_env_cov.sv	511	511	516	11	12993	uvm_object @ stimuli/sv/subs/Surelog/tests/ThisHier/dut.sv	j extends uvm_object; `uvm_object_utils(sysrst_ctrl_pin_cfgs_obj) covergro
PRE-TICK	CROSS-LIBRARY	opentitan	hw/ip/usbdev/dv/env/timed_reg.sv	554	556	998	12	11231	uvm_reg_data_t @ stimuli/sv/uvm/uvm-core-2020.3.1/src/reg/uvm_reg_model.svh	. uvm_reg_data_t val_prev; // New value of this field. uvm_reg_data_t va
PRE-TICK	CROSS-LIBRARY	opentitan	hw/ip/usbdev/dv/env/usbdev_bfm.sv	244	244	248	6	36273	uvm_component @ stimuli/sv/subs/Surelog/tests/SimpleClass1/top.v	xtends uvm_component; `uvm_component_utils(usbdev_bfm) // Number of bits re
PRE-TICK	CROSS-LIBRARY	opentitan	hw/ip/usbdev/dv/env/usbdev_timed_regs.sv	353	353	357	7	4931	uvm_object @ stimuli/sv/subs/Surelog/tests/ThisHier/dut.sv	s extends uvm_object; `uvm_object_utils(usbdev_timed_regs) `uvm_object_new
PRE-TICK	CROSS-LIBRARY	opentitan	hw/ip_templates/ac_range_check/dv/env/ac_range_check_dut_cfg.sv	533	533	1037	9	2095	uvm_object @ stimuli/sv/subs/Surelog/tests/ThisHier/dut.sv	g extends uvm_object; rand bit [TL_DW-1:0] range_base[NUM_RANGES]; // Granula
PRE-TICK	CROSS-LIBRARY	opentitan	hw/ip_templates/ac_range_check/dv/env/ac_range_check_scb_item.sv	297	297	301	6	438	uvm_object @ stimuli/sv/subs/Surelog/tests/ThisHier/dut.sv	m extends uvm_object; `uvm_object_utils(ac_range_check_scb_item) tl_seq_ite
PRE-TICK	CROSS-LIBRARY	opentitan	hw/ip_templates/flash_ctrl/dv/env/flash_ctrl_otf_scoreboard.sv	225	225	229	5	22548	uvm_scoreboard @ stimuli/sv/uvm/uvm-core-2020.3.1/src/comps/uvm_scoreboard.svh	tends uvm_scoreboard; `uvm_component_utils(flash_ctrl_otf_scoreboard) `uvm_c
PRE-TICK	CROSS-LIBRARY	opentitan	hw/ip_templates/flash_ctrl/dv/env/flash_ctrl_seq_cfg.sv	296	296	300	6	10431	uvm_object @ stimuli/sv/subs/Surelog/tests/ThisHier/dut.sv	g extends uvm_object; `uvm_object_utils(flash_ctrl_seq_cfg) // Randomizatio
PRE-TICK	CROSS-LIBRARY	opentitan	hw/ip_templates/flash_ctrl/dv/env/flash_otf_item.sv	210	210	214	5	10487	uvm_object @ stimuli/sv/subs/Surelog/tests/ThisHier/dut.sv	m extends uvm_object; `uvm_object_utils(flash_otf_item) flash_op_t cmd; da
PRE-TICK	CROSS-LIBRARY	opentitan	hw/ip_templates/flash_ctrl/dv/env/flash_otf_mem_entry.sv	215	215	219	5	467	uvm_object @ stimuli/sv/subs/Surelog/tests/ThisHier/dut.sv	y extends uvm_object; `uvm_object_utils(flash_otf_mem_entry) `uvm_object_new
PRE-TICK	CROSS-LIBRARY	opentitan	hw/ip_templates/flash_ctrl/dv/env/flash_otf_read_entry.sv	264	264	268	6	4278	uvm_object @ stimuli/sv/subs/Surelog/tests/ThisHier/dut.sv	y extends uvm_object; `uvm_object_utils(flash_otf_read_entry) string name;
PRE-TICK	CROSS-LIBRARY	opentitan	hw/ip_templates/otp_ctrl/dv/env/otp_ctrl_ast_inputs_cfg.sv	746	746	750	20	1187	uvm_object @ stimuli/sv/subs/Surelog/tests/ThisHier/dut.sv	g extends uvm_object; `uvm_object_utils(otp_ctrl_ast_inputs_cfg) `uvm_object
PRE-TICK	CROSS-LIBRARY	opentitan	hw/top_darjeeling/ip_autogen/ac_range_check/dv/env/ac_range_check_dut_cfg.sv	533	533	1037	9	2095	uvm_object @ stimuli/sv/subs/Surelog/tests/ThisHier/dut.sv	g extends uvm_object; rand bit [TL_DW-1:0] range_base[NUM_RANGES]; // Granula
PRE-TICK	CROSS-LIBRARY	opentitan	hw/top_darjeeling/ip_autogen/ac_range_check/dv/env/ac_range_check_predictor.sv	223	223	263	5	22728	uvm_component @ stimuli/sv/subs/Surelog/tests/SimpleClass1/top.v	xtends uvm_component; import ac_range_check_reg_pkg::*; `uvm_component_utils
PRE-TICK	CROSS-LIBRARY	opentitan	hw/top_darjeeling/ip_autogen/ac_range_check/dv/env/ac_range_check_scb_item.sv	297	297	301	6	438	uvm_object @ stimuli/sv/subs/Surelog/tests/ThisHier/dut.sv	m extends uvm_object; `uvm_object_utils(ac_range_check_scb_item) tl_seq_ite
PRE-TICK	CROSS-LIBRARY	opentitan	hw/top_darjeeling/ip_autogen/gpio/dv/env/gpio_env_cov.sv	392	392	396	8	8704	uvm_object @ stimuli/sv/subs/Surelog/tests/ThisHier/dut.sv	j extends uvm_object; `uvm_object_utils(gpio_intr_type_cov_obj) // Covergro
PRE-TICK	CROSS-LIBRARY	opentitan	hw/top_darjeeling/ip_autogen/otp_ctrl/dv/env/otp_ctrl_ast_inputs_cfg.sv	746	746	750	20	1187	uvm_object @ stimuli/sv/subs/Surelog/tests/ThisHier/dut.sv	g extends uvm_object; `uvm_object_utils(otp_ctrl_ast_inputs_cfg) `uvm_object
PRE-TICK	CROSS-LIBRARY	opentitan	hw/top_earlgrey/ip_autogen/flash_ctrl/dv/env/flash_ctrl_otf_scoreboard.sv	225	225	229	5	22548	uvm_scoreboard @ stimuli/sv/uvm/uvm-core-2020.3.1/src/comps/uvm_scoreboard.svh	tends uvm_scoreboard; `uvm_component_utils(flash_ctrl_otf_scoreboard) `uvm_c
PRE-TICK	CROSS-LIBRARY	opentitan	hw/top_earlgrey/ip_autogen/flash_ctrl/dv/env/flash_ctrl_seq_cfg.sv	296	296	300	6	10431	uvm_object @ stimuli/sv/subs/Surelog/tests/ThisHier/dut.sv	g extends uvm_object; `uvm_object_utils(flash_ctrl_seq_cfg) // Randomizatio
PRE-TICK	CROSS-LIBRARY	opentitan	hw/top_earlgrey/ip_autogen/flash_ctrl/dv/env/flash_otf_item.sv	210	210	214	5	10487	uvm_object @ stimuli/sv/subs/Surelog/tests/ThisHier/dut.sv	m extends uvm_object; `uvm_object_utils(flash_otf_item) flash_op_t cmd; da
PRE-TICK	CROSS-LIBRARY	opentitan	hw/top_earlgrey/ip_autogen/flash_ctrl/dv/env/flash_otf_mem_entry.sv	215	215	219	5	467	uvm_object @ stimuli/sv/subs/Surelog/tests/ThisHier/dut.sv	y extends uvm_object; `uvm_object_utils(flash_otf_mem_entry) `uvm_object_new
PRE-TICK	CROSS-LIBRARY	opentitan	hw/top_earlgrey/ip_autogen/flash_ctrl/dv/env/flash_otf_read_entry.sv	264	264	268	6	4278	uvm_object @ stimuli/sv/subs/Surelog/tests/ThisHier/dut.sv	y extends uvm_object; `uvm_object_utils(flash_otf_read_entry) string name;
PRE-TICK	CROSS-LIBRARY	opentitan	hw/top_earlgrey/ip_autogen/gpio/dv/env/gpio_env_cov.sv	392	392	396	8	8704	uvm_object @ stimuli/sv/subs/Surelog/tests/ThisHier/dut.sv	j extends uvm_object; `uvm_object_utils(gpio_intr_type_cov_obj) // Covergro
PRE-TICK	CROSS-LIBRARY	opentitan	hw/top_earlgrey/ip_autogen/otp_ctrl/dv/env/otp_ctrl_ast_inputs_cfg.sv	746	746	750	20	1187	uvm_object @ stimuli/sv/subs/Surelog/tests/ThisHier/dut.sv	g extends uvm_object; `uvm_object_utils(otp_ctrl_ast_inputs_cfg) `uvm_object
PRE-TICK	CROSS-LIBRARY	opentitan	hw/top_englishbreakfast/ip_autogen/flash_ctrl/dv/env/flash_ctrl_otf_scoreboard.sv	225	225	229	5	22548	uvm_scoreboard @ stimuli/sv/uvm/uvm-core-2020.3.1/src/comps/uvm_scoreboard.svh	tends uvm_scoreboard; `uvm_component_utils(flash_ctrl_otf_scoreboard) `uvm_c
PRE-TICK	CROSS-LIBRARY	opentitan	hw/top_englishbreakfast/ip_autogen/flash_ctrl/dv/env/flash_ctrl_seq_cfg.sv	296	296	300	6	10431	uvm_object @ stimuli/sv/subs/Surelog/tests/ThisHier/dut.sv	g extends uvm_object; `uvm_object_utils(flash_ctrl_seq_cfg) // Randomizatio
PRE-TICK	CROSS-LIBRARY	opentitan	hw/top_englishbreakfast/ip_autogen/flash_ctrl/dv/env/flash_otf_item.sv	210	210	214	5	10487	uvm_object @ stimuli/sv/subs/Surelog/tests/ThisHier/dut.sv	m extends uvm_object; `uvm_object_utils(flash_otf_item) flash_op_t cmd; da
PRE-TICK	CROSS-LIBRARY	opentitan	hw/top_englishbreakfast/ip_autogen/flash_ctrl/dv/env/flash_otf_mem_entry.sv	215	215	219	5	467	uvm_object @ stimuli/sv/subs/Surelog/tests/ThisHier/dut.sv	y extends uvm_object; `uvm_object_utils(flash_otf_mem_entry) `uvm_object_new
PRE-TICK	CROSS-LIBRARY	opentitan	hw/top_englishbreakfast/ip_autogen/flash_ctrl/dv/env/flash_otf_read_entry.sv	264	264	268	6	4278	uvm_object @ stimuli/sv/subs/Surelog/tests/ThisHier/dut.sv	y extends uvm_object; `uvm_object_utils(flash_otf_read_entry) string name;
PRE-TICK	CROSS-LIBRARY	opentitan	hw/top_englishbreakfast/ip_autogen/gpio/dv/env/gpio_env_cov.sv	392	392	396	8	8704	uvm_object @ stimuli/sv/subs/Surelog/tests/ThisHier/dut.sv	j extends uvm_object; `uvm_object_utils(gpio_intr_type_cov_obj) // Covergro
PRE-TICK	CROSS-LIBRARY	opentitan	hw/vendor/lowrisc_ibex/dv/uvm/core_ibex/common/ibex_cosim_agent/ibex_cosim_cfg.sv	195	195	555	5	1232	uvm_object @ stimuli/sv/subs/Surelog/tests/ThisHier/dut.sv	g extends uvm_object; string isa_string; bit [31:0] start_pc; bit [31:
PRE-TICK	CROSS-LIBRARY	opentitan	hw/vendor/lowrisc_ibex/dv/uvm/core_ibex/common/ibex_cosim_agent/ibex_ifetch_monitor.sv	196	196	311	5	1565	uvm_monitor @ stimuli/sv/uvm/uvm-core-2020.3.1/src/comps/uvm_monitor.svh	extends uvm_monitor; protected virtual core_ibex_ifetch_if vif; uvm_analys
PRE-TICK	CROSS-LIBRARY	opentitan	hw/vendor/lowrisc_ibex/dv/uvm/core_ibex/common/ibex_cosim_agent/ibex_ifetch_pmp_monitor.sv	200	200	323	5	1427	uvm_monitor @ stimuli/sv/uvm/uvm-core-2020.3.1/src/comps/uvm_monitor.svh	extends uvm_monitor; protected virtual core_ibex_ifetch_pmp_if vif; uvm_an
PRE-TICK	CROSS-LIBRARY	opentitan	hw/vendor/lowrisc_ibex/dv/uvm/core_ibex/common/ibex_cosim_agent/ibex_ifetch_pmp_seq_item.sv	207	207	265	5	487	uvm_sequence_item @ stimuli/sv/subs/Surelog/tests/SimpleClass1/top_1.v	ds uvm_sequence_item; bit [31:0] fetch_addr; bit fetch_pmp_err; `u
PRE-TICK	CROSS-LIBRARY	opentitan	hw/vendor/lowrisc_ibex/dv/uvm/core_ibex/common/ibex_cosim_agent/ibex_ifetch_seq_item.sv	203	203	313	5	619	uvm_sequence_item @ stimuli/sv/subs/Surelog/tests/SimpleClass1/top_1.v	ds uvm_sequence_item; bit [31:0] fetch_rdata; bit [31:0] fetch_addr; bit
PRE-TICK	CROSS-LIBRARY	opentitan	hw/vendor/lowrisc_ibex/dv/uvm/core_ibex/common/ibex_cosim_agent/ibex_rvfi_monitor.sv	194	194	305	5	2586	uvm_monitor @ stimuli/sv/uvm/uvm-core-2020.3.1/src/comps/uvm_monitor.svh	extends uvm_monitor; protected virtual core_ibex_rvfi_if vif; uvm_analysis
PRE-TICK	CROSS-LIBRARY	opentitan	hw/vendor/lowrisc_ibex/dv/uvm/core_ibex/common/ibex_cosim_agent/ibex_rvfi_seq_item.sv	201	201	587	5	1365	uvm_sequence_item @ stimuli/sv/subs/Surelog/tests/SimpleClass1/top_1.v	ds uvm_sequence_item; bit irq_only; bit trap; bit [31:0] pc;
PRE-TICK	CROSS-LIBRARY	opentitan	hw/vendor/lowrisc_ibex/dv/uvm/core_ibex/common/ibex_mem_intf_agent/ibex_mem_intf_monitor.sv	393	393	943	9	4742	uvm_monitor @ stimuli/sv/uvm/uvm-core-2020.3.1/src/comps/uvm_monitor.svh	extends uvm_monitor; protected virtual ibex_mem_intf vif; // The monitor
PRE-TICK	CROSS-LIBRARY	opentitan	hw/vendor/lowrisc_ibex/dv/uvm/core_ibex/common/ibex_mem_intf_agent/ibex_mem_intf_request_agent.sv	403	403	526	9	1264	uvm_agent @ stimuli/sv/uvm/uvm-core-2020.3.1/src/comps/uvm_agent.svh	nt extends uvm_agent; ibex_mem_intf_request_driver driver; ibex_mem_intf_re
PRE-TICK	CROSS-LIBRARY	opentitan	hw/vendor/lowrisc_ibex/dv/uvm/core_ibex/common/ibex_mem_intf_agent/ibex_mem_intf_request_driver.sv	406	407	477	9	3169	uvm_driver @ stimuli/sv/uvm/uvm-core-2020.3.1/src/comps/uvm_driver.svh	extends uvm_driver #(ibex_mem_intf_seq_item); protected virtual ibex_mem_int
PRE-TICK	CROSS-LIBRARY	opentitan	hw/vendor/lowrisc_ibex/dv/uvm/core_ibex/common/ibex_mem_intf_agent/ibex_mem_intf_response_agent.sv	405	405	588	9	2199	uvm_agent @ stimuli/sv/uvm/uvm-core-2020.3.1/src/comps/uvm_agent.svh	nt extends uvm_agent; ibex_mem_intf_response_driver driver; ibex_mem_in
PRE-TICK	CROSS-LIBRARY	opentitan	hw/vendor/lowrisc_ibex/dv/uvm/core_ibex/common/ibex_mem_intf_agent/ibex_mem_intf_response_agent_cfg.sv	414	414	1877	9	2589	uvm_object @ stimuli/sv/subs/Surelog/tests/ThisHier/dut.sv	g extends uvm_object; // interface handle used by driver & monitor virtual
PRE-TICK	CROSS-LIBRARY	opentitan	hw/vendor/lowrisc_ibex/dv/uvm/core_ibex/common/ibex_mem_intf_agent/ibex_mem_intf_response_driver.sv	408	409	480	9	5631	uvm_driver @ stimuli/sv/uvm/uvm-core-2020.3.1/src/comps/uvm_driver.svh	extends uvm_driver #(ibex_mem_intf_seq_item); ibex_mem_intf_response_agent_c
PRE-TICK	CROSS-LIBRARY	opentitan	hw/vendor/lowrisc_ibex/dv/uvm/core_ibex/common/ibex_mem_intf_agent/ibex_mem_intf_response_seq_lib.sv	407	408	1018	9	9499	uvm_sequence @ stimuli/sv/subs/Surelog/tests/ClassExtendParam/dut.sv	xtends uvm_sequence #(ibex_mem_intf_seq_item); ibex_mem_intf_seq_item item;
PRE-TICK	CROSS-LIBRARY	opentitan	hw/vendor/lowrisc_ibex/dv/uvm/core_ibex/common/ibex_mem_intf_agent/ibex_mem_intf_response_sequencer.sv	417	418	767	9	1268	uvm_sequencer @ stimuli/sv/subs/Surelog/tests/SimpleClass1/top_1.v	tends uvm_sequencer #(ibex_mem_intf_seq_item); // TLM port to peek the addres
PRE-TICK	CROSS-LIBRARY	opentitan	hw/vendor/lowrisc_ibex/dv/uvm/core_ibex/common/ibex_mem_intf_agent/ibex_mem_intf_seq_item.sv	401	401	1031	9	2015	uvm_sequence_item @ stimuli/sv/subs/Surelog/tests/SimpleClass1/top_1.v	ds uvm_sequence_item; rand bit [ADDR_WIDTH-1:0] addr; rand rw_e
PRE-TICK	CROSS-LIBRARY	opentitan	hw/vendor/lowrisc_ibex/dv/uvm/core_ibex/common/irq_agent/irq_monitor.sv	188	188	272	5	2724	uvm_monitor @ stimuli/sv/uvm/uvm-core-2020.3.1/src/comps/uvm_monitor.svh	extends uvm_monitor; protected virtual irq_if vif; uvm_analysis_port#(irq
PRE-TICK	CROSS-LIBRARY	opentitan	hw/vendor/lowrisc_ibex/dv/uvm/core_ibex/common/irq_agent/irq_request_agent.sv	192	192	298	5	956	uvm_agent @ stimuli/sv/uvm/uvm-core-2020.3.1/src/comps/uvm_agent.svh	nt extends uvm_agent; irq_request_driver driver; irq_request_sequencer
PRE-TICK	CROSS-LIBRARY	opentitan	hw/vendor/lowrisc_ibex/dv/uvm/core_ibex/common/irq_agent/irq_request_driver.sv	194	195	310	5	2728	uvm_driver @ stimuli/sv/uvm/uvm-core-2020.3.1/src/comps/uvm_driver.svh	extends uvm_driver #(irq_seq_item); // The virtual interface used to drive a
PRE-TICK	CROSS-LIBRARY	opentitan	hw/vendor/lowrisc_ibex/dv/uvm/core_ibex/common/irq_agent/irq_seq_item.sv	195	195	641	5	977	uvm_sequence_item @ stimuli/sv/subs/Surelog/tests/SimpleClass1/top_1.v	ds uvm_sequence_item; rand bit irq_software; rand bit irq
PRE-TICK	CROSS-LIBRARY	opentitan	hw/vendor/lowrisc_ibex/dv/uvm/core_ibex/env/core_ibex_env.sv	325	325	716	8	3264	uvm_env @ stimuli/sv/uvm/uvm-core-2020.3.1/src/comps/uvm_env.svh	_env extends uvm_env; ibex_mem_intf_response_agent data_if_response_agent;
PRE-TICK	CROSS-LIBRARY	opentitan	hw/vendor/lowrisc_ibex/dv/uvm/core_ibex/env/core_ibex_env_cfg.sv	193	193	1981	5	4115	uvm_object @ stimuli/sv/subs/Surelog/tests/ThisHier/dut.sv	g extends uvm_object; virtual clk_rst_if ibex_clk_vif; virtual
PRE-TICK	CROSS-LIBRARY	opentitan	hw/vendor/lowrisc_ibex/dv/uvm/core_ibex/env/core_ibex_scoreboard.sv	200	200	434	5	4124	uvm_scoreboard @ stimuli/sv/uvm/uvm-core-2020.3.1/src/comps/uvm_scoreboard.svh	tends uvm_scoreboard; uvm_tlm_analysis_fifo #(ibex_rvfi_seq_item) rvfi_port;
PRE-TICK	CROSS-LIBRARY	opentitan	hw/vendor/lowrisc_ibex/dv/uvm/core_ibex/env/core_ibex_vseqr.sv	335	335	539	8	608	uvm_sequencer @ stimuli/sv/subs/Surelog/tests/SimpleClass1/top_1.v	xtends uvm_sequencer; ibex_mem_intf_response_sequencer data
PRE-TICK	CROSS-LIBRARY	opentitan	hw/vendor/lowrisc_ibex/dv/uvm/core_ibex/tests/core_ibex_new_seq_lib.sv	205	205	1851	5	10583	uvm_sequence_item @ stimuli/sv/subs/Surelog/tests/SimpleClass1/top_1.v	= uvm_sequence_item) extends uvm_sequence #(REQ); // Virtual interfaces for
PRE-TICK	CROSS-LIBRARY	opentitan	hw/vendor/lowrisc_ibex/dv/uvm/core_ibex/tests/core_ibex_vseq.sv	321	321	1082	9	6927	uvm_sequence @ stimuli/sv/subs/Surelog/tests/ClassExtendParam/dut.sv	extends uvm_sequence; ibex_mem_intf_response_seq instr_int
PRE-TICK	CROSS-LIBRARY	opentitan	hw/vendor/lowrisc_ibex/dv/uvm/icache/dv/ibex_icache_core_agent/ibex_icache_core_bus_item.sv	208	208	1117	5	1579	uvm_sequence_item @ stimuli/sv/subs/Surelog/tests/SimpleClass1/top_1.v	ds uvm_sequence_item; // Type of bus transaction (branch, invalidate, fetch o
PRE-TICK	CROSS-LIBRARY	opentitan	hw/vendor/lowrisc_ibex/dv/uvm/icache/dv/ibex_icache_core_agent/ibex_icache_core_req_item.sv	208	208	2753	5	3183	uvm_sequence_item @ stimuli/sv/subs/Surelog/tests/SimpleClass1/top_1.v	ds uvm_sequence_item; // The type of transaction rand ibex_icache_core_tran
PRE-TICK	CROSS-LIBRARY	opentitan	hw/vendor/lowrisc_ibex/dv/uvm/icache/dv/ibex_icache_core_agent/ibex_icache_core_rsp_item.sv	208	208	472	5	620	uvm_sequence_item @ stimuli/sv/subs/Surelog/tests/SimpleClass1/top_1.v	ds uvm_sequence_item; // A sequence item that is used for responses from the
PRE-TICK	CROSS-LIBRARY	opentitan	hw/vendor/lowrisc_ibex/dv/uvm/icache/dv/ibex_icache_mem_agent/ibex_icache_mem_bus_item.sv	435	435	748	9	987	uvm_sequence_item @ stimuli/sv/subs/Surelog/tests/SimpleClass1/top_1.v	ds uvm_sequence_item; // What sort of transaction is this? (grant or response
PRE-TICK	CROSS-LIBRARY	opentitan	hw/vendor/lowrisc_ibex/dv/uvm/icache/dv/ibex_icache_mem_agent/ibex_icache_mem_model.sv	802	802	1009	17	4099	uvm_object @ stimuli/sv/subs/Surelog/tests/ThisHier/dut.sv	) extends uvm_object; // If set, disable memory errors protected bit no_mem
PRE-TICK	CROSS-LIBRARY	opentitan	hw/vendor/lowrisc_ibex/dv/uvm/icache/dv/ibex_icache_mem_agent/ibex_icache_mem_req_item.sv	316	316	351	8	506	uvm_sequence_item @ stimuli/sv/subs/Surelog/tests/SimpleClass1/top_1.v	ds uvm_sequence_item; logic [31:0] address; `uvm_object_utils_begin(i
PRE-TICK	CROSS-LIBRARY	opentitan	hw/vendor/lowrisc_ibex/dv/uvm/icache/dv/ibex_icache_mem_agent/ibex_icache_mem_resp_item.sv	268	268	1378	7	1716	uvm_sequence_item @ stimuli/sv/subs/Surelog/tests/SimpleClass1/top_1.v	ds uvm_sequence_item; int unsigned min_response_delay = 0; int unsigned mid
PRE-TICK	CROSS-LIBRARY	opentitan	hw/vendor/lowrisc_ibex/vendor/google_riscv-dv/src/isa/riscv_instr.sv	632	632	2698	17	24237	uvm_object @ stimuli/sv/subs/Surelog/tests/ThisHier/dut.sv	r extends uvm_object; // All derived instructions static bit
PRE-TICK	CROSS-LIBRARY	opentitan	hw/vendor/lowrisc_ibex/vendor/google_riscv-dv/src/isa/riscv_instr_cov.svh	41	42	1888	2	14340	uvm_enum_wrapper @ stimuli/sv/uvm/uvm-core-2020.3.1/src/base/uvm_globals.svh	apper#(riscv_reg_t) gpr_enum; typedef uvm_enum_wrapper#(riscv_fpr_t) fpr_enum;
PRE-TICK	CROSS-LIBRARY	opentitan	hw/vendor/lowrisc_ibex/vendor/google_riscv-dv/src/riscv_asm_program_gen.sv	1177	1177	2637	26	77078	uvm_object @ stimuli/sv/subs/Surelog/tests/ThisHier/dut.sv	n extends uvm_object; riscv_instr_gen_config cfg; riscv_data
PRE-TICK	CROSS-LIBRARY	opentitan	hw/vendor/lowrisc_ibex/vendor/google_riscv-dv/src/riscv_callstack_gen.sv	966	966	1432	24	7392	uvm_object @ stimuli/sv/subs/Surelog/tests/ThisHier/dut.sv	m extends uvm_object; // ID of the current program rand program_id_t progr
PRE-TICK	CROSS-LIBRARY	opentitan	hw/vendor/lowrisc_ibex/vendor/google_riscv-dv/src/riscv_data_page_gen.sv	940	940	1070	22	4476	uvm_object @ stimuli/sv/subs/Surelog/tests/ThisHier/dut.sv	n extends uvm_object; riscv_instr_gen_config cfg; string
PRE-TICK	CROSS-LIBRARY	opentitan	hw/vendor/lowrisc_ibex/vendor/google_riscv-dv/src/riscv_illegal_instr.sv	1106	1106	13135	24	15131	uvm_object @ stimuli/sv/subs/Surelog/tests/ThisHier/dut.sv	r extends uvm_object; string comment; typedef enum bit [2:0] { kIllega
PRE-TICK	CROSS-LIBRARY	opentitan	hw/vendor/lowrisc_ibex/vendor/google_riscv-dv/src/riscv_instr_gen_config.sv	861	861	13882	21	33545	uvm_object @ stimuli/sv/subs/Surelog/tests/ThisHier/dut.sv	g extends uvm_object; //-----------------------------------------------------
PRE-TICK	CROSS-LIBRARY	opentitan	hw/vendor/lowrisc_ibex/vendor/google_riscv-dv/src/riscv_instr_sequence.sv	1723	1723	2967	36	17761	uvm_sequence @ stimuli/sv/subs/Surelog/tests/ClassExtendParam/dut.sv	extends uvm_sequence; int unsigned instr_cnt; // Instr
PRE-TICK	CROSS-LIBRARY	opentitan	hw/vendor/lowrisc_ibex/vendor/google_riscv-dv/src/riscv_instr_stream.sv	902	902	1332	21	11874	uvm_object @ stimuli/sv/subs/Surelog/tests/ThisHier/dut.sv	m extends uvm_object; riscv_instr instr_list[$]; int unsigned
PRE-TICK	CROSS-LIBRARY	opentitan	hw/vendor/lowrisc_ibex/vendor/google_riscv-dv/src/riscv_page_table_exception_cfg.sv	651	651	2992	17	3070	uvm_object @ stimuli/sv/subs/Surelog/tests/ThisHier/dut.sv	g extends uvm_object; bit enable_exception; // Knobs for each type of exce
PRE-TICK	CROSS-LIBRARY	opentitan	hw/vendor/lowrisc_ibex/vendor/google_riscv-dv/src/riscv_pmp_cfg.sv	634	634	3670	17	53086	uvm_object @ stimuli/sv/subs/Surelog/tests/ThisHier/dut.sv	g extends uvm_object; // default to a single PMP region rand int pmp_num_re
PRE-TICK	CROSS-LIBRARY	opentitan	hw/vendor/lowrisc_ibex/vendor/google_riscv-dv/src/riscv_privileged_common_seq.sv	725	725	1031	18	8768	uvm_sequence @ stimuli/sv/subs/Surelog/tests/ClassExtendParam/dut.sv	extends uvm_sequence; riscv_instr_gen_config cfg; int
PRE-TICK	CROSS-LIBRARY	opentitan	hw/vendor/lowrisc_ibex/vendor/google_riscv-dv/src/riscv_reg.sv	831	831	1199	22	4792	uvm_object @ stimuli/sv/subs/Surelog/tests/ThisHier/dut.sv	d extends uvm_object; int unsigned bit_width; bit [XLEN-1:0]
PRE-TICK	CROSS-LIBRARY	opentitan	hw/vendor/lowrisc_ibex/vendor/google_riscv-dv/src/riscv_vector_cfg.sv	682	682	3463	18	5286	uvm_object @ stimuli/sv/subs/Surelog/tests/ThisHier/dut.sv	g extends uvm_object; rand vtype_t vtype; rand bit [XLEN-1:0]
PRE-TICK	CROSS-LIBRARY	opentitan	hw/vendor/lowrisc_ibex/vendor/google_riscv-dv/test/riscv_instr_base_test.sv	654	654	971	19	3714	uvm_test @ stimuli/sv/uvm/uvm-core-2020.3.1/src/comps/uvm_test.svh	est extends uvm_test; riscv_instr_gen_config cfg; string
PRE-TICK	CROSS-LIBRARY	opentitan	hw/vendor/lowrisc_ibex/vendor/google_riscv-dv/test/riscv_instr_cov_test.sv	135	135	624	2	9287	uvm_test @ stimuli/sv/uvm/uvm-core-2020.3.1/src/comps/uvm_test.svh	est extends uvm_test; typedef uvm_enum_wrapper#(riscv_instr_name_t) instr_enu
PRE-TICK	FACT-GATED-CROSS-FILE	Cores-VeeR-EL2	testbench/uvm/mem/hdl/dccm_memtest.sv	119	119	124	4	736	mem_model_base_test @ stimuli/sv/subs/Cores-VeeR-EL2/testbench/uvm/mem/hdl/dccm_base_test.sv	mem_model_base_test; `uvm_component_utils(mem_wr_rd_test) dccm_memtest_se
PRE-TICK	FACT-GATED-CROSS-FILE	opentitan	hw/dv/sv/alert_esc_agent/alert_base_driver.sv	303	303	1478	7	2135	dv_base_driver @ stimuli/sv/subs/opentitan/hw/dv/sv/dv_base_agent/dv_base_driver.sv	tends dv_base_driver#(alert_esc_seq_item, alert_esc_agent_cfg); protected uvm_
PRE-TICK	FACT-GATED-CROSS-FILE	opentitan	hw/dv/sv/alert_esc_agent/alert_esc_agent.sv	331	332	603	8	5794	dv_reactive_agent @ stimuli/sv/subs/opentitan/hw/dv/sv/dv_base_agent/dv_reactive_agent.sv	s dv_reactive_agent #( .CFG_T (alert_esc_agent_cfg), .DRIVER_T
PRE-TICK	FACT-GATED-CROSS-FILE	opentitan	hw/dv/sv/alert_esc_agent/alert_esc_agent_cfg.sv	366	366	2717	9	3583	dv_reactive_agent_cfg @ stimuli/sv/subs/opentitan/hw/dv/sv/dv_base_agent/dv_reactive_agent_cfg.sv	v_reactive_agent_cfg; virtual alert_esc_if vif; virtual alert_esc_probe_if p
PRE-TICK	FACT-GATED-CROSS-FILE	opentitan	hw/dv/sv/alert_esc_agent/alert_esc_agent_cov.sv	253	254	2059	5	2799	alert_esc_trans_type_e @ stimuli/sv/subs/opentitan/hw/dv/sv/alert_esc_agent/alert_esc_agent_pkg.sv	rt_esc_trans_type_e trans,
PRE-TICK	FACT-GATED-CROSS-FILE	opentitan	hw/dv/sv/alert_esc_agent/alert_esc_agent_pkg.sv	560	561	1152	16	2133	uint @ stimuli/sv/subs/opentitan/hw/dv/sv/dv_utils/dv_utils_pkg.sv	p. parameter uint ALERT_B2B_DELAY = 5; typedef class alert_esc_seq_item;
PRE-TICK	FACT-GATED-CROSS-FILE	opentitan	hw/dv/sv/alert_esc_agent/alert_esc_base_monitor.sv	321	322	425	8	1935	dv_reactive_monitor @ stimuli/sv/subs/opentitan/hw/dv/sv/dv_base_agent/dv_reactive_monitor.sv	dv_reactive_monitor #( .ITEM_T(alert_esc_seq_item), .CFG_T (alert_esc_agent_
PRE-TICK	FACT-GATED-CROSS-FILE	opentitan	hw/dv/sv/alert_esc_agent/alert_esc_sequencer.sv	226	227	273	5	524	dv_reactive_sequencer @ stimuli/sv/subs/opentitan/hw/dv/sv/dv_base_agent/dv_reactive_sequencer.sv	_reactive_sequencer #(alert_esc_seq_item, alert_esc_agent_cfg); `uvm_component
PRE-TICK	FACT-GATED-CROSS-FILE	opentitan	hw/dv/sv/alert_esc_agent/alert_monitor.sv	366	366	371	10	19508	alert_esc_base_monitor @ stimuli/sv/subs/opentitan/hw/dv/sv/alert_esc_agent/alert_esc_base_monitor.sv	ert_esc_base_monitor; `uvm_component_utils(alert_monitor) // Flags used to
PRE-TICK	FACT-GATED-CROSS-FILE	opentitan	hw/dv/sv/alert_esc_agent/alert_receiver_driver.sv	340	340	344	8	21186	alert_base_driver @ stimuli/sv/subs/opentitan/hw/dv/sv/alert_esc_agent/alert_base_driver.sv	ds alert_base_driver; `uvm_component_utils(alert_receiver_driver) // A pair
PRE-TICK	FACT-GATED-CROSS-FILE	opentitan	hw/dv/sv/alert_esc_agent/alert_sender_driver.sv	354	354	359	9	9643	alert_base_driver @ stimuli/sv/subs/opentitan/hw/dv/sv/alert_esc_agent/alert_base_driver.sv	ds alert_base_driver; `uvm_component_utils(alert_sender_driver) // An even
PRE-TICK	FACT-GATED-CROSS-FILE	opentitan	hw/dv/sv/alert_esc_agent/esc_monitor.sv	368	368	373	10	10635	alert_esc_base_monitor @ stimuli/sv/subs/opentitan/hw/dv/sv/alert_esc_agent/alert_esc_base_monitor.sv	ert_esc_base_monitor; `uvm_component_utils(esc_monitor) extern function ne
PRE-TICK	FACT-GATED-CROSS-FILE	opentitan	hw/dv/sv/alert_esc_agent/esc_receiver_driver.sv	250	250	297	7	8028	dv_base_driver @ stimuli/sv/subs/opentitan/hw/dv/sv/dv_base_agent/dv_base_driver.sv	tends dv_base_driver#(alert_esc_seq_item, alert_esc_agent_cfg); `uvm_componen
PRE-TICK	FACT-GATED-CROSS-FILE	opentitan	hw/dv/sv/alert_esc_agent/esc_sender_driver.sv	246	246	292	7	1024	dv_base_driver @ stimuli/sv/subs/opentitan/hw/dv/sv/dv_base_agent/dv_base_driver.sv	tends dv_base_driver#(alert_esc_seq_item, alert_esc_agent_cfg); `uvm_component
PRE-TICK	FACT-GATED-CROSS-FILE	opentitan	hw/dv/sv/alert_esc_agent/seq_lib/alert_receiver_alert_rsp_seq.sv	302	302	307	6	1829	alert_receiver_base_seq @ stimuli/sv/subs/opentitan/hw/dv/sv/alert_esc_agent/seq_lib/alert_receiver_base_seq.sv	rt_receiver_base_seq; `uvm_object_utils(alert_receiver_alert_rsp_seq) exte
PRE-TICK	FACT-GATED-CROSS-FILE	opentitan	hw/dv/sv/alert_esc_agent/seq_lib/alert_receiver_base_seq.sv	271	272	401	6	1508	dv_base_seq @ stimuli/sv/subs/opentitan/hw/dv/sv/dv_base_agent/dv_base_seq.sv	extends dv_base_seq #( .REQ (alert_esc_seq_item), .CFG_T (
PRE-TICK	FACT-GATED-CROSS-FILE	opentitan	hw/dv/sv/alert_esc_agent/seq_lib/alert_receiver_ping_seq.sv	615	616	832	9	1802	dv_base_seq @ stimuli/sv/subs/opentitan/hw/dv/sv/dv_base_agent/dv_base_seq.sv	extends dv_base_seq #(.REQ (alert_esc_seq_item),
PRE-TICK	FACT-GATED-CROSS-FILE	opentitan	hw/dv/sv/alert_esc_agent/seq_lib/alert_receiver_seq.sv	291	291	296	6	650	alert_receiver_base_seq @ stimuli/sv/subs/opentitan/hw/dv/sv/alert_esc_agent/seq_lib/alert_receiver_base_seq.sv	rt_receiver_base_seq; `uvm_object_utils(alert_receiver_seq) extern constra
PRE-TICK	FACT-GATED-CROSS-FILE	opentitan	hw/dv/sv/alert_esc_agent/seq_lib/alert_sender_base_seq.sv	267	268	397	6	1579	dv_base_seq @ stimuli/sv/subs/opentitan/hw/dv/sv/dv_base_agent/dv_base_seq.sv	extends dv_base_seq #( .REQ (alert_esc_seq_item), .CFG_T (
PRE-TICK	FACT-GATED-CROSS-FILE	opentitan	hw/dv/sv/alert_esc_agent/seq_lib/alert_sender_ping_rsp_seq.sv	298	298	303	6	1920	alert_sender_base_seq @ stimuli/sv/subs/opentitan/hw/dv/sv/alert_esc_agent/seq_lib/alert_sender_base_seq.sv	lert_sender_base_seq; `uvm_object_utils(alert_sender_ping_rsp_seq) extern
PRE-TICK	FACT-GATED-CROSS-FILE	opentitan	hw/dv/sv/alert_esc_agent/seq_lib/alert_sender_seq.sv	276	276	281	6	640	alert_sender_base_seq @ stimuli/sv/subs/opentitan/hw/dv/sv/alert_esc_agent/seq_lib/alert_sender_base_seq.sv	lert_sender_base_seq; `uvm_object_utils(alert_sender_seq) constraint alert
PRE-TICK	FACT-GATED-CROSS-FILE	opentitan	hw/dv/sv/alert_esc_agent/seq_lib/esc_receiver_base_seq.sv	267	268	397	6	1591	dv_base_seq @ stimuli/sv/subs/opentitan/hw/dv/sv/dv_base_agent/dv_base_seq.sv	extends dv_base_seq #( .REQ (alert_esc_seq_item), .CFG_T (
PRE-TICK	FACT-GATED-CROSS-FILE	opentitan	hw/dv/sv/alert_esc_agent/seq_lib/esc_receiver_esc_rsp_seq.sv	302	302	307	6	664	esc_receiver_base_seq @ stimuli/sv/subs/opentitan/hw/dv/sv/alert_esc_agent/seq_lib/esc_receiver_base_seq.sv	sc_receiver_base_seq; `uvm_object_utils(esc_receiver_esc_rsp_seq) extern c
PRE-TICK	FACT-GATED-CROSS-FILE	opentitan	hw/dv/sv/cip_lib/cip_base_env.sv	235	235	544	5	8163	cip_base_env_cfg @ stimuli/sv/subs/opentitan/hw/dv/sv/cip_lib/cip_base_env_cfg.sv	= cip_base_env_cfg, type VIRTUAL_SEQUENCER_T = cip_base_v
PRE-TICK	FACT-GATED-CROSS-FILE	opentitan	hw/dv/sv/cip_lib/cip_base_env_cfg.sv	226	226	6044	5	14995	dv_base_reg_block @ stimuli/sv/subs/opentitan/hw/dv/sv/dv_base_reg/dv_base_reg_pkg.sv	= dv_base_reg_block) extends dv_base_env_cfg #(RAL_T); // control knobs to en
PRE-TICK	FACT-GATED-CROSS-FILE	opentitan	hw/dv/sv/cip_lib/cip_base_env_cov.sv	459	460	7773	8	8622	uint @ stimuli/sv/subs/opentitan/hw/dv/sv/dv_utils/dv_utils_pkg.sv	group intr_cg (uint num_interrupts) with function sample(uint intr,
PRE-TICK	FACT-GATED-CROSS-FILE	opentitan	hw/dv/sv/cip_lib/cip_base_scoreboard.sv	229	229	430	5	36304	dv_base_reg_block @ stimuli/sv/subs/opentitan/hw/dv/sv/dv_base_reg/dv_base_reg_pkg.sv	= dv_base_reg_block, type CFG_T = cip_base_env_cfg,
PRE-TICK	FACT-GATED-CROSS-FILE	opentitan	hw/dv/sv/cip_lib/cip_base_test.sv	222	222	313	5	1572	cip_base_env_cfg @ stimuli/sv/subs/opentitan/hw/dv/sv/cip_lib/cip_base_env_cfg.sv	T = cip_base_env_cfg, type ENV_T = cip_base_env) extends d
PRE-TICK	FACT-GATED-CROSS-FILE	opentitan	hw/dv/sv/cip_lib/cip_base_virtual_sequencer.sv	235	235	391	5	945	cip_base_env_cfg @ stimuli/sv/subs/opentitan/hw/dv/sv/cip_lib/cip_base_env_cfg.sv	T = cip_base_env_cfg, type COV_T = cip_base_e
PRE-TICK	FACT-GATED-CROSS-FILE	opentitan	hw/dv/sv/cip_lib/seq_lib/cip_base_vseq__sec_cm_fi.svh	178	179	312	5	3443	virtual @ stimuli/sv/subs/opentitan/hw/dv/sv/cip_lib/seq_lib/cip_base_vseq__sec_cm_fi.svh	Apache-2.0 virtual task run_sec_cm_fi_vseq(int num_times = 1); pre_run_sec_cm
PRE-TICK	FACT-GATED-CROSS-FILE	opentitan	hw/dv/sv/cip_lib/seq_lib/cip_base_vseq__shadow_reg_errors.svh	178	179	457	5	18055	virtual @ stimuli/sv/subs/opentitan/hw/dv/sv/cip_lib/seq_lib/cip_base_vseq__sec_cm_fi.svh	Apache-2.0 virtual task run_shadow_reg_errors(int num_times, bit en_csr_rw_seq
PRE-TICK	FACT-GATED-CROSS-FILE	opentitan	hw/dv/sv/cip_lib/seq_lib/cip_tl_device_seq.sv	290	291	314	6	1138	tl_device_seq @ stimuli/sv/subs/opentitan/hw/dv/sv/tl_agent/seq_lib/tl_device_seq.sv	tends tl_device_seq #(cip_tl_seq_item); `uvm_object_utils(cip_tl_device_seq)
PRE-TICK	FACT-GATED-CROSS-FILE	opentitan	hw/dv/sv/cip_lib/seq_lib/cip_tl_host_single_seq.sv	416	417	440	9	1140	tl_host_single_seq @ stimuli/sv/subs/opentitan/hw/dv/sv/tl_agent/seq_lib/tl_host_single_seq.sv	tl_host_single_seq #(cip_tl_seq_item); `uvm_object_utils(cip_tl_host_single_
PRE-TICK	FACT-GATED-CROSS-FILE	opentitan	hw/dv/sv/cip_lib/seq_lib/cip_tl_seq_item.sv	273	273	278	6	12706	tl_seq_item @ stimuli/sv/subs/opentitan/hw/dv/sv/tl_agent/tl_agent_pkg.sv	extends tl_seq_item; `uvm_object_new tl_intg_err_e tl_intg_err_type
PRE-TICK	FACT-GATED-CROSS-FILE	opentitan	hw/dv/sv/csr_utils/csr_hw_reset_seq.sv	548	548	552	10	2527	csr_base_seq @ stimuli/sv/subs/opentitan/hw/dv/sv/csr_utils/csr_base_seq.sv	extends csr_base_seq; `uvm_object_utils(csr_hw_reset_seq) extern function n
PRE-TICK	FACT-GATED-CROSS-FILE	opentitan	hw/dv/sv/csr_utils/csr_seq_lib.sv	1438	1438	1527	22	16549	csr_base_seq @ stimuli/sv/subs/opentitan/hw/dv/sv/csr_utils/csr_base_seq.sv	extends csr_base_seq; static bit test_backdoor_path_done; // only run once b
PRE-TICK	FACT-GATED-CROSS-FILE	opentitan	hw/dv/sv/csrng_agent/csrng_agent.sv	214	215	483	5	3743	dv_reactive_agent @ stimuli/sv/subs/opentitan/hw/dv/sv/dv_base_agent/dv_reactive_agent.sv	s dv_reactive_agent #( .CFG_T (csrng_agent_cfg), .DRIVER_T (c
PRE-TICK	FACT-GATED-CROSS-FILE	opentitan	hw/dv/sv/csrng_agent/csrng_agent_cfg.sv	222	222	495	5	995	dv_reactive_agent_cfg @ stimuli/sv/subs/opentitan/hw/dv/sv/dv_base_agent/dv_reactive_agent_cfg.sv	v_reactive_agent_cfg; // interface handle used by driver, monitor & the seque
PRE-TICK	FACT-GATED-CROSS-FILE	opentitan	hw/dv/sv/csrng_agent/csrng_device_driver.sv	217	217	221	5	2442	csrng_driver @ stimuli/sv/subs/opentitan/hw/dv/sv/csrng_agent/csrng_driver.sv	extends csrng_driver; `uvm_component_utils(csrng_device_driver) `uvm_compone
PRE-TICK	FACT-GATED-CROSS-FILE	opentitan	hw/dv/sv/csrng_agent/csrng_driver.sv	212	213	309	5	376	dv_base_driver @ stimuli/sv/subs/opentitan/hw/dv/sv/dv_base_agent/dv_base_driver.sv	ends dv_base_driver #(.ITEM_T(csrng_item),
PRE-TICK	FACT-GATED-CROSS-FILE	opentitan	hw/dv/sv/csrng_agent/csrng_host_driver.sv	215	215	219	5	854	csrng_driver @ stimuli/sv/subs/opentitan/hw/dv/sv/csrng_agent/csrng_driver.sv	extends csrng_driver; `uvm_component_utils(csrng_host_driver) `uvm_component
PRE-TICK	FACT-GATED-CROSS-FILE	opentitan	hw/dv/sv/csrng_agent/csrng_monitor.sv	218	219	316	5	5962	dv_reactive_monitor @ stimuli/sv/subs/opentitan/hw/dv/sv/dv_base_agent/dv_reactive_monitor.sv	dv_reactive_monitor #( .ITEM_T (csrng_item), .CFG_T (csrng_agent_cfg),
PRE-TICK	FACT-GATED-CROSS-FILE	opentitan	hw/dv/sv/csrng_agent/csrng_sequencer.sv	222	223	287	5	560	dv_reactive_sequencer @ stimuli/sv/subs/opentitan/hw/dv/sv/dv_base_agent/dv_reactive_sequencer.sv	_reactive_sequencer #( .ITEM_T (csrng_item), .CFG_T (csrng_agent_cfg) )
PRE-TICK	FACT-GATED-CROSS-FILE	opentitan	hw/dv/sv/csrng_agent/seq_lib/csrng_base_seq.sv	211	212	324	5	500	dv_base_seq @ stimuli/sv/subs/opentitan/hw/dv/sv/dv_base_agent/dv_base_seq.sv	extends dv_base_seq #( .REQ (csrng_item), .CFG_T (csrng_ag
PRE-TICK	FACT-GATED-CROSS-FILE	opentitan	hw/dv/sv/csrng_agent/seq_lib/csrng_device_seq.sv	408	408	413	9	1282	csrng_base_seq @ stimuli/sv/subs/opentitan/hw/dv/sv/csrng_agent/seq_lib/csrng_base_seq.sv	tends csrng_base_seq; `uvm_object_utils(csrng_device_seq) `uvm_object_new
PRE-TICK	FACT-GATED-CROSS-FILE	opentitan	hw/dv/sv/csrng_agent/seq_lib/csrng_host_seq.sv	214	214	218	5	419	csrng_base_seq @ stimuli/sv/subs/opentitan/hw/dv/sv/csrng_agent/seq_lib/csrng_base_seq.sv	tends csrng_base_seq; `uvm_object_utils(csrng_host_seq) `uvm_object_new
PRE-TICK	FACT-GATED-CROSS-FILE	opentitan	hw/dv/sv/dv_base_agent/dv_base_agent.sv	1134	1134	1525	25	3206	dv_base_agent_cfg @ stimuli/sv/subs/opentitan/hw/dv/sv/dv_base_agent/dv_base_agent_cfg.sv	= dv_base_agent_cfg, type DRIVER_T = dv_base_driv
PRE-TICK	FACT-GATED-CROSS-FILE	opentitan	hw/dv/sv/dv_base_agent/dv_base_agent_cov.sv	377	377	404	8	667	dv_base_agent_cfg @ stimuli/sv/subs/opentitan/hw/dv/sv/dv_base_agent/dv_base_agent_cfg.sv	= dv_base_agent_cfg) extends uvm_component; `uvm_component_param_utils(dv_bas
PRE-TICK	FACT-GATED-CROSS-FILE	opentitan	hw/dv/sv/dv_base_agent/dv_reactive_agent.sv	1309	1309	2037	26	2795	dv_reactive_agent_cfg @ stimuli/sv/subs/opentitan/hw/dv/sv/dv_base_agent/dv_reactive_agent_cfg.sv	v_reactive_agent_cfg, type DRIVER_T = dv_base_
PRE-TICK	FACT-GATED-CROSS-FILE	opentitan	hw/dv/sv/dv_base_agent/dv_reactive_agent_cfg.sv	272	272	637	7	938	dv_base_agent_cfg @ stimuli/sv/subs/opentitan/hw/dv/sv/dv_base_agent/dv_base_agent_cfg.sv	ds dv_base_agent_cfg; // True if agent's sequencer has a request fifo. If so,
PRE-TICK	FACT-GATED-CROSS-FILE	opentitan	hw/dv/sv/dv_base_reg/dv_base_reg.sv	268	268	3402	6	23837	uvm_reg @ stimuli/sv/subs/opentitan/hw/dv/sv/dv_base_reg/dv_base_reg_pkg.sv	_reg extends uvm_reg; // external reg doesn't have storage in reg module, whic
PRE-TICK	FACT-GATED-CROSS-FILE	opentitan	hw/dv/sv/dv_lib/dv_base_env.sv	233	233	459	5	3664	dv_base_env_cfg @ stimuli/sv/subs/opentitan/hw/dv/sv/dv_lib/dv_base_env_cfg.sv	= dv_base_env_cfg, type VIRTUAL_SEQUENCER_T = dv_base_vir
PRE-TICK	FACT-GATED-CROSS-FILE	opentitan	hw/dv/sv/dv_lib/dv_base_env_cfg.sv	307	307	4201	7	12561	dv_base_reg_block @ stimuli/sv/subs/opentitan/hw/dv/sv/dv_base_reg/dv_base_reg_pkg.sv	= dv_base_reg_block) extends uvm_object; // True if the environment is activ
PRE-TICK	FACT-GATED-CROSS-FILE	opentitan	hw/dv/sv/dv_lib/dv_base_env_cov.sv	377	377	404	8	575	dv_base_env_cfg @ stimuli/sv/subs/opentitan/hw/dv/sv/dv_lib/dv_base_env_cfg.sv	_T = dv_base_env_cfg) extends uvm_component; `uvm_component_param_utils(dv_bas
PRE-TICK	FACT-GATED-CROSS-FILE	opentitan	hw/dv/sv/dv_lib/dv_base_scoreboard.sv	228	228	369	5	2559	dv_base_reg_block @ stimuli/sv/subs/opentitan/hw/dv/sv/dv_base_reg/dv_base_reg_pkg.sv	= dv_base_reg_block, type CFG_T = dv_base_env_cfg,
PRE-TICK	FACT-GATED-CROSS-FILE	opentitan	hw/dv/sv/dv_lib/dv_base_test.sv	220	220	289	5	6875	dv_base_env_cfg @ stimuli/sv/subs/opentitan/hw/dv/sv/dv_lib/dv_base_env_cfg.sv	_T = dv_base_env_cfg, type ENV_T = dv_base_env) extends uvm
PRE-TICK	FACT-GATED-CROSS-FILE	opentitan	hw/dv/sv/dv_lib/dv_base_virtual_sequencer.sv	233	233	324	5	1221	dv_base_env_cfg @ stimuli/sv/subs/opentitan/hw/dv/sv/dv_lib/dv_base_env_cfg.sv	_T = dv_base_env_cfg, type COV_T = dv_base_env
PRE-TICK	FACT-GATED-CROSS-FILE	opentitan	hw/dv/sv/dv_lib/dv_base_vseq.sv	236	236	467	5	12248	dv_base_reg_block @ stimuli/sv/subs/opentitan/hw/dv/sv/dv_base_reg/dv_base_reg_pkg.sv	= dv_base_reg_block, type CFG_T = dv_base_en
PRE-TICK	FACT-GATED-CROSS-FILE	opentitan	hw/dv/sv/entropy_src_xht_agent/entropy_src_xht_agent.sv	224	225	475	5	1482	dv_reactive_agent @ stimuli/sv/subs/opentitan/hw/dv/sv/dv_base_agent/dv_reactive_agent.sv	s dv_reactive_agent #( .CFG_T (entropy_src_xht_agent_cfg), .DRIVER_T
PRE-TICK	FACT-GATED-CROSS-FILE	opentitan	hw/dv/sv/entropy_src_xht_agent/entropy_src_xht_agent_cfg.sv	232	232	354	5	509	dv_reactive_agent_cfg @ stimuli/sv/subs/opentitan/hw/dv/sv/dv_base_agent/dv_reactive_agent_cfg.sv	v_reactive_agent_cfg; virtual entropy_src_xht_if vif; bit start_defaul
PRE-TICK	FACT-GATED-CROSS-FILE	opentitan	hw/dv/sv/entropy_src_xht_agent/entropy_src_xht_device_driver.sv	229	230	313	5	1035	dv_base_driver @ stimuli/sv/subs/opentitan/hw/dv/sv/dv_base_agent/dv_base_driver.sv	ends dv_base_driver #( .ITEM_T(entropy_src_xht_item), .CFG_T (entropy_sr
PRE-TICK	FACT-GATED-CROSS-FILE	opentitan	hw/dv/sv/entropy_src_xht_agent/entropy_src_xht_monitor.sv	228	229	369	5	3042	dv_reactive_monitor @ stimuli/sv/subs/opentitan/hw/dv/sv/dv_base_agent/dv_reactive_monitor.sv	dv_reactive_monitor #( .ITEM_T (entropy_src_xht_item), .CFG_T (entropy_src_
PRE-TICK	FACT-GATED-CROSS-FILE	opentitan	hw/dv/sv/entropy_src_xht_agent/entropy_src_xht_sequencer.sv	232	233	317	5	396	dv_reactive_sequencer @ stimuli/sv/subs/opentitan/hw/dv/sv/dv_base_agent/dv_reactive_sequencer.sv	_reactive_sequencer #( .ITEM_T (entropy_src_xht_item), .CFG_T (entropy_
PRE-TICK	FACT-GATED-CROSS-FILE	opentitan	hw/dv/sv/entropy_src_xht_agent/seq_lib/entropy_src_xht_base_device_seq.sv	228	229	369	5	6323	dv_base_seq @ stimuli/sv/subs/opentitan/hw/dv/sv/dv_base_agent/dv_base_seq.sv	extends dv_base_seq #( .REQ (entropy_src_xht_item), .CFG_T (en
PRE-TICK	FACT-GATED-CROSS-FILE	opentitan	hw/dv/sv/flash_phy_prim_agent/flash_phy_prim_agent.sv	219	220	453	5	835	dv_base_agent @ stimuli/sv/subs/opentitan/hw/dv/sv/dv_base_agent/dv_base_agent.sv	tends dv_base_agent #( .CFG_T (flash_phy_prim_agent_cfg), .DRIVER_T
PRE-TICK	FACT-GATED-CROSS-FILE	opentitan	hw/dv/sv/flash_phy_prim_agent/flash_phy_prim_agent_cfg.sv	227	227	344	5	485	dv_base_agent_cfg @ stimuli/sv/subs/opentitan/hw/dv/sv/dv_base_agent/dv_base_agent_cfg.sv	ds dv_base_agent_cfg; // interface handle used by driver, monitor & the seque
PRE-TICK	FACT-GATED-CROSS-FILE	opentitan	hw/dv/sv/flash_phy_prim_agent/flash_phy_prim_agent_cov.sv	227	228	259	5	571	dv_base_agent_cov @ stimuli/sv/subs/opentitan/hw/dv/sv/dv_base_agent/dv_base_agent_cov.sv	s dv_base_agent_cov #(flash_phy_prim_agent_cfg); `uvm_component_utils(flash_ph
PRE-TICK	FACT-GATED-CROSS-FILE	opentitan	hw/dv/sv/flash_phy_prim_agent/flash_phy_prim_driver.sv	221	222	338	5	950	dv_base_driver @ stimuli/sv/subs/opentitan/hw/dv/sv/dv_base_agent/dv_base_driver.sv	ends dv_base_driver #(.ITEM_T(flash_phy_prim_item),
PRE-TICK	FACT-GATED-CROSS-FILE	opentitan	hw/dv/sv/flash_phy_prim_agent/flash_phy_prim_monitor.sv	223	224	348	5	5395	dv_base_monitor @ stimuli/sv/subs/opentitan/hw/dv/sv/dv_base_agent/dv_base_monitor.sv	nds dv_base_monitor #( .ITEM_T (flash_phy_prim_item), .CFG_T (flash_phy
PRE-TICK	FACT-GATED-CROSS-FILE	opentitan	hw/dv/sv/flash_phy_prim_agent/seq_lib/flash_phy_prim_base_seq.sv	220	221	360	5	545	dv_base_seq @ stimuli/sv/subs/opentitan/hw/dv/sv/dv_base_agent/dv_base_seq.sv	extends dv_base_seq #( .REQ (flash_phy_prim_item), .CFG_T
PRE-TICK	FACT-GATED-CROSS-FILE	opentitan	hw/dv/sv/i2c_agent/i2c_agent.sv	208	209	414	5	1366	dv_base_agent @ stimuli/sv/subs/opentitan/hw/dv/sv/dv_base_agent/dv_base_agent.sv	tends dv_base_agent #( .CFG_T (i2c_agent_cfg), .DRIVER_T
PRE-TICK	FACT-GATED-CROSS-FILE	opentitan	hw/dv/sv/i2c_agent/i2c_agent_cfg.sv	216	216	2888	5	4880	dv_base_agent_cfg @ stimuli/sv/subs/opentitan/hw/dv/sv/dv_base_agent/dv_base_agent_cfg.sv	ds dv_base_agent_cfg; // this parameters can be set by test to slow down the a
PRE-TICK	FACT-GATED-CROSS-FILE	opentitan	hw/dv/sv/i2c_agent/i2c_agent_cov.sv	216	217	237	5	427	dv_base_agent_cov @ stimuli/sv/subs/opentitan/hw/dv/sv/dv_base_agent/dv_base_agent_cov.sv	s dv_base_agent_cov #(i2c_agent_cfg); `uvm_component_utils(i2c_agent_cov) /
PRE-TICK	FACT-GATED-CROSS-FILE	opentitan	hw/dv/sv/i2c_agent/i2c_driver.sv	210	211	241	5	10786	dv_base_driver @ stimuli/sv/subs/opentitan/hw/dv/sv/dv_base_agent/dv_base_driver.sv	ends dv_base_driver #(i2c_item, i2c_agent_cfg); `uvm_component_utils(i2c_drive
PRE-TICK	FACT-GATED-CROSS-FILE	opentitan	hw/dv/sv/i2c_agent/i2c_if.sv	1127	1128	3262	48	12549	timing_cfg_t @ stimuli/sv/subs/opentitan/hw/dv/sv/i2c_agent/i2c_agent_pkg.sv	t_data(timing_cfg_t tc, output bit data); bit sample[$]; wait(cb.scl_i =
PRE-TICK	FACT-GATED-CROSS-FILE	opentitan	hw/dv/sv/i2c_agent/i2c_monitor.sv	1274	1275	2680	32	27082	dv_base_monitor @ stimuli/sv/subs/opentitan/hw/dv/sv/dv_base_agent/dv_base_monitor.sv	nds dv_base_monitor #( .ITEM_T (i2c_item), .CFG_T (i2c_agent_cfg),
PRE-TICK	FACT-GATED-CROSS-FILE	opentitan	hw/dv/sv/i2c_agent/i2c_sequencer.sv	216	216	246	5	1163	dv_base_sequencer @ stimuli/sv/subs/opentitan/hw/dv/sv/dv_base_agent/dv_base_sequencer.sv	ds dv_base_sequencer#(i2c_item, i2c_agent_cfg); `uvm_component_utils(i2c_seque
PRE-TICK	FACT-GATED-CROSS-FILE	opentitan	hw/dv/sv/i2c_agent/seq_lib/i2c_base_seq.sv	767	768	1425	14	7093	dv_base_seq @ stimuli/sv/subs/opentitan/hw/dv/sv/dv_base_agent/dv_base_seq.sv	extends dv_base_seq #( .REQ (i2c_item), .CFG_T (i2c_agent_
PRE-TICK	FACT-GATED-CROSS-FILE	opentitan	hw/dv/sv/i2c_agent/seq_lib/i2c_controller_base_seq.sv	418	418	422	8	1614	i2c_base_seq @ stimuli/sv/subs/opentitan/hw/dv/sv/i2c_agent/seq_lib/i2c_base_seq.sv	extends i2c_base_seq; `uvm_object_utils(i2c_controller_base_seq) `uvm_object
PRE-TICK	FACT-GATED-CROSS-FILE	opentitan	hw/dv/sv/i2c_agent/seq_lib/i2c_device_response_seq.sv	525	525	730	10	3969	i2c_base_seq @ stimuli/sv/subs/opentitan/hw/dv/sv/i2c_agent/seq_lib/i2c_base_seq.sv	extends i2c_base_seq; /////////////// // VARIABLES // ///////////////
PRE-TICK	FACT-GATED-CROSS-FILE	opentitan	hw/dv/sv/i2c_agent/seq_lib/i2c_target_base_seq.sv	217	217	221	5	1286	i2c_base_seq @ stimuli/sv/subs/opentitan/hw/dv/sv/i2c_agent/seq_lib/i2c_base_seq.sv	extends i2c_base_seq; `uvm_object_utils(i2c_target_base_seq) `uvm_object_new
PRE-TICK	FACT-GATED-CROSS-FILE	opentitan	hw/dv/sv/i2c_agent/seq_lib/i2c_target_may_nack_seq.sv	499	499	590	11	913	i2c_base_seq @ stimuli/sv/subs/opentitan/hw/dv/sv/i2c_agent/seq_lib/i2c_base_seq.sv	extends i2c_base_seq; /////////////// // VARIABLES // ///////////////
PRE-TICK	FACT-GATED-CROSS-FILE	opentitan	hw/dv/sv/jtag_agent/jtag_agent.sv	209	210	415	5	1908	dv_base_agent @ stimuli/sv/subs/opentitan/hw/dv/sv/dv_base_agent/dv_base_agent.sv	tends dv_base_agent #( .CFG_T (jtag_agent_cfg), .DRIVER_T
PRE-TICK	FACT-GATED-CROSS-FILE	opentitan	hw/dv/sv/jtag_agent/jtag_agent_cfg.sv	217	217	1727	5	2297	dv_base_agent_cfg @ stimuli/sv/subs/opentitan/hw/dv/sv/dv_base_agent/dv_base_agent_cfg.sv	ds dv_base_agent_cfg; // interface handle used by driver, monitor & the seque
PRE-TICK	FACT-GATED-CROSS-FILE	opentitan	hw/dv/sv/jtag_agent/jtag_agent_cov.sv	217	218	239	5	531	dv_base_agent_cov @ stimuli/sv/subs/opentitan/hw/dv/sv/dv_base_agent/dv_base_agent_cov.sv	s dv_base_agent_cov #(jtag_agent_cfg); `uvm_component_utils(jtag_agent_cov)
PRE-TICK	FACT-GATED-CROSS-FILE	opentitan	hw/dv/sv/jtag_agent/jtag_dtm_reg_block.sv	403	403	407	8	11772	dv_base_reg @ stimuli/sv/subs/opentitan/hw/dv/sv/dv_base_reg/dv_base_reg_pkg.sv	extends dv_base_reg; `uvm_object_utils(jtag_dtm_base_reg) function new(str
PRE-TICK	FACT-GATED-CROSS-FILE	opentitan	hw/dv/sv/jtag_agent/jtag_monitor.sv	213	214	297	5	6379	dv_base_monitor @ stimuli/sv/subs/opentitan/hw/dv/sv/dv_base_agent/dv_base_monitor.sv	nds dv_base_monitor #( .ITEM_T(jtag_item), .CFG_T (jtag_agent_cfg), .COV_T
PRE-TICK	FACT-GATED-CROSS-FILE	opentitan	hw/dv/sv/jtag_agent/jtag_seq_lib.sv	282	283	393	6	1538	dv_base_seq @ stimuli/sv/subs/opentitan/hw/dv/sv/dv_base_agent/dv_base_seq.sv	extends dv_base_seq #( .REQ (jtag_item), .CFG_T (jtag_agen
PRE-TICK	FACT-GATED-CROSS-FILE	opentitan	hw/dv/sv/jtag_dmi_agent/jtag_dmi_monitor.sv	568	568	656	10	6437	jtag_dmi_item @ stimuli/sv/subs/opentitan/hw/dv/sv/jtag_dmi_agent/jtag_dmi_item.sv	EM_T = jtag_dmi_item) extends dv_reactive_monitor #( .ITEM_T (ITEM_T), .
PRE-TICK	FACT-GATED-CROSS-FILE	opentitan	hw/dv/sv/jtag_dmi_agent/jtag_dmi_reg_block.sv	1681	1681	1737	40	51525	dv_base_reg @ stimuli/sv/subs/opentitan/hw/dv/sv/dv_base_reg/dv_base_reg_pkg.sv	extends dv_base_reg; // fields rand dv_base_reg_field abstractdata; `uvm
PRE-TICK	FACT-GATED-CROSS-FILE	opentitan	hw/dv/sv/jtag_dmi_agent/sba_access_monitor.sv	929	929	1017	16	13127	sba_access_item @ stimuli/sv/subs/opentitan/hw/dv/sv/jtag_dmi_agent/sba_access_item.sv	_T = sba_access_item) extends dv_reactive_monitor #( .ITEM_T (ITEM_T), .
PRE-TICK	FACT-GATED-CROSS-FILE	opentitan	hw/dv/sv/jtag_riscv_agent/jtag_riscv_agent.sv	215	216	409	5	1672	dv_base_agent @ stimuli/sv/subs/opentitan/hw/dv/sv/dv_base_agent/dv_base_agent.sv	tends dv_base_agent #( .CFG_T (jtag_riscv_agent_cfg), .SEQUENCER_T(jtag
PRE-TICK	FACT-GATED-CROSS-FILE	opentitan	hw/dv/sv/jtag_riscv_agent/jtag_riscv_agent_cfg.sv	223	223	227	5	1314	dv_base_agent_cfg @ stimuli/sv/subs/opentitan/hw/dv/sv/dv_base_agent/dv_base_agent_cfg.sv	ds dv_base_agent_cfg; `uvm_object_utils_begin(jtag_riscv_agent_cfg) `uvm_obj
PRE-TICK	FACT-GATED-CROSS-FILE	opentitan	hw/dv/sv/jtag_riscv_agent/jtag_riscv_agent_cov.sv	223	224	251	5	549	dv_base_agent_cov @ stimuli/sv/subs/opentitan/hw/dv/sv/dv_base_agent/dv_base_agent_cov.sv	s dv_base_agent_cov #(jtag_riscv_agent_cfg); `uvm_component_utils(jtag_riscv_a
PRE-TICK	FACT-GATED-CROSS-FILE	opentitan	hw/dv/sv/jtag_riscv_agent/jtag_riscv_driver.sv	260	261	338	5	8766	dv_base_driver @ stimuli/sv/subs/opentitan/hw/dv/sv/dv_base_agent/dv_base_driver.sv	ends dv_base_driver #(jtag_riscv_item, jtag_riscv_agent_cfg); protected bit d
PRE-TICK	FACT-GATED-CROSS-FILE	opentitan	hw/dv/sv/jtag_riscv_agent/jtag_riscv_monitor.sv	219	220	321	5	3551	dv_base_monitor @ stimuli/sv/subs/opentitan/hw/dv/sv/dv_base_agent/dv_base_monitor.sv	nds dv_base_monitor #( .ITEM_T(jtag_riscv_item), .CFG_T (jtag_riscv_agent_cf
PRE-TICK	FACT-GATED-CROSS-FILE	opentitan	hw/dv/sv/jtag_riscv_agent/jtag_riscv_sequencer.sv	223	224	298	5	486	dv_base_sequencer @ stimuli/sv/subs/opentitan/hw/dv/sv/dv_base_agent/dv_base_sequencer.sv	s dv_base_sequencer #( .ITEM_T (jtag_riscv_item), .CFG_T (jtag_riscv_ag
PRE-TICK	FACT-GATED-CROSS-FILE	opentitan	hw/dv/sv/jtag_riscv_agent/seq_lib/jtag_riscv_base_seq.sv	216	217	345	5	1560	dv_base_seq @ stimuli/sv/subs/opentitan/hw/dv/sv/dv_base_agent/dv_base_seq.sv	extends dv_base_seq #( .REQ (jtag_riscv_item), .CFG_T (jta
PRE-TICK	FACT-GATED-CROSS-FILE	opentitan	hw/dv/sv/jtag_riscv_agent/seq_lib/jtag_riscv_csr_seq.sv	284	284	586	6	1505	jtag_riscv_base_seq @ stimuli/sv/subs/opentitan/hw/dv/sv/jtag_riscv_agent/seq_lib/jtag_riscv_base_seq.sv	jtag_riscv_base_seq; rand bit [ DMI_OPW-1:0] op; rand bit [DMI_DATAW-1:0]
PRE-TICK	FACT-GATED-CROSS-FILE	opentitan	hw/dv/sv/jtag_riscv_agent/seq_lib/jtag_riscv_dm_activation_seq.sv	279	279	284	6	753	jtag_riscv_base_seq @ stimuli/sv/subs/opentitan/hw/dv/sv/jtag_riscv_agent/seq_lib/jtag_riscv_base_seq.sv	jtag_riscv_base_seq; `uvm_object_utils_begin(jtag_riscv_dm_activation_seq)
PRE-TICK	FACT-GATED-CROSS-FILE	opentitan	hw/dv/sv/key_sideload_agent/key_sideload_agent.sv	271	272	535	7	1342	dv_base_agent @ stimuli/sv/subs/opentitan/hw/dv/sv/dv_base_agent/dv_base_agent.sv	tends dv_base_agent #( .CFG_T (key_sideload_agent_cfg#(KEY_T)), .DR
PRE-TICK	FACT-GATED-CROSS-FILE	opentitan	hw/dv/sv/key_sideload_agent/key_sideload_agent_cfg.sv	282	282	444	7	561	dv_base_agent_cfg @ stimuli/sv/subs/opentitan/hw/dv/sv/dv_base_agent/dv_base_agent_cfg.sv	ds dv_base_agent_cfg; // interface handle used by driver, monitor & the sequ
PRE-TICK	FACT-GATED-CROSS-FILE	opentitan	hw/dv/sv/key_sideload_agent/key_sideload_agent_cov.sv	282	283	320	7	642	dv_base_agent_cov @ stimuli/sv/subs/opentitan/hw/dv/sv/dv_base_agent/dv_base_agent_cov.sv	s dv_base_agent_cov #(key_sideload_agent_cfg#(KEY_T)); `uvm_component_param_ut
PRE-TICK	FACT-GATED-CROSS-FILE	opentitan	hw/dv/sv/key_sideload_agent/key_sideload_driver.sv	275	276	385	7	1523	dv_base_driver @ stimuli/sv/subs/opentitan/hw/dv/sv/dv_base_agent/dv_base_driver.sv	ends dv_base_driver #(.ITEM_T(key_sideload_item#(KEY_T)),
PRE-TICK	FACT-GATED-CROSS-FILE	opentitan	hw/dv/sv/key_sideload_agent/key_sideload_item.sv	277	277	752	7	1358	keymgr_pkg @ stimuli/sv/subs/opentitan/hw/ip/keymgr/rtl/keymgr_pkg.sv	ds uvm_sequence_item; localparam int KeyWidth = ($bits(KEY_T)-1)/keymgr_pkg::S
PRE-TICK	FACT-GATED-CROSS-FILE	opentitan	hw/dv/sv/key_sideload_agent/key_sideload_monitor.sv	278	279	421	7	1726	dv_base_monitor @ stimuli/sv/subs/opentitan/hw/dv/sv/dv_base_agent/dv_base_monitor.sv	nds dv_base_monitor #( .ITEM_T (key_sideload_item#(KEY_T)), .CFG_T (key
PRE-TICK	FACT-GATED-CROSS-FILE	opentitan	hw/dv/sv/key_sideload_agent/key_sideload_sequencer.sv	283	284	378	7	468	dv_base_sequencer @ stimuli/sv/subs/opentitan/hw/dv/sv/dv_base_agent/dv_base_sequencer.sv	s dv_base_sequencer #( .ITEM_T (key_sideload_item#(KEY_T)), .CFG_T (key
PRE-TICK	FACT-GATED-CROSS-FILE	opentitan	hw/dv/sv/key_sideload_agent/seq_lib/key_sideload_base_seq.sv	275	276	433	7	624	dv_base_seq @ stimuli/sv/subs/opentitan/hw/dv/sv/dv_base_agent/dv_base_seq.sv	extends dv_base_seq #( .REQ (key_sideload_item#(KEY_T)), .CFG_T
PRE-TICK	FACT-GATED-CROSS-FILE	opentitan	hw/dv/sv/key_sideload_agent/seq_lib/key_sideload_set_seq.sv	284	285	298	7	1815	key_sideload_base_seq @ stimuli/sv/subs/opentitan/hw/dv/sv/key_sideload_agent/seq_lib/key_sideload_base_seq.sv	y_sideload_base_seq #(KEY_T); `uvm_object_utils(key_sideload_set_seq#(KEY_T))
PRE-TICK	FACT-GATED-CROSS-FILE	opentitan	hw/dv/sv/kmac_app_agent/kmac_app_agent.sv	217	218	507	5	2809	dv_reactive_agent @ stimuli/sv/subs/opentitan/hw/dv/sv/dv_base_agent/dv_reactive_agent.sv	s dv_reactive_agent #( .CFG_T (kmac_app_agent_cfg), .DRIVER_T
PRE-TICK	FACT-GATED-CROSS-FILE	opentitan	hw/dv/sv/kmac_app_agent/kmac_app_agent_cfg.sv	225	225	1281	5	3128	dv_reactive_agent_cfg @ stimuli/sv/subs/opentitan/hw/dv/sv/dv_base_agent/dv_reactive_agent_cfg.sv	v_reactive_agent_cfg; // Interface handle used by driver, monitor and the seq
PRE-TICK	FACT-GATED-CROSS-FILE	opentitan	hw/dv/sv/kmac_app_agent/kmac_app_agent_cov.sv	221	222	247	5	457	dv_base_agent_cov @ stimuli/sv/subs/opentitan/hw/dv/sv/dv_base_agent/dv_base_agent_cov.sv	s dv_base_agent_cov #(kmac_app_agent_cfg); `uvm_component_utils(kmac_app_agent
PRE-TICK	FACT-GATED-CROSS-FILE	opentitan	hw/dv/sv/kmac_app_agent/kmac_app_device_driver.sv	223	223	227	5	1539	kmac_app_driver @ stimuli/sv/subs/opentitan/hw/dv/sv/kmac_app_agent/kmac_app_driver.sv	ends kmac_app_driver; `uvm_component_utils(kmac_app_device_driver) `uvm_comp
PRE-TICK	FACT-GATED-CROSS-FILE	opentitan	hw/dv/sv/kmac_app_agent/kmac_app_driver.sv	215	216	324	5	394	dv_base_driver @ stimuli/sv/subs/opentitan/hw/dv/sv/dv_base_agent/dv_base_driver.sv	ends dv_base_driver #(.ITEM_T(kmac_app_item),
PRE-TICK	FACT-GATED-CROSS-FILE	opentitan	hw/dv/sv/kmac_app_agent/kmac_app_host_driver.sv	221	221	225	5	342	kmac_app_driver @ stimuli/sv/subs/opentitan/hw/dv/sv/kmac_app_agent/kmac_app_driver.sv	ends kmac_app_driver; `uvm_component_utils(kmac_app_host_driver) `uvm_compon
PRE-TICK	FACT-GATED-CROSS-FILE	opentitan	hw/dv/sv/kmac_app_agent/kmac_app_monitor.sv	221	222	328	5	3182	dv_reactive_monitor @ stimuli/sv/subs/opentitan/hw/dv/sv/dv_base_agent/dv_reactive_monitor.sv	dv_reactive_monitor #( .ITEM_T (kmac_app_item), .CFG_T (kmac_app_agent_
PRE-TICK	FACT-GATED-CROSS-FILE	opentitan	hw/dv/sv/kmac_app_agent/kmac_app_sequencer.sv	225	226	296	5	510	dv_reactive_sequencer @ stimuli/sv/subs/opentitan/hw/dv/sv/dv_base_agent/dv_reactive_sequencer.sv	_reactive_sequencer #( .ITEM_T (kmac_app_item), .CFG_T (kmac_app_agent_
PRE-TICK	FACT-GATED-CROSS-FILE	opentitan	hw/dv/sv/kmac_app_agent/seq_lib/kmac_app_base_seq.sv	214	215	336	5	528	dv_base_seq @ stimuli/sv/subs/opentitan/hw/dv/sv/dv_base_agent/dv_base_seq.sv	extends dv_base_seq #( .REQ (kmac_app_item), .CFG_T (kmac_
PRE-TICK	FACT-GATED-CROSS-FILE	opentitan	hw/dv/sv/kmac_app_agent/seq_lib/kmac_app_device_seq.sv	222	222	226	5	1448	kmac_app_base_seq @ stimuli/sv/subs/opentitan/hw/dv/sv/kmac_app_agent/seq_lib/kmac_app_base_seq.sv	ds kmac_app_base_seq; `uvm_object_utils(kmac_app_device_seq) `uvm_object_new
PRE-TICK	FACT-GATED-CROSS-FILE	opentitan	hw/dv/sv/kmac_app_agent/seq_lib/kmac_app_host_seq.sv	220	220	224	5	2516	kmac_app_base_seq @ stimuli/sv/subs/opentitan/hw/dv/sv/kmac_app_agent/seq_lib/kmac_app_base_seq.sv	ds kmac_app_base_seq; `uvm_object_utils(kmac_app_host_seq) `uvm_object_new
PRE-TICK	FACT-GATED-CROSS-FILE	opentitan	hw/dv/sv/pattgen_agent/pattgen_agent.sv	212	213	415	5	853	dv_base_agent @ stimuli/sv/subs/opentitan/hw/dv/sv/dv_base_agent/dv_base_agent.sv	tends dv_base_agent #( .CFG_T (pattgen_agent_cfg), .DRIVER_T
PRE-TICK	FACT-GATED-CROSS-FILE	opentitan	hw/dv/sv/pattgen_agent/pattgen_agent_cfg.sv	220	220	741	5	1004	dv_base_agent_cfg @ stimuli/sv/subs/opentitan/hw/dv/sv/dv_base_agent/dv_base_agent_cfg.sv	ds dv_base_agent_cfg; bit en_monitor = 1'b1; // enable monitor // interface
PRE-TICK	FACT-GATED-CROSS-FILE	opentitan	hw/dv/sv/pattgen_agent/pattgen_agent_cov.sv	220	221	245	5	554	dv_base_agent_cov @ stimuli/sv/subs/opentitan/hw/dv/sv/dv_base_agent/dv_base_agent_cov.sv	s dv_base_agent_cov #(pattgen_agent_cfg); `uvm_component_utils(pattgen_agent_c
PRE-TICK	FACT-GATED-CROSS-FILE	opentitan	hw/dv/sv/pattgen_agent/pattgen_driver.sv	214	215	253	5	666	dv_base_driver @ stimuli/sv/subs/opentitan/hw/dv/sv/dv_base_agent/dv_base_driver.sv	ends dv_base_driver #(pattgen_item, pattgen_agent_cfg); `uvm_component_utils(p
PRE-TICK	FACT-GATED-CROSS-FILE	opentitan	hw/dv/sv/pattgen_agent/pattgen_monitor.sv	216	217	320	5	6165	dv_base_monitor @ stimuli/sv/subs/opentitan/hw/dv/sv/dv_base_agent/dv_base_monitor.sv	nds dv_base_monitor #( .ITEM_T (pattgen_item), .CFG_T (pattgen_agent_cf
PRE-TICK	FACT-GATED-CROSS-FILE	opentitan	hw/dv/sv/push_pull_agent/push_pull_agent.sv	313	314	677	8	2216	dv_reactive_agent @ stimuli/sv/subs/opentitan/hw/dv/sv/dv_base_agent/dv_reactive_agent.sv	s dv_reactive_agent #( .CFG_T (push_pull_agent_cfg#(HostDataWidth, Devi
PRE-TICK	FACT-GATED-CROSS-FILE	opentitan	hw/dv/sv/push_pull_agent/push_pull_agent_cfg.sv	339	339	4369	7	8573	dv_reactive_agent_cfg @ stimuli/sv/subs/opentitan/hw/dv/sv/dv_base_agent/dv_reactive_agent_cfg.sv	v_reactive_agent_cfg; // interface handle used by driver, monitor & the seque
PRE-TICK	FACT-GATED-CROSS-FILE	opentitan	hw/dv/sv/push_pull_agent/push_pull_agent_cov.sv	1170	1171	1237	28	1690	dv_base_agent_cov @ stimuli/sv/subs/opentitan/hw/dv/sv/dv_base_agent/dv_base_agent_cov.sv	s dv_base_agent_cov #( push_pull_agent_cfg#(HostDataWidth, DeviceDataWidth)
PRE-TICK	FACT-GATED-CROSS-FILE	opentitan	hw/dv/sv/push_pull_agent/push_pull_driver_lib.sv	764	765	974	19	8880	dv_base_driver @ stimuli/sv/subs/opentitan/hw/dv/sv/dv_base_agent/dv_base_driver.sv	ends dv_base_driver #( .ITEM_T(push_pull_item #(HostDataWidth, DeviceDataWid
PRE-TICK	FACT-GATED-CROSS-FILE	opentitan	hw/dv/sv/push_pull_agent/push_pull_monitor.sv	333	334	542	7	5922	dv_reactive_monitor @ stimuli/sv/subs/opentitan/hw/dv/sv/dv_base_agent/dv_reactive_monitor.sv	dv_reactive_monitor #( .ITEM_T (push_pull_item#(HostDataWidth, DeviceDataWid
PRE-TICK	FACT-GATED-CROSS-FILE	opentitan	hw/dv/sv/push_pull_agent/push_pull_sequencer.sv	339	340	478	7	590	dv_reactive_sequencer @ stimuli/sv/subs/opentitan/hw/dv/sv/dv_base_agent/dv_reactive_sequencer.sv	_reactive_sequencer #( .ITEM_T (push_pull_item#(HostDataWidth, DeviceDataWid
PRE-TICK	FACT-GATED-CROSS-FILE	opentitan	hw/dv/sv/push_pull_agent/seq_lib/push_pull_base_seq.sv	327	328	551	7	1505	dv_base_seq @ stimuli/sv/subs/opentitan/hw/dv/sv/dv_base_agent/dv_base_seq.sv	extends dv_base_seq #( .REQ (push_pull_item#(HostDataWidth, DeviceDa
PRE-TICK	FACT-GATED-CROSS-FILE	opentitan	hw/dv/sv/push_pull_agent/seq_lib/push_pull_device_seq.sv	538	539	577	11	2536	push_pull_base_seq @ stimuli/sv/subs/opentitan/hw/dv/sv/push_pull_agent/seq_lib/push_pull_base_seq.sv	push_pull_base_seq #(HostDataWidth, DeviceDataWidth); `uvm_object_param_util
PRE-TICK	FACT-GATED-CROSS-FILE	opentitan	hw/dv/sv/push_pull_agent/seq_lib/push_pull_host_seq.sv	442	443	481	10	1203	push_pull_base_seq @ stimuli/sv/subs/opentitan/hw/dv/sv/push_pull_agent/seq_lib/push_pull_base_seq.sv	push_pull_base_seq #(HostDataWidth, DeviceDataWidth); `uvm_object_param_util
PRE-TICK	FACT-GATED-CROSS-FILE	opentitan	hw/dv/sv/push_pull_agent/seq_lib/push_pull_indefinite_host_seq.sv	614	615	653	14	1805	push_pull_host_seq @ stimuli/sv/subs/opentitan/hw/dv/sv/push_pull_agent/seq_lib/push_pull_host_seq.sv	push_pull_host_seq #(HostDataWidth, DeviceDataWidth); `uvm_object_param_util
PRE-TICK	FACT-GATED-CROSS-FILE	opentitan	hw/dv/sv/pwm_monitor/pwm_monitor.sv	212	213	277	5	9439	dv_base_monitor @ stimuli/sv/subs/opentitan/hw/dv/sv/dv_base_agent/dv_base_monitor.sv	nds dv_base_monitor #( .ITEM_T (pwm_item), .CFG_T (pwm_monitor_cfg) )
PRE-TICK	FACT-GATED-CROSS-FILE	opentitan	hw/dv/sv/pwm_monitor/pwm_monitor_cfg.sv	218	218	469	5	562	dv_base_agent_cfg @ stimuli/sv/subs/opentitan/hw/dv/sv/dv_base_agent/dv_base_agent_cfg.sv	ds dv_base_agent_cfg; int monitor_id = 0; bit invert = 1'b0; // 0: acti
PRE-TICK	FACT-GATED-CROSS-FILE	opentitan	hw/dv/sv/rng_agent/rng_agent.sv	208	209	387	5	726	dv_base_agent @ stimuli/sv/subs/opentitan/hw/dv/sv/dv_base_agent/dv_base_agent.sv	tends dv_base_agent #( .CFG_T (rng_agent_cfg), .DRIVER_T (rng
PRE-TICK	FACT-GATED-CROSS-FILE	opentitan	hw/dv/sv/rng_agent/rng_agent_cfg.sv	216	216	424	5	516	dv_base_agent_cfg @ stimuli/sv/subs/opentitan/hw/dv/sv/dv_base_agent/dv_base_agent_cfg.sv	ds dv_base_agent_cfg; // interface handle used by driver, monitor & the seque
PRE-TICK	FACT-GATED-CROSS-FILE	opentitan	hw/dv/sv/rng_agent/rng_agent_cov.sv	216	217	237	5	527	dv_base_agent_cov @ stimuli/sv/subs/opentitan/hw/dv/sv/dv_base_agent/dv_base_agent_cov.sv	s dv_base_agent_cov #(rng_agent_cfg); `uvm_component_utils(rng_agent_cov) /
PRE-TICK	FACT-GATED-CROSS-FILE	opentitan	hw/dv/sv/rng_agent/rng_driver.sv	210	211	301	5	1226	dv_base_driver @ stimuli/sv/subs/opentitan/hw/dv/sv/dv_base_agent/dv_base_driver.sv	ends dv_base_driver #(.ITEM_T(rng_item),
PRE-TICK	FACT-GATED-CROSS-FILE	opentitan	hw/dv/sv/rng_agent/rng_monitor.sv	212	213	304	5	828	dv_base_monitor @ stimuli/sv/subs/opentitan/hw/dv/sv/dv_base_agent/dv_base_monitor.sv	nds dv_base_monitor #( .ITEM_T (rng_item), .CFG_T (rng_agent_cfg),
PRE-TICK	FACT-GATED-CROSS-FILE	opentitan	hw/dv/sv/rng_agent/seq_lib/rng_base_seq.sv	209	210	316	5	490	dv_base_seq @ stimuli/sv/subs/opentitan/hw/dv/sv/dv_base_agent/dv_base_seq.sv	extends dv_base_seq #( .REQ (rng_item), .CFG_T (rng_agent_
PRE-TICK	FACT-GATED-CROSS-FILE	opentitan	hw/dv/sv/sec_cm/sec_cm_base_if_proxy.sv	287	287	573	6	814	virtual @ stimuli/sv/subs/opentitan/hw/dv/sv/cip_lib/seq_lib/cip_base_vseq__sec_cm_fi.svh	y extends uvm_object; sec_cm_type_e sec_cm_type; string path; // If this
PRE-TICK	FACT-GATED-CROSS-FILE	opentitan	hw/dv/sv/spi_agent/seq_lib/spi_base_seq.sv	209	210	316	5	481	dv_base_seq @ stimuli/sv/subs/opentitan/hw/dv/sv/dv_base_agent/dv_base_seq.sv	extends dv_base_seq #( .REQ (spi_item), .CFG_T (spi_agent_
PRE-TICK	FACT-GATED-CROSS-FILE	opentitan	hw/dv/sv/spi_agent/seq_lib/spi_device_cmd_rsp_seq.sv	464	464	468	14	3628	spi_device_seq @ stimuli/sv/subs/opentitan/hw/dv/sv/spi_agent/seq_lib/spi_device_seq.sv	tends spi_device_seq; `uvm_object_utils(spi_device_cmd_rsp_seq) `uvm_object_
PRE-TICK	FACT-GATED-CROSS-FILE	opentitan	hw/dv/sv/spi_agent/seq_lib/spi_device_dma_seq.sv	283	283	288	8	1049	spi_base_seq @ stimuli/sv/subs/opentitan/hw/dv/sv/spi_agent/seq_lib/spi_base_seq.sv	extends spi_base_seq; `uvm_object_utils(spi_device_dma_seq) spi_item data;
PRE-TICK	FACT-GATED-CROSS-FILE	opentitan	hw/dv/sv/spi_agent/seq_lib/spi_device_flash_seq.sv	217	218	324	5	1495	dv_base_seq @ stimuli/sv/subs/opentitan/hw/dv/sv/dv_base_agent/dv_base_seq.sv	extends dv_base_seq #( .REQ (spi_item), .CFG_T (spi_agent_
PRE-TICK	FACT-GATED-CROSS-FILE	opentitan	hw/dv/sv/spi_agent/seq_lib/spi_device_seq.sv	279	279	284	8	979	spi_base_seq @ stimuli/sv/subs/opentitan/hw/dv/sv/spi_agent/seq_lib/spi_base_seq.sv	extends spi_base_seq; `uvm_object_utils(spi_device_seq) `uvm_object_new
PRE-TICK	FACT-GATED-CROSS-FILE	opentitan	hw/dv/sv/spi_agent/seq_lib/spi_host_dummy_seq.sv	216	216	220	5	1289	spi_base_seq @ stimuli/sv/subs/opentitan/hw/dv/sv/spi_agent/seq_lib/spi_base_seq.sv	extends spi_base_seq; `uvm_object_utils(spi_host_dummy_seq) `uvm_object_new
PRE-TICK	FACT-GATED-CROSS-FILE	opentitan	hw/dv/sv/spi_agent/seq_lib/spi_host_flash_seq.sv	216	216	443	5	3114	spi_base_seq @ stimuli/sv/subs/opentitan/hw/dv/sv/spi_agent/seq_lib/spi_base_seq.sv	extends spi_base_seq; rand bit [7:0] opcode; // if address isn't provided,
PRE-TICK	FACT-GATED-CROSS-FILE	opentitan	hw/dv/sv/spi_agent/seq_lib/spi_host_seq.sv	210	210	214	5	1065	spi_base_seq @ stimuli/sv/subs/opentitan/hw/dv/sv/spi_agent/seq_lib/spi_base_seq.sv	extends spi_base_seq; `uvm_object_utils(spi_host_seq) `uvm_object_new //
PRE-TICK	FACT-GATED-CROSS-FILE	opentitan	hw/dv/sv/spi_agent/seq_lib/spi_host_tpm_seq.sv	214	214	548	5	2121	spi_base_seq @ stimuli/sv/subs/opentitan/hw/dv/sv/spi_agent/seq_lib/spi_base_seq.sv	extends spi_base_seq; local bit [7:0] address_q[$]; rand bit [TPM_ADDR_WIDTH
PRE-TICK	FACT-GATED-CROSS-FILE	opentitan	hw/dv/sv/spi_agent/spi_agent.sv	212	213	482	5	1253	dv_reactive_agent @ stimuli/sv/subs/opentitan/hw/dv/sv/dv_base_agent/dv_reactive_agent.sv	s dv_reactive_agent #( .CFG_T (spi_agent_cfg), .DRIVER_T
PRE-TICK	FACT-GATED-CROSS-FILE	opentitan	hw/dv/sv/spi_agent/spi_agent_cfg.sv	220	220	3349	5	9872	dv_reactive_agent_cfg @ stimuli/sv/subs/opentitan/hw/dv/sv/dv_base_agent/dv_reactive_agent_cfg.sv	v_reactive_agent_cfg; // enable monitor collection and checker bit en_monit
PRE-TICK	FACT-GATED-CROSS-FILE	opentitan	hw/dv/sv/spi_agent/spi_agent_cov.sv	216	217	237	5	455	dv_base_agent_cov @ stimuli/sv/subs/opentitan/hw/dv/sv/dv_base_agent/dv_base_agent_cov.sv	s dv_base_agent_cov #(spi_agent_cfg); `uvm_component_utils(spi_agent_cov) /
PRE-TICK	FACT-GATED-CROSS-FILE	opentitan	hw/dv/sv/spi_agent/spi_device_driver.sv	1157	1157	1161	21	6220	spi_driver @ stimuli/sv/subs/opentitan/hw/dv/sv/spi_agent/spi_driver.sv	r extends spi_driver; `uvm_component_utils(spi_device_driver) `uvm_component
PRE-TICK	FACT-GATED-CROSS-FILE	opentitan	hw/dv/sv/spi_agent/spi_driver.sv	210	211	241	5	429	dv_base_driver @ stimuli/sv/subs/opentitan/hw/dv/sv/dv_base_agent/dv_base_driver.sv	ends dv_base_driver #(spi_item, spi_agent_cfg); `uvm_component_utils(spi_drive
PRE-TICK	FACT-GATED-CROSS-FILE	opentitan	hw/dv/sv/spi_agent/spi_host_driver.sv	211	211	215	5	9904	spi_driver @ stimuli/sv/subs/opentitan/hw/dv/sv/spi_agent/spi_driver.sv	r extends spi_driver; `uvm_component_utils(spi_host_driver) `uvm_component_n
PRE-TICK	FACT-GATED-CROSS-FILE	opentitan	hw/dv/sv/spi_agent/spi_monitor.sv	216	217	308	5	16911	dv_reactive_monitor @ stimuli/sv/subs/opentitan/hw/dv/sv/dv_base_agent/dv_reactive_monitor.sv	dv_reactive_monitor #( .ITEM_T (spi_item), .CFG_T (spi_agent_cfg),
PRE-TICK	FACT-GATED-CROSS-FILE	opentitan	hw/dv/sv/spi_agent/spi_sequencer.sv	220	221	261	5	960	dv_reactive_sequencer @ stimuli/sv/subs/opentitan/hw/dv/sv/dv_base_agent/dv_reactive_sequencer.sv	_reactive_sequencer #(spi_item, spi_agent_cfg, spi_item); `uvm_component_utils
PRE-TICK	FACT-GATED-CROSS-FILE	opentitan	hw/dv/sv/tl_agent/dv/env/seq_lib/tl_agent_base_vseq.sv	355	356	677	8	1584	dv_base_vseq @ stimuli/sv/subs/opentitan/hw/dv/sv/dv_lib/dv_base_vseq.sv	xtends dv_base_vseq #(.CFG_T (tl_agent_env_cfg),
PRE-TICK	FACT-GATED-CROSS-FILE	opentitan	hw/dv/sv/tl_agent/dv/env/tl_agent_env.sv	337	338	693	8	2922	dv_base_env @ stimuli/sv/subs/opentitan/hw/dv/sv/dv_lib/dv_base_env.sv	extends dv_base_env #(.CFG_T (tl_agent_env_cfg),
PRE-TICK	FACT-GATED-CROSS-FILE	opentitan	hw/dv/sv/tl_agent/dv/env/tl_agent_env_cfg.sv	359	359	441	8	1363	dv_base_env_cfg @ stimuli/sv/subs/opentitan/hw/dv/sv/dv_lib/dv_base_env_cfg.sv	ends dv_base_env_cfg; rand tl_agent_cfg host_agent_cfg; rand tl_agent_cfg
PRE-TICK	FACT-GATED-CROSS-FILE	opentitan	hw/dv/sv/tl_agent/dv/env/tl_agent_virtual_sequencer.sv	377	378	560	8	639	dv_base_virtual_sequencer @ stimuli/sv/subs/opentitan/hw/dv/sv/dv_lib/dv_base_virtual_sequencer.sv	e_virtual_sequencer #(.CFG_T(tl_agent_env_cfg),
PRE-TICK	FACT-GATED-CROSS-FILE	opentitan	hw/dv/sv/tl_agent/dv/tests/tl_agent_base_test.sv	216	217	270	5	363	dv_base_test @ stimuli/sv/subs/opentitan/hw/vendor/lowrisc_ibex/dv/uvm/icache/dv/tests/ibex_icache_base_test.sv	xtends dv_base_test #(.ENV_T(tl_agent_env), .CFG_T(tl_agent_env_cfg)); `uvm_co
PRE-TICK	FACT-GATED-CROSS-FILE	opentitan	hw/dv/sv/tl_agent/seq_lib/tl_device_seq.sv	631	631	1496	12	6505	tl_seq_item @ stimuli/sv/subs/opentitan/hw/dv/sv/tl_agent/tl_agent_pkg.sv	pe REQ = tl_seq_item, int unsigned AddrWidth = 32) extends dv_base_seq #( .R
PRE-TICK	FACT-GATED-CROSS-FILE	opentitan	hw/dv/sv/tl_agent/seq_lib/tl_host_base_seq.sv	2150	2150	2678	33	4027	tl_seq_item @ stimuli/sv/subs/opentitan/hw/dv/sv/tl_agent/tl_agent_pkg.sv	REQ_T = tl_seq_item) extends dv_base_seq #( .REQ (REQ_T), .CFG_T
PRE-TICK	FACT-GATED-CROSS-FILE	opentitan	hw/dv/sv/tl_agent/seq_lib/tl_host_custom_seq.sv	330	330	372	7	702	tl_seq_item @ stimuli/sv/subs/opentitan/hw/dv/sv/tl_agent/tl_agent_pkg.sv	REQ_T = tl_seq_item) extends tl_host_single_seq #(REQ_T); `uvm_object_param_
PRE-TICK	FACT-GATED-CROSS-FILE	opentitan	hw/dv/sv/tl_agent/seq_lib/tl_host_protocol_err_seq.sv	306	306	348	6	741	tl_seq_item @ stimuli/sv/subs/opentitan/hw/dv/sv/tl_agent/tl_agent_pkg.sv	REQ_T = tl_seq_item) extends tl_host_single_seq #(REQ_T); `uvm_object_param_
PRE-TICK	FACT-GATED-CROSS-FILE	opentitan	hw/dv/sv/tl_agent/seq_lib/tl_host_seq.sv	337	337	944	7	4177	tl_seq_item @ stimuli/sv/subs/opentitan/hw/dv/sv/tl_agent/tl_agent_pkg.sv	REQ_T = tl_seq_item) extends tl_host_base_seq #(REQ_T); rand int unsigned re
PRE-TICK	FACT-GATED-CROSS-FILE	opentitan	hw/dv/sv/tl_agent/seq_lib/tl_host_single_seq.sv	296	296	927	6	1831	tl_seq_item @ stimuli/sv/subs/opentitan/hw/dv/sv/tl_agent/tl_agent_pkg.sv	REQ_T = tl_seq_item) extends tl_host_seq #(REQ_T); rand bit
PRE-TICK	FACT-GATED-CROSS-FILE	opentitan	hw/dv/sv/tl_agent/tl_agent.sv	323	323	598	8	1437	dv_base_agent @ stimuli/sv/subs/opentitan/hw/dv/sv/dv_base_agent/dv_base_agent.sv	xtends dv_base_agent#( .CFG_T (tl_agent_cfg), .DRIVER_T
PRE-TICK	FACT-GATED-CROSS-FILE	opentitan	hw/dv/sv/tl_agent/tl_agent_cfg.sv	358	358	6964	9	12600	dv_base_agent_cfg @ stimuli/sv/subs/opentitan/hw/dv/sv/dv_base_agent/dv_base_agent_cfg.sv	ds dv_base_agent_cfg; virtual tl_if vif; // TileLink conformance level sup
PRE-TICK	FACT-GATED-CROSS-FILE	opentitan	hw/dv/sv/tl_agent/tl_agent_cov.sv	1043	1044	3015	29	5320	name @ stimuli/sv/subs/opentitan/hw/ip/kmac/rtl/kmac_pkg.sv	sample(tl_seq_item item); option.per_instance = 1; option.name = {p
PRE-TICK	FACT-GATED-CROSS-FILE	opentitan	hw/dv/sv/tl_agent/tl_device_driver.sv	343	343	348	9	4335	tl_base_driver @ stimuli/sv/subs/opentitan/hw/dv/sv/tl_agent/tl_agent_pkg.sv	tends tl_base_driver; `uvm_component_utils(tl_device_driver) `uvm_component
PRE-TICK	FACT-GATED-CROSS-FILE	opentitan	hw/dv/sv/tl_agent/tl_host_driver.sv	292	292	296	6	16133	tl_base_driver @ stimuli/sv/subs/opentitan/hw/dv/sv/tl_agent/tl_agent_pkg.sv	tends tl_base_driver; `uvm_component_utils(tl_host_driver) // A queue of se
PRE-TICK	FACT-GATED-CROSS-FILE	opentitan	hw/dv/sv/tl_agent/tl_monitor.sv	342	342	1684	9	12011	dv_base_monitor @ stimuli/sv/subs/opentitan/hw/dv/sv/dv_base_agent/dv_base_monitor.sv	ends dv_base_monitor#( .ITEM_T (tl_seq_item), .CFG_T (tl_agent_cfg),
PRE-TICK	FACT-GATED-CROSS-FILE	opentitan	hw/dv/sv/tl_agent/tl_reg_adapter.sv	483	483	512	11	8305	tl_seq_item @ stimuli/sv/subs/opentitan/hw/dv/sv/tl_agent/tl_agent_pkg.sv	ITEM_T = tl_seq_item) extends uvm_reg_adapter; `uvm_object_param_utils(tl_reg_
PRE-TICK	FACT-GATED-CROSS-FILE	opentitan	hw/dv/sv/tl_agent/tl_sequencer.sv	215	215	247	5	542	dv_base_sequencer @ stimuli/sv/subs/opentitan/hw/dv/sv/dv_base_agent/dv_base_sequencer.sv	ds dv_base_sequencer#(tl_seq_item, tl_agent_cfg); `uvm_component_utils(tl_sequ
PRE-TICK	FACT-GATED-CROSS-FILE	opentitan	hw/dv/sv/uart_agent/seq_lib/uart_base_seq.sv	210	211	320	5	510	dv_base_seq @ stimuli/sv/subs/opentitan/hw/dv/sv/dv_base_agent/dv_base_seq.sv	extends dv_base_seq #( .REQ (uart_item), .CFG_T (uart_agen
PRE-TICK	FACT-GATED-CROSS-FILE	opentitan	hw/dv/sv/uart_agent/seq_lib/uart_default_seq.sv	256	256	260	6	449	uart_seq @ stimuli/sv/subs/opentitan/hw/dv/sv/uart_agent/seq_lib/uart_seq.sv	seq extends uart_seq; `uvm_object_utils(uart_default_seq) constraint parity
PRE-TICK	FACT-GATED-CROSS-FILE	opentitan	hw/dv/sv/uart_agent/seq_lib/uart_seq.sv	207	207	211	5	1050	uart_base_seq @ stimuli/sv/subs/opentitan/hw/dv/sv/uart_agent/seq_lib/uart_base_seq.sv	xtends uart_base_seq; `uvm_object_utils(uart_seq) rand bit [7:0] data; ra
PRE-TICK	FACT-GATED-CROSS-FILE	opentitan	hw/dv/sv/uart_agent/uart_agent.sv	209	209	403	5	1352	dv_base_agent @ stimuli/sv/subs/opentitan/hw/dv/sv/dv_base_agent/dv_base_agent.sv	xtends dv_base_agent#( .CFG_T (uart_agent_cfg), .DRIVER_T
PRE-TICK	FACT-GATED-CROSS-FILE	opentitan	hw/dv/sv/uart_agent/uart_agent_cfg.sv	217	217	1594	5	3753	dv_base_agent_cfg @ stimuli/sv/subs/opentitan/hw/dv/sv/dv_base_agent/dv_base_agent_cfg.sv	ds dv_base_agent_cfg; bit en_rx_checks = 1'b1; // enable RX checks (implemen
PRE-TICK	FACT-GATED-CROSS-FILE	opentitan	hw/dv/sv/uart_agent/uart_agent_cov.sv	217	218	239	5	1204	dv_base_agent_cov @ stimuli/sv/subs/opentitan/hw/dv/sv/dv_base_agent/dv_base_agent_cov.sv	s dv_base_agent_cov #(uart_agent_cfg); `uvm_component_utils(uart_agent_cov)
PRE-TICK	FACT-GATED-CROSS-FILE	opentitan	hw/dv/sv/uart_agent/uart_driver.sv	211	212	244	5	2287	dv_base_driver @ stimuli/sv/subs/opentitan/hw/dv/sv/dv_base_agent/dv_base_driver.sv	ends dv_base_driver #(uart_item, uart_agent_cfg); `uvm_component_utils(uart_dr
PRE-TICK	FACT-GATED-CROSS-FILE	opentitan	hw/dv/sv/uart_agent/uart_monitor.sv	214	214	308	6	7844	dv_base_monitor @ stimuli/sv/subs/opentitan/hw/dv/sv/dv_base_agent/dv_base_monitor.sv	ends dv_base_monitor#( .ITEM_T (uart_item), .CFG_T (uart_agent_cfg),
PRE-TICK	FACT-GATED-CROSS-FILE	opentitan	hw/dv/sv/uart_agent/uart_sequencer.sv	217	217	249	5	318	dv_base_sequencer @ stimuli/sv/subs/opentitan/hw/dv/sv/dv_base_agent/dv_base_sequencer.sv	ds dv_base_sequencer#(uart_item, uart_agent_cfg); `uvm_component_utils(uart_se
PRE-TICK	FACT-GATED-CROSS-FILE	opentitan	hw/dv/sv/usb20_agent/seq_lib/usb20_base_seq.sv	211	212	287	5	463	dv_base_seq @ stimuli/sv/subs/opentitan/hw/dv/sv/dv_base_agent/dv_base_seq.sv	extends dv_base_seq #( .CFG_T (usb20_agent_cfg), .SEQUENCER_T (usb20_s
PRE-TICK	FACT-GATED-CROSS-FILE	opentitan	hw/dv/sv/usb20_agent/usb20_agent.sv	214	215	400	5	749	dv_reactive_agent @ stimuli/sv/subs/opentitan/hw/dv/sv/dv_base_agent/dv_reactive_agent.sv	s dv_reactive_agent #( .CFG_T (usb20_agent_cfg), .DRIVER_T (u
PRE-TICK	FACT-GATED-CROSS-FILE	opentitan	hw/dv/sv/usb20_agent/usb20_agent_cfg.sv	222	222	371	5	2923	dv_reactive_agent_cfg @ stimuli/sv/subs/opentitan/hw/dv/sv/dv_base_agent/dv_reactive_agent_cfg.sv	v_reactive_agent_cfg; // interface handle used by driver, monitor & the seque
PRE-TICK	FACT-GATED-CROSS-FILE	opentitan	hw/dv/sv/usb20_agent/usb20_agent_cov.sv	218	219	241	5	535	dv_base_agent_cov @ stimuli/sv/subs/opentitan/hw/dv/sv/dv_base_agent/dv_base_agent_cov.sv	s dv_base_agent_cov #(usb20_agent_cfg); `uvm_component_utils(usb20_agent_cov)
PRE-TICK	FACT-GATED-CROSS-FILE	opentitan	hw/dv/sv/usb20_agent/usb20_device_driver.sv	217	217	221	5	466	usb20_driver @ stimuli/sv/subs/opentitan/hw/dv/sv/usb20_agent/usb20_driver.sv	extends usb20_driver; `uvm_component_utils(usb20_device_driver) // the base
PRE-TICK	FACT-GATED-CROSS-FILE	opentitan	hw/dv/sv/usb20_agent/usb20_driver.sv	212	213	247	5	27244	dv_base_driver @ stimuli/sv/subs/opentitan/hw/dv/sv/dv_base_agent/dv_base_driver.sv	ends dv_base_driver #(usb20_item, usb20_agent_cfg); `uvm_component_utils(usb20
PRE-TICK	FACT-GATED-CROSS-FILE	opentitan	hw/dv/sv/usb20_agent/usb20_host_driver.sv	215	215	219	5	818	usb20_driver @ stimuli/sv/subs/opentitan/hw/dv/sv/usb20_agent/usb20_driver.sv	extends usb20_driver; `uvm_component_utils(usb20_host_driver) // the base c
PRE-TICK	FACT-GATED-CROSS-FILE	opentitan	hw/dv/sv/usb20_agent/usb20_monitor.sv	218	219	364	5	30856	dv_reactive_monitor @ stimuli/sv/subs/opentitan/hw/dv/sv/dv_base_agent/dv_reactive_monitor.sv	dv_reactive_monitor #( .ITEM_T (usb20_item), .REQ_ITEM_T (usb20_item), .RS
PRE-TICK	FACT-GATED-CROSS-FILE	opentitan	hw/ip/adc_ctrl/dv/cov/adc_ctrl_core_cov_if.sv	459	460	477	15	2666	fsm_state_e @ stimuli/sv/subs/opentitan/hw/ip/rom_ctrl/rtl/rom_ctrl_pkg.sv	input fsm_state_e fsm_state_q ); `include "dv_fcov_macros.svh" localparam
PRE-TICK	FACT-GATED-CROSS-FILE	opentitan	hw/ip/adc_ctrl/dv/env/adc_ctrl_env.sv	210	211	467	5	1713	cip_base_env @ stimuli/sv/subs/opentitan/hw/dv/sv/cip_lib/cip_base_env.sv	xtends cip_base_env #( .CFG_T (adc_ctrl_env_cfg), .COV_T
PRE-TICK	FACT-GATED-CROSS-FILE	opentitan	hw/ip/adc_ctrl/dv/env/adc_ctrl_env_cfg.sv	218	219	1312	5	5394	cip_base_env_cfg @ stimuli/sv/subs/opentitan/hw/dv/sv/cip_lib/cip_base_env_cfg.sv	ds cip_base_env_cfg #( .RAL_T(adc_ctrl_reg_block) ); virtual clk_rst_if clk_
PRE-TICK	FACT-GATED-CROSS-FILE	opentitan	hw/ip/adc_ctrl/dv/env/adc_ctrl_env_cov.sv	769	770	2060	23	3978	adc_ctrl_filter_cfg @ stimuli/sv/subs/opentitan/hw/ip/adc_ctrl/dv/env/adc_ctrl_env_pkg.sv	adc_ctrl_filter_cfg cfg, bit is_interrupt = 0, bit is_wakeup = 0, bit clk_gate =
PRE-TICK	FACT-GATED-CROSS-FILE	opentitan	hw/ip/adc_ctrl/dv/env/adc_ctrl_env_var_filter_cfg.sv	287	287	989	5	5238	adc_ctrl_env_cfg @ stimuli/sv/subs/opentitan/hw/ip/adc_ctrl/dv/env/adc_ctrl_env_cfg.sv	nds adc_ctrl_env_cfg; // If the bit is set then filters for the same channel
PRE-TICK	FACT-GATED-CROSS-FILE	opentitan	hw/ip/adc_ctrl/dv/env/adc_ctrl_scoreboard.sv	224	225	2152	5	28167	cip_base_scoreboard @ stimuli/sv/subs/opentitan/hw/dv/sv/cip_lib/cip_base_scoreboard.sv	cip_base_scoreboard #( .CFG_T(adc_ctrl_env_cfg), .RAL_T(adc_ctrl_reg_block),
PRE-TICK	FACT-GATED-CROSS-FILE	opentitan	hw/ip/adc_ctrl/dv/env/adc_ctrl_virtual_sequencer.sv	238	239	302	5	381	cip_base_virtual_sequencer @ stimuli/sv/subs/opentitan/hw/dv/sv/cip_lib/cip_base_virtual_sequencer.sv	e_virtual_sequencer #( .CFG_T(adc_ctrl_env_cfg), .COV_T(adc_ctrl_env_cov) );
PRE-TICK	FACT-GATED-CROSS-FILE	opentitan	hw/ip/adc_ctrl/dv/env/seq_lib/adc_ctrl_base_vseq.sv	217	218	406	5	7205	cip_base_vseq @ stimuli/sv/subs/opentitan/hw/dv/sv/cip_lib/seq_lib/cip_base_vseq.sv	tends cip_base_vseq #( .RAL_T (adc_ctrl_reg_block), .CFG_T
PRE-TICK	FACT-GATED-CROSS-FILE	opentitan	hw/ip/adc_ctrl/dv/env/seq_lib/adc_ctrl_clock_gating_vseq.sv	575	575	611	9	3626	adc_ctrl_filters_polled_vseq @ stimuli/sv/subs/opentitan/hw/ip/adc_ctrl/dv/env/seq_lib/adc_ctrl_filters_polled_vseq.sv	_filters_polled_vseq; bit m_fast_clock_gated = 0; `uvm_object_utils(adc_ct
PRE-TICK	FACT-GATED-CROSS-FILE	opentitan	hw/ip/adc_ctrl/dv/env/seq_lib/adc_ctrl_common_vseq.sv	224	224	228	5	1120	adc_ctrl_base_vseq @ stimuli/sv/subs/opentitan/hw/ip/adc_ctrl/dv/env/seq_lib/adc_ctrl_base_vseq.sv	s adc_ctrl_base_vseq; `uvm_object_utils(adc_ctrl_common_vseq) constraint nu
PRE-TICK	FACT-GATED-CROSS-FILE	opentitan	hw/ip/adc_ctrl/dv/env/seq_lib/adc_ctrl_counter_vseq.sv	427	427	517	7	3172	adc_ctrl_base_vseq @ stimuli/sv/subs/opentitan/hw/ip/adc_ctrl/dv/env/seq_lib/adc_ctrl_base_vseq.sv	s adc_ctrl_base_vseq; rand int pwrup_time; rand int wakeup_time; rand adc
PRE-TICK	FACT-GATED-CROSS-FILE	opentitan	hw/ip/adc_ctrl/dv/env/seq_lib/adc_ctrl_filters_both_vseq.sv	292	292	297	5	2100	adc_ctrl_filters_polled_vseq @ stimuli/sv/subs/opentitan/hw/ip/adc_ctrl/dv/env/seq_lib/adc_ctrl_filters_polled_vseq.sv	_filters_polled_vseq; `uvm_object_utils(adc_ctrl_filters_both_vseq) `uvm_o
PRE-TICK	FACT-GATED-CROSS-FILE	opentitan	hw/ip/adc_ctrl/dv/env/seq_lib/adc_ctrl_filters_interrupt_vseq.sv	280	280	285	6	1676	adc_ctrl_filters_polled_vseq @ stimuli/sv/subs/opentitan/hw/ip/adc_ctrl/dv/env/seq_lib/adc_ctrl_filters_polled_vseq.sv	_filters_polled_vseq; `uvm_object_utils(adc_ctrl_filters_interrupt_vseq) `
PRE-TICK	FACT-GATED-CROSS-FILE	opentitan	hw/ip/adc_ctrl/dv/env/seq_lib/adc_ctrl_filters_polled_vseq.sv	264	264	269	6	4454	adc_ctrl_base_vseq @ stimuli/sv/subs/opentitan/hw/ip/adc_ctrl/dv/env/seq_lib/adc_ctrl_base_vseq.sv	s adc_ctrl_base_vseq; `uvm_object_utils(adc_ctrl_filters_polled_vseq) cons
PRE-TICK	FACT-GATED-CROSS-FILE	opentitan	hw/ip/adc_ctrl/dv/env/seq_lib/adc_ctrl_filters_wakeup_vseq.sv	274	274	279	6	1418	adc_ctrl_filters_polled_vseq @ stimuli/sv/subs/opentitan/hw/ip/adc_ctrl/dv/env/seq_lib/adc_ctrl_filters_polled_vseq.sv	_filters_polled_vseq; `uvm_object_utils(adc_ctrl_filters_wakeup_vseq) `uvm
PRE-TICK	FACT-GATED-CROSS-FILE	opentitan	hw/ip/adc_ctrl/dv/env/seq_lib/adc_ctrl_fsm_reset_vseq.sv	262	262	805	5	7334	adc_ctrl_base_vseq @ stimuli/sv/subs/opentitan/hw/ip/adc_ctrl/dv/env/seq_lib/adc_ctrl_base_vseq.sv	s adc_ctrl_base_vseq; // Configuration rand int pwrup_time; rand int wake
PRE-TICK	FACT-GATED-CROSS-FILE	opentitan	hw/ip/adc_ctrl/dv/env/seq_lib/adc_ctrl_lowpower_counter_vseq.sv	352	352	357	6	1572	adc_ctrl_counter_vseq @ stimuli/sv/subs/opentitan/hw/ip/adc_ctrl/dv/env/seq_lib/adc_ctrl_counter_vseq.sv	dc_ctrl_counter_vseq; `uvm_object_utils(adc_ctrl_lowpower_counter_vseq) `uv
PRE-TICK	FACT-GATED-CROSS-FILE	opentitan	hw/ip/adc_ctrl/dv/env/seq_lib/adc_ctrl_poweron_counter_vseq.sv	350	350	355	6	574	adc_ctrl_counter_vseq @ stimuli/sv/subs/opentitan/hw/ip/adc_ctrl/dv/env/seq_lib/adc_ctrl_counter_vseq.sv	dc_ctrl_counter_vseq; `uvm_object_utils(adc_ctrl_poweron_counter_vseq) `uvm
PRE-TICK	FACT-GATED-CROSS-FILE	opentitan	hw/ip/adc_ctrl/dv/env/seq_lib/adc_ctrl_smoke_vseq.sv	695	695	700	20	2549	adc_ctrl_base_vseq @ stimuli/sv/subs/opentitan/hw/ip/adc_ctrl/dv/env/seq_lib/adc_ctrl_base_vseq.sv	s adc_ctrl_base_vseq; `uvm_object_utils(adc_ctrl_smoke_vseq) `uvm_object_n
PRE-TICK	FACT-GATED-CROSS-FILE	opentitan	hw/ip/adc_ctrl/dv/env/seq_lib/adc_ctrl_stress_all_vseq.sv	449	449	453	8	2586	adc_ctrl_base_vseq @ stimuli/sv/subs/opentitan/hw/ip/adc_ctrl/dv/env/seq_lib/adc_ctrl_base_vseq.sv	s adc_ctrl_base_vseq; `uvm_object_utils(adc_ctrl_stress_all_vseq) `uvm_obje
PRE-TICK	FACT-GATED-CROSS-FILE	opentitan	hw/ip/adc_ctrl/dv/sva/adc_ctrl_fsm_sva_if.sv	581	583	1064	18	3013	fsm_state_e @ stimuli/sv/subs/opentitan/hw/ip/rom_ctrl/rtl/rom_ctrl_pkg.sv	input fsm_state_e fsm_state_q, input logic [3:0] pwrup_timer_cnt_q, input
PRE-TICK	FACT-GATED-CROSS-FILE	opentitan	hw/ip/adc_ctrl/dv/tests/adc_ctrl_base_test.sv	217	218	278	5	1607	cip_base_test @ stimuli/sv/subs/opentitan/hw/dv/sv/cip_lib/cip_base_test.sv	tends cip_base_test #( .CFG_T(adc_ctrl_env_cfg), .ENV_T(adc_ctrl_env) );
PRE-TICK	FACT-GATED-CROSS-FILE	opentitan	hw/ip/aes/dv/env/aes_env.sv	205	206	384	5	2020	cip_base_env @ stimuli/sv/subs/opentitan/hw/dv/sv/cip_lib/cip_base_env.sv	xtends cip_base_env #( .CFG_T (aes_env_cfg), .COV_T
PRE-TICK	FACT-GATED-CROSS-FILE	opentitan	hw/ip/aes/dv/env/aes_env_cfg.sv	213	214	252	5	14534	cip_base_env_cfg @ stimuli/sv/subs/opentitan/hw/dv/sv/cip_lib/cip_base_env_cfg.sv	ds cip_base_env_cfg #(.RAL_T(aes_reg_block_extended)); `uvm_object_utils_begi
PRE-TICK	FACT-GATED-CROSS-FILE	opentitan	hw/ip/aes/dv/env/aes_env_cov.sv	213	214	240	5	526	cip_base_env_cov @ stimuli/sv/subs/opentitan/hw/dv/sv/cip_lib/cip_base_env_cov.sv	ds cip_base_env_cov #(.CFG_T(aes_env_cfg)); `uvm_component_utils(aes_env_cov)
PRE-TICK	FACT-GATED-CROSS-FILE	opentitan	hw/ip/aes/dv/env/aes_scoreboard.sv	268	269	350	8	40651	cip_base_scoreboard @ stimuli/sv/subs/opentitan/hw/dv/sv/cip_lib/cip_base_scoreboard.sv	cip_base_scoreboard #( .CFG_T(aes_env_cfg), .RAL_T(aes_reg_block), .COV_T(
PRE-TICK	FACT-GATED-CROSS-FILE	opentitan	hw/ip/aes/dv/env/aes_virtual_sequencer.sv	233	234	347	5	499	cip_base_virtual_sequencer @ stimuli/sv/subs/opentitan/hw/dv/sv/cip_lib/cip_base_virtual_sequencer.sv	e_virtual_sequencer #(.CFG_T(aes_env_cfg),
PRE-TICK	FACT-GATED-CROSS-FILE	opentitan	hw/ip/aes/dv/env/seq_lib/aes_alert_reset_vseq.sv	431	431	435	9	4351	aes_base_vseq @ stimuli/sv/subs/opentitan/hw/ip/aes/dv/env/seq_lib/aes_base_vseq.sv	xtends aes_base_vseq; `uvm_object_utils(aes_alert_reset_vseq) `uvm_object_n
PRE-TICK	FACT-GATED-CROSS-FILE	opentitan	hw/ip/aes/dv/env/seq_lib/aes_base_vseq.sv	212	213	387	5	67897	cip_base_vseq @ stimuli/sv/subs/opentitan/hw/dv/sv/cip_lib/seq_lib/cip_base_vseq.sv	tends cip_base_vseq #( .CFG_T (aes_env_cfg), .RAL_T
PRE-TICK	FACT-GATED-CROSS-FILE	opentitan	hw/ip/aes/dv/env/seq_lib/aes_cipher_fi_vseq.sv	458	458	462	8	4678	aes_base_vseq @ stimuli/sv/subs/opentitan/hw/ip/aes/dv/env/seq_lib/aes_base_vseq.sv	xtends aes_base_vseq; `uvm_object_utils(aes_cipher_fi_vseq) `uvm_object_new
PRE-TICK	FACT-GATED-CROSS-FILE	opentitan	hw/ip/aes/dv/env/seq_lib/aes_common_vseq.sv	214	214	218	5	8126	aes_base_vseq @ stimuli/sv/subs/opentitan/hw/ip/aes/dv/env/seq_lib/aes_base_vseq.sv	xtends aes_base_vseq; `uvm_object_utils(aes_common_vseq) constraint num_tra
PRE-TICK	FACT-GATED-CROSS-FILE	opentitan	hw/ip/aes/dv/env/seq_lib/aes_control_fi_vseq.sv	460	460	464	8	4875	aes_base_vseq @ stimuli/sv/subs/opentitan/hw/ip/aes/dv/env/seq_lib/aes_base_vseq.sv	xtends aes_base_vseq; `uvm_object_utils(aes_control_fi_vseq) `uvm_object_ne
PRE-TICK	FACT-GATED-CROSS-FILE	opentitan	hw/ip/aes/dv/env/seq_lib/aes_core_fi_vseq.sv	289	289	293	6	5392	aes_base_vseq @ stimuli/sv/subs/opentitan/hw/ip/aes/dv/env/seq_lib/aes_base_vseq.sv	xtends aes_base_vseq; `uvm_object_utils(aes_core_fi_vseq) `uvm_object_new
PRE-TICK	FACT-GATED-CROSS-FILE	opentitan	hw/ip/aes/dv/env/seq_lib/aes_ctr_fi_vseq.sv	452	452	456	8	3811	aes_base_vseq @ stimuli/sv/subs/opentitan/hw/ip/aes/dv/env/seq_lib/aes_base_vseq.sv	xtends aes_base_vseq; `uvm_object_utils(aes_ctr_fi_vseq) `uvm_object_new
PRE-TICK	FACT-GATED-CROSS-FILE	opentitan	hw/ip/aes/dv/env/seq_lib/aes_deinit_vseq.sv	375	375	379	10	3462	aes_base_vseq @ stimuli/sv/subs/opentitan/hw/ip/aes/dv/env/seq_lib/aes_base_vseq.sv	xtends aes_base_vseq; `uvm_object_utils(aes_deinit_vseq) `uvm_object_new
PRE-TICK	FACT-GATED-CROSS-FILE	opentitan	hw/ip/aes/dv/env/seq_lib/aes_fi_vseq.sv	629	629	633	10	5119	aes_base_vseq @ stimuli/sv/subs/opentitan/hw/ip/aes/dv/env/seq_lib/aes_base_vseq.sv	xtends aes_base_vseq; `uvm_object_utils(aes_fi_vseq) `uvm_object_new aes_
PRE-TICK	FACT-GATED-CROSS-FILE	opentitan	hw/ip/aes/dv/env/seq_lib/aes_gcm_save_restore_vseq.sv	1266	1266	1270	24	15918	aes_base_vseq @ stimuli/sv/subs/opentitan/hw/ip/aes/dv/env/seq_lib/aes_base_vseq.sv	xtends aes_base_vseq; `uvm_object_utils(aes_gcm_save_restore_vseq) `uvm_obj
PRE-TICK	FACT-GATED-CROSS-FILE	opentitan	hw/ip/aes/dv/env/seq_lib/aes_ghash_fi_vseq.sv	401	401	405	7	5279	aes_base_vseq @ stimuli/sv/subs/opentitan/hw/ip/aes/dv/env/seq_lib/aes_base_vseq.sv	xtends aes_base_vseq; `uvm_object_utils(aes_ghash_fi_vseq) `uvm_object_new
PRE-TICK	FACT-GATED-CROSS-FILE	opentitan	hw/ip/aes/dv/env/seq_lib/aes_manual_config_err_vseq.sv	392	392	396	10	3062	aes_base_vseq @ stimuli/sv/subs/opentitan/hw/ip/aes/dv/env/seq_lib/aes_base_vseq.sv	xtends aes_base_vseq; `uvm_object_utils(aes_manual_config_err_vseq) `uvm_ob
PRE-TICK	FACT-GATED-CROSS-FILE	opentitan	hw/ip/aes/dv/env/seq_lib/aes_nist_vectors_gcm_vseq.sv	429	429	433	10	14234	aes_base_vseq @ stimuli/sv/subs/opentitan/hw/ip/aes/dv/env/seq_lib/aes_base_vseq.sv	xtends aes_base_vseq; `uvm_object_utils(aes_nist_vectors_gcm_vseq) `uvm_obj
PRE-TICK	FACT-GATED-CROSS-FILE	opentitan	hw/ip/aes/dv/env/seq_lib/aes_nist_vectors_vseq.sv	421	421	425	10	5137	aes_base_vseq @ stimuli/sv/subs/opentitan/hw/ip/aes/dv/env/seq_lib/aes_base_vseq.sv	xtends aes_base_vseq; `uvm_object_utils(aes_nist_vectors_vseq) `uvm_object_
PRE-TICK	FACT-GATED-CROSS-FILE	opentitan	hw/ip/aes/dv/env/seq_lib/aes_readability_vseq.sv	476	476	480	10	5980	aes_base_vseq @ stimuli/sv/subs/opentitan/hw/ip/aes/dv/env/seq_lib/aes_base_vseq.sv	xtends aes_base_vseq; `uvm_object_utils(aes_readability_vseq) `uvm_object_ne
PRE-TICK	FACT-GATED-CROSS-FILE	opentitan	hw/ip/aes/dv/env/seq_lib/aes_reseed_vseq.sv	247	247	251	7	11016	aes_base_vseq @ stimuli/sv/subs/opentitan/hw/ip/aes/dv/env/seq_lib/aes_base_vseq.sv	xtends aes_base_vseq; `uvm_object_utils(aes_reseed_vseq) `uvm_object_new
PRE-TICK	FACT-GATED-CROSS-FILE	opentitan	hw/ip/aes/dv/env/seq_lib/aes_stress_all_vseq.sv	329	329	333	8	2612	aes_base_vseq @ stimuli/sv/subs/opentitan/hw/ip/aes/dv/env/seq_lib/aes_base_vseq.sv	xtends aes_base_vseq; `uvm_object_utils(aes_stress_all_vseq) typedef struct
PRE-TICK	FACT-GATED-CROSS-FILE	opentitan	hw/ip/aes/dv/env/seq_lib/aes_stress_vseq.sv	238	238	242	6	1012	aes_base_vseq @ stimuli/sv/subs/opentitan/hw/ip/aes/dv/env/seq_lib/aes_base_vseq.sv	xtends aes_base_vseq; `uvm_object_utils(aes_stress_vseq) `uvm_object_new
PRE-TICK	FACT-GATED-CROSS-FILE	opentitan	hw/ip/aes/dv/env/seq_lib/aes_wake_up_vseq.sv	357	357	361	7	3253	aes_base_vseq @ stimuli/sv/subs/opentitan/hw/ip/aes/dv/env/seq_lib/aes_base_vseq.sv	xtends aes_base_vseq; `uvm_object_utils(aes_wake_up_vseq) extern function n
PRE-TICK	FACT-GATED-CROSS-FILE	opentitan	hw/ip/aes/dv/err_injection_if/fi_cipher_if.sv	389	390	418	12	8924	aes_cipher_ctrl_e @ stimuli/sv/subs/opentitan/hw/ip/aes/rtl/aes_pkg.sv	t aes_cipher_ctrl_e aes_cipher_ctrl_cs ); `include "dv_fcov_macros.svh"
PRE-TICK	FACT-GATED-CROSS-FILE	opentitan	hw/ip/aes/dv/err_injection_if/fi_control_if.sv	370	371	392	12	7562	aes_ctrl_e @ stimuli/sv/subs/opentitan/hw/ip/aes/rtl/aes_pkg.sv	input aes_ctrl_e aes_ctrl_cs ); `include "dv_fcov_macros.svh" // get
PRE-TICK	FACT-GATED-CROSS-FILE	opentitan	hw/ip/aes/dv/err_injection_if/fi_core_if.sv	358	359	380	12	3495	aes_ctrl_e @ stimuli/sv/subs/opentitan/hw/ip/aes/rtl/aes_pkg.sv	input aes_ctrl_e aes_ctrl_cs ); `include "dv_fcov_macros.svh" // get
PRE-TICK	FACT-GATED-CROSS-FILE	opentitan	hw/ip/aes/dv/err_injection_if/fi_ctr_fsm_if.sv	365	367	386	12	3725	aes_ctr_e @ stimuli/sv/subs/opentitan/hw/ip/aes/rtl/aes_pkg.sv	input aes_ctr_e aes_ctr_cs ); `include "dv_fcov_macros.svh" // get bi
PRE-TICK	FACT-GATED-CROSS-FILE	opentitan	hw/ip/aes/dv/err_injection_if/fi_ghash_if.sv	363	364	386	12	6505	aes_ghash_e @ stimuli/sv/subs/opentitan/hw/ip/aes/rtl/aes_pkg.sv	input aes_ghash_e aes_ghash_cs ); `include "dv_fcov_macros.svh" // get
PRE-TICK	FACT-GATED-CROSS-FILE	opentitan	hw/ip/aes/dv/test_vectors/nist_vectors_gcm_pkg.sv	584	587	3238	16	23925	aes_mode_e @ stimuli/sv/subs/opentitan/hw/ip/aes/rtl/aes_pkg.sv	{ aes_mode_e mode; key_len_e key_len; aes_op_e operation;
PRE-TICK	FACT-GATED-CROSS-FILE	opentitan	hw/ip/aes/dv/test_vectors/nist_vectors_pkg.sv	851	854	2319	22	17607	aes_mode_e @ stimuli/sv/subs/opentitan/hw/ip/aes/rtl/aes_pkg.sv	{ aes_mode_e mode; key_len_e key_len; aes_op_e operation;
PRE-TICK	FACT-GATED-CROSS-FILE	opentitan	hw/ip/aes/dv/tests/aes_alert_reset_test.sv	219	219	224	5	1701	aes_base_test @ stimuli/sv/subs/opentitan/hw/ip/aes/dv/tests/aes_base_test.sv	xtends aes_base_test; `uvm_component_utils(aes_alert_reset_test) `uvm_compo
PRE-TICK	FACT-GATED-CROSS-FILE	opentitan	hw/ip/aes/dv/tests/aes_b2b_test.sv	212	212	216	6	1654	aes_base_test @ stimuli/sv/subs/opentitan/hw/ip/aes/dv/tests/aes_base_test.sv	xtends aes_base_test; `uvm_component_utils(aes_b2b_test) `uvm_component_new
PRE-TICK	FACT-GATED-CROSS-FILE	opentitan	hw/ip/aes/dv/tests/aes_base_test.sv	212	213	268	5	3240	cip_base_test @ stimuli/sv/subs/opentitan/hw/dv/sv/cip_lib/cip_base_test.sv	tends cip_base_test #( .ENV_T(aes_env), .CFG_T(aes_env_cfg) ); `uvm_
PRE-TICK	FACT-GATED-CROSS-FILE	opentitan	hw/ip/aes/dv/tests/aes_clear_test.sv	213	213	218	5	1528	aes_base_test @ stimuli/sv/subs/opentitan/hw/ip/aes/dv/tests/aes_base_test.sv	xtends aes_base_test; `uvm_component_utils(aes_clear_test) `uvm_component_n
PRE-TICK	FACT-GATED-CROSS-FILE	opentitan	hw/ip/aes/dv/tests/aes_config_error_test.sv	220	220	225	5	1912	aes_base_test @ stimuli/sv/subs/opentitan/hw/ip/aes/dv/tests/aes_base_test.sv	xtends aes_base_test; `uvm_component_utils(aes_config_error_test) `uvm_comp
PRE-TICK	FACT-GATED-CROSS-FILE	opentitan	hw/ip/aes/dv/tests/aes_deinit_test.sv	214	214	219	5	1505	aes_base_test @ stimuli/sv/subs/opentitan/hw/ip/aes/dv/tests/aes_base_test.sv	xtends aes_base_test; `uvm_component_utils(aes_deinit_test) `uvm_component_
PRE-TICK	FACT-GATED-CROSS-FILE	opentitan	hw/ip/aes/dv/tests/aes_fi_test.sv	210	210	215	5	1705	aes_base_test @ stimuli/sv/subs/opentitan/hw/ip/aes/dv/tests/aes_base_test.sv	xtends aes_base_test; `uvm_component_utils(aes_fi_test) `uvm_component_new
PRE-TICK	FACT-GATED-CROSS-FILE	opentitan	hw/ip/aes/dv/tests/aes_gcm_save_restore_test.sv	224	224	229	5	1870	aes_base_test @ stimuli/sv/subs/opentitan/hw/ip/aes/dv/tests/aes_base_test.sv	xtends aes_base_test; `uvm_component_utils(aes_gcm_save_restore_test) `uvm_
PRE-TICK	FACT-GATED-CROSS-FILE	opentitan	hw/ip/aes/dv/tests/aes_ghash_fi_test.sv	216	216	221	5	1710	aes_base_test @ stimuli/sv/subs/opentitan/hw/ip/aes/dv/tests/aes_base_test.sv	xtends aes_base_test; `uvm_component_utils(aes_ghash_fi_test) `uvm_componen
PRE-TICK	FACT-GATED-CROSS-FILE	opentitan	hw/ip/aes/dv/tests/aes_manual_config_err_test.sv	225	225	230	5	1840	aes_base_test @ stimuli/sv/subs/opentitan/hw/ip/aes/dv/tests/aes_base_test.sv	xtends aes_base_test; `uvm_component_utils(aes_manual_config_err_test) `uvm
PRE-TICK	FACT-GATED-CROSS-FILE	opentitan	hw/ip/aes/dv/tests/aes_reseed_test.sv	214	214	218	5	1735	aes_base_test @ stimuli/sv/subs/opentitan/hw/ip/aes/dv/tests/aes_base_test.sv	xtends aes_base_test; `uvm_component_utils(aes_reseed_test) `uvm_component_n
PRE-TICK	FACT-GATED-CROSS-FILE	opentitan	hw/ip/aes/dv/tests/aes_sideload_test.sv	216	216	221	5	1734	aes_base_test @ stimuli/sv/subs/opentitan/hw/ip/aes/dv/tests/aes_base_test.sv	xtends aes_base_test; `uvm_component_utils(aes_sideload_test) `uvm_componen
PRE-TICK	FACT-GATED-CROSS-FILE	opentitan	hw/ip/aes/dv/tests/aes_smoke_test.sv	213	213	218	5	1689	aes_base_test @ stimuli/sv/subs/opentitan/hw/ip/aes/dv/tests/aes_base_test.sv	xtends aes_base_test; `uvm_component_utils(aes_smoke_test) `uvm_component_n
PRE-TICK	FACT-GATED-CROSS-FILE	opentitan	hw/ip/aes/dv/tests/aes_stress_test.sv	214	214	218	5	1883	aes_base_test @ stimuli/sv/subs/opentitan/hw/ip/aes/dv/tests/aes_base_test.sv	xtends aes_base_test; `uvm_component_utils(aes_stress_test) `uvm_component_n
PRE-TICK	FACT-GATED-CROSS-FILE	opentitan	hw/ip/aes/dv/tests/aes_wake_up_test.sv	215	215	220	5	722	aes_base_test @ stimuli/sv/subs/opentitan/hw/ip/aes/dv/tests/aes_base_test.sv	xtends aes_base_test; `uvm_component_utils(aes_wake_up_test) `uvm_component
PRE-TICK	FACT-GATED-CROSS-FILE	opentitan	hw/ip/aes/pre_dv/aes_tb/rtl/aes_tb.sv	467	469	9955	15	12041	sbox_impl_e @ stimuli/sv/subs/opentitan/hw/ip/aes/rtl/aes_pkg.sv	lparam sbox_impl_e SecSBoxImpl = SBoxImplDom, localparam int unsig
PRE-TICK	FACT-GATED-CROSS-FILE	opentitan	hw/ip/aes/pre_dv/aes_tb/rtl/aes_tb_reqs.sv	308	309	595	13	720	bus_request_t @ stimuli/sv/subs/opentitan/hw/ip/aes/pre_dv/aes_tb/rtl/aes_tb_pkg.sv	utput bus_request_t req_o, output logic done_o ); int request_cntr_q; alw
PRE-TICK	FACT-GATED-CROSS-FILE	opentitan	hw/ip/aon_timer/dv/env/aon_timer_env.sv	211	212	414	5	1595	cip_base_env @ stimuli/sv/subs/opentitan/hw/dv/sv/cip_lib/cip_base_env.sv	xtends cip_base_env #( .CFG_T (aon_timer_env_cfg), .COV_T
PRE-TICK	FACT-GATED-CROSS-FILE	opentitan	hw/ip/aon_timer/dv/env/aon_timer_env_cfg.sv	219	220	489	5	3171	cip_base_env_cfg @ stimuli/sv/subs/opentitan/hw/dv/sv/cip_lib/cip_base_env_cfg.sv	ds cip_base_env_cfg #(.RAL_T(aon_timer_reg_block)); virtual clk_rst_if
PRE-TICK	FACT-GATED-CROSS-FILE	opentitan	hw/ip/aon_timer/dv/env/aon_timer_env_cov.sv	418	419	451	11	5663	cip_base_env_cov @ stimuli/sv/subs/opentitan/hw/dv/sv/cip_lib/cip_base_env_cov.sv	ds cip_base_env_cov #(.CFG_T(aon_timer_env_cfg)); `uvm_component_utils(aon_tim
PRE-TICK	FACT-GATED-CROSS-FILE	opentitan	hw/ip/aon_timer/dv/env/aon_timer_scoreboard.sv	225	226	330	5	62035	cip_base_scoreboard @ stimuli/sv/subs/opentitan/hw/dv/sv/cip_lib/cip_base_scoreboard.sv	cip_base_scoreboard #( .CFG_T(aon_timer_env_cfg), .RAL_T(aon_timer_reg_b
PRE-TICK	FACT-GATED-CROSS-FILE	opentitan	hw/ip/aon_timer/dv/env/aon_timer_virtual_sequencer.sv	239	240	311	5	556	cip_base_virtual_sequencer @ stimuli/sv/subs/opentitan/hw/dv/sv/cip_lib/cip_base_virtual_sequencer.sv	e_virtual_sequencer #( .CFG_T(aon_timer_env_cfg), .COV_T(aon_timer_env_c
PRE-TICK	FACT-GATED-CROSS-FILE	opentitan	hw/ip/aon_timer/dv/env/seq_lib/aon_timer_alternating_enable_on_off_vseq.sv	603	603	607	10	4203	aon_timer_base_vseq @ stimuli/sv/subs/opentitan/hw/ip/aon_timer/dv/env/seq_lib/aon_timer_base_vseq.sv	aon_timer_base_vseq; `uvm_object_utils(aon_timer_alternating_enable_on_off_vs
PRE-TICK	FACT-GATED-CROSS-FILE	opentitan	hw/ip/aon_timer/dv/env/seq_lib/aon_timer_base_vseq.sv	218	219	424	5	11383	cip_base_vseq @ stimuli/sv/subs/opentitan/hw/dv/sv/cip_lib/seq_lib/cip_base_vseq.sv	tends cip_base_vseq #( .RAL_T (aon_timer_reg_block), .CFG_
PRE-TICK	FACT-GATED-CROSS-FILE	opentitan	hw/ip/aon_timer/dv/env/seq_lib/aon_timer_common_vseq.sv	226	226	230	5	649	aon_timer_base_vseq @ stimuli/sv/subs/opentitan/hw/ip/aon_timer/dv/env/seq_lib/aon_timer_base_vseq.sv	aon_timer_base_vseq; `uvm_object_utils(aon_timer_common_vseq) extern const
PRE-TICK	FACT-GATED-CROSS-FILE	opentitan	hw/ip/aon_timer/dv/env/seq_lib/aon_timer_custom_intr_vseq.sv	326	326	330	6	1654	aon_timer_base_vseq @ stimuli/sv/subs/opentitan/hw/ip/aon_timer/dv/env/seq_lib/aon_timer_base_vseq.sv	aon_timer_base_vseq; `uvm_object_utils(aon_timer_custom_intr_vseq) rand bi
PRE-TICK	FACT-GATED-CROSS-FILE	opentitan	hw/ip/aon_timer/dv/env/seq_lib/aon_timer_jump_vseq.sv	242	242	246	6	2154	aon_timer_base_vseq @ stimuli/sv/subs/opentitan/hw/ip/aon_timer/dv/env/seq_lib/aon_timer_base_vseq.sv	aon_timer_base_vseq; `uvm_object_utils(aon_timer_jump_vseq) // Overrides c
PRE-TICK	FACT-GATED-CROSS-FILE	opentitan	hw/ip/aon_timer/dv/env/seq_lib/aon_timer_prescaler_vseq.sv	252	252	256	6	2198	aon_timer_base_vseq @ stimuli/sv/subs/opentitan/hw/ip/aon_timer/dv/env/seq_lib/aon_timer_base_vseq.sv	aon_timer_base_vseq; `uvm_object_utils(aon_timer_prescaler_vseq) // Random
PRE-TICK	FACT-GATED-CROSS-FILE	opentitan	hw/ip/aon_timer/dv/env/seq_lib/aon_timer_smoke_max_thold_vseq.sv	305	305	309	6	774	aon_timer_smoke_vseq @ stimuli/sv/subs/opentitan/hw/ip/aon_timer/dv/env/seq_lib/aon_timer_smoke_vseq.sv	aon_timer_smoke_vseq; `uvm_object_utils(aon_timer_smoke_max_thold_vseq) ext
PRE-TICK	FACT-GATED-CROSS-FILE	opentitan	hw/ip/aon_timer/dv/env/seq_lib/aon_timer_smoke_min_thold_vseq.sv	305	305	309	6	726	aon_timer_smoke_vseq @ stimuli/sv/subs/opentitan/hw/ip/aon_timer/dv/env/seq_lib/aon_timer_smoke_vseq.sv	aon_timer_smoke_vseq; `uvm_object_utils(aon_timer_smoke_min_thold_vseq) ext
PRE-TICK	FACT-GATED-CROSS-FILE	opentitan	hw/ip/aon_timer/dv/env/seq_lib/aon_timer_smoke_vseq.sv	244	244	248	6	1271	aon_timer_base_vseq @ stimuli/sv/subs/opentitan/hw/ip/aon_timer/dv/env/seq_lib/aon_timer_base_vseq.sv	aon_timer_base_vseq; `uvm_object_utils(aon_timer_smoke_vseq) extern functi
PRE-TICK	FACT-GATED-CROSS-FILE	opentitan	hw/ip/aon_timer/dv/env/seq_lib/aon_timer_stress_all_vseq.sv	230	230	234	5	1753	aon_timer_base_vseq @ stimuli/sv/subs/opentitan/hw/ip/aon_timer/dv/env/seq_lib/aon_timer_base_vseq.sv	aon_timer_base_vseq; `uvm_object_utils(aon_timer_stress_all_vseq) extern c
PRE-TICK	FACT-GATED-CROSS-FILE	opentitan	hw/ip/aon_timer/dv/env/seq_lib/aon_timer_wkup_count_cdc_hi_vseq.sv	583	583	589	10	4095	aon_timer_smoke_vseq @ stimuli/sv/subs/opentitan/hw/ip/aon_timer/dv/env/seq_lib/aon_timer_smoke_vseq.sv	aon_timer_smoke_vseq; `uvm_object_utils(aon_timer_wkup_count_cdc_hi_vseq)
PRE-TICK	FACT-GATED-CROSS-FILE	opentitan	hw/ip/aon_timer/dv/tests/aon_timer_base_test.sv	218	219	287	5	1035	cip_base_test @ stimuli/sv/subs/opentitan/hw/dv/sv/cip_lib/cip_base_test.sv	tends cip_base_test #( .CFG_T(aon_timer_env_cfg), .ENV_T(aon_timer_env)
PRE-TICK	FACT-GATED-CROSS-FILE	opentitan	hw/ip/csrng/dv/env/csrng_env.sv	207	208	394	5	3966	cip_base_env @ stimuli/sv/subs/opentitan/hw/dv/sv/cip_lib/cip_base_env.sv	xtends cip_base_env #( .CFG_T (csrng_env_cfg), .COV_T
PRE-TICK	FACT-GATED-CROSS-FILE	opentitan	hw/ip/csrng/dv/env/csrng_env_cfg.sv	215	216	247	5	19180	cip_base_env_cfg @ stimuli/sv/subs/opentitan/hw/dv/sv/cip_lib/cip_base_env_cfg.sv	ds cip_base_env_cfg #(.RAL_T(csrng_reg_block)); `uvm_object_utils_begin(csrng
PRE-TICK	FACT-GATED-CROSS-FILE	opentitan	hw/ip/csrng/dv/env/csrng_env_cov.sv	414	415	443	11	1033	cip_base_env_cov @ stimuli/sv/subs/opentitan/hw/dv/sv/cip_lib/cip_base_env_cov.sv	ds cip_base_env_cov #(.CFG_T(csrng_env_cfg)); `uvm_component_utils(csrng_env_c
PRE-TICK	FACT-GATED-CROSS-FILE	opentitan	hw/ip/csrng/dv/env/csrng_scoreboard.sv	221	222	314	5	28144	cip_base_scoreboard @ stimuli/sv/subs/opentitan/hw/dv/sv/cip_lib/cip_base_scoreboard.sv	cip_base_scoreboard #( .CFG_T(csrng_env_cfg), .RAL_T(csrng_reg_block),
PRE-TICK	FACT-GATED-CROSS-FILE	opentitan	hw/ip/csrng/dv/env/csrng_virtual_sequencer.sv	235	236	299	5	525	cip_base_virtual_sequencer @ stimuli/sv/subs/opentitan/hw/dv/sv/cip_lib/cip_base_virtual_sequencer.sv	e_virtual_sequencer #( .CFG_T(csrng_env_cfg), .COV_T(csrng_env_cov) );
PRE-TICK	FACT-GATED-CROSS-FILE	opentitan	hw/ip/csrng/dv/env/seq_lib/csrng_alert_vseq.sv	301	301	305	7	14990	csrng_base_vseq @ stimuli/sv/subs/opentitan/hw/ip/csrng/dv/env/seq_lib/csrng_base_vseq.sv	ends csrng_base_vseq; `uvm_object_utils(csrng_alert_vseq) `uvm_object_new
PRE-TICK	FACT-GATED-CROSS-FILE	opentitan	hw/ip/csrng/dv/env/seq_lib/csrng_base_vseq.sv	214	215	404	5	15534	cip_base_vseq @ stimuli/sv/subs/opentitan/hw/dv/sv/cip_lib/seq_lib/cip_base_vseq.sv	tends cip_base_vseq #( .RAL_T (csrng_reg_block), .CFG_T
PRE-TICK	FACT-GATED-CROSS-FILE	opentitan	hw/ip/csrng/dv/env/seq_lib/csrng_cmds_vseq.sv	216	216	220	5	7557	csrng_base_vseq @ stimuli/sv/subs/opentitan/hw/ip/csrng/dv/env/seq_lib/csrng_base_vseq.sv	ends csrng_base_vseq; `uvm_object_utils(csrng_cmds_vseq) `uvm_object_new
PRE-TICK	FACT-GATED-CROSS-FILE	opentitan	hw/ip/csrng/dv/env/seq_lib/csrng_common_vseq.sv	218	218	222	5	519	csrng_base_vseq @ stimuli/sv/subs/opentitan/hw/ip/csrng/dv/env/seq_lib/csrng_base_vseq.sv	ends csrng_base_vseq; `uvm_object_utils(csrng_common_vseq) constraint num_t
PRE-TICK	FACT-GATED-CROSS-FILE	opentitan	hw/ip/csrng/dv/env/seq_lib/csrng_err_vseq.sv	293	293	297	7	13703	csrng_base_vseq @ stimuli/sv/subs/opentitan/hw/ip/csrng/dv/env/seq_lib/csrng_base_vseq.sv	ends csrng_base_vseq; `uvm_object_utils(csrng_err_vseq) `uvm_object_new
PRE-TICK	FACT-GATED-CROSS-FILE	opentitan	hw/ip/csrng/dv/env/seq_lib/csrng_intr_vseq.sv	322	322	326	8	16537	csrng_base_vseq @ stimuli/sv/subs/opentitan/hw/ip/csrng/dv/env/seq_lib/csrng_base_vseq.sv	ends csrng_base_vseq; `uvm_object_utils(csrng_intr_vseq) `uvm_object_new
PRE-TICK	FACT-GATED-CROSS-FILE	opentitan	hw/ip/csrng/dv/env/seq_lib/csrng_regwen_vseq.sv	266	266	270	7	3981	csrng_base_vseq @ stimuli/sv/subs/opentitan/hw/ip/csrng/dv/env/seq_lib/csrng_base_vseq.sv	ends csrng_base_vseq; `uvm_object_utils(csrng_regwen_vseq) `uvm_object_new
PRE-TICK	FACT-GATED-CROSS-FILE	opentitan	hw/ip/csrng/dv/env/seq_lib/csrng_smoke_vseq.sv	236	236	240	6	1595	csrng_base_vseq @ stimuli/sv/subs/opentitan/hw/ip/csrng/dv/env/seq_lib/csrng_base_vseq.sv	ends csrng_base_vseq; `uvm_object_utils(csrng_smoke_vseq) `uvm_object_new
PRE-TICK	FACT-GATED-CROSS-FILE	opentitan	hw/ip/csrng/dv/env/seq_lib/csrng_stress_all_vseq.sv	348	348	352	7	1425	csrng_base_vseq @ stimuli/sv/subs/opentitan/hw/ip/csrng/dv/env/seq_lib/csrng_base_vseq.sv	ends csrng_base_vseq; `uvm_object_utils(csrng_stress_all_vseq) `uvm_object_
PRE-TICK	FACT-GATED-CROSS-FILE	opentitan	hw/ip/csrng/dv/tests/csrng_alert_test.sv	217	217	222	5	615	csrng_base_test @ stimuli/sv/subs/opentitan/hw/ip/csrng/dv/tests/csrng_base_test.sv	ends csrng_base_test; `uvm_component_utils(csrng_alert_test) `uvm_component
PRE-TICK	FACT-GATED-CROSS-FILE	opentitan	hw/ip/csrng/dv/tests/csrng_base_test.sv	214	215	275	5	1703	cip_base_test @ stimuli/sv/subs/opentitan/hw/dv/sv/cip_lib/cip_base_test.sv	tends cip_base_test #( .CFG_T(csrng_env_cfg), .ENV_T(csrng_env) );
PRE-TICK	FACT-GATED-CROSS-FILE	opentitan	hw/ip/csrng/dv/tests/csrng_cmds_test.sv	216	216	221	5	1776	csrng_base_test @ stimuli/sv/subs/opentitan/hw/ip/csrng/dv/tests/csrng_base_test.sv	ends csrng_base_test; `uvm_component_utils(csrng_cmds_test) `uvm_component_
PRE-TICK	FACT-GATED-CROSS-FILE	opentitan	hw/ip/csrng/dv/tests/csrng_intr_test.sv	216	216	221	5	612	csrng_base_test @ stimuli/sv/subs/opentitan/hw/ip/csrng/dv/tests/csrng_base_test.sv	ends csrng_base_test; `uvm_component_utils(csrng_intr_test) `uvm_component_
PRE-TICK	FACT-GATED-CROSS-FILE	opentitan	hw/ip/csrng/dv/tests/csrng_regwen_test.sv	218	218	223	5	389	csrng_base_test @ stimuli/sv/subs/opentitan/hw/ip/csrng/dv/tests/csrng_base_test.sv	ends csrng_base_test; `uvm_component_utils(csrng_regwen_test) `uvm_componen
PRE-TICK	FACT-GATED-CROSS-FILE	opentitan	hw/ip/csrng/dv/tests/csrng_smoke_test.sv	217	217	222	5	448	csrng_base_test @ stimuli/sv/subs/opentitan/hw/ip/csrng/dv/tests/csrng_base_test.sv	ends csrng_base_test; `uvm_component_utils(csrng_smoke_test) `uvm_component
PRE-TICK	FACT-GATED-CROSS-FILE	opentitan	hw/ip/csrng/dv/tests/csrng_stress_all_test.sv	222	222	227	5	454	csrng_base_test @ stimuli/sv/subs/opentitan/hw/ip/csrng/dv/tests/csrng_base_test.sv	ends csrng_base_test; `uvm_component_utils(csrng_stress_all_test) `uvm_comp
PRE-TICK	FACT-GATED-CROSS-FILE	opentitan	hw/ip/csrng/rtl/csrng_core.sv	378	379	40372	12	40967	cs_keymgr_div_t @ stimuli/sv/subs/opentitan/hw/ip/csrng/rtl/csrng_pkg.sv	ter cs_keymgr_div_t RndCnstCsKeymgrDivNonProduction = CsKeymgrDivWidth'(0), pa
PRE-TICK	FACT-GATED-CROSS-FILE	opentitan	hw/ip/dma/dv/cov/dma_cov_if.sv	265	266	278	9	322	dma_reg2hw_t @ stimuli/sv/subs/opentitan/hw/ip/dma/rtl/dma_reg_pkg.sv	input dma_reg2hw_t reg2hw ); `include "dv_fcov_macros.svh" endinterface
PRE-TICK	FACT-GATED-CROSS-FILE	opentitan	hw/ip/dma/dv/env/dma_env.sv	205	206	374	5	6787	cip_base_env @ stimuli/sv/subs/opentitan/hw/dv/sv/cip_lib/cip_base_env.sv	xtends cip_base_env #( .CFG_T (dma_env_cfg), .COV_T
PRE-TICK	FACT-GATED-CROSS-FILE	opentitan	hw/ip/dma/dv/env/dma_env_cfg.sv	213	214	2764	5	4883	cip_base_env_cfg @ stimuli/sv/subs/opentitan/hw/dv/sv/cip_lib/cip_base_env_cfg.sv	ds cip_base_env_cfg #(.RAL_T(dma_reg_block)); // TL Port Configuration tl_ag
PRE-TICK	FACT-GATED-CROSS-FILE	opentitan	hw/ip/dma/dv/env/dma_pull_seq.sv	233	233	262	5	6135	tl_device_seq @ stimuli/sv/subs/opentitan/hw/dv/sv/tl_agent/seq_lib/tl_device_seq.sv	xtends tl_device_seq#(.AddrWidth(AddrWidth)); `uvm_object_param_utils(dma_pul
PRE-TICK	FACT-GATED-CROSS-FILE	opentitan	hw/ip/dma/dv/env/dma_scoreboard.sv	219	220	298	5	69894	cip_base_scoreboard @ stimuli/sv/subs/opentitan/hw/dv/sv/cip_lib/cip_base_scoreboard.sv	cip_base_scoreboard #( .CFG_T(dma_env_cfg), .RAL_T(dma_reg_block), .COV_T(
PRE-TICK	FACT-GATED-CROSS-FILE	opentitan	hw/ip/dma/dv/env/dma_virtual_sequencer.sv	233	234	405	5	478	cip_base_virtual_sequencer @ stimuli/sv/subs/opentitan/hw/dv/sv/cip_lib/cip_base_virtual_sequencer.sv	e_virtual_sequencer #( .CFG_T(dma_env_cfg), .COV_T(dma_env_cov) ); tl_seq
PRE-TICK	FACT-GATED-CROSS-FILE	opentitan	hw/ip/dma/dv/env/seq_lib/dma_abort_vseq.sv	296	296	300	6	3927	dma_generic_vseq @ stimuli/sv/subs/opentitan/hw/ip/dma/dv/env/seq_lib/dma_generic_vseq.sv	nds dma_generic_vseq; `uvm_object_utils(dma_abort_vseq) `uvm_object_new /
PRE-TICK	FACT-GATED-CROSS-FILE	opentitan	hw/ip/dma/dv/env/seq_lib/dma_base_vseq.sv	276	277	445	6	39327	cip_base_vseq @ stimuli/sv/subs/opentitan/hw/dv/sv/cip_lib/seq_lib/cip_base_vseq.sv	tends cip_base_vseq #( .RAL_T (dma_reg_block), .CFG_T
PRE-TICK	FACT-GATED-CROSS-FILE	opentitan	hw/ip/dma/dv/env/seq_lib/dma_common_vseq.sv	468	468	472	9	979	dma_base_vseq @ stimuli/sv/subs/opentitan/hw/ip/dma/dv/env/seq_lib/dma_base_vseq.sv	xtends dma_base_vseq; `uvm_object_utils(dma_common_vseq) `uvm_object_new
PRE-TICK	FACT-GATED-CROSS-FILE	opentitan	hw/ip/dma/dv/env/seq_lib/dma_config_lock_vseq.sv	623	623	627	11	7471	dma_handshake_smoke_vseq @ stimuli/sv/subs/opentitan/hw/ip/dma/dv/env/seq_lib/dma_handshake_smoke_vseq.sv	handshake_smoke_vseq; `uvm_object_utils(dma_config_lock_vseq) `uvm_object_ne
PRE-TICK	FACT-GATED-CROSS-FILE	opentitan	hw/ip/dma/dv/env/seq_lib/dma_generic_smoke_vseq.sv	785	785	789	22	2398	dma_generic_vseq @ stimuli/sv/subs/opentitan/hw/ip/dma/dv/env/seq_lib/dma_generic_vseq.sv	nds dma_generic_vseq; `uvm_object_utils(dma_generic_smoke_vseq) `uvm_object_
PRE-TICK	FACT-GATED-CROSS-FILE	opentitan	hw/ip/dma/dv/env/seq_lib/dma_generic_stress_vseq.sv	322	322	326	6	852	dma_generic_vseq @ stimuli/sv/subs/opentitan/hw/ip/dma/dv/env/seq_lib/dma_generic_vseq.sv	nds dma_generic_vseq; `uvm_object_utils(dma_generic_stress_vseq) `uvm_object
PRE-TICK	FACT-GATED-CROSS-FILE	opentitan	hw/ip/dma/dv/env/seq_lib/dma_generic_vseq.sv	248	248	252	6	15117	dma_base_vseq @ stimuli/sv/subs/opentitan/hw/ip/dma/dv/env/seq_lib/dma_base_vseq.sv	xtends dma_base_vseq; `uvm_object_utils(dma_generic_vseq) `uvm_object_new
PRE-TICK	FACT-GATED-CROSS-FILE	opentitan	hw/ip/dma/dv/env/seq_lib/dma_handshake_smoke_vseq.sv	339	339	343	7	2089	dma_handshake_vseq @ stimuli/sv/subs/opentitan/hw/ip/dma/dv/env/seq_lib/dma_handshake_vseq.sv	s dma_handshake_vseq; `uvm_object_utils(dma_handshake_smoke_vseq) `uvm_objec
PRE-TICK	FACT-GATED-CROSS-FILE	opentitan	hw/ip/dma/dv/env/seq_lib/dma_handshake_stress_vseq.sv	276	276	280	6	892	dma_handshake_vseq @ stimuli/sv/subs/opentitan/hw/ip/dma/dv/env/seq_lib/dma_handshake_vseq.sv	s dma_handshake_vseq; `uvm_object_utils(dma_handshake_stress_vseq) `uvm_obje
PRE-TICK	FACT-GATED-CROSS-FILE	opentitan	hw/ip/dma/dv/env/seq_lib/dma_handshake_vseq.sv	258	258	262	6	854	dma_generic_vseq @ stimuli/sv/subs/opentitan/hw/ip/dma/dv/env/seq_lib/dma_generic_vseq.sv	nds dma_generic_vseq; `uvm_object_utils(dma_handshake_vseq) `uvm_object_new
PRE-TICK	FACT-GATED-CROSS-FILE	opentitan	hw/ip/dma/dv/env/seq_lib/dma_longer_transfer_vseq.sv	289	289	293	7	2452	dma_generic_vseq @ stimuli/sv/subs/opentitan/hw/ip/dma/dv/env/seq_lib/dma_generic_vseq.sv	nds dma_generic_vseq; `uvm_object_utils(dma_longer_transfer_vseq) `uvm_objec
PRE-TICK	FACT-GATED-CROSS-FILE	opentitan	hw/ip/dma/dv/env/seq_lib/dma_mem_enabled_vseq.sv	521	521	525	10	3394	dma_generic_vseq @ stimuli/sv/subs/opentitan/hw/ip/dma/dv/env/seq_lib/dma_generic_vseq.sv	nds dma_generic_vseq; `uvm_object_utils(dma_mem_enabled_vseq) `uvm_object_ne
PRE-TICK	FACT-GATED-CROSS-FILE	opentitan	hw/ip/dma/dv/env/seq_lib/dma_memory_region_lock_vseq.sv	868	868	873	22	7234	dma_generic_vseq @ stimuli/sv/subs/opentitan/hw/ip/dma/dv/env/seq_lib/dma_generic_vseq.sv	nds dma_generic_vseq; `uvm_object_utils(dma_memory_region_lock_vseq) `uvm_o
PRE-TICK	FACT-GATED-CROSS-FILE	opentitan	hw/ip/dma/dv/env/seq_lib/dma_memory_smoke_vseq.sv	835	835	839	23	2531	dma_memory_vseq @ stimuli/sv/subs/opentitan/hw/ip/dma/dv/env/seq_lib/dma_memory_vseq.sv	ends dma_memory_vseq; `uvm_object_utils(dma_memory_smoke_vseq) `uvm_object_n
PRE-TICK	FACT-GATED-CROSS-FILE	opentitan	hw/ip/dma/dv/env/seq_lib/dma_memory_stress_vseq.sv	266	266	270	6	866	dma_memory_vseq @ stimuli/sv/subs/opentitan/hw/ip/dma/dv/env/seq_lib/dma_memory_vseq.sv	ends dma_memory_vseq; `uvm_object_utils(dma_memory_stress_vseq) `uvm_object_
PRE-TICK	FACT-GATED-CROSS-FILE	opentitan	hw/ip/dma/dv/env/seq_lib/dma_memory_vseq.sv	253	253	257	6	801	dma_generic_vseq @ stimuli/sv/subs/opentitan/hw/ip/dma/dv/env/seq_lib/dma_generic_vseq.sv	nds dma_generic_vseq; `uvm_object_utils(dma_memory_vseq) `uvm_object_new
PRE-TICK	FACT-GATED-CROSS-FILE	opentitan	hw/ip/dma/dv/env/seq_lib/dma_short_transfer_vseq.sv	292	292	296	7	1760	dma_generic_vseq @ stimuli/sv/subs/opentitan/hw/ip/dma/dv/env/seq_lib/dma_generic_vseq.sv	nds dma_generic_vseq; `uvm_object_utils(dma_short_transfer_vseq) `uvm_object
PRE-TICK	FACT-GATED-CROSS-FILE	opentitan	hw/ip/dma/dv/env/seq_lib/dma_stress_all_vseq.sv	296	296	300	6	4603	dma_generic_vseq @ stimuli/sv/subs/opentitan/hw/ip/dma/dv/env/seq_lib/dma_generic_vseq.sv	nds dma_generic_vseq; `uvm_object_utils(dma_stress_all_vseq) `uvm_object_new
PRE-TICK	FACT-GATED-CROSS-FILE	opentitan	hw/ip/dma/dv/tests/dma_base_test.sv	212	213	263	5	442	cip_base_test @ stimuli/sv/subs/opentitan/hw/dv/sv/cip_lib/cip_base_test.sv	tends cip_base_test #( .CFG_T(dma_env_cfg), .ENV_T(dma_env) ); `uvm_compo
PRE-TICK	FACT-GATED-CROSS-FILE	opentitan	hw/ip/edn/dv/env/edn_env.sv	205	206	384	5	2873	cip_base_env @ stimuli/sv/subs/opentitan/hw/dv/sv/cip_lib/cip_base_env.sv	xtends cip_base_env #( .CFG_T (edn_env_cfg), .COV_T
PRE-TICK	FACT-GATED-CROSS-FILE	opentitan	hw/ip/edn/dv/env/edn_env_cfg.sv	213	214	409	5	7100	cip_base_env_cfg @ stimuli/sv/subs/opentitan/hw/dv/sv/cip_lib/cip_base_env_cfg.sv	ds cip_base_env_cfg #(.RAL_T(edn_reg_block)); // external component cfgs cs
PRE-TICK	FACT-GATED-CROSS-FILE	opentitan	hw/ip/edn/dv/env/edn_env_cov.sv	412	413	439	11	1025	cip_base_env_cov @ stimuli/sv/subs/opentitan/hw/dv/sv/cip_lib/cip_base_env_cov.sv	ds cip_base_env_cov #(.CFG_T(edn_env_cfg)); `uvm_component_utils(edn_env_cov)
PRE-TICK	FACT-GATED-CROSS-FILE	opentitan	hw/ip/edn/dv/env/edn_scoreboard.sv	219	220	306	5	34454	cip_base_scoreboard @ stimuli/sv/subs/opentitan/hw/dv/sv/cip_lib/cip_base_scoreboard.sv	cip_base_scoreboard #( .CFG_T(edn_env_cfg), .RAL_T(edn_reg_block), .
PRE-TICK	FACT-GATED-CROSS-FILE	opentitan	hw/ip/edn/dv/env/edn_virtual_sequencer.sv	233	234	293	5	529	cip_base_virtual_sequencer @ stimuli/sv/subs/opentitan/hw/dv/sv/cip_lib/cip_base_virtual_sequencer.sv	e_virtual_sequencer #( .CFG_T(edn_env_cfg), .COV_T(edn_env_cov) ); `
PRE-TICK	FACT-GATED-CROSS-FILE	opentitan	hw/ip/edn/dv/env/seq_lib/edn_alert_vseq.sv	297	297	301	6	26717	edn_base_vseq @ stimuli/sv/subs/opentitan/hw/ip/edn/dv/env/seq_lib/edn_base_vseq.sv	xtends edn_base_vseq; `uvm_object_utils(edn_alert_vseq) `uvm_object_new
PRE-TICK	FACT-GATED-CROSS-FILE	opentitan	hw/ip/edn/dv/env/seq_lib/edn_base_vseq.sv	212	213	394	5	13931	cip_base_vseq @ stimuli/sv/subs/opentitan/hw/dv/sv/cip_lib/seq_lib/cip_base_vseq.sv	tends cip_base_vseq #( .RAL_T (edn_reg_block), .CFG_T
PRE-TICK	FACT-GATED-CROSS-FILE	opentitan	hw/ip/edn/dv/env/seq_lib/edn_common_vseq.sv	214	214	218	5	6569	edn_base_vseq @ stimuli/sv/subs/opentitan/hw/ip/edn/dv/env/seq_lib/edn_base_vseq.sv	xtends edn_base_vseq; `uvm_object_utils(edn_common_vseq) constraint num_tra
PRE-TICK	FACT-GATED-CROSS-FILE	opentitan	hw/ip/edn/dv/env/seq_lib/edn_disable_auto_req_mode_vseq.sv	229	229	233	5	8053	edn_base_vseq @ stimuli/sv/subs/opentitan/hw/ip/edn/dv/env/seq_lib/edn_base_vseq.sv	xtends edn_base_vseq; `uvm_object_utils(edn_disable_auto_req_mode_vseq) `uvm
PRE-TICK	FACT-GATED-CROSS-FILE	opentitan	hw/ip/edn/dv/env/seq_lib/edn_disable_vseq.sv	215	215	219	5	4487	edn_base_vseq @ stimuli/sv/subs/opentitan/hw/ip/edn/dv/env/seq_lib/edn_base_vseq.sv	xtends edn_base_vseq; `uvm_object_utils(edn_disable_vseq) `uvm_object_new
PRE-TICK	FACT-GATED-CROSS-FILE	opentitan	hw/ip/edn/dv/env/seq_lib/edn_err_vseq.sv	296	296	300	7	17420	edn_base_vseq @ stimuli/sv/subs/opentitan/hw/ip/edn/dv/env/seq_lib/edn_base_vseq.sv	xtends edn_base_vseq; `uvm_object_utils(edn_err_vseq) `uvm_object_new pu
PRE-TICK	FACT-GATED-CROSS-FILE	opentitan	hw/ip/edn/dv/env/seq_lib/edn_genbits_vseq.sv	215	215	219	5	10347	edn_base_vseq @ stimuli/sv/subs/opentitan/hw/ip/edn/dv/env/seq_lib/edn_base_vseq.sv	xtends edn_base_vseq; `uvm_object_utils(edn_genbits_vseq) `uvm_object_new
PRE-TICK	FACT-GATED-CROSS-FILE	opentitan	hw/ip/edn/dv/env/seq_lib/edn_intr_vseq.sv	285	285	289	7	3634	edn_base_vseq @ stimuli/sv/subs/opentitan/hw/ip/edn/dv/env/seq_lib/edn_base_vseq.sv	xtends edn_base_vseq; `uvm_object_utils(edn_intr_vseq) `uvm_object_new p
PRE-TICK	FACT-GATED-CROSS-FILE	opentitan	hw/ip/edn/dv/env/seq_lib/edn_smoke_vseq.sv	213	213	217	5	1486	edn_base_vseq @ stimuli/sv/subs/opentitan/hw/ip/edn/dv/env/seq_lib/edn_base_vseq.sv	xtends edn_base_vseq; `uvm_object_utils(edn_smoke_vseq) `uvm_object_new
PRE-TICK	FACT-GATED-CROSS-FILE	opentitan	hw/ip/edn/dv/env/seq_lib/edn_stress_all_vseq.sv	342	342	346	7	1398	edn_base_vseq @ stimuli/sv/subs/opentitan/hw/ip/edn/dv/env/seq_lib/edn_base_vseq.sv	xtends edn_base_vseq; `uvm_object_utils(edn_stress_all_vseq) `uvm_object_ne
PRE-TICK	FACT-GATED-CROSS-FILE	opentitan	hw/ip/edn/dv/tests/edn_alert_test.sv	213	213	218	5	920	edn_base_test @ stimuli/sv/subs/opentitan/hw/ip/edn/dv/tests/edn_base_test.sv	xtends edn_base_test; `uvm_component_utils(edn_alert_test) `uvm_component_n
PRE-TICK	FACT-GATED-CROSS-FILE	opentitan	hw/ip/edn/dv/tests/edn_base_test.sv	212	213	269	5	1380	cip_base_test @ stimuli/sv/subs/opentitan/hw/dv/sv/cip_lib/cip_base_test.sv	tends cip_base_test #( .CFG_T(edn_env_cfg), .ENV_T(edn_env) ); `uvm
PRE-TICK	FACT-GATED-CROSS-FILE	opentitan	hw/ip/edn/dv/tests/edn_disable_auto_req_mode_test.sv	229	229	234	5	781	edn_base_test @ stimuli/sv/subs/opentitan/hw/ip/edn/dv/tests/edn_base_test.sv	xtends edn_base_test; `uvm_component_utils(edn_disable_auto_req_mode_test)
PRE-TICK	FACT-GATED-CROSS-FILE	opentitan	hw/ip/edn/dv/tests/edn_disable_test.sv	215	215	220	5	739	edn_base_test @ stimuli/sv/subs/opentitan/hw/ip/edn/dv/tests/edn_base_test.sv	xtends edn_base_test; `uvm_component_utils(edn_disable_test) `uvm_component
PRE-TICK	FACT-GATED-CROSS-FILE	opentitan	hw/ip/edn/dv/tests/edn_err_test.sv	211	211	216	5	540	edn_intr_test @ stimuli/sv/subs/opentitan/hw/ip/edn/dv/tests/edn_intr_test.sv	xtends edn_intr_test; `uvm_component_utils(edn_err_test) `uvm_component_new
PRE-TICK	FACT-GATED-CROSS-FILE	opentitan	hw/ip/edn/dv/tests/edn_genbits_test.sv	215	215	220	5	796	edn_base_test @ stimuli/sv/subs/opentitan/hw/ip/edn/dv/tests/edn_base_test.sv	xtends edn_base_test; `uvm_component_utils(edn_genbits_test) `uvm_component
PRE-TICK	FACT-GATED-CROSS-FILE	opentitan	hw/ip/edn/dv/tests/edn_intr_test.sv	212	212	217	5	541	edn_base_test @ stimuli/sv/subs/opentitan/hw/ip/edn/dv/tests/edn_base_test.sv	xtends edn_base_test; `uvm_component_utils(edn_intr_test) `uvm_component_ne
PRE-TICK	FACT-GATED-CROSS-FILE	opentitan	hw/ip/edn/dv/tests/edn_regwen_test.sv	215	215	220	5	521	edn_smoke_test @ stimuli/sv/subs/opentitan/hw/ip/edn/dv/tests/edn_smoke_test.sv	tends edn_smoke_test; `uvm_component_utils(edn_regwen_test) `uvm_component_
PRE-TICK	FACT-GATED-CROSS-FILE	opentitan	hw/ip/edn/dv/tests/edn_smoke_test.sv	213	213	218	5	560	edn_base_test @ stimuli/sv/subs/opentitan/hw/ip/edn/dv/tests/edn_base_test.sv	xtends edn_base_test; `uvm_component_utils(edn_smoke_test) `uvm_component_n
PRE-TICK	FACT-GATED-CROSS-FILE	opentitan	hw/ip/edn/dv/tests/edn_stress_all_test.sv	218	218	223	5	496	edn_base_test @ stimuli/sv/subs/opentitan/hw/ip/edn/dv/tests/edn_base_test.sv	xtends edn_base_test; `uvm_component_utils(edn_stress_all_test) `uvm_compon
PRE-TICK	FACT-GATED-CROSS-FILE	opentitan	hw/ip/entropy_src/dv/env/entropy_src_env.sv	213	214	424	5	7710	cip_base_env @ stimuli/sv/subs/opentitan/hw/dv/sv/cip_lib/cip_base_env.sv	xtends cip_base_env #( .CFG_T (entropy_src_env_cfg), .COV_T
PRE-TICK	FACT-GATED-CROSS-FILE	opentitan	hw/ip/entropy_src/dv/env/entropy_src_env_cfg.sv	221	222	259	5	13562	cip_base_env_cfg @ stimuli/sv/subs/opentitan/hw/dv/sv/cip_lib/cip_base_env_cfg.sv	ds cip_base_env_cfg #(.RAL_T(entropy_src_reg_block)); `uvm_object_utils(entro
PRE-TICK	FACT-GATED-CROSS-FILE	opentitan	hw/ip/entropy_src/dv/env/entropy_src_env_cov.sv	420	421	455	11	1057	cip_base_env_cov @ stimuli/sv/subs/opentitan/hw/dv/sv/cip_lib/cip_base_env_cov.sv	ds cip_base_env_cov #(.CFG_T(entropy_src_env_cfg)); `uvm_component_utils(entro
PRE-TICK	FACT-GATED-CROSS-FILE	opentitan	hw/ip/entropy_src/dv/env/entropy_src_scoreboard.sv	227	227	338	5	130033	cip_base_scoreboard @ stimuli/sv/subs/opentitan/hw/dv/sv/cip_lib/cip_base_scoreboard.sv	cip_base_scoreboard#( .CFG_T(entropy_src_env_cfg), .RAL_T(entropy_src_r
PRE-TICK	FACT-GATED-CROSS-FILE	opentitan	hw/ip/entropy_src/dv/env/entropy_src_virtual_sequencer.sv	241	242	317	5	690	cip_base_virtual_sequencer @ stimuli/sv/subs/opentitan/hw/dv/sv/cip_lib/cip_base_virtual_sequencer.sv	e_virtual_sequencer #( .CFG_T(entropy_src_env_cfg), .COV_T(entropy_src_e
PRE-TICK	FACT-GATED-CROSS-FILE	opentitan	hw/ip/entropy_src/dv/env/seq_lib/entropy_src_alert_vseq.sv	450	450	454	11	2404	entropy_src_base_vseq @ stimuli/sv/subs/opentitan/hw/ip/entropy_src/dv/env/seq_lib/entropy_src_base_vseq.sv	ntropy_src_base_vseq; `uvm_object_utils(entropy_src_alert_vseq) `uvm_object
PRE-TICK	FACT-GATED-CROSS-FILE	opentitan	hw/ip/entropy_src/dv/env/seq_lib/entropy_src_base_rng_seq.sv	1780	1780	1803	29	7554	push_pull_indefinite_host_seq @ stimuli/sv/subs/opentitan/hw/dv/sv/push_pull_agent/seq_lib/push_pull_indefinite_host_seq.sv	_indefinite_host_seq#( .HostDataWidth (`RNG_BUS_WIDTH) ); realtime hard
PRE-TICK	FACT-GATED-CROSS-FILE	opentitan	hw/ip/entropy_src/dv/env/seq_lib/entropy_src_base_vseq.sv	220	221	434	5	34156	cip_base_vseq @ stimuli/sv/subs/opentitan/hw/dv/sv/cip_lib/seq_lib/cip_base_vseq.sv	tends cip_base_vseq #( .RAL_T (entropy_src_reg_block), .CF
PRE-TICK	FACT-GATED-CROSS-FILE	opentitan	hw/ip/entropy_src/dv/env/seq_lib/entropy_src_cfg_regwen_vseq.sv	234	234	239	5	1566	entropy_src_base_vseq @ stimuli/sv/subs/opentitan/hw/ip/entropy_src/dv/env/seq_lib/entropy_src_base_vseq.sv	ntropy_src_base_vseq; `uvm_object_utils(entropy_src_cfg_regwen_vseq) `uvm_
PRE-TICK	FACT-GATED-CROSS-FILE	opentitan	hw/ip/entropy_src/dv/env/seq_lib/entropy_src_common_vseq.sv	230	230	234	5	543	entropy_src_base_vseq @ stimuli/sv/subs/opentitan/hw/ip/entropy_src/dv/env/seq_lib/entropy_src_base_vseq.sv	ntropy_src_base_vseq; `uvm_object_utils(entropy_src_common_vseq) constraint
PRE-TICK	FACT-GATED-CROSS-FILE	opentitan	hw/ip/entropy_src/dv/env/seq_lib/entropy_src_err_vseq.sv	320	320	324	7	8269	entropy_src_base_vseq @ stimuli/sv/subs/opentitan/hw/ip/entropy_src/dv/env/seq_lib/entropy_src_base_vseq.sv	ntropy_src_base_vseq; `uvm_object_utils(entropy_src_err_vseq) `uvm_object_n
PRE-TICK	FACT-GATED-CROSS-FILE	opentitan	hw/ip/entropy_src/dv/env/seq_lib/entropy_src_fw_ov_contiguous_vseq.sv	240	240	244	5	1642	entropy_src_base_vseq @ stimuli/sv/subs/opentitan/hw/ip/entropy_src/dv/env/seq_lib/entropy_src_base_vseq.sv	ntropy_src_base_vseq; `uvm_object_utils(entropy_src_fw_ov_contiguous_vseq)
PRE-TICK	FACT-GATED-CROSS-FILE	opentitan	hw/ip/entropy_src/dv/env/seq_lib/entropy_src_intr_vseq.sv	260	260	264	7	17773	entropy_src_base_vseq @ stimuli/sv/subs/opentitan/hw/ip/entropy_src/dv/env/seq_lib/entropy_src_base_vseq.sv	ntropy_src_base_vseq; `uvm_object_utils(entropy_src_intr_vseq) `uvm_object_
PRE-TICK	FACT-GATED-CROSS-FILE	opentitan	hw/ip/entropy_src/dv/env/seq_lib/entropy_src_smoke_vseq.sv	229	229	233	5	1547	entropy_src_base_vseq @ stimuli/sv/subs/opentitan/hw/ip/entropy_src/dv/env/seq_lib/entropy_src_base_vseq.sv	ntropy_src_base_vseq; `uvm_object_utils(entropy_src_smoke_vseq) `uvm_object
PRE-TICK	FACT-GATED-CROSS-FILE	opentitan	hw/ip/entropy_src/dv/env/seq_lib/entropy_src_stress_all_vseq.sv	366	366	370	7	1554	entropy_src_base_vseq @ stimuli/sv/subs/opentitan/hw/ip/entropy_src/dv/env/seq_lib/entropy_src_base_vseq.sv	ntropy_src_base_vseq; `uvm_object_utils(entropy_src_stress_all_vseq) `uvm_o
PRE-TICK	FACT-GATED-CROSS-FILE	opentitan	hw/ip/entropy_src/dv/tests/entropy_src_alert_test.sv	229	229	234	5	1009	entropy_src_base_test @ stimuli/sv/subs/opentitan/hw/ip/entropy_src/dv/tests/entropy_src_base_test.sv	ntropy_src_base_test; `uvm_component_utils(entropy_src_alert_test) `uvm_com
PRE-TICK	FACT-GATED-CROSS-FILE	opentitan	hw/ip/entropy_src/dv/tests/entropy_src_base_test.sv	220	221	293	5	2971	cip_base_test @ stimuli/sv/subs/opentitan/hw/dv/sv/cip_lib/cip_base_test.sv	tends cip_base_test #( .CFG_T(entropy_src_env_cfg), .ENV_T(entropy_src_e
PRE-TICK	FACT-GATED-CROSS-FILE	opentitan	hw/ip/entropy_src/dv/tests/entropy_src_cfg_regwen_test.sv	234	234	239	5	425	entropy_src_base_test @ stimuli/sv/subs/opentitan/hw/ip/entropy_src/dv/tests/entropy_src_base_test.sv	ntropy_src_base_test; `uvm_component_utils(entropy_src_cfg_regwen_test) `uv
PRE-TICK	FACT-GATED-CROSS-FILE	opentitan	hw/ip/entropy_src/dv/tests/entropy_src_functional_errors_test.sv	241	241	246	5	1055	entropy_src_base_test @ stimuli/sv/subs/opentitan/hw/ip/entropy_src/dv/tests/entropy_src_base_test.sv	ntropy_src_base_test; `uvm_component_utils(entropy_src_functional_errors_test
PRE-TICK	FACT-GATED-CROSS-FILE	opentitan	hw/ip/entropy_src/dv/tests/entropy_src_fw_ov_contiguous_test.sv	240	240	245	5	1527	entropy_src_base_test @ stimuli/sv/subs/opentitan/hw/ip/entropy_src/dv/tests/entropy_src_base_test.sv	ntropy_src_base_test; `uvm_component_utils(entropy_src_fw_ov_contiguous_test)
PRE-TICK	FACT-GATED-CROSS-FILE	opentitan	hw/ip/entropy_src/dv/tests/entropy_src_fw_ov_test.sv	229	229	234	5	3114	entropy_src_base_test @ stimuli/sv/subs/opentitan/hw/ip/entropy_src/dv/tests/entropy_src_base_test.sv	ntropy_src_base_test; `uvm_component_utils(entropy_src_fw_ov_test) `uvm_com
PRE-TICK	FACT-GATED-CROSS-FILE	opentitan	hw/ip/entropy_src/dv/tests/entropy_src_intr_test.sv	228	228	233	5	643	entropy_src_base_test @ stimuli/sv/subs/opentitan/hw/ip/entropy_src/dv/tests/entropy_src_base_test.sv	ntropy_src_base_test; `uvm_component_utils(entropy_src_intr_test) `uvm_comp
PRE-TICK	FACT-GATED-CROSS-FILE	opentitan	hw/ip/entropy_src/dv/tests/entropy_src_rng_max_rate_test.sv	235	235	240	5	1683	entropy_src_rng_test @ stimuli/sv/subs/opentitan/hw/ip/entropy_src/dv/tests/entropy_src_rng_test.sv	entropy_src_rng_test; `uvm_component_utils(entropy_src_rng_max_rate_test) `
PRE-TICK	FACT-GATED-CROSS-FILE	opentitan	hw/ip/entropy_src/dv/tests/entropy_src_rng_test.sv	227	227	232	5	3387	entropy_src_base_test @ stimuli/sv/subs/opentitan/hw/ip/entropy_src/dv/tests/entropy_src_base_test.sv	ntropy_src_base_test; `uvm_component_utils(entropy_src_rng_test) `uvm_compo
PRE-TICK	FACT-GATED-CROSS-FILE	opentitan	hw/ip/entropy_src/dv/tests/entropy_src_smoke_test.sv	229	229	234	5	1061	entropy_src_base_test @ stimuli/sv/subs/opentitan/hw/ip/entropy_src/dv/tests/entropy_src_base_test.sv	ntropy_src_base_test; `uvm_component_utils(entropy_src_smoke_test) `uvm_com
PRE-TICK	FACT-GATED-CROSS-FILE	opentitan	hw/ip/entropy_src/dv/tests/entropy_src_stress_all_test.sv	234	234	239	5	833	entropy_src_base_test @ stimuli/sv/subs/opentitan/hw/ip/entropy_src/dv/tests/entropy_src_base_test.sv	ntropy_src_base_test; `uvm_component_utils(entropy_src_stress_all_test) `uv
PRE-TICK	FACT-GATED-CROSS-FILE	opentitan	hw/ip/hmac/dv/env/hmac_env.sv	206	207	487	5	1519	cip_base_env @ stimuli/sv/subs/opentitan/hw/dv/sv/cip_lib/cip_base_env.sv	xtends cip_base_env #(.CFG_T (hmac_env_cfg),
PRE-TICK	FACT-GATED-CROSS-FILE	opentitan	hw/ip/hmac/dv/env/hmac_env_cfg.sv	214	215	244	5	2040	cip_base_env_cfg @ stimuli/sv/subs/opentitan/hw/dv/sv/cip_lib/cip_base_env_cfg.sv	ds cip_base_env_cfg #(.RAL_T(hmac_reg_block)); `uvm_object_utils(hmac_env_cfg)
PRE-TICK	FACT-GATED-CROSS-FILE	opentitan	hw/ip/hmac/dv/env/hmac_scoreboard.sv	220	221	401	5	50050	cip_base_scoreboard @ stimuli/sv/subs/opentitan/hw/dv/sv/cip_lib/cip_base_scoreboard.sv	cip_base_scoreboard #(.CFG_T (hmac_env_cfg),
PRE-TICK	FACT-GATED-CROSS-FILE	opentitan	hw/ip/hmac/dv/env/seq_lib/hmac_back_pressure_vseq.sv	340	340	344	8	1232	hmac_smoke_vseq @ stimuli/sv/subs/opentitan/hw/ip/hmac/dv/env/seq_lib/hmac_smoke_vseq.sv	ends hmac_smoke_vseq; `uvm_object_utils(hmac_back_pressure_vseq) // Constra
PRE-TICK	FACT-GATED-CROSS-FILE	opentitan	hw/ip/hmac/dv/env/seq_lib/hmac_base_vseq.sv	213	214	514	5	34389	cip_base_vseq @ stimuli/sv/subs/opentitan/hw/dv/sv/cip_lib/seq_lib/cip_base_vseq.sv	tends cip_base_vseq #(.CFG_T (hmac_env_cfg),
PRE-TICK	FACT-GATED-CROSS-FILE	opentitan	hw/ip/hmac/dv/env/seq_lib/hmac_burst_wr_vseq.sv	386	386	390	8	745	hmac_long_msg_vseq @ stimuli/sv/subs/opentitan/hw/ip/hmac/dv/env/seq_lib/hmac_long_msg_vseq.sv	s hmac_long_msg_vseq; `uvm_object_utils(hmac_burst_wr_vseq) // Standard SV/
PRE-TICK	FACT-GATED-CROSS-FILE	opentitan	hw/ip/hmac/dv/env/seq_lib/hmac_common_vseq.sv	216	216	220	5	1847	hmac_base_vseq @ stimuli/sv/subs/opentitan/hw/ip/hmac/dv/env/seq_lib/hmac_base_vseq.sv	tends hmac_base_vseq; `uvm_object_utils(hmac_common_vseq) rand bit trig_rst
PRE-TICK	FACT-GATED-CROSS-FILE	opentitan	hw/ip/hmac/dv/env/seq_lib/hmac_datapath_stress_vseq.sv	394	394	398	8	1310	hmac_smoke_vseq @ stimuli/sv/subs/opentitan/hw/ip/hmac/dv/env/seq_lib/hmac_smoke_vseq.sv	ends hmac_smoke_vseq; `uvm_object_utils(hmac_datapath_stress_vseq) rand int
PRE-TICK	FACT-GATED-CROSS-FILE	opentitan	hw/ip/hmac/dv/env/seq_lib/hmac_directed_vseq.sv	325	325	329	7	1524	hmac_smoke_vseq @ stimuli/sv/subs/opentitan/hw/ip/hmac/dv/env/seq_lib/hmac_smoke_vseq.sv	ends hmac_smoke_vseq; `uvm_object_utils(hmac_directed_vseq) // Constraints
PRE-TICK	FACT-GATED-CROSS-FILE	opentitan	hw/ip/hmac/dv/env/seq_lib/hmac_error_vseq.sv	301	301	305	7	848	hmac_long_msg_vseq @ stimuli/sv/subs/opentitan/hw/ip/hmac/dv/env/seq_lib/hmac_long_msg_vseq.sv	s hmac_long_msg_vseq; `uvm_object_utils(hmac_error_vseq) // Standard SV/UVM
PRE-TICK	FACT-GATED-CROSS-FILE	opentitan	hw/ip/hmac/dv/env/seq_lib/hmac_long_msg_vseq.sv	327	327	331	8	1114	hmac_smoke_vseq @ stimuli/sv/subs/opentitan/hw/ip/hmac/dv/env/seq_lib/hmac_smoke_vseq.sv	ends hmac_smoke_vseq; `uvm_object_utils(hmac_long_msg_vseq) // Constraints
PRE-TICK	FACT-GATED-CROSS-FILE	opentitan	hw/ip/hmac/dv/env/seq_lib/hmac_smoke_vseq.sv	215	215	219	5	9526	hmac_base_vseq @ stimuli/sv/subs/opentitan/hw/ip/hmac/dv/env/seq_lib/hmac_base_vseq.sv	tends hmac_base_vseq; `uvm_object_utils(hmac_smoke_vseq) rand bit
PRE-TICK	FACT-GATED-CROSS-FILE	opentitan	hw/ip/hmac/dv/env/seq_lib/hmac_stress_all_vseq.sv	345	345	349	7	1977	hmac_base_vseq @ stimuli/sv/subs/opentitan/hw/ip/hmac/dv/env/seq_lib/hmac_base_vseq.sv	tends hmac_base_vseq; `uvm_object_utils(hmac_stress_all_vseq) // Constraint
PRE-TICK	FACT-GATED-CROSS-FILE	opentitan	hw/ip/hmac/dv/env/seq_lib/hmac_stress_reset_vseq.sv	336	336	340	7	957	hmac_base_vseq @ stimuli/sv/subs/opentitan/hw/ip/hmac/dv/env/seq_lib/hmac_base_vseq.sv	tends hmac_base_vseq; `uvm_object_utils(hmac_stress_reset_vseq) // Standard
PRE-TICK	FACT-GATED-CROSS-FILE	opentitan	hw/ip/hmac/dv/env/seq_lib/hmac_test_vectors_hmac_vseq.sv	372	372	376	8	1079	hmac_test_vectors_sha_vseq @ stimuli/sv/subs/opentitan/hw/ip/hmac/dv/env/seq_lib/hmac_test_vectors_sha_vseq.sv	est_vectors_sha_vseq; `uvm_object_utils(hmac_test_vectors_hmac_vseq) // Con
PRE-TICK	FACT-GATED-CROSS-FILE	opentitan	hw/ip/hmac/dv/env/seq_lib/hmac_test_vectors_sha_vseq.sv	415	415	419	8	6458	hmac_base_vseq @ stimuli/sv/subs/opentitan/hw/ip/hmac/dv/env/seq_lib/hmac_base_vseq.sv	tends hmac_base_vseq; `uvm_object_utils(hmac_test_vectors_sha_vseq) string
PRE-TICK	FACT-GATED-CROSS-FILE	opentitan	hw/ip/hmac/dv/env/seq_lib/hmac_wipe_secret_vseq.sv	409	409	413	8	1276	hmac_smoke_vseq @ stimuli/sv/subs/opentitan/hw/ip/hmac/dv/env/seq_lib/hmac_smoke_vseq.sv	ends hmac_smoke_vseq; `uvm_object_utils(hmac_wipe_secret_vseq) // Constrain
PRE-TICK	FACT-GATED-CROSS-FILE	opentitan	hw/ip/hmac/dv/tests/hmac_base_test.sv	213	214	304	5	872	cip_base_test @ stimuli/sv/subs/opentitan/hw/dv/sv/cip_lib/cip_base_test.sv	tends cip_base_test #(.ENV_T(hmac_env),
PRE-TICK	FACT-GATED-CROSS-FILE	opentitan	hw/ip/i2c/dv/env/i2c_env.sv	205	206	445	5	2913	cip_base_env @ stimuli/sv/subs/opentitan/hw/dv/sv/cip_lib/cip_base_env.sv	xtends cip_base_env #( .CFG_T (i2c_env_cfg), .COV_T
PRE-TICK	FACT-GATED-CROSS-FILE	opentitan	hw/ip/i2c/dv/env/i2c_env_cfg.sv	243	244	3741	6	5150	cip_base_env_cfg @ stimuli/sv/subs/opentitan/hw/dv/sv/cip_lib/cip_base_env_cfg.sv	ds cip_base_env_cfg #(.RAL_T(i2c_reg_block)); i2c_scoreboard scoreboard; /
PRE-TICK	FACT-GATED-CROSS-FILE	opentitan	hw/ip/i2c/dv/env/i2c_env_cov.sv	6053	6054	16600	101	18692	uint @ stimuli/sv/subs/opentitan/hw/dv/sv/dv_utils/dv_utils_pkg.sv	fifo_level_cg (uint fifo_depth) with function sample(int fifolvl, bit irq, bit
PRE-TICK	FACT-GATED-CROSS-FILE	opentitan	hw/ip/i2c/dv/env/i2c_scoreboard.sv	3846	3847	3933	73	28821	cip_base_scoreboard @ stimuli/sv/subs/opentitan/hw/dv/sv/cip_lib/cip_base_scoreboard.sv	cip_base_scoreboard #( .CFG_T(i2c_env_cfg), .RAL_T(i2c_reg_block), .
PRE-TICK	FACT-GATED-CROSS-FILE	opentitan	hw/ip/i2c/dv/env/i2c_virtual_sequencer.sv	233	234	383	5	482	cip_base_virtual_sequencer @ stimuli/sv/subs/opentitan/hw/dv/sv/cip_lib/cip_base_virtual_sequencer.sv	e_virtual_sequencer #(.CFG_T(i2c_env_cfg),
PRE-TICK	FACT-GATED-CROSS-FILE	opentitan	hw/ip/i2c/dv/env/seq_lib/i2c_base_vseq.sv	2089	2090	2271	52	62216	cip_base_vseq @ stimuli/sv/subs/opentitan/hw/dv/sv/cip_lib/seq_lib/cip_base_vseq.sv	tends cip_base_vseq #( .CFG_T (i2c_env_cfg), .RAL_T
PRE-TICK	FACT-GATED-CROSS-FILE	opentitan	hw/ip/i2c/dv/env/seq_lib/i2c_common_vseq.sv	214	214	218	5	1055	i2c_base_vseq @ stimuli/sv/subs/opentitan/hw/ip/i2c/dv/env/seq_lib/i2c_base_vseq.sv	xtends i2c_base_vseq; `uvm_object_utils(i2c_common_vseq) `uvm_object_new
PRE-TICK	FACT-GATED-CROSS-FILE	opentitan	hw/ip/i2c/dv/env/seq_lib/i2c_glitch_vseq.sv	470	470	475	9	22866	i2c_target_smoke_vseq @ stimuli/sv/subs/opentitan/hw/ip/i2c/dv/env/seq_lib/i2c_target_smoke_vseq.sv	2c_target_smoke_vseq; `uvm_object_utils(i2c_glitch_vseq) `uvm_object_new
PRE-TICK	FACT-GATED-CROSS-FILE	opentitan	hw/ip/i2c/dv/env/seq_lib/i2c_host_error_intr_vseq.sv	533	533	537	10	3267	i2c_rx_tx_vseq @ stimuli/sv/subs/opentitan/hw/ip/i2c/dv/env/seq_lib/i2c_rx_tx_vseq.sv	tends i2c_rx_tx_vseq; `uvm_object_utils(i2c_host_error_intr_vseq) `uvm_objec
PRE-TICK	FACT-GATED-CROSS-FILE	opentitan	hw/ip/i2c/dv/env/seq_lib/i2c_host_fifo_fmt_empty_vseq.sv	364	364	368	8	1341	i2c_rx_tx_vseq @ stimuli/sv/subs/opentitan/hw/ip/i2c/dv/env/seq_lib/i2c_rx_tx_vseq.sv	tends i2c_rx_tx_vseq; `uvm_object_utils(i2c_host_fifo_fmt_empty_vseq) `uvm_o
PRE-TICK	FACT-GATED-CROSS-FILE	opentitan	hw/ip/i2c/dv/env/seq_lib/i2c_host_fifo_full_vseq.sv	252	252	257	6	3788	i2c_rx_tx_vseq @ stimuli/sv/subs/opentitan/hw/ip/i2c/dv/env/seq_lib/i2c_rx_tx_vseq.sv	tends i2c_rx_tx_vseq; `uvm_object_utils(i2c_host_fifo_full_vseq) `uvm_objec
PRE-TICK	FACT-GATED-CROSS-FILE	opentitan	hw/ip/i2c/dv/env/seq_lib/i2c_host_fifo_overflow_vseq.sv	260	260	264	6	2981	i2c_rx_tx_vseq @ stimuli/sv/subs/opentitan/hw/ip/i2c/dv/env/seq_lib/i2c_rx_tx_vseq.sv	tends i2c_rx_tx_vseq; `uvm_object_utils(i2c_host_fifo_overflow_vseq) `uvm_ob
PRE-TICK	FACT-GATED-CROSS-FILE	opentitan	hw/ip/i2c/dv/env/seq_lib/i2c_host_fifo_reset_fmt_vseq.sv	364	364	368	8	2812	i2c_rx_tx_vseq @ stimuli/sv/subs/opentitan/hw/ip/i2c/dv/env/seq_lib/i2c_rx_tx_vseq.sv	tends i2c_rx_tx_vseq; `uvm_object_utils(i2c_host_fifo_reset_fmt_vseq) `uvm_o
PRE-TICK	FACT-GATED-CROSS-FILE	opentitan	hw/ip/i2c/dv/env/seq_lib/i2c_host_fifo_reset_rx_vseq.sv	367	367	371	8	3144	i2c_rx_tx_vseq @ stimuli/sv/subs/opentitan/hw/ip/i2c/dv/env/seq_lib/i2c_rx_tx_vseq.sv	tends i2c_rx_tx_vseq; `uvm_object_utils(i2c_host_fifo_reset_rx_vseq) `uvm_ob
PRE-TICK	FACT-GATED-CROSS-FILE	opentitan	hw/ip/i2c/dv/env/seq_lib/i2c_host_fifo_watermark_vseq.sv	284	284	288	6	7182	i2c_rx_tx_vseq @ stimuli/sv/subs/opentitan/hw/ip/i2c/dv/env/seq_lib/i2c_rx_tx_vseq.sv	tends i2c_rx_tx_vseq; `uvm_object_utils(i2c_host_fifo_watermark_vseq) `uvm_o
PRE-TICK	FACT-GATED-CROSS-FILE	opentitan	hw/ip/i2c/dv/env/seq_lib/i2c_host_may_nack_vseq.sv	437	437	441	9	1764	i2c_rx_tx_vseq @ stimuli/sv/subs/opentitan/hw/ip/i2c/dv/env/seq_lib/i2c_rx_tx_vseq.sv	tends i2c_rx_tx_vseq; `uvm_object_utils(i2c_host_may_nack_vseq) `uvm_object_
PRE-TICK	FACT-GATED-CROSS-FILE	opentitan	hw/ip/i2c/dv/env/seq_lib/i2c_host_mode_toggle_vseq.sv	662	662	666	12	4537	i2c_base_vseq @ stimuli/sv/subs/opentitan/hw/ip/i2c/dv/env/seq_lib/i2c_base_vseq.sv	xtends i2c_base_vseq; `uvm_object_utils(i2c_host_mode_toggle_vseq) `uvm_obje
PRE-TICK	FACT-GATED-CROSS-FILE	opentitan	hw/ip/i2c/dv/env/seq_lib/i2c_host_override_vseq.sv	221	221	225	5	2388	i2c_base_vseq @ stimuli/sv/subs/opentitan/hw/ip/i2c/dv/env/seq_lib/i2c_base_vseq.sv	xtends i2c_base_vseq; `uvm_object_utils(i2c_host_override_vseq) `uvm_object_
PRE-TICK	FACT-GATED-CROSS-FILE	opentitan	hw/ip/i2c/dv/env/seq_lib/i2c_host_perf_precise_vseq.sv	536	536	540	10	2494	i2c_host_perf_vseq @ stimuli/sv/subs/opentitan/hw/ip/i2c/dv/env/seq_lib/i2c_host_perf_vseq.sv	s i2c_host_perf_vseq; `uvm_object_utils(i2c_host_perf_precise_vseq) `uvm_obj
PRE-TICK	FACT-GATED-CROSS-FILE	opentitan	hw/ip/i2c/dv/env/seq_lib/i2c_host_perf_vseq.sv	653	653	657	12	8344	i2c_rx_tx_vseq @ stimuli/sv/subs/opentitan/hw/ip/i2c/dv/env/seq_lib/i2c_rx_tx_vseq.sv	tends i2c_rx_tx_vseq; `uvm_object_utils(i2c_host_perf_vseq) `uvm_object_new
PRE-TICK	FACT-GATED-CROSS-FILE	opentitan	hw/ip/i2c/dv/env/seq_lib/i2c_host_rx_oversample_vseq.sv	252	252	256	6	2439	i2c_rx_tx_vseq @ stimuli/sv/subs/opentitan/hw/ip/i2c/dv/env/seq_lib/i2c_rx_tx_vseq.sv	tends i2c_rx_tx_vseq; `uvm_object_utils(i2c_host_rx_oversample_vseq) `uvm_ob
PRE-TICK	FACT-GATED-CROSS-FILE	opentitan	hw/ip/i2c/dv/env/seq_lib/i2c_host_smoke_vseq.sv	244	244	248	6	989	i2c_rx_tx_vseq @ stimuli/sv/subs/opentitan/hw/ip/i2c/dv/env/seq_lib/i2c_rx_tx_vseq.sv	tends i2c_rx_tx_vseq; `uvm_object_utils(i2c_host_smoke_vseq) `uvm_object_new
PRE-TICK	FACT-GATED-CROSS-FILE	opentitan	hw/ip/i2c/dv/env/seq_lib/i2c_host_stress_all_vseq.sv	543	543	547	11	4157	i2c_rx_tx_vseq @ stimuli/sv/subs/opentitan/hw/ip/i2c/dv/env/seq_lib/i2c_rx_tx_vseq.sv	tends i2c_rx_tx_vseq; `uvm_object_utils(i2c_host_stress_all_vseq) `uvm_obje
PRE-TICK	FACT-GATED-CROSS-FILE	opentitan	hw/ip/i2c/dv/env/seq_lib/i2c_host_stretch_timeout_vseq.sv	721	721	725	13	4168	i2c_rx_tx_vseq @ stimuli/sv/subs/opentitan/hw/ip/i2c/dv/env/seq_lib/i2c_rx_tx_vseq.sv	tends i2c_rx_tx_vseq; `uvm_object_utils(i2c_host_stretch_timeout_vseq) `uvm_
PRE-TICK	FACT-GATED-CROSS-FILE	opentitan	hw/ip/i2c/dv/env/seq_lib/i2c_host_timeout_vseq.sv	499	499	503	10	873	i2c_rx_tx_vseq @ stimuli/sv/subs/opentitan/hw/ip/i2c/dv/env/seq_lib/i2c_rx_tx_vseq.sv	tends i2c_rx_tx_vseq; `uvm_object_utils(i2c_host_timeout_vseq) `uvm_object_n
PRE-TICK	FACT-GATED-CROSS-FILE	opentitan	hw/ip/i2c/dv/env/seq_lib/i2c_rx_tx_vseq.sv	213	213	217	5	9654	i2c_base_vseq @ stimuli/sv/subs/opentitan/hw/ip/i2c/dv/env/seq_lib/i2c_base_vseq.sv	xtends i2c_base_vseq; `uvm_object_utils(i2c_rx_tx_vseq) `uvm_object_new l
PRE-TICK	FACT-GATED-CROSS-FILE	opentitan	hw/ip/i2c/dv/env/seq_lib/i2c_target_ack_stop_vseq.sv	442	442	446	9	1838	i2c_target_smoke_vseq @ stimuli/sv/subs/opentitan/hw/ip/i2c/dv/env/seq_lib/i2c_target_smoke_vseq.sv	2c_target_smoke_vseq; `uvm_object_utils(i2c_target_ack_stop_vseq) `uvm_objec
PRE-TICK	FACT-GATED-CROSS-FILE	opentitan	hw/ip/i2c/dv/env/seq_lib/i2c_target_fifo_reset_acq_vseq.sv	456	456	460	8	1610	i2c_target_runtime_base_vseq @ stimuli/sv/subs/opentitan/hw/ip/i2c/dv/env/seq_lib/i2c_target_runtime_base_vseq.sv	et_runtime_base_vseq; `uvm_object_utils(i2c_target_fifo_reset_acq_vseq) `uvm
PRE-TICK	FACT-GATED-CROSS-FILE	opentitan	hw/ip/i2c/dv/env/seq_lib/i2c_target_fifo_reset_tx_vseq.sv	459	459	463	8	1639	i2c_target_runtime_base_vseq @ stimuli/sv/subs/opentitan/hw/ip/i2c/dv/env/seq_lib/i2c_target_runtime_base_vseq.sv	et_runtime_base_vseq; `uvm_object_utils(i2c_target_fifo_reset_tx_vseq) `uvm_
PRE-TICK	FACT-GATED-CROSS-FILE	opentitan	hw/ip/i2c/dv/env/seq_lib/i2c_target_fifo_watermarks_acq_vseq.sv	794	794	798	17	3805	i2c_target_runtime_base_vseq @ stimuli/sv/subs/opentitan/hw/ip/i2c/dv/env/seq_lib/i2c_target_runtime_base_vseq.sv	et_runtime_base_vseq; `uvm_object_utils(i2c_target_fifo_watermarks_acq_vseq)
PRE-TICK	FACT-GATED-CROSS-FILE	opentitan	hw/ip/i2c/dv/env/seq_lib/i2c_target_fifo_watermarks_tx_vseq.sv	870	870	874	18	5426	i2c_target_runtime_base_vseq @ stimuli/sv/subs/opentitan/hw/ip/i2c/dv/env/seq_lib/i2c_target_runtime_base_vseq.sv	et_runtime_base_vseq; `uvm_object_utils(i2c_target_fifo_watermarks_tx_vseq)
PRE-TICK	FACT-GATED-CROSS-FILE	opentitan	hw/ip/i2c/dv/env/seq_lib/i2c_target_hrst_vseq.sv	1057	1057	1261	21	8183	i2c_target_smoke_vseq @ stimuli/sv/subs/opentitan/hw/ip/i2c/dv/env/seq_lib/i2c_target_smoke_vseq.sv	2c_target_smoke_vseq; /////////////// // VARIABLES // ///////////////
PRE-TICK	FACT-GATED-CROSS-FILE	opentitan	hw/ip/i2c/dv/env/seq_lib/i2c_target_nack_acqfull_addr_vseq.sv	1629	1629	1633	31	4104	i2c_target_nack_acqfull_vseq @ stimuli/sv/subs/opentitan/hw/ip/i2c/dv/env/seq_lib/i2c_target_nack_acqfull_vseq.sv	et_nack_acqfull_vseq; `uvm_object_utils(i2c_target_nack_acqfull_addr_vseq) `
PRE-TICK	FACT-GATED-CROSS-FILE	opentitan	hw/ip/i2c/dv/env/seq_lib/i2c_target_nack_acqfull_vseq.sv	1563	1563	1567	29	3991	i2c_target_runtime_base_vseq @ stimuli/sv/subs/opentitan/hw/ip/i2c/dv/env/seq_lib/i2c_target_runtime_base_vseq.sv	et_runtime_base_vseq; `uvm_object_utils(i2c_target_nack_acqfull_vseq) `uvm_o
PRE-TICK	FACT-GATED-CROSS-FILE	opentitan	hw/ip/i2c/dv/env/seq_lib/i2c_target_nack_txstretch_vseq.sv	1314	1314	1318	26	4491	i2c_target_runtime_base_vseq @ stimuli/sv/subs/opentitan/hw/ip/i2c/dv/env/seq_lib/i2c_target_runtime_base_vseq.sv	et_runtime_base_vseq; `uvm_object_utils(i2c_target_nack_txstretch_vseq) `uvm
PRE-TICK	FACT-GATED-CROSS-FILE	opentitan	hw/ip/i2c/dv/env/seq_lib/i2c_target_perf_vseq.sv	263	263	267	6	1115	i2c_target_smoke_vseq @ stimuli/sv/subs/opentitan/hw/ip/i2c/dv/env/seq_lib/i2c_target_smoke_vseq.sv	2c_target_smoke_vseq; `uvm_object_utils(i2c_target_perf_vseq) `uvm_object_ne
PRE-TICK	FACT-GATED-CROSS-FILE	opentitan	hw/ip/i2c/dv/env/seq_lib/i2c_target_runtime_base_vseq.sv	1026	1026	1030	18	8321	i2c_target_smoke_vseq @ stimuli/sv/subs/opentitan/hw/ip/i2c/dv/env/seq_lib/i2c_target_smoke_vseq.sv	2c_target_smoke_vseq; `uvm_object_utils(i2c_target_runtime_base_vseq) `uvm_o
PRE-TICK	FACT-GATED-CROSS-FILE	opentitan	hw/ip/i2c/dv/env/seq_lib/i2c_target_smbus_maxlen_vseq.sv	710	710	714	13	2689	i2c_target_runtime_base_vseq @ stimuli/sv/subs/opentitan/hw/ip/i2c/dv/env/seq_lib/i2c_target_runtime_base_vseq.sv	et_runtime_base_vseq; `uvm_object_utils(i2c_target_smbus_maxlen_vseq) `uvm_o
PRE-TICK	FACT-GATED-CROSS-FILE	opentitan	hw/ip/i2c/dv/env/seq_lib/i2c_target_smoke_vseq.sv	245	245	249	6	5479	i2c_base_vseq @ stimuli/sv/subs/opentitan/hw/ip/i2c/dv/env/seq_lib/i2c_base_vseq.sv	xtends i2c_base_vseq; `uvm_object_utils(i2c_target_smoke_vseq) `uvm_object_n
PRE-TICK	FACT-GATED-CROSS-FILE	opentitan	hw/ip/i2c/dv/env/seq_lib/i2c_target_stress_all_vseq.sv	338	338	676	8	4282	i2c_base_vseq @ stimuli/sv/subs/opentitan/hw/ip/i2c/dv/env/seq_lib/i2c_base_vseq.sv	xtends i2c_base_vseq; /////////////// // VARIABLES // ///////////////
PRE-TICK	FACT-GATED-CROSS-FILE	opentitan	hw/ip/i2c/dv/env/seq_lib/i2c_target_stress_rd_vseq.sv	232	232	236	5	518	i2c_target_smoke_vseq @ stimuli/sv/subs/opentitan/hw/ip/i2c/dv/env/seq_lib/i2c_target_smoke_vseq.sv	2c_target_smoke_vseq; `uvm_object_utils(i2c_target_stress_rd_vseq) `uvm_obje
PRE-TICK	FACT-GATED-CROSS-FILE	opentitan	hw/ip/i2c/dv/env/seq_lib/i2c_target_stress_wr_vseq.sv	232	232	236	5	517	i2c_target_smoke_vseq @ stimuli/sv/subs/opentitan/hw/ip/i2c/dv/env/seq_lib/i2c_target_smoke_vseq.sv	2c_target_smoke_vseq; `uvm_object_utils(i2c_target_stress_wr_vseq) `uvm_obje
PRE-TICK	FACT-GATED-CROSS-FILE	opentitan	hw/ip/i2c/dv/env/seq_lib/i2c_target_stretch_vseq.sv	230	230	234	5	541	i2c_target_smoke_vseq @ stimuli/sv/subs/opentitan/hw/ip/i2c/dv/env/seq_lib/i2c_target_smoke_vseq.sv	2c_target_smoke_vseq; `uvm_object_utils(i2c_target_stretch_vseq) `uvm_object
PRE-TICK	FACT-GATED-CROSS-FILE	opentitan	hw/ip/i2c/dv/env/seq_lib/i2c_target_timeout_vseq.sv	682	682	686	13	2007	i2c_target_smoke_vseq @ stimuli/sv/subs/opentitan/hw/ip/i2c/dv/env/seq_lib/i2c_target_smoke_vseq.sv	2c_target_smoke_vseq; `uvm_object_utils(i2c_target_timeout_vseq) `uvm_object
PRE-TICK	FACT-GATED-CROSS-FILE	opentitan	hw/ip/i2c/dv/env/seq_lib/i2c_target_tx_stretch_ctrl_vseq.sv	933	933	937	19	6531	i2c_target_runtime_base_vseq @ stimuli/sv/subs/opentitan/hw/ip/i2c/dv/env/seq_lib/i2c_target_runtime_base_vseq.sv	et_runtime_base_vseq; `uvm_object_utils(i2c_target_tx_stretch_ctrl_vseq) `uv
PRE-TICK	FACT-GATED-CROSS-FILE	opentitan	hw/ip/i2c/dv/tests/i2c_base_test.sv	212	213	300	5	1323	cip_base_test @ stimuli/sv/subs/opentitan/hw/dv/sv/cip_lib/cip_base_test.sv	tends cip_base_test #(.ENV_T(i2c_env),
PRE-TICK	FACT-GATED-CROSS-FILE	opentitan	hw/ip/keymgr/dv/env/keymgr_env.sv	208	209	399	5	1359	cip_base_env @ stimuli/sv/subs/opentitan/hw/dv/sv/cip_lib/cip_base_env.sv	xtends cip_base_env #( .CFG_T (keymgr_env_cfg), .COV_T
PRE-TICK	FACT-GATED-CROSS-FILE	opentitan	hw/ip/keymgr/dv/env/keymgr_env_cfg.sv	216	217	398	5	1433	cip_base_env_cfg @ stimuli/sv/subs/opentitan/hw/dv/sv/cip_lib/cip_base_env_cfg.sv	ds cip_base_env_cfg #(.RAL_T(keymgr_reg_block)); rand kmac_app_agent_cfg m_km
PRE-TICK	FACT-GATED-CROSS-FILE	opentitan	hw/ip/keymgr/dv/env/keymgr_env_cov.sv	1174	1175	1204	36	8393	cip_base_env_cov @ stimuli/sv/subs/opentitan/hw/dv/sv/cip_lib/cip_base_env_cov.sv	ds cip_base_env_cov #(.CFG_T(keymgr_env_cfg)); `uvm_component_utils(keymgr_env
PRE-TICK	FACT-GATED-CROSS-FILE	opentitan	hw/ip/keymgr/dv/env/keymgr_scoreboard.sv	222	223	318	5	55018	cip_base_scoreboard @ stimuli/sv/subs/opentitan/hw/dv/sv/cip_lib/cip_base_scoreboard.sv	cip_base_scoreboard #( .CFG_T(keymgr_env_cfg), .RAL_T(keymgr_reg_block),
PRE-TICK	FACT-GATED-CROSS-FILE	opentitan	hw/ip/keymgr/dv/env/keymgr_virtual_sequencer.sv	236	237	302	5	382	cip_base_virtual_sequencer @ stimuli/sv/subs/opentitan/hw/dv/sv/cip_lib/cip_base_virtual_sequencer.sv	e_virtual_sequencer #( .CFG_T(keymgr_env_cfg), .COV_T(keymgr_env_cov)
PRE-TICK	FACT-GATED-CROSS-FILE	opentitan	hw/ip/keymgr/dv/env/seq_lib/keymgr_base_vseq.sv	215	216	409	5	13503	cip_base_vseq @ stimuli/sv/subs/opentitan/hw/dv/sv/cip_lib/seq_lib/cip_base_vseq.sv	tends cip_base_vseq #( .RAL_T (keymgr_reg_block), .CFG_T
PRE-TICK	FACT-GATED-CROSS-FILE	opentitan	hw/ip/keymgr/dv/env/seq_lib/keymgr_cfg_regwen_vseq.sv	444	444	448	8	3440	keymgr_random_vseq @ stimuli/sv/subs/opentitan/hw/ip/keymgr/dv/env/seq_lib/keymgr_random_vseq.sv	s keymgr_random_vseq; `uvm_object_utils(keymgr_cfg_regwen_vseq) `uvm_object_
PRE-TICK	FACT-GATED-CROSS-FILE	opentitan	hw/ip/keymgr/dv/env/seq_lib/keymgr_common_vseq.sv	220	220	224	5	6768	keymgr_base_vseq @ stimuli/sv/subs/opentitan/hw/ip/keymgr/dv/env/seq_lib/keymgr_base_vseq.sv	nds keymgr_base_vseq; `uvm_object_utils(keymgr_common_vseq) // Set this fla
PRE-TICK	FACT-GATED-CROSS-FILE	opentitan	hw/ip/keymgr/dv/env/seq_lib/keymgr_custom_cm_vseq.sv	460	460	464	8	4440	keymgr_lc_disable_vseq @ stimuli/sv/subs/opentitan/hw/ip/keymgr/dv/env/seq_lib/keymgr_lc_disable_vseq.sv	ymgr_lc_disable_vseq; `uvm_object_utils(keymgr_custom_cm_vseq) `uvm_object_n
PRE-TICK	FACT-GATED-CROSS-FILE	opentitan	hw/ip/keymgr/dv/env/seq_lib/keymgr_direct_to_disabled_vseq.sv	331	331	335	6	1586	keymgr_random_vseq @ stimuli/sv/subs/opentitan/hw/ip/keymgr/dv/env/seq_lib/keymgr_random_vseq.sv	s keymgr_random_vseq; `uvm_object_utils(keymgr_direct_to_disabled_vseq) `uvm
PRE-TICK	FACT-GATED-CROSS-FILE	opentitan	hw/ip/keymgr/dv/env/seq_lib/keymgr_hwsw_invalid_input_vseq.sv	514	514	518	9	1437	keymgr_sw_invalid_input_vseq @ stimuli/sv/subs/opentitan/hw/ip/keymgr/dv/env/seq_lib/keymgr_sw_invalid_input_vseq.sv	w_invalid_input_vseq; `uvm_object_utils(keymgr_hwsw_invalid_input_vseq) `uvm
PRE-TICK	FACT-GATED-CROSS-FILE	opentitan	hw/ip/keymgr/dv/env/seq_lib/keymgr_kmac_rsp_err_vseq.sv	458	458	462	8	1087	keymgr_hwsw_invalid_input_vseq @ stimuli/sv/subs/opentitan/hw/ip/keymgr/dv/env/seq_lib/keymgr_hwsw_invalid_input_vseq.sv	w_invalid_input_vseq; `uvm_object_utils(keymgr_kmac_rsp_err_vseq) `uvm_objec
PRE-TICK	FACT-GATED-CROSS-FILE	opentitan	hw/ip/keymgr/dv/env/seq_lib/keymgr_lc_disable_vseq.sv	326	326	330	6	3792	keymgr_random_vseq @ stimuli/sv/subs/opentitan/hw/ip/keymgr/dv/env/seq_lib/keymgr_random_vseq.sv	s keymgr_random_vseq; `uvm_object_utils(keymgr_lc_disable_vseq) `uvm_object_
PRE-TICK	FACT-GATED-CROSS-FILE	opentitan	hw/ip/keymgr/dv/env/seq_lib/keymgr_random_vseq.sv	295	295	299	6	3428	keymgr_sideload_vseq @ stimuli/sv/subs/opentitan/hw/ip/keymgr/dv/env/seq_lib/keymgr_sideload_vseq.sv	keymgr_sideload_vseq; `uvm_object_utils(keymgr_random_vseq) `uvm_object_new
PRE-TICK	FACT-GATED-CROSS-FILE	opentitan	hw/ip/keymgr/dv/env/seq_lib/keymgr_sideload_one_intf_vseq.sv	301	301	305	6	880	keymgr_sideload_vseq @ stimuli/sv/subs/opentitan/hw/ip/keymgr/dv/env/seq_lib/keymgr_sideload_vseq.sv	keymgr_sideload_vseq; `uvm_object_utils(keymgr_sideload_one_intf_vseq) `uvm_
PRE-TICK	FACT-GATED-CROSS-FILE	opentitan	hw/ip/keymgr/dv/env/seq_lib/keymgr_sideload_protect_vseq.sv	643	643	647	12	2702	keymgr_random_vseq @ stimuli/sv/subs/opentitan/hw/ip/keymgr/dv/env/seq_lib/keymgr_random_vseq.sv	s keymgr_random_vseq; `uvm_object_utils(keymgr_sideload_protect_vseq) `uvm_o
PRE-TICK	FACT-GATED-CROSS-FILE	opentitan	hw/ip/keymgr/dv/env/seq_lib/keymgr_sideload_vseq.sv	272	272	276	6	1542	keymgr_smoke_vseq @ stimuli/sv/subs/opentitan/hw/ip/keymgr/dv/env/seq_lib/keymgr_smoke_vseq.sv	ds keymgr_smoke_vseq; `uvm_object_utils(keymgr_sideload_vseq) `uvm_object_ne
PRE-TICK	FACT-GATED-CROSS-FILE	opentitan	hw/ip/keymgr/dv/env/seq_lib/keymgr_smoke_vseq.sv	238	238	242	6	879	keymgr_base_vseq @ stimuli/sv/subs/opentitan/hw/ip/keymgr/dv/env/seq_lib/keymgr_base_vseq.sv	nds keymgr_base_vseq; `uvm_object_utils(keymgr_smoke_vseq) `uvm_object_new
PRE-TICK	FACT-GATED-CROSS-FILE	opentitan	hw/ip/keymgr/dv/env/seq_lib/keymgr_stress_all_vseq.sv	410	410	414	8	2656	keymgr_base_vseq @ stimuli/sv/subs/opentitan/hw/ip/keymgr/dv/env/seq_lib/keymgr_base_vseq.sv	nds keymgr_base_vseq; `uvm_object_utils(keymgr_stress_all_vseq) `uvm_object
PRE-TICK	FACT-GATED-CROSS-FILE	opentitan	hw/ip/keymgr/dv/env/seq_lib/keymgr_sw_invalid_input_vseq.sv	308	308	312	6	552	keymgr_random_vseq @ stimuli/sv/subs/opentitan/hw/ip/keymgr/dv/env/seq_lib/keymgr_random_vseq.sv	s keymgr_random_vseq; `uvm_object_utils(keymgr_sw_invalid_input_vseq) `uvm_o
PRE-TICK	FACT-GATED-CROSS-FILE	opentitan	hw/ip/keymgr/dv/env/seq_lib/keymgr_sync_async_fault_cross_vseq.sv	351	351	355	7	2671	keymgr_base_vseq @ stimuli/sv/subs/opentitan/hw/ip/keymgr/dv/env/seq_lib/keymgr_base_vseq.sv	nds keymgr_base_vseq; `uvm_object_utils(keymgr_sync_async_fault_cross_vseq)
PRE-TICK	FACT-GATED-CROSS-FILE	opentitan	hw/ip/keymgr/dv/tests/keymgr_base_test.sv	215	216	278	5	901	cip_base_test @ stimuli/sv/subs/opentitan/hw/dv/sv/cip_lib/cip_base_test.sv	tends cip_base_test #( .CFG_T(keymgr_env_cfg), .ENV_T(keymgr_env) );
PRE-TICK	FACT-GATED-CROSS-FILE	opentitan	hw/ip/keymgr_dpe/dv/env/keymgr_dpe_env.sv	212	213	419	5	1399	cip_base_env @ stimuli/sv/subs/opentitan/hw/dv/sv/cip_lib/cip_base_env.sv	xtends cip_base_env #( .CFG_T (keymgr_dpe_env_cfg), .COV_T
PRE-TICK	FACT-GATED-CROSS-FILE	opentitan	hw/ip/keymgr_dpe/dv/env/keymgr_dpe_env_cfg.sv	220	221	410	5	1584	cip_base_env_cfg @ stimuli/sv/subs/opentitan/hw/dv/sv/cip_lib/cip_base_env_cfg.sv	ds cip_base_env_cfg #(.RAL_T(keymgr_dpe_reg_block)); rand kmac_app_agent_cfg
PRE-TICK	FACT-GATED-CROSS-FILE	opentitan	hw/ip/keymgr_dpe/dv/env/keymgr_dpe_env_cov.sv	1194	1195	1228	36	7635	cip_base_env_cov @ stimuli/sv/subs/opentitan/hw/dv/sv/cip_lib/cip_base_env_cov.sv	ds cip_base_env_cov #(.CFG_T(keymgr_dpe_env_cfg)); `uvm_component_utils(keymgr
PRE-TICK	FACT-GATED-CROSS-FILE	opentitan	hw/ip/keymgr_dpe/dv/env/keymgr_dpe_scoreboard.sv	226	227	334	5	67686	cip_base_scoreboard @ stimuli/sv/subs/opentitan/hw/dv/sv/cip_lib/cip_base_scoreboard.sv	cip_base_scoreboard #( .CFG_T(keymgr_dpe_env_cfg), .RAL_T(keymgr_dpe_reg
PRE-TICK	FACT-GATED-CROSS-FILE	opentitan	hw/ip/keymgr_dpe/dv/env/keymgr_dpe_virtual_sequencer.sv	240	241	314	5	398	cip_base_virtual_sequencer @ stimuli/sv/subs/opentitan/hw/dv/sv/cip_lib/cip_base_virtual_sequencer.sv	e_virtual_sequencer #( .CFG_T(keymgr_dpe_env_cfg), .COV_T(keymgr_dpe_env
PRE-TICK	FACT-GATED-CROSS-FILE	opentitan	hw/ip/keymgr_dpe/dv/env/seq_lib/keymgr_dpe_base_vseq.sv	219	220	429	5	18480	cip_base_vseq @ stimuli/sv/subs/opentitan/hw/dv/sv/cip_lib/seq_lib/cip_base_vseq.sv	tends cip_base_vseq #( .RAL_T (keymgr_dpe_reg_block), .CFG
PRE-TICK	FACT-GATED-CROSS-FILE	opentitan	hw/ip/keymgr_dpe/dv/env/seq_lib/keymgr_dpe_common_vseq.sv	228	228	232	5	6792	keymgr_dpe_base_vseq @ stimuli/sv/subs/opentitan/hw/ip/keymgr_dpe/dv/env/seq_lib/keymgr_dpe_base_vseq.sv	keymgr_dpe_base_vseq; `uvm_object_utils(keymgr_dpe_common_vseq) // Set this
PRE-TICK	FACT-GATED-CROSS-FILE	opentitan	hw/ip/keymgr_dpe/dv/env/seq_lib/keymgr_dpe_smoke_vseq.sv	227	227	231	5	6620	keymgr_dpe_base_vseq @ stimuli/sv/subs/opentitan/hw/ip/keymgr_dpe/dv/env/seq_lib/keymgr_dpe_base_vseq.sv	keymgr_dpe_base_vseq; `uvm_object_utils(keymgr_dpe_smoke_vseq) `uvm_object_n
PRE-TICK	FACT-GATED-CROSS-FILE	opentitan	hw/ip/keymgr_dpe/dv/tests/keymgr_dpe_base_test.sv	219	220	290	5	929	cip_base_test @ stimuli/sv/subs/opentitan/hw/dv/sv/cip_lib/cip_base_test.sv	tends cip_base_test #( .CFG_T(keymgr_dpe_env_cfg), .ENV_T(keymgr_dpe_env
PRE-TICK	FACT-GATED-CROSS-FILE	opentitan	hw/ip/kmac/dv/env/kmac_env.sv	206	207	389	5	2086	cip_base_env @ stimuli/sv/subs/opentitan/hw/dv/sv/cip_lib/cip_base_env.sv	xtends cip_base_env #( .CFG_T (kmac_env_cfg), .COV_T
PRE-TICK	FACT-GATED-CROSS-FILE	opentitan	hw/ip/kmac/dv/env/kmac_env_cfg.sv	214	215	1242	5	2920	cip_base_env_cfg @ stimuli/sv/subs/opentitan/hw/dv/sv/cip_lib/cip_base_env_cfg.sv	ds cip_base_env_cfg #(.RAL_T(kmac_reg_block)); // ext interfaces kmac_vif k
PRE-TICK	FACT-GATED-CROSS-FILE	opentitan	hw/ip/kmac/dv/env/kmac_virtual_sequencer.sv	234	235	296	5	496	cip_base_virtual_sequencer @ stimuli/sv/subs/opentitan/hw/dv/sv/cip_lib/cip_base_virtual_sequencer.sv	e_virtual_sequencer #( .CFG_T(kmac_env_cfg), .COV_T(kmac_env_cov) );
PRE-TICK	FACT-GATED-CROSS-FILE	opentitan	hw/ip/kmac/dv/env/seq_lib/kmac_app_vseq.sv	217	217	222	5	1383	kmac_sideload_vseq @ stimuli/sv/subs/opentitan/hw/ip/kmac/dv/env/seq_lib/kmac_sideload_vseq.sv	s kmac_sideload_vseq; `uvm_object_utils(kmac_app_vseq) `uvm_object_new /
PRE-TICK	FACT-GATED-CROSS-FILE	opentitan	hw/ip/kmac/dv/env/seq_lib/kmac_app_with_partial_data_vseq.sv	360	360	365	7	678	kmac_app_vseq @ stimuli/sv/subs/opentitan/hw/ip/kmac/dv/env/seq_lib/kmac_app_vseq.sv	xtends kmac_app_vseq; `uvm_object_utils(kmac_app_with_partial_data_vseq) `u
PRE-TICK	FACT-GATED-CROSS-FILE	opentitan	hw/ip/kmac/dv/env/seq_lib/kmac_base_vseq.sv	423	424	610	8	38798	cip_base_vseq @ stimuli/sv/subs/opentitan/hw/dv/sv/cip_lib/seq_lib/cip_base_vseq.sv	tends cip_base_vseq #( .RAL_T (kmac_reg_block), .CFG_T
PRE-TICK	FACT-GATED-CROSS-FILE	opentitan	hw/ip/kmac/dv/env/seq_lib/kmac_burst_write_vseq.sv	236	236	241	5	393	kmac_long_msg_and_output_vseq @ stimuli/sv/subs/opentitan/hw/ip/kmac/dv/env/seq_lib/kmac_long_msg_and_output_vseq.sv	_msg_and_output_vseq; `uvm_object_utils(kmac_burst_write_vseq) `uvm_object_
PRE-TICK	FACT-GATED-CROSS-FILE	opentitan	hw/ip/kmac/dv/env/seq_lib/kmac_common_vseq.sv	216	216	220	5	5467	kmac_base_vseq @ stimuli/sv/subs/opentitan/hw/ip/kmac/dv/env/seq_lib/kmac_base_vseq.sv	tends kmac_base_vseq; `uvm_object_utils(kmac_common_vseq) constraint num_tr
PRE-TICK	FACT-GATED-CROSS-FILE	opentitan	hw/ip/kmac/dv/env/seq_lib/kmac_edn_timeout_error_vseq.sv	526	526	531	11	2523	kmac_app_vseq @ stimuli/sv/subs/opentitan/hw/ip/kmac/dv/env/seq_lib/kmac_app_vseq.sv	xtends kmac_app_vseq; `uvm_object_utils(kmac_edn_timeout_error_vseq) `uvm_o
PRE-TICK	FACT-GATED-CROSS-FILE	opentitan	hw/ip/kmac/dv/env/seq_lib/kmac_entropy_mode_error_vseq.sv	543	543	548	11	1680	kmac_edn_timeout_error_vseq @ stimuli/sv/subs/opentitan/hw/ip/kmac/dv/env/seq_lib/kmac_edn_timeout_error_vseq.sv	n_timeout_error_vseq; `uvm_object_utils(kmac_entropy_mode_error_vseq) `uvm_
PRE-TICK	FACT-GATED-CROSS-FILE	opentitan	hw/ip/kmac/dv/env/seq_lib/kmac_entropy_ready_error_vseq.sv	228	228	233	5	488	kmac_app_vseq @ stimuli/sv/subs/opentitan/hw/ip/kmac/dv/env/seq_lib/kmac_app_vseq.sv	xtends kmac_app_vseq; `uvm_object_utils(kmac_entropy_ready_error_vseq) `uvm
PRE-TICK	FACT-GATED-CROSS-FILE	opentitan	hw/ip/kmac/dv/env/seq_lib/kmac_entropy_refresh_vseq.sv	506	506	511	9	704	kmac_app_with_partial_data_vseq @ stimuli/sv/subs/opentitan/hw/ip/kmac/dv/env/seq_lib/kmac_app_with_partial_data_vseq.sv	th_partial_data_vseq; `uvm_object_utils(kmac_entropy_refresh_vseq) `uvm_obj
PRE-TICK	FACT-GATED-CROSS-FILE	opentitan	hw/ip/kmac/dv/env/seq_lib/kmac_error_vseq.sv	214	214	219	5	1324	kmac_app_vseq @ stimuli/sv/subs/opentitan/hw/ip/kmac/dv/env/seq_lib/kmac_app_vseq.sv	xtends kmac_app_vseq; `uvm_object_utils(kmac_error_vseq) `uvm_object_new
PRE-TICK	FACT-GATED-CROSS-FILE	opentitan	hw/ip/kmac/dv/env/seq_lib/kmac_key_error_vseq.sv	306	306	311	6	3502	kmac_app_vseq @ stimuli/sv/subs/opentitan/hw/ip/kmac/dv/env/seq_lib/kmac_app_vseq.sv	xtends kmac_app_vseq; `uvm_object_utils(kmac_key_error_vseq) `uvm_object_ne
PRE-TICK	FACT-GATED-CROSS-FILE	opentitan	hw/ip/kmac/dv/env/seq_lib/kmac_lc_escalation_vseq.sv	222	222	227	5	2560	kmac_app_vseq @ stimuli/sv/subs/opentitan/hw/ip/kmac/dv/env/seq_lib/kmac_app_vseq.sv	xtends kmac_app_vseq; `uvm_object_utils(kmac_lc_escalation_vseq) `uvm_objec
PRE-TICK	FACT-GATED-CROSS-FILE	opentitan	hw/ip/kmac/dv/env/seq_lib/kmac_long_msg_and_output_vseq.sv	258	258	263	6	1276	kmac_smoke_vseq @ stimuli/sv/subs/opentitan/hw/ip/kmac/dv/env/seq_lib/kmac_smoke_vseq.sv	ends kmac_smoke_vseq; `uvm_object_utils(kmac_long_msg_and_output_vseq) `uvm
PRE-TICK	FACT-GATED-CROSS-FILE	opentitan	hw/ip/kmac/dv/env/seq_lib/kmac_mubi_vseq.sv	213	213	218	5	1014	kmac_app_vseq @ stimuli/sv/subs/opentitan/hw/ip/kmac/dv/env/seq_lib/kmac_app_vseq.sv	xtends kmac_app_vseq; `uvm_object_utils(kmac_mubi_vseq) `uvm_object_new
PRE-TICK	FACT-GATED-CROSS-FILE	opentitan	hw/ip/kmac/dv/env/seq_lib/kmac_sideload_invalid_vseq.sv	270	270	275	6	8663	kmac_long_msg_and_output_vseq @ stimuli/sv/subs/opentitan/hw/ip/kmac/dv/env/seq_lib/kmac_long_msg_and_output_vseq.sv	_msg_and_output_vseq; `uvm_object_utils(kmac_sideload_invalid_vseq) `uvm_ob
PRE-TICK	FACT-GATED-CROSS-FILE	opentitan	hw/ip/kmac/dv/env/seq_lib/kmac_sideload_vseq.sv	250	250	255	6	532	kmac_long_msg_and_output_vseq @ stimuli/sv/subs/opentitan/hw/ip/kmac/dv/env/seq_lib/kmac_long_msg_and_output_vseq.sv	_msg_and_output_vseq; `uvm_object_utils(kmac_sideload_vseq) `uvm_object_new
PRE-TICK	FACT-GATED-CROSS-FILE	opentitan	hw/ip/kmac/dv/env/seq_lib/kmac_smoke_vseq.sv	234	234	239	6	13389	kmac_base_vseq @ stimuli/sv/subs/opentitan/hw/ip/kmac/dv/env/seq_lib/kmac_base_vseq.sv	tends kmac_base_vseq; `uvm_object_utils(kmac_smoke_vseq) `uvm_object_new
PRE-TICK	FACT-GATED-CROSS-FILE	opentitan	hw/ip/kmac/dv/env/seq_lib/kmac_stress_all_vseq.sv	220	220	225	5	1966	kmac_base_vseq @ stimuli/sv/subs/opentitan/hw/ip/kmac/dv/env/seq_lib/kmac_base_vseq.sv	tends kmac_base_vseq; `uvm_object_utils(kmac_stress_all_vseq) `uvm_object_n
PRE-TICK	FACT-GATED-CROSS-FILE	opentitan	hw/ip/kmac/dv/env/seq_lib/kmac_test_vectors_base_vseq.sv	228	228	233	5	4587	kmac_smoke_vseq @ stimuli/sv/subs/opentitan/hw/ip/kmac/dv/env/seq_lib/kmac_smoke_vseq.sv	ends kmac_smoke_vseq; `uvm_object_utils(kmac_test_vectors_base_vseq) `uvm_o
PRE-TICK	FACT-GATED-CROSS-FILE	opentitan	hw/ip/kmac/dv/env/seq_lib/kmac_test_vectors_kmac_vseq.sv	240	240	245	5	1593	kmac_test_vectors_base_vseq @ stimuli/sv/subs/opentitan/hw/ip/kmac/dv/env/seq_lib/kmac_test_vectors_base_vseq.sv	st_vectors_base_vseq; `uvm_object_utils(kmac_test_vectors_kmac_vseq) `uvm_o
PRE-TICK	FACT-GATED-CROSS-FILE	opentitan	hw/ip/kmac/dv/env/seq_lib/kmac_test_vectors_kmac_xof_vseq.sv	244	244	249	5	419	kmac_test_vectors_kmac_vseq @ stimuli/sv/subs/opentitan/hw/ip/kmac/dv/env/seq_lib/kmac_test_vectors_kmac_vseq.sv	st_vectors_kmac_vseq; `uvm_object_utils(kmac_test_vectors_kmac_xof_vseq) `u
PRE-TICK	FACT-GATED-CROSS-FILE	opentitan	hw/ip/kmac/dv/env/seq_lib/kmac_test_vectors_sha3_vseq.sv	240	240	245	5	1447	kmac_test_vectors_base_vseq @ stimuli/sv/subs/opentitan/hw/ip/kmac/dv/env/seq_lib/kmac_test_vectors_base_vseq.sv	st_vectors_base_vseq; `uvm_object_utils(kmac_test_vectors_sha3_vseq) `uvm_o
PRE-TICK	FACT-GATED-CROSS-FILE	opentitan	hw/ip/kmac/dv/env/seq_lib/kmac_test_vectors_shake_vseq.sv	241	241	246	5	1141	kmac_test_vectors_base_vseq @ stimuli/sv/subs/opentitan/hw/ip/kmac/dv/env/seq_lib/kmac_test_vectors_base_vseq.sv	st_vectors_base_vseq; `uvm_object_utils(kmac_test_vectors_shake_vseq) `uvm_
PRE-TICK	FACT-GATED-CROSS-FILE	opentitan	hw/ip/kmac/dv/tests/kmac_base_test.sv	213	214	272	5	784	cip_base_test @ stimuli/sv/subs/opentitan/hw/dv/sv/cip_lib/cip_base_test.sv	tends cip_base_test #( .CFG_T(kmac_env_cfg), .ENV_T(kmac_env) ); `u
PRE-TICK	FACT-GATED-CROSS-FILE	opentitan	hw/ip/kmac/fpv/tb/keccak_2share_fpv.sv	1299	1299	4446	46	5339	mubi4_t @ stimuli/sv/subs/opentitan/hw/ip/prim/rtl/prim_mubi_pkg.sv	e; mubi4_t sel_mux; logic [1:0] cycle; always_ff @(posedge clk_i, negedge
PRE-TICK	FACT-GATED-CROSS-FILE	opentitan	hw/ip/kmac/fpv/tb/sha3_fpv.sv	969	976	1611	32	1700	sha3_mode_e @ stimuli/sv/subs/opentitan/hw/ip/kmac/rtl/sha3_pkg.sv	t sha3_mode_e mode_i, // see sha3pad for details input keccak_streng
PRE-TICK	FACT-GATED-CROSS-FILE	opentitan	hw/ip/kmac/fpv/tb/sha3pad_fpv.sv	720	727	3874	25	5543	sha3_mode_e @ stimuli/sv/subs/opentitan/hw/ip/kmac/rtl/sha3_pkg.sv	t sha3_mode_e mode_i, // strength_i is used in bytepad operation. bytepa
PRE-TICK	FACT-GATED-CROSS-FILE	opentitan	hw/ip/lc_ctrl/dv/cov/lc_ctrl_fsm_cov_if.sv	434	435	662	14	3830	fsm_state_e @ stimuli/sv/subs/opentitan/hw/ip/rom_ctrl/rtl/rom_ctrl_pkg.sv	input fsm_state_e fsm_state_d, input fsm_state_e fsm_state_q, input logic
PRE-TICK	FACT-GATED-CROSS-FILE	opentitan	hw/ip/lc_ctrl/dv/env/lc_ctrl_env.sv	208	209	393	4	5590	cip_base_env @ stimuli/sv/subs/opentitan/hw/dv/sv/cip_lib/cip_base_env.sv	xtends cip_base_env #( .CFG_T (lc_ctrl_env_cfg), .COV_T
PRE-TICK	FACT-GATED-CROSS-FILE	opentitan	hw/ip/lc_ctrl/dv/env/lc_ctrl_env_cfg.sv	217	218	1945	5	4335	cip_base_env_cfg @ stimuli/sv/subs/opentitan/hw/dv/sv/cip_lib/cip_base_env_cfg.sv	ds cip_base_env_cfg #( .RAL_T(lc_ctrl_regs_reg_block) ); // DUT parameters
PRE-TICK	FACT-GATED-CROSS-FILE	opentitan	hw/ip/lc_ctrl/dv/env/lc_ctrl_virtual_sequencer.sv	237	238	305	5	792	cip_base_virtual_sequencer @ stimuli/sv/subs/opentitan/hw/dv/sv/cip_lib/cip_base_virtual_sequencer.sv	e_virtual_sequencer #( .CFG_T(lc_ctrl_env_cfg), .COV_T(lc_ctrl_env_cov)
PRE-TICK	FACT-GATED-CROSS-FILE	opentitan	hw/ip/lc_ctrl/dv/env/seq_lib/lc_ctrl_base_vseq.sv	216	217	405	5	9401	cip_base_vseq @ stimuli/sv/subs/opentitan/hw/dv/sv/cip_lib/seq_lib/cip_base_vseq.sv	tends cip_base_vseq #( .RAL_T (lc_ctrl_regs_reg_block), .CFG_T
PRE-TICK	FACT-GATED-CROSS-FILE	opentitan	hw/ip/lc_ctrl/dv/env/seq_lib/lc_ctrl_claim_transition_if_vseq.sv	306	306	310	6	1589	lc_ctrl_smoke_vseq @ stimuli/sv/subs/opentitan/hw/ip/lc_ctrl/dv/env/seq_lib/lc_ctrl_smoke_vseq.sv	s lc_ctrl_smoke_vseq; `uvm_object_utils(lc_ctrl_claim_transition_if_vseq) `
PRE-TICK	FACT-GATED-CROSS-FILE	opentitan	hw/ip/lc_ctrl/dv/env/seq_lib/lc_ctrl_common_vseq.sv	222	222	226	5	4062	lc_ctrl_base_vseq @ stimuli/sv/subs/opentitan/hw/ip/lc_ctrl/dv/env/seq_lib/lc_ctrl_base_vseq.sv	ds lc_ctrl_base_vseq; `uvm_object_utils(lc_ctrl_common_vseq) constraint num
PRE-TICK	FACT-GATED-CROSS-FILE	opentitan	hw/ip/lc_ctrl/dv/env/seq_lib/lc_ctrl_errors_vseq.sv	295	295	1664	6	47526	lc_ctrl_smoke_vseq @ stimuli/sv/subs/opentitan/hw/ip/lc_ctrl/dv/env/seq_lib/lc_ctrl_smoke_vseq.sv	s lc_ctrl_smoke_vseq; // Process to handle alerts protected process handle_
PRE-TICK	FACT-GATED-CROSS-FILE	opentitan	hw/ip/lc_ctrl/dv/env/seq_lib/lc_ctrl_jtag_access_vseq.sv	250	250	1327	5	7850	lc_ctrl_base_vseq @ stimuli/sv/subs/opentitan/hw/ip/lc_ctrl/dv/env/seq_lib/lc_ctrl_base_vseq.sv	ds lc_ctrl_base_vseq; // Who should claim the mutex rand lc_ctrl_csr_intf_e
PRE-TICK	FACT-GATED-CROSS-FILE	opentitan	hw/ip/lc_ctrl/dv/env/seq_lib/lc_ctrl_jtag_priority_vseq.sv	289	289	294	5	5216	lc_ctrl_jtag_access_vseq @ stimuli/sv/subs/opentitan/hw/ip/lc_ctrl/dv/env/seq_lib/lc_ctrl_jtag_access_vseq.sv	trl_jtag_access_vseq; `uvm_object_utils(lc_ctrl_jtag_priority_vseq) `uvm_ob
PRE-TICK	FACT-GATED-CROSS-FILE	opentitan	hw/ip/lc_ctrl/dv/env/seq_lib/lc_ctrl_lc_errors_vseq.sv	430	430	435	13	932	lc_ctrl_errors_vseq @ stimuli/sv/subs/opentitan/hw/ip/lc_ctrl/dv/env/seq_lib/lc_ctrl_errors_vseq.sv	lc_ctrl_errors_vseq; `uvm_object_utils(lc_ctrl_lc_errors_vseq) `uvm_object
PRE-TICK	FACT-GATED-CROSS-FILE	opentitan	hw/ip/lc_ctrl/dv/env/seq_lib/lc_ctrl_prog_failure_vseq.sv	376	376	380	7	512	lc_ctrl_errors_vseq @ stimuli/sv/subs/opentitan/hw/ip/lc_ctrl/dv/env/seq_lib/lc_ctrl_errors_vseq.sv	lc_ctrl_errors_vseq; `uvm_object_utils(lc_ctrl_prog_failure_vseq) `uvm_obj
PRE-TICK	FACT-GATED-CROSS-FILE	opentitan	hw/ip/lc_ctrl/dv/env/seq_lib/lc_ctrl_regwen_during_op_vseq.sv	233	233	237	5	4001	lc_ctrl_smoke_vseq @ stimuli/sv/subs/opentitan/hw/ip/lc_ctrl/dv/env/seq_lib/lc_ctrl_smoke_vseq.sv	s lc_ctrl_smoke_vseq; `uvm_object_utils(lc_ctrl_regwen_during_op_vseq) cons
PRE-TICK	FACT-GATED-CROSS-FILE	opentitan	hw/ip/lc_ctrl/dv/env/seq_lib/lc_ctrl_sec_mubi_vseq.sv	265	265	270	7	696	lc_ctrl_errors_vseq @ stimuli/sv/subs/opentitan/hw/ip/lc_ctrl/dv/env/seq_lib/lc_ctrl_errors_vseq.sv	lc_ctrl_errors_vseq; `uvm_object_utils(lc_ctrl_sec_mubi_vseq) `uvm_object_
PRE-TICK	FACT-GATED-CROSS-FILE	opentitan	hw/ip/lc_ctrl/dv/env/seq_lib/lc_ctrl_sec_token_digest_vseq.sv	268	268	273	6	1028	lc_ctrl_errors_vseq @ stimuli/sv/subs/opentitan/hw/ip/lc_ctrl/dv/env/seq_lib/lc_ctrl_errors_vseq.sv	lc_ctrl_errors_vseq; `uvm_object_utils(lc_ctrl_sec_token_digest_vseq) `uvm
PRE-TICK	FACT-GATED-CROSS-FILE	opentitan	hw/ip/lc_ctrl/dv/env/seq_lib/lc_ctrl_sec_token_mux_vseq.sv	265	265	270	6	478	lc_ctrl_errors_vseq @ stimuli/sv/subs/opentitan/hw/ip/lc_ctrl/dv/env/seq_lib/lc_ctrl_errors_vseq.sv	lc_ctrl_errors_vseq; `uvm_object_utils(lc_ctrl_sec_token_mux_vseq) `uvm_ob
PRE-TICK	FACT-GATED-CROSS-FILE	opentitan	hw/ip/lc_ctrl/dv/env/seq_lib/lc_ctrl_security_escalation_vseq.sv	278	278	283	5	955	lc_ctrl_errors_vseq @ stimuli/sv/subs/opentitan/hw/ip/lc_ctrl/dv/env/seq_lib/lc_ctrl_errors_vseq.sv	lc_ctrl_errors_vseq; `uvm_object_utils(lc_ctrl_security_escalation_vseq) `
PRE-TICK	FACT-GATED-CROSS-FILE	opentitan	hw/ip/lc_ctrl/dv/env/seq_lib/lc_ctrl_smoke_vseq.sv	240	240	244	6	5276	lc_ctrl_base_vseq @ stimuli/sv/subs/opentitan/hw/ip/lc_ctrl/dv/env/seq_lib/lc_ctrl_base_vseq.sv	ds lc_ctrl_base_vseq; `uvm_object_utils(lc_ctrl_smoke_vseq) `uvm_object_new
PRE-TICK	FACT-GATED-CROSS-FILE	opentitan	hw/ip/lc_ctrl/dv/env/seq_lib/lc_ctrl_state_failure_vseq.sv	261	261	265	5	808	lc_ctrl_errors_vseq @ stimuli/sv/subs/opentitan/hw/ip/lc_ctrl/dv/env/seq_lib/lc_ctrl_errors_vseq.sv	lc_ctrl_errors_vseq; `uvm_object_utils(lc_ctrl_state_failure_vseq) `uvm_ob
PRE-TICK	FACT-GATED-CROSS-FILE	opentitan	hw/ip/lc_ctrl/dv/env/seq_lib/lc_ctrl_state_post_trans_vseq.sv	275	275	280	5	753	lc_ctrl_errors_vseq @ stimuli/sv/subs/opentitan/hw/ip/lc_ctrl/dv/env/seq_lib/lc_ctrl_errors_vseq.sv	lc_ctrl_errors_vseq; `uvm_object_utils(lc_ctrl_state_post_trans_vseq) `uvm
PRE-TICK	FACT-GATED-CROSS-FILE	opentitan	hw/ip/lc_ctrl/dv/env/seq_lib/lc_ctrl_stress_all_vseq.sv	445	445	449	8	2564	lc_ctrl_base_vseq @ stimuli/sv/subs/opentitan/hw/ip/lc_ctrl/dv/env/seq_lib/lc_ctrl_base_vseq.sv	ds lc_ctrl_base_vseq; `uvm_object_utils(lc_ctrl_stress_all_vseq) `uvm_objec
PRE-TICK	FACT-GATED-CROSS-FILE	opentitan	hw/ip/lc_ctrl/dv/env/seq_lib/lc_ctrl_volatile_unlock_smoke_vseq.sv	320	320	398	6	4946	lc_ctrl_smoke_vseq @ stimuli/sv/subs/opentitan/hw/ip/lc_ctrl/dv/env/seq_lib/lc_ctrl_smoke_vseq.sv	s lc_ctrl_smoke_vseq; rand dec_lc_state_e next_state; rand bit next_state_i
PRE-TICK	FACT-GATED-CROSS-FILE	opentitan	hw/ip/lc_ctrl/dv/tb.sv	785	786	1341	24	12845	lc_keymgr_div_t @ stimuli/sv/subs/opentitan/hw/ip/lc_ctrl/rtl/lc_ctrl_pkg.sv	ter lc_keymgr_div_t RndCnstLcKeymgrDivInvalid = LcKeymgrDivWidth'({(LcKey
PRE-TICK	FACT-GATED-CROSS-FILE	opentitan	hw/ip/lc_ctrl/dv/tests/lc_ctrl_base_test.sv	216	217	275	5	1452	cip_base_test @ stimuli/sv/subs/opentitan/hw/dv/sv/cip_lib/cip_base_test.sv	tends cip_base_test #( .CFG_T(lc_ctrl_env_cfg), .ENV_T(lc_ctrl_env) ); `u
PRE-TICK	FACT-GATED-CROSS-FILE	opentitan	hw/ip/mbx/dv/env/mbx_env.sv	205	206	385	5	1705	cip_base_env @ stimuli/sv/subs/opentitan/hw/dv/sv/cip_lib/cip_base_env.sv	xtends cip_base_env #( .CFG_T (mbx_env_cfg), .COV_T
PRE-TICK	FACT-GATED-CROSS-FILE	opentitan	hw/ip/mbx/dv/env/mbx_env_cfg.sv	213	214	618	5	2570	cip_base_env_cfg @ stimuli/sv/subs/opentitan/hw/dv/sv/cip_lib/cip_base_env_cfg.sv	ds cip_base_env_cfg #( .RAL_T(mbx_core_reg_block) ); // RoT-side SRAM interf
PRE-TICK	FACT-GATED-CROSS-FILE	opentitan	hw/ip/mbx/dv/env/mbx_scoreboard.sv	219	220	311	5	26539	cip_base_scoreboard @ stimuli/sv/subs/opentitan/hw/dv/sv/cip_lib/cip_base_scoreboard.sv	cip_base_scoreboard #( .CFG_T(mbx_env_cfg), .RAL_T(mbx_core_reg_block),
PRE-TICK	FACT-GATED-CROSS-FILE	opentitan	hw/ip/mbx/dv/env/mbx_virtual_sequencer.sv	232	233	330	4	429	cip_base_virtual_sequencer @ stimuli/sv/subs/opentitan/hw/dv/sv/cip_lib/cip_base_virtual_sequencer.sv	e_virtual_sequencer #( .CFG_T(mbx_env_cfg), .COV_T(mbx_env_cov) );
PRE-TICK	FACT-GATED-CROSS-FILE	opentitan	hw/ip/mbx/dv/env/seq_lib/mbx_async_msg_vseq.sv	217	217	362	5	4464	mbx_base_vseq @ stimuli/sv/subs/opentitan/hw/ip/mbx/dv/env/seq_lib/mbx_base_vseq.sv	xtends mbx_base_vseq; rand uint_t m_req_dw_sz; rand uint_t m_rsp_dw_sz; r
PRE-TICK	FACT-GATED-CROSS-FILE	opentitan	hw/ip/mbx/dv/env/seq_lib/mbx_base_vseq.sv	1205	1206	1393	19	31579	cip_base_vseq @ stimuli/sv/subs/opentitan/hw/dv/sv/cip_lib/seq_lib/cip_base_vseq.sv	tends cip_base_vseq #( .RAL_T (mbx_core_reg_block), .CFG_T
PRE-TICK	FACT-GATED-CROSS-FILE	opentitan	hw/ip/mbx/dv/env/seq_lib/mbx_common_vseq.sv	214	214	218	5	424	mbx_base_vseq @ stimuli/sv/subs/opentitan/hw/ip/mbx/dv/env/seq_lib/mbx_base_vseq.sv	xtends mbx_base_vseq; `uvm_object_utils(mbx_common_vseq) constraint num_tra
PRE-TICK	FACT-GATED-CROSS-FILE	opentitan	hw/ip/mbx/dv/env/seq_lib/mbx_doe_intr_msg_vseq.sv	570	570	575	11	3309	mbx_base_vseq @ stimuli/sv/subs/opentitan/hw/ip/mbx/dv/env/seq_lib/mbx_base_vseq.sv	xtends mbx_base_vseq; `uvm_object_utils(mbx_doe_intr_msg_vseq) `uvm_object_
PRE-TICK	FACT-GATED-CROSS-FILE	opentitan	hw/ip/mbx/dv/env/seq_lib/mbx_imbx_oob_vseq.sv	475	475	480	10	1329	mbx_stress_vseq @ stimuli/sv/subs/opentitan/hw/ip/mbx/dv/env/seq_lib/mbx_stress_vseq.sv	ends mbx_stress_vseq; `uvm_object_utils(mbx_imbx_oob_vseq) `uvm_object_new
PRE-TICK	FACT-GATED-CROSS-FILE	opentitan	hw/ip/mbx/dv/env/seq_lib/mbx_reg_reset_val_vseq.sv	221	221	258	5	3083	mbx_base_vseq @ stimuli/sv/subs/opentitan/hw/ip/mbx/dv/env/seq_lib/mbx_base_vseq.sv	xtends mbx_base_vseq; rand int unsigned m_mbx_num; `uvm_object_utils(mbx_r
PRE-TICK	FACT-GATED-CROSS-FILE	opentitan	hw/ip/mbx/dv/env/seq_lib/mbx_smoke_vseq.sv	213	213	218	5	864	mbx_base_vseq @ stimuli/sv/subs/opentitan/hw/ip/mbx/dv/env/seq_lib/mbx_base_vseq.sv	xtends mbx_base_vseq; `uvm_object_utils(mbx_smoke_vseq) // Constrain the i
PRE-TICK	FACT-GATED-CROSS-FILE	opentitan	hw/ip/mbx/dv/env/seq_lib/mbx_stress_vseq.sv	214	214	219	5	3174	mbx_base_vseq @ stimuli/sv/subs/opentitan/hw/ip/mbx/dv/env/seq_lib/mbx_base_vseq.sv	xtends mbx_base_vseq; `uvm_object_utils(mbx_stress_vseq) // Constrain the
PRE-TICK	FACT-GATED-CROSS-FILE	opentitan	hw/ip/mbx/dv/env/seq_lib/mbx_tl_device_seq.sv	220	220	225	5	577	cip_tl_device_seq @ stimuli/sv/subs/opentitan/hw/dv/sv/cip_lib/seq_lib/cip_tl_device_seq.sv	ds cip_tl_device_seq; `uvm_object_utils(mbx_tl_device_seq) `uvm_object_new
PRE-TICK	FACT-GATED-CROSS-FILE	opentitan	hw/ip/mbx/dv/tests/mbx_base_test.sv	212	213	269	5	608	cip_base_test @ stimuli/sv/subs/opentitan/hw/dv/sv/cip_lib/cip_base_test.sv	tends cip_base_test #( .CFG_T(mbx_env_cfg), .ENV_T(mbx_env) ); `uvm
PRE-TICK	FACT-GATED-CROSS-FILE	opentitan	hw/ip/otbn/dv/uvm/env/otbn_env.sv	206	207	389	5	5689	cip_base_env @ stimuli/sv/subs/opentitan/hw/dv/sv/cip_lib/cip_base_env.sv	xtends cip_base_env #( .CFG_T (otbn_env_cfg), .COV_T
PRE-TICK	FACT-GATED-CROSS-FILE	opentitan	hw/ip/otbn/dv/uvm/env/otbn_env_cfg.sv	214	215	448	5	13863	cip_base_env_cfg @ stimuli/sv/subs/opentitan/hw/dv/sv/cip_lib/cip_base_env_cfg.sv	ds cip_base_env_cfg #(.RAL_T(otbn_reg_block)); // ext component cfgs rand o
PRE-TICK	FACT-GATED-CROSS-FILE	opentitan	hw/ip/otbn/dv/uvm/env/otbn_env_cov.sv	413	414	441	11	121697	cip_base_env_cov @ stimuli/sv/subs/opentitan/hw/dv/sv/cip_lib/cip_base_env_cov.sv	ds cip_base_env_cov #(.CFG_T(otbn_env_cfg)); `uvm_component_utils(otbn_env_cov
PRE-TICK	FACT-GATED-CROSS-FILE	opentitan	hw/ip/otbn/dv/uvm/env/otbn_scoreboard.sv	220	221	310	5	30194	cip_base_scoreboard @ stimuli/sv/subs/opentitan/hw/dv/sv/cip_lib/cip_base_scoreboard.sv	cip_base_scoreboard #( .CFG_T(otbn_env_cfg), .RAL_T(otbn_reg_block),
PRE-TICK	FACT-GATED-CROSS-FILE	opentitan	hw/ip/otbn/dv/uvm/env/otbn_trace_monitor.sv	219	220	315	5	3587	dv_base_monitor @ stimuli/sv/subs/opentitan/hw/dv/sv/dv_base_agent/dv_base_monitor.sv	nds dv_base_monitor #( .ITEM_T (otbn_trace_item), .CFG_T (otbn_env_cfg),
PRE-TICK	FACT-GATED-CROSS-FILE	opentitan	hw/ip/otbn/dv/uvm/env/otbn_virtual_sequencer.sv	234	235	296	5	453	cip_base_virtual_sequencer @ stimuli/sv/subs/opentitan/hw/dv/sv/cip_lib/cip_base_virtual_sequencer.sv	e_virtual_sequencer #( .CFG_T(otbn_env_cfg), .COV_T(otbn_env_cov) );
PRE-TICK	FACT-GATED-CROSS-FILE	opentitan	hw/ip/otbn/dv/uvm/env/seq_lib/otbn_alu_bignum_mod_err_vseq.sv	374	374	378	8	1770	otbn_intg_err_vseq @ stimuli/sv/subs/opentitan/hw/ip/otbn/dv/uvm/env/seq_lib/otbn_intg_err_vseq.sv	s otbn_intg_err_vseq; `uvm_object_utils(otbn_alu_bignum_mod_err_vseq) // TO
PRE-TICK	FACT-GATED-CROSS-FILE	opentitan	hw/ip/otbn/dv/uvm/env/seq_lib/otbn_base_vseq.sv	262	263	434	9	44121	cip_base_vseq @ stimuli/sv/subs/opentitan/hw/dv/sv/cip_lib/seq_lib/cip_base_vseq.sv	tends cip_base_vseq #( .CFG_T (otbn_env_cfg), .RAL_T
PRE-TICK	FACT-GATED-CROSS-FILE	opentitan	hw/ip/otbn/dv/uvm/env/seq_lib/otbn_common_vseq.sv	216	216	220	5	14102	otbn_base_vseq @ stimuli/sv/subs/opentitan/hw/ip/otbn/dv/uvm/env/seq_lib/otbn_base_vseq.sv	tends otbn_base_vseq; `uvm_object_utils(otbn_common_vseq) bit sb_setting;
PRE-TICK	FACT-GATED-CROSS-FILE	opentitan	hw/ip/otbn/dv/uvm/env/seq_lib/otbn_controller_ispr_rdata_err_vseq.sv	386	386	390	8	1927	otbn_intg_err_vseq @ stimuli/sv/subs/opentitan/hw/ip/otbn/dv/uvm/env/seq_lib/otbn_intg_err_vseq.sv	s otbn_intg_err_vseq; `uvm_object_utils(otbn_controller_ispr_rdata_err_vseq)
PRE-TICK	FACT-GATED-CROSS-FILE	opentitan	hw/ip/otbn/dv/uvm/env/seq_lib/otbn_ctrl_redun_vseq.sv	289	289	293	7	16399	otbn_single_vseq @ stimuli/sv/subs/opentitan/hw/ip/otbn/dv/uvm/env/seq_lib/otbn_single_vseq.sv	nds otbn_single_vseq; `uvm_object_utils(otbn_ctrl_redun_vseq) `uvm_object_ne
PRE-TICK	FACT-GATED-CROSS-FILE	opentitan	hw/ip/otbn/dv/uvm/env/seq_lib/otbn_dmem_err_vseq.sv	336	336	340	8	2202	otbn_base_vseq @ stimuli/sv/subs/opentitan/hw/ip/otbn/dv/uvm/env/seq_lib/otbn_base_vseq.sv	tends otbn_base_vseq; `uvm_object_utils(otbn_dmem_err_vseq) `uvm_object_new
PRE-TICK	FACT-GATED-CROSS-FILE	opentitan	hw/ip/otbn/dv/uvm/env/seq_lib/otbn_escalate_vseq.sv	390	390	394	8	5613	otbn_base_vseq @ stimuli/sv/subs/opentitan/hw/ip/otbn/dv/uvm/env/seq_lib/otbn_base_vseq.sv	tends otbn_base_vseq; `uvm_object_utils(otbn_escalate_vseq) `uvm_object_new
PRE-TICK	FACT-GATED-CROSS-FILE	opentitan	hw/ip/otbn/dv/uvm/env/seq_lib/otbn_illegal_mem_acc_vseq.sv	314	314	318	7	2676	otbn_single_vseq @ stimuli/sv/subs/opentitan/hw/ip/otbn/dv/uvm/env/seq_lib/otbn_single_vseq.sv	nds otbn_single_vseq; `uvm_object_utils(otbn_illegal_mem_acc_vseq) `uvm_obje
PRE-TICK	FACT-GATED-CROSS-FILE	opentitan	hw/ip/otbn/dv/uvm/env/seq_lib/otbn_imem_err_vseq.sv	336	336	340	8	2309	otbn_base_vseq @ stimuli/sv/subs/opentitan/hw/ip/otbn/dv/uvm/env/seq_lib/otbn_base_vseq.sv	tends otbn_base_vseq; `uvm_object_utils(otbn_imem_err_vseq) `uvm_object_new
PRE-TICK	FACT-GATED-CROSS-FILE	opentitan	hw/ip/otbn/dv/uvm/env/seq_lib/otbn_intg_err_vseq.sv	341	341	346	8	5773	otbn_base_vseq @ stimuli/sv/subs/opentitan/hw/ip/otbn/dv/uvm/env/seq_lib/otbn_base_vseq.sv	tends otbn_base_vseq; `uvm_object_utils(otbn_intg_err_vseq) `uvm_object_ne
PRE-TICK	FACT-GATED-CROSS-FILE	opentitan	hw/ip/otbn/dv/uvm/env/seq_lib/otbn_mac_bignum_acc_err_vseq.sv	374	374	378	8	1770	otbn_intg_err_vseq @ stimuli/sv/subs/opentitan/hw/ip/otbn/dv/uvm/env/seq_lib/otbn_intg_err_vseq.sv	s otbn_intg_err_vseq; `uvm_object_utils(otbn_mac_bignum_acc_err_vseq) // TO
PRE-TICK	FACT-GATED-CROSS-FILE	opentitan	hw/ip/otbn/dv/uvm/env/seq_lib/otbn_mem_gnt_acc_err_vseq.sv	294	294	298	7	2067	otbn_single_vseq @ stimuli/sv/subs/opentitan/hw/ip/otbn/dv/uvm/env/seq_lib/otbn_single_vseq.sv	nds otbn_single_vseq; `uvm_object_utils(otbn_mem_gnt_acc_err_vseq) `uvm_obje
PRE-TICK	FACT-GATED-CROSS-FILE	opentitan	hw/ip/otbn/dv/uvm/env/seq_lib/otbn_multi_vseq.sv	301	301	305	7	1827	otbn_base_vseq @ stimuli/sv/subs/opentitan/hw/ip/otbn/dv/uvm/env/seq_lib/otbn_base_vseq.sv	tends otbn_base_vseq; `uvm_object_utils(otbn_multi_vseq) // If we've alread
PRE-TICK	FACT-GATED-CROSS-FILE	opentitan	hw/ip/otbn/dv/uvm/env/seq_lib/otbn_partial_wipe_vseq.sv	403	403	407	8	2476	otbn_single_vseq @ stimuli/sv/subs/opentitan/hw/ip/otbn/dv/uvm/env/seq_lib/otbn_single_vseq.sv	nds otbn_single_vseq; `uvm_object_utils(otbn_partial_wipe_vseq) `uvm_object_
PRE-TICK	FACT-GATED-CROSS-FILE	opentitan	hw/ip/otbn/dv/uvm/env/seq_lib/otbn_pc_ctrl_flow_redun_vseq.sv	297	297	301	7	2788	otbn_single_vseq @ stimuli/sv/subs/opentitan/hw/ip/otbn/dv/uvm/env/seq_lib/otbn_single_vseq.sv	nds otbn_single_vseq; `uvm_object_utils(otbn_pc_ctrl_flow_redun_vseq) `uvm_o
PRE-TICK	FACT-GATED-CROSS-FILE	opentitan	hw/ip/otbn/dv/uvm/env/seq_lib/otbn_reset_vseq.sv	298	298	302	7	1169	otbn_base_vseq @ stimuli/sv/subs/opentitan/hw/ip/otbn/dv/uvm/env/seq_lib/otbn_base_vseq.sv	tends otbn_base_vseq; `uvm_object_utils(otbn_reset_vseq) int unsigned num_i
PRE-TICK	FACT-GATED-CROSS-FILE	opentitan	hw/ip/otbn/dv/uvm/env/seq_lib/otbn_rf_base_intg_err_vseq.sv	380	380	384	8	6333	otbn_base_vseq @ stimuli/sv/subs/opentitan/hw/ip/otbn/dv/uvm/env/seq_lib/otbn_base_vseq.sv	tends otbn_base_vseq; `uvm_object_utils(otbn_rf_base_intg_err_vseq) `uvm_ob
PRE-TICK	FACT-GATED-CROSS-FILE	opentitan	hw/ip/otbn/dv/uvm/env/seq_lib/otbn_rf_bignum_intg_err_vseq.sv	348	348	352	8	2172	otbn_intg_err_vseq @ stimuli/sv/subs/opentitan/hw/ip/otbn/dv/uvm/env/seq_lib/otbn_intg_err_vseq.sv	s otbn_intg_err_vseq; `uvm_object_utils(otbn_rf_bignum_intg_err_vseq) `uvm_
PRE-TICK	FACT-GATED-CROSS-FILE	opentitan	hw/ip/otbn/dv/uvm/env/seq_lib/otbn_rnd_sec_cm_vseq.sv	836	836	840	13	3277	otbn_multi_vseq @ stimuli/sv/subs/opentitan/hw/ip/otbn/dv/uvm/env/seq_lib/otbn_multi_vseq.sv	ends otbn_multi_vseq; `uvm_object_utils(otbn_rnd_sec_cm_vseq) `uvm_object_ne
PRE-TICK	FACT-GATED-CROSS-FILE	opentitan	hw/ip/otbn/dv/uvm/env/seq_lib/otbn_sec_wipe_err_vseq.sv	378	378	382	9	5881	otbn_base_vseq @ stimuli/sv/subs/opentitan/hw/ip/otbn/dv/uvm/env/seq_lib/otbn_base_vseq.sv	tends otbn_base_vseq; `uvm_object_utils(otbn_sec_wipe_err_vseq) `uvm_object
PRE-TICK	FACT-GATED-CROSS-FILE	opentitan	hw/ip/otbn/dv/uvm/env/seq_lib/otbn_sequential_vseq.sv	416	416	420	8	2434	otbn_base_vseq @ stimuli/sv/subs/opentitan/hw/ip/otbn/dv/uvm/env/seq_lib/otbn_base_vseq.sv	tends otbn_base_vseq; `uvm_object_utils(otbn_sequential_vseq) `uvm_object_n
PRE-TICK	FACT-GATED-CROSS-FILE	opentitan	hw/ip/otbn/dv/uvm/env/seq_lib/otbn_single_vseq.sv	310	310	314	7	1608	otbn_base_vseq @ stimuli/sv/subs/opentitan/hw/ip/otbn/dv/uvm/env/seq_lib/otbn_base_vseq.sv	tends otbn_base_vseq; `uvm_object_utils(otbn_single_vseq) `uvm_object_new
PRE-TICK	FACT-GATED-CROSS-FILE	opentitan	hw/ip/otbn/dv/uvm/env/seq_lib/otbn_smoke_vectorized_vseq.sv	394	394	398	8	783	otbn_smoke_vseq @ stimuli/sv/subs/opentitan/hw/ip/otbn/dv/uvm/env/seq_lib/otbn_smoke_vseq.sv	ends otbn_smoke_vseq; `uvm_object_utils(otbn_smoke_vectorized_vseq) `uvm_obj
PRE-TICK	FACT-GATED-CROSS-FILE	opentitan	hw/ip/otbn/dv/uvm/env/seq_lib/otbn_smoke_vseq.sv	336	336	340	8	750	otbn_single_vseq @ stimuli/sv/subs/opentitan/hw/ip/otbn/dv/uvm/env/seq_lib/otbn_single_vseq.sv	nds otbn_single_vseq; `uvm_object_utils(otbn_smoke_vseq) `uvm_object_new
PRE-TICK	FACT-GATED-CROSS-FILE	opentitan	hw/ip/otbn/dv/uvm/env/seq_lib/otbn_stack_addr_integ_chk_vseq.sv	308	308	312	7	8420	otbn_single_vseq @ stimuli/sv/subs/opentitan/hw/ip/otbn/dv/uvm/env/seq_lib/otbn_single_vseq.sv	nds otbn_single_vseq; `uvm_object_utils(otbn_stack_addr_integ_chk_vseq) `uvm
PRE-TICK	FACT-GATED-CROSS-FILE	opentitan	hw/ip/otbn/dv/uvm/env/seq_lib/otbn_stress_all_vseq.sv	404	404	408	8	1787	otbn_base_vseq @ stimuli/sv/subs/opentitan/hw/ip/otbn/dv/uvm/env/seq_lib/otbn_base_vseq.sv	tends otbn_base_vseq; `uvm_object_utils(otbn_stress_all_vseq) `uvm_object_n
PRE-TICK	FACT-GATED-CROSS-FILE	opentitan	hw/ip/otbn/dv/uvm/env/seq_lib/otbn_sw_errs_fatal_chk_vseq.sv	229	229	233	5	786	otbn_single_vseq @ stimuli/sv/subs/opentitan/hw/ip/otbn/dv/uvm/env/seq_lib/otbn_single_vseq.sv	nds otbn_single_vseq; `uvm_object_utils(otbn_sw_errs_fatal_chk_vseq) `uvm_ob
PRE-TICK	FACT-GATED-CROSS-FILE	opentitan	hw/ip/otbn/dv/uvm/env/seq_lib/otbn_sw_no_acc_vseq.sv	332	332	336	8	2812	otbn_single_vseq @ stimuli/sv/subs/opentitan/hw/ip/otbn/dv/uvm/env/seq_lib/otbn_single_vseq.sv	nds otbn_single_vseq; `uvm_object_utils(otbn_sw_no_acc_vseq) `uvm_object_ne
PRE-TICK	FACT-GATED-CROSS-FILE	opentitan	hw/ip/otbn/dv/uvm/env/seq_lib/otbn_urnd_err_vseq.sv	287	287	291	7	4156	otbn_base_vseq @ stimuli/sv/subs/opentitan/hw/ip/otbn/dv/uvm/env/seq_lib/otbn_base_vseq.sv	tends otbn_base_vseq; `uvm_object_utils(otbn_urnd_err_vseq) `uvm_object_new
PRE-TICK	FACT-GATED-CROSS-FILE	opentitan	hw/ip/otbn/dv/uvm/env/seq_lib/otbn_zero_state_err_urnd_vseq.sv	231	231	235	5	1762	otbn_single_vseq @ stimuli/sv/subs/opentitan/hw/ip/otbn/dv/uvm/env/seq_lib/otbn_single_vseq.sv	nds otbn_single_vseq; `uvm_object_utils(otbn_zero_state_err_urnd_vseq) `uvm_
PRE-TICK	FACT-GATED-CROSS-FILE	opentitan	hw/ip/otbn/dv/uvm/otbn_model_agent/otbn_model_agent.sv	215	216	387	5	979	dv_base_agent @ stimuli/sv/subs/opentitan/hw/dv/sv/dv_base_agent/dv_base_agent.sv	tends dv_base_agent #( .CFG_T (otbn_model_agent_cfg), .MONITOR_T
PRE-TICK	FACT-GATED-CROSS-FILE	opentitan	hw/ip/otbn/dv/uvm/otbn_model_agent/otbn_model_agent_cfg.sv	223	223	382	5	601	dv_base_agent_cfg @ stimuli/sv/subs/opentitan/hw/dv/sv/dv_base_agent/dv_base_agent_cfg.sv	ds dv_base_agent_cfg; // interface handle used by driver, monitor & the seque
PRE-TICK	FACT-GATED-CROSS-FILE	opentitan	hw/ip/otbn/dv/uvm/otbn_model_agent/otbn_model_if.sv	780	781	1873	20	6188	otbn_key_req_t @ stimuli/sv/subs/opentitan/hw/ip/keymgr/rtl/keymgr_pkg.sv	nput otbn_key_req_t keymgr_key_i ); import uvm_pkg::*; // Inputs to DUT l
PRE-TICK	FACT-GATED-CROSS-FILE	opentitan	hw/ip/otbn/dv/uvm/otbn_model_agent/otbn_model_monitor.sv	304	305	381	9	3018	dv_base_monitor @ stimuli/sv/subs/opentitan/hw/dv/sv/dv_base_agent/dv_base_monitor.sv	nds dv_base_monitor #( .ITEM_T (otbn_model_item), .CFG_T (otbn_model_ag
PRE-TICK	FACT-GATED-CROSS-FILE	opentitan	hw/ip/otbn/dv/uvm/tests/otbn_base_test.sv	213	214	272	5	705	cip_base_test @ stimuli/sv/subs/opentitan/hw/dv/sv/cip_lib/cip_base_test.sv	tends cip_base_test #( .CFG_T(otbn_env_cfg), .ENV_T(otbn_env) ); `u
PRE-TICK	FACT-GATED-CROSS-FILE	opentitan	hw/ip/otbn/rtl/otbn_mac_bignum_fsm.sv	686	699	16515	21	18111	mac_elen_e @ stimuli/sv/subs/opentitan/hw/ip/otbn/rtl/otbn_pkg.sv	_elen_e elen_i, input logic [VLEN/QWLEN-1:0] adder_carry_sel_i,
PRE-TICK	FACT-GATED-CROSS-FILE	opentitan	hw/ip/otbn/rtl/otbn_mai.sv	2505	2528	21612	75	21814	mask_op_e @ stimuli/sv/subs/opentitan/hw/ip/otbn/rtl/otbn_pkg.sv	op; logic start; } ispr_mai_
PRE-TICK	FACT-GATED-CROSS-FILE	opentitan	hw/ip/otbn/rtl/otbn_scramble_ctrl.sv	1002	1010	4525	31	9221	otbn_dmem_nonce_t @ stimuli/sv/subs/opentitan/hw/ip/otbn/rtl/otbn_pkg.sv	dmem_nonce_t otbn_dmem_scramble_nonce_o, output logic
PRE-TICK	FACT-GATED-CROSS-FILE	opentitan	hw/ip/otbn/rtl/otbn_vec_transposer.sv	1460	1467	3240	35	3401	trn_elen_e @ stimuli/sv/subs/opentitan/hw/ip/otbn/rtl/otbn_pkg.sv	t trn_elen_e elen_i, output logic [VLEN-1:0] result_o ); typedef str
PRE-TICK	FACT-GATED-CROSS-FILE	opentitan	hw/ip/pattgen/dv/env/pattgen_env.sv	209	210	408	5	1225	cip_base_env @ stimuli/sv/subs/opentitan/hw/dv/sv/cip_lib/cip_base_env.sv	xtends cip_base_env #( .CFG_T (pattgen_env_cfg), .COV_T
PRE-TICK	FACT-GATED-CROSS-FILE	opentitan	hw/ip/pattgen/dv/env/pattgen_env_cfg.sv	217	218	825	5	1434	cip_base_env_cfg @ stimuli/sv/subs/opentitan/hw/dv/sv/cip_lib/cip_base_env_cfg.sv	ds cip_base_env_cfg #(.RAL_T(pattgen_reg_block)); // Drain time of phase_ready
PRE-TICK	FACT-GATED-CROSS-FILE	opentitan	hw/ip/pattgen/dv/env/pattgen_env_cov.sv	416	417	447	11	1041	cip_base_env_cov @ stimuli/sv/subs/opentitan/hw/dv/sv/cip_lib/cip_base_env_cov.sv	ds cip_base_env_cov #(.CFG_T(pattgen_env_cfg)); `uvm_component_utils(pattgen_e
PRE-TICK	FACT-GATED-CROSS-FILE	opentitan	hw/ip/pattgen/dv/env/pattgen_scoreboard.sv	223	224	416	5	12320	cip_base_scoreboard @ stimuli/sv/subs/opentitan/hw/dv/sv/cip_lib/cip_base_scoreboard.sv	cip_base_scoreboard #(.CFG_T(pattgen_env_cfg),
PRE-TICK	FACT-GATED-CROSS-FILE	opentitan	hw/ip/pattgen/dv/env/pattgen_virtual_sequencer.sv	237	238	305	5	384	cip_base_virtual_sequencer @ stimuli/sv/subs/opentitan/hw/dv/sv/cip_lib/cip_base_virtual_sequencer.sv	e_virtual_sequencer #( .CFG_T(pattgen_env_cfg), .COV_T(pattgen_env_cov)
PRE-TICK	FACT-GATED-CROSS-FILE	opentitan	hw/ip/pattgen/dv/env/seq_lib/pattgen_base_vseq.sv	216	217	414	5	20572	cip_base_vseq @ stimuli/sv/subs/opentitan/hw/dv/sv/cip_lib/seq_lib/cip_base_vseq.sv	tends cip_base_vseq #( .RAL_T (pattgen_reg_block), .CFG_T
PRE-TICK	FACT-GATED-CROSS-FILE	opentitan	hw/ip/pattgen/dv/env/seq_lib/pattgen_cnt_rollover_vseq.sv	256	256	260	6	1272	pattgen_base_vseq @ stimuli/sv/subs/opentitan/hw/ip/pattgen/dv/env/seq_lib/pattgen_base_vseq.sv	ds pattgen_base_vseq; `uvm_object_utils(pattgen_cnt_rollover_vseq) // reduc
PRE-TICK	FACT-GATED-CROSS-FILE	opentitan	hw/ip/pattgen/dv/env/seq_lib/pattgen_common_vseq.sv	222	222	226	5	760	pattgen_base_vseq @ stimuli/sv/subs/opentitan/hw/ip/pattgen/dv/env/seq_lib/pattgen_base_vseq.sv	ds pattgen_base_vseq; `uvm_object_utils(pattgen_common_vseq) `uvm_object_new
PRE-TICK	FACT-GATED-CROSS-FILE	opentitan	hw/ip/pattgen/dv/env/seq_lib/pattgen_error_vseq.sv	459	459	463	9	1091	pattgen_base_vseq @ stimuli/sv/subs/opentitan/hw/ip/pattgen/dv/env/seq_lib/pattgen_base_vseq.sv	ds pattgen_base_vseq; `uvm_object_utils(pattgen_error_vseq) function new(st
PRE-TICK	FACT-GATED-CROSS-FILE	opentitan	hw/ip/pattgen/dv/env/seq_lib/pattgen_inactive_level_vseq.sv	275	275	279	6	676	pattgen_base_vseq @ stimuli/sv/subs/opentitan/hw/ip/pattgen/dv/env/seq_lib/pattgen_base_vseq.sv	ds pattgen_base_vseq; `uvm_object_utils(pattgen_inactive_level_vseq) `uvm_ob
PRE-TICK	FACT-GATED-CROSS-FILE	opentitan	hw/ip/pattgen/dv/env/seq_lib/pattgen_perf_vseq.sv	244	244	248	6	1155	pattgen_base_vseq @ stimuli/sv/subs/opentitan/hw/ip/pattgen/dv/env/seq_lib/pattgen_base_vseq.sv	ds pattgen_base_vseq; `uvm_object_utils(pattgen_perf_vseq) // reduce num_tr
PRE-TICK	FACT-GATED-CROSS-FILE	opentitan	hw/ip/pattgen/dv/env/seq_lib/pattgen_smoke_vseq.sv	246	246	250	6	337	pattgen_base_vseq @ stimuli/sv/subs/opentitan/hw/ip/pattgen/dv/env/seq_lib/pattgen_base_vseq.sv	ds pattgen_base_vseq; `uvm_object_utils(pattgen_smoke_vseq) `uvm_object_new
PRE-TICK	FACT-GATED-CROSS-FILE	opentitan	hw/ip/pattgen/dv/env/seq_lib/pattgen_stress_all_vseq.sv	415	415	419	8	3376	pattgen_base_vseq @ stimuli/sv/subs/opentitan/hw/ip/pattgen/dv/env/seq_lib/pattgen_base_vseq.sv	ds pattgen_base_vseq; `uvm_object_utils(pattgen_stress_all_vseq) `uvm_objec
PRE-TICK	FACT-GATED-CROSS-FILE	opentitan	hw/ip/pattgen/dv/tests/pattgen_base_test.sv	216	217	316	5	852	cip_base_test @ stimuli/sv/subs/opentitan/hw/dv/sv/cip_lib/cip_base_test.sv	tends cip_base_test #(.CFG_T(pattgen_env_cfg),
PRE-TICK	FACT-GATED-CROSS-FILE	opentitan	hw/ip/prim/rtl/prim_ascon_duplex.sv	806	807	18316	22	18984	duplex_variant_e @ stimuli/sv/subs/opentitan/hw/ip/prim/rtl/prim_ascon_pkg.sv	ut duplex_variant_e ascon_variant, input duplex_op_e ascon_operation, input
PRE-TICK	FACT-GATED-CROSS-FILE	opentitan	hw/ip/racl_ctrl/dv/env/racl_ctrl_base_env_cfg.sv	282	282	286	7	1626	cip_base_env_cfg @ stimuli/sv/subs/opentitan/hw/dv/sv/cip_lib/cip_base_env_cfg.sv	nds cip_base_env_cfg; `uvm_object_utils(racl_ctrl_base_env_cfg) racl_ctrl_r
PRE-TICK	FACT-GATED-CROSS-FILE	opentitan	hw/ip/racl_ctrl/dv/env/racl_ctrl_env.sv	211	212	528	5	2627	cip_base_env @ stimuli/sv/subs/opentitan/hw/dv/sv/cip_lib/cip_base_env.sv	xtends cip_base_env #(.CFG_T (racl_ctrl_base_env_cfg),
PRE-TICK	FACT-GATED-CROSS-FILE	opentitan	hw/ip/racl_ctrl/dv/env/racl_ctrl_env_cov.sv	418	419	456	11	1054	cip_base_env_cov @ stimuli/sv/subs/opentitan/hw/dv/sv/cip_lib/cip_base_env_cov.sv	ds cip_base_env_cov #(.CFG_T(racl_ctrl_base_env_cfg)); `uvm_component_utils(ra
PRE-TICK	FACT-GATED-CROSS-FILE	opentitan	hw/ip/racl_ctrl/dv/env/racl_ctrl_scoreboard.sv	225	226	431	5	26990	cip_base_scoreboard @ stimuli/sv/subs/opentitan/hw/dv/sv/cip_lib/cip_base_scoreboard.sv	cip_base_scoreboard #(.CFG_T(racl_ctrl_base_env_cfg),
PRE-TICK	FACT-GATED-CROSS-FILE	opentitan	hw/ip/racl_ctrl/dv/env/racl_error_log_agent/racl_error_log_agent.sv	219	219	529	5	1880	dv_base_agent @ stimuli/sv/subs/opentitan/hw/dv/sv/dv_base_agent/dv_base_agent.sv	xtends dv_base_agent#(.CFG_T (racl_error_log_agent_cfg),
PRE-TICK	FACT-GATED-CROSS-FILE	opentitan	hw/ip/racl_ctrl/dv/env/racl_error_log_agent/racl_error_log_agent_cfg.sv	227	227	232	5	838	dv_base_agent_cfg @ stimuli/sv/subs/opentitan/hw/dv/sv/dv_base_agent/dv_base_agent_cfg.sv	ds dv_base_agent_cfg; `uvm_object_utils(racl_error_log_agent_cfg) // This
PRE-TICK	FACT-GATED-CROSS-FILE	opentitan	hw/ip/racl_ctrl/dv/env/racl_error_log_agent/racl_error_log_driver.sv	335	336	472	8	3855	dv_base_driver @ stimuli/sv/subs/opentitan/hw/dv/sv/dv_base_agent/dv_base_driver.sv	ends dv_base_driver #(.ITEM_T (racl_error_log_vec_driver_item),
PRE-TICK	FACT-GATED-CROSS-FILE	opentitan	hw/ip/racl_ctrl/dv/env/racl_error_log_agent/racl_error_log_monitor.sv	264	265	597	7	2577	dv_base_monitor @ stimuli/sv/subs/opentitan/hw/dv/sv/dv_base_agent/dv_base_monitor.sv	nds dv_base_monitor #(.ITEM_T (racl_error_log_vec_item),
PRE-TICK	FACT-GATED-CROSS-FILE	opentitan	hw/ip/racl_ctrl/dv/env/racl_error_log_agent/racl_error_log_sequencer.sv	227	227	368	5	599	dv_base_sequencer @ stimuli/sv/subs/opentitan/hw/dv/sv/dv_base_agent/dv_base_sequencer.sv	ds dv_base_sequencer#(.ITEM_T (racl_error_log_vec_driver_item),
PRE-TICK	FACT-GATED-CROSS-FILE	opentitan	hw/ip/racl_ctrl/dv/env/racl_error_log_agent/racl_error_log_vec_driver_item.sv	423	423	427	8	719	racl_error_log_vec_item @ stimuli/sv/subs/opentitan/hw/ip/racl_ctrl/dv/env/racl_error_log_agent/racl_error_log_vec_item.sv	l_error_log_vec_item; `uvm_object_utils(racl_error_log_vec_driver_item) //
PRE-TICK	FACT-GATED-CROSS-FILE	opentitan	hw/ip/racl_ctrl/dv/env/racl_error_log_agent/seq_lib/racl_error_log_sporadic_seq.sv	389	390	570	9	2151	dv_base_seq @ stimuli/sv/subs/opentitan/hw/dv/sv/dv_base_agent/dv_base_seq.sv	extends dv_base_seq #(.REQ (racl_error_log_vec_driver_item),
PRE-TICK	FACT-GATED-CROSS-FILE	opentitan	hw/ip/racl_ctrl/dv/env/seq_lib/racl_ctrl_base_vseq.sv	220	221	488	6	5472	cip_base_vseq @ stimuli/sv/subs/opentitan/hw/dv/sv/cip_lib/seq_lib/cip_base_vseq.sv	tends cip_base_vseq #(.RAL_T (dv_base_reg_block),
PRE-TICK	FACT-GATED-CROSS-FILE	opentitan	hw/ip/racl_ctrl/dv/env/seq_lib/racl_ctrl_common_vseq.sv	226	226	230	5	482	racl_ctrl_base_vseq @ stimuli/sv/subs/opentitan/hw/ip/racl_ctrl/dv/env/seq_lib/racl_ctrl_base_vseq.sv	racl_ctrl_base_vseq; `uvm_object_utils(racl_ctrl_common_vseq) constraint n
PRE-TICK	FACT-GATED-CROSS-FILE	opentitan	hw/ip/racl_ctrl/dv/env/seq_lib/racl_ctrl_smoke_vseq.sv	375	375	379	8	1848	racl_ctrl_base_vseq @ stimuli/sv/subs/opentitan/hw/ip/racl_ctrl/dv/env/seq_lib/racl_ctrl_base_vseq.sv	racl_ctrl_base_vseq; `uvm_object_utils(racl_ctrl_smoke_vseq) extern functi
PRE-TICK	FACT-GATED-CROSS-FILE	opentitan	hw/ip/racl_ctrl/dv/env/seq_lib/racl_ctrl_stress_all_vseq.sv	286	286	290	7	1810	racl_ctrl_base_vseq @ stimuli/sv/subs/opentitan/hw/ip/racl_ctrl/dv/env/seq_lib/racl_ctrl_base_vseq.sv	racl_ctrl_base_vseq; `uvm_object_utils(racl_ctrl_stress_all_vseq) // The s
PRE-TICK	FACT-GATED-CROSS-FILE	opentitan	hw/ip/racl_ctrl/dv/tests/racl_ctrl_base_test.sv	218	219	330	5	2215	cip_base_test @ stimuli/sv/subs/opentitan/hw/dv/sv/cip_lib/cip_base_test.sv	tends cip_base_test #(.CFG_T(racl_ctrl_base_env_cfg),
PRE-TICK	FACT-GATED-CROSS-FILE	opentitan	hw/ip/rom_ctrl/dv/env/rom_ctrl_bkdr_util.sv	550	550	7952	11	9100	mem_bkdr_util @ stimuli/sv/subs/opentitan/hw/dv/sv/mem_bkdr_util/mem_bkdr_util.sv	xtends mem_bkdr_util; // Encryption configuration. bit [127:0] m_key; bit
PRE-TICK	FACT-GATED-CROSS-FILE	opentitan	hw/ip/rom_ctrl/dv/env/rom_ctrl_env.sv	210	211	409	5	2206	cip_base_env @ stimuli/sv/subs/opentitan/hw/dv/sv/cip_lib/cip_base_env.sv	xtends cip_base_env #( .CFG_T (rom_ctrl_env_cfg), .COV_T
PRE-TICK	FACT-GATED-CROSS-FILE	opentitan	hw/ip/rom_ctrl/dv/env/rom_ctrl_env_cfg.sv	218	219	1023	5	4240	cip_base_env_cfg @ stimuli/sv/subs/opentitan/hw/dv/sv/cip_lib/cip_base_env_cfg.sv	ds cip_base_env_cfg #(.RAL_T(rom_ctrl_regs_reg_block)); string rom_ral_name =
PRE-TICK	FACT-GATED-CROSS-FILE	opentitan	hw/ip/rom_ctrl/dv/env/rom_ctrl_env_cov.sv	417	418	449	11	1173	cip_base_env_cov @ stimuli/sv/subs/opentitan/hw/dv/sv/cip_lib/cip_base_env_cov.sv	ds cip_base_env_cov #(.CFG_T(rom_ctrl_env_cfg)); `uvm_component_utils(rom_ctrl
PRE-TICK	FACT-GATED-CROSS-FILE	opentitan	hw/ip/rom_ctrl/dv/env/rom_ctrl_scoreboard.sv	224	225	331	5	14912	cip_base_scoreboard @ stimuli/sv/subs/opentitan/hw/dv/sv/cip_lib/cip_base_scoreboard.sv	cip_base_scoreboard #( .CFG_T(rom_ctrl_env_cfg), .RAL_T(rom_ctrl_regs_re
PRE-TICK	FACT-GATED-CROSS-FILE	opentitan	hw/ip/rom_ctrl/dv/env/rom_ctrl_virtual_sequencer.sv	238	239	308	5	429	cip_base_virtual_sequencer @ stimuli/sv/subs/opentitan/hw/dv/sv/cip_lib/cip_base_virtual_sequencer.sv	e_virtual_sequencer #( .CFG_T(rom_ctrl_env_cfg), .COV_T(rom_ctrl_env_cov
PRE-TICK	FACT-GATED-CROSS-FILE	opentitan	hw/ip/rom_ctrl/dv/env/seq_lib/rom_ctrl_base_vseq.sv	217	218	424	5	8292	cip_base_vseq @ stimuli/sv/subs/opentitan/hw/dv/sv/cip_lib/seq_lib/cip_base_vseq.sv	tends cip_base_vseq #( .RAL_T (rom_ctrl_regs_reg_block), .
PRE-TICK	FACT-GATED-CROSS-FILE	opentitan	hw/ip/rom_ctrl/dv/env/seq_lib/rom_ctrl_common_vseq.sv	224	224	228	5	8622	rom_ctrl_base_vseq @ stimuli/sv/subs/opentitan/hw/ip/rom_ctrl/dv/env/seq_lib/rom_ctrl_base_vseq.sv	s rom_ctrl_base_vseq; `uvm_object_utils(rom_ctrl_common_vseq) `uvm_object_n
PRE-TICK	FACT-GATED-CROSS-FILE	opentitan	hw/ip/rom_ctrl/dv/env/seq_lib/rom_ctrl_corrupt_sig_fatal_chk_vseq.sv	239	239	243	5	17754	rom_ctrl_base_vseq @ stimuli/sv/subs/opentitan/hw/ip/rom_ctrl/dv/env/seq_lib/rom_ctrl_base_vseq.sv	s rom_ctrl_base_vseq; `uvm_object_utils(rom_ctrl_corrupt_sig_fatal_chk_vseq)
PRE-TICK	FACT-GATED-CROSS-FILE	opentitan	hw/ip/rom_ctrl/dv/env/seq_lib/rom_ctrl_kmac_err_chk_vseq.sv	230	230	234	5	1080	rom_ctrl_base_vseq @ stimuli/sv/subs/opentitan/hw/ip/rom_ctrl/dv/env/seq_lib/rom_ctrl_base_vseq.sv	s rom_ctrl_base_vseq; `uvm_object_utils(rom_ctrl_kmac_err_chk_vseq) `uvm_ob
PRE-TICK	FACT-GATED-CROSS-FILE	opentitan	hw/ip/rom_ctrl/dv/env/seq_lib/rom_ctrl_smoke_vseq.sv	223	223	227	5	803	rom_ctrl_base_vseq @ stimuli/sv/subs/opentitan/hw/ip/rom_ctrl/dv/env/seq_lib/rom_ctrl_base_vseq.sv	s rom_ctrl_base_vseq; `uvm_object_utils(rom_ctrl_smoke_vseq) `uvm_object_new
PRE-TICK	FACT-GATED-CROSS-FILE	opentitan	hw/ip/rom_ctrl/dv/env/seq_lib/rom_ctrl_stress_all_vseq.sv	283	283	287	6	2343	rom_ctrl_base_vseq @ stimuli/sv/subs/opentitan/hw/ip/rom_ctrl/dv/env/seq_lib/rom_ctrl_base_vseq.sv	s rom_ctrl_base_vseq; `uvm_object_utils(rom_ctrl_stress_all_vseq) `uvm_obje
PRE-TICK	FACT-GATED-CROSS-FILE	opentitan	hw/ip/rom_ctrl/dv/env/seq_lib/rom_ctrl_throughput_vseq.sv	328	328	332	7	1761	rom_ctrl_base_vseq @ stimuli/sv/subs/opentitan/hw/ip/rom_ctrl/dv/env/seq_lib/rom_ctrl_base_vseq.sv	s rom_ctrl_base_vseq; `uvm_object_utils(rom_ctrl_throughput_vseq) `uvm_obje
PRE-TICK	FACT-GATED-CROSS-FILE	opentitan	hw/ip/rom_ctrl/dv/tests/rom_ctrl_base_test.sv	217	218	284	5	643	cip_base_test @ stimuli/sv/subs/opentitan/hw/dv/sv/cip_lib/cip_base_test.sv	tends cip_base_test #( .CFG_T(rom_ctrl_env_cfg), .ENV_T(rom_ctrl_env)
PRE-TICK	FACT-GATED-CROSS-FILE	opentitan	hw/ip/rram_ctrl/rtl/rram_ctrl_lcmgr.sv	409	411	4554	13	28991	rram_key_t @ stimuli/sv/subs/opentitan/hw/ip/rram_ctrl/rtl/rram_ctrl_pkg.sv	rameter rram_key_t RndCnstAddrKey = RndCnstAddrKeyDefault, parameter rram_ke
PRE-TICK	FACT-GATED-CROSS-FILE	opentitan	hw/ip/rram_ctrl/rtl/rram_ctrl_rd.sv	671	682	2062	19	6019	rram_ctrl_err_t @ stimuli/sv/subs/opentitan/hw/ip/rram_ctrl/rtl/rram_ctrl_pkg.sv	trl_err_t op_err_o, output logic [BusAddrW-1:0] op_err_addr_o,
PRE-TICK	FACT-GATED-CROSS-FILE	opentitan	hw/ip/rram_ctrl/rtl/rram_ctrl_wr.sv	668	679	2080	19	4929	rram_ctrl_err_t @ stimuli/sv/subs/opentitan/hw/ip/rram_ctrl/rtl/rram_ctrl_pkg.sv	trl_err_t op_err_o, output logic [BusAddrW-1:0] op_err_addr_o,
PRE-TICK	FACT-GATED-CROSS-FILE	opentitan	hw/ip/rram_ctrl/rtl/rram_phy_rd.sv	1087	1101	17657	27	25093	rram_part_e @ stimuli/sv/subs/opentitan/hw/ip/rram_ctrl/rtl/rram_ctrl_pkg.sv	part_e wr_part_i, input logic [BusAddrW-1:0] addr_i, input
PRE-TICK	FACT-GATED-CROSS-FILE	opentitan	hw/ip/rram_ctrl/rtl/rram_phy_rd_buffer.sv	1523	1556	3816	29	4401	rram_part_e @ stimuli/sv/subs/opentitan/hw/ip/rram_ctrl/rtl/rram_ctrl_pkg.sv	part_i, input logic
PRE-TICK	FACT-GATED-CROSS-FILE	opentitan	hw/ip/rram_ctrl/rtl/rram_phy_wr.sv	1546	1560	4985	34	9771	rram_part_e @ stimuli/sv/subs/opentitan/hw/ip/rram_ctrl/rtl/rram_ctrl_pkg.sv	part_e part_i, input logic [BusFullWidth-1:0] data_i, input l
PRE-TICK	FACT-GATED-CROSS-FILE	opentitan	hw/ip/rv_dm/dv/env/rv_dm_env.sv	207	208	394	5	3727	cip_base_env @ stimuli/sv/subs/opentitan/hw/dv/sv/cip_lib/cip_base_env.sv	xtends cip_base_env #( .CFG_T (rv_dm_env_cfg), .COV_T
PRE-TICK	FACT-GATED-CROSS-FILE	opentitan	hw/ip/rv_dm/dv/env/rv_dm_env_cfg.sv	215	216	1322	5	8585	cip_base_env_cfg @ stimuli/sv/subs/opentitan/hw/dv/sv/cip_lib/cip_base_env_cfg.sv	ds cip_base_env_cfg #(.RAL_T(rv_dm_regs_reg_block)); // ext component cfgs
PRE-TICK	FACT-GATED-CROSS-FILE	opentitan	hw/ip/rv_dm/dv/env/rv_dm_env_cov.sv	414	415	443	11	1033	cip_base_env_cov @ stimuli/sv/subs/opentitan/hw/dv/sv/cip_lib/cip_base_env_cov.sv	ds cip_base_env_cov #(.CFG_T(rv_dm_env_cfg)); `uvm_component_utils(rv_dm_env_c
PRE-TICK	FACT-GATED-CROSS-FILE	opentitan	hw/ip/rv_dm/dv/env/rv_dm_scoreboard.sv	221	222	319	5	18637	cip_base_scoreboard @ stimuli/sv/subs/opentitan/hw/dv/sv/cip_lib/cip_base_scoreboard.sv	cip_base_scoreboard #( .CFG_T(rv_dm_env_cfg), .RAL_T(rv_dm_regs_reg_bloc
PRE-TICK	FACT-GATED-CROSS-FILE	opentitan	hw/ip/rv_dm/dv/env/rv_dm_virtual_sequencer.sv	235	236	299	5	452	cip_base_virtual_sequencer @ stimuli/sv/subs/opentitan/hw/dv/sv/cip_lib/cip_base_virtual_sequencer.sv	e_virtual_sequencer #( .CFG_T(rv_dm_env_cfg), .COV_T(rv_dm_env_cov) );
PRE-TICK	FACT-GATED-CROSS-FILE	opentitan	hw/ip/rv_dm/dv/env/seq_lib/rv_dm_abstractcmd_status_vseq.sv	230	230	234	5	1153	rv_dm_base_vseq @ stimuli/sv/subs/opentitan/hw/ip/rv_dm/dv/env/seq_lib/rv_dm_base_vseq.sv	ends rv_dm_base_vseq; `uvm_object_utils(rv_dm_abstractcmd_status_vseq) `uvm_
PRE-TICK	FACT-GATED-CROSS-FILE	opentitan	hw/ip/rv_dm/dv/env/seq_lib/rv_dm_base_vseq.sv	214	215	409	5	21213	cip_base_vseq @ stimuli/sv/subs/opentitan/hw/dv/sv/cip_lib/seq_lib/cip_base_vseq.sv	tends cip_base_vseq #( .RAL_T (rv_dm_regs_reg_block), .CFG
PRE-TICK	FACT-GATED-CROSS-FILE	opentitan	hw/ip/rv_dm/dv/env/seq_lib/rv_dm_buffered_enable_vseq.sv	895	895	899	17	13045	rv_dm_base_vseq @ stimuli/sv/subs/opentitan/hw/ip/rv_dm/dv/env/seq_lib/rv_dm_base_vseq.sv	ends rv_dm_base_vseq; `uvm_object_utils(rv_dm_buffered_enable_vseq) `uvm_obj
PRE-TICK	FACT-GATED-CROSS-FILE	opentitan	hw/ip/rv_dm/dv/env/seq_lib/rv_dm_cmderr_busy_vseq.sv	223	223	227	5	2593	rv_dm_base_vseq @ stimuli/sv/subs/opentitan/hw/ip/rv_dm/dv/env/seq_lib/rv_dm_base_vseq.sv	ends rv_dm_base_vseq; `uvm_object_utils(rv_dm_cmderr_busy_vseq) `uvm_object_
PRE-TICK	FACT-GATED-CROSS-FILE	opentitan	hw/ip/rv_dm/dv/env/seq_lib/rv_dm_cmderr_exception_vseq.sv	228	228	232	5	1208	rv_dm_base_vseq @ stimuli/sv/subs/opentitan/hw/ip/rv_dm/dv/env/seq_lib/rv_dm_base_vseq.sv	ends rv_dm_base_vseq; `uvm_object_utils(rv_dm_cmderr_exception_vseq) `uvm_ob
PRE-TICK	FACT-GATED-CROSS-FILE	opentitan	hw/ip/rv_dm/dv/env/seq_lib/rv_dm_cmderr_halt_resume_vseq.sv	249	249	253	6	988	rv_dm_base_vseq @ stimuli/sv/subs/opentitan/hw/ip/rv_dm/dv/env/seq_lib/rv_dm_base_vseq.sv	ends rv_dm_base_vseq; `uvm_object_utils(rv_dm_cmderr_halt_resume_vseq) `uvm_
PRE-TICK	FACT-GATED-CROSS-FILE	opentitan	hw/ip/rv_dm/dv/env/seq_lib/rv_dm_cmderr_not_supported_vseq.sv	232	232	236	5	2131	rv_dm_base_vseq @ stimuli/sv/subs/opentitan/hw/ip/rv_dm/dv/env/seq_lib/rv_dm_base_vseq.sv	ends rv_dm_base_vseq; `uvm_object_utils(rv_dm_cmderr_not_supported_vseq) `uv
PRE-TICK	FACT-GATED-CROSS-FILE	opentitan	hw/ip/rv_dm/dv/env/seq_lib/rv_dm_common_vseq.sv	218	218	222	5	2451	rv_dm_base_vseq @ stimuli/sv/subs/opentitan/hw/ip/rv_dm/dv/env/seq_lib/rv_dm_base_vseq.sv	ends rv_dm_base_vseq; `uvm_object_utils(rv_dm_common_vseq) `uvm_object_new
PRE-TICK	FACT-GATED-CROSS-FILE	opentitan	hw/ip/rv_dm/dv/env/seq_lib/rv_dm_dataaddr_rw_access_vseq.sv	230	230	234	5	1122	rv_dm_base_vseq @ stimuli/sv/subs/opentitan/hw/ip/rv_dm/dv/env/seq_lib/rv_dm_base_vseq.sv	ends rv_dm_base_vseq; `uvm_object_utils(rv_dm_dataaddr_rw_access_vseq) `uvm_
PRE-TICK	FACT-GATED-CROSS-FILE	opentitan	hw/ip/rv_dm/dv/env/seq_lib/rv_dm_debug_disabled_vseq.sv	226	226	230	5	2324	rv_dm_base_vseq @ stimuli/sv/subs/opentitan/hw/ip/rv_dm/dv/env/seq_lib/rv_dm_base_vseq.sv	ends rv_dm_base_vseq; `uvm_object_utils(rv_dm_debug_disabled_vseq) `uvm_obje
PRE-TICK	FACT-GATED-CROSS-FILE	opentitan	hw/ip/rv_dm/dv/env/seq_lib/rv_dm_dmi_failed_op_vseq.sv	225	225	229	5	6118	rv_dm_base_vseq @ stimuli/sv/subs/opentitan/hw/ip/rv_dm/dv/env/seq_lib/rv_dm_base_vseq.sv	ends rv_dm_base_vseq; `uvm_object_utils(rv_dm_dmi_failed_op_vseq) `uvm_objec
PRE-TICK	FACT-GATED-CROSS-FILE	opentitan	hw/ip/rv_dm/dv/env/seq_lib/rv_dm_halt_resume_whereto_vseq.sv	258	258	262	6	6082	rv_dm_base_vseq @ stimuli/sv/subs/opentitan/hw/ip/rv_dm/dv/env/seq_lib/rv_dm_base_vseq.sv	ends rv_dm_base_vseq; `uvm_object_utils(rv_dm_halt_resume_whereto_vseq) `uvm
PRE-TICK	FACT-GATED-CROSS-FILE	opentitan	hw/ip/rv_dm/dv/env/seq_lib/rv_dm_hart_unavail_vseq.sv	224	224	228	5	1694	rv_dm_base_vseq @ stimuli/sv/subs/opentitan/hw/ip/rv_dm/dv/env/seq_lib/rv_dm_base_vseq.sv	ends rv_dm_base_vseq; `uvm_object_utils(rv_dm_hart_unavail_vseq) `uvm_object
PRE-TICK	FACT-GATED-CROSS-FILE	opentitan	hw/ip/rv_dm/dv/env/seq_lib/rv_dm_hartsel_warl_vseq.sv	224	224	228	5	963	rv_dm_base_vseq @ stimuli/sv/subs/opentitan/hw/ip/rv_dm/dv/env/seq_lib/rv_dm_base_vseq.sv	ends rv_dm_base_vseq; `uvm_object_utils(rv_dm_hartsel_warl_vseq) `uvm_object
PRE-TICK	FACT-GATED-CROSS-FILE	opentitan	hw/ip/rv_dm/dv/env/seq_lib/rv_dm_jtag_dmi_csr_vseq.sv	292	292	296	6	482	rv_dm_common_vseq @ stimuli/sv/subs/opentitan/hw/ip/rv_dm/dv/env/seq_lib/rv_dm_common_vseq.sv	ds rv_dm_common_vseq; `uvm_object_utils(rv_dm_jtag_dmi_csr_vseq) `uvm_object
PRE-TICK	FACT-GATED-CROSS-FILE	opentitan	hw/ip/rv_dm/dv/env/seq_lib/rv_dm_jtag_dmi_debug_disabled_vseq.sv	235	235	239	5	2788	rv_dm_base_vseq @ stimuli/sv/subs/opentitan/hw/ip/rv_dm/dv/env/seq_lib/rv_dm_base_vseq.sv	ends rv_dm_base_vseq; `uvm_object_utils(rv_dm_jtag_dmi_debug_disabled_vseq)
PRE-TICK	FACT-GATED-CROSS-FILE	opentitan	hw/ip/rv_dm/dv/env/seq_lib/rv_dm_jtag_dmi_dm_inactive_vseq.sv	234	234	238	5	1750	rv_dm_common_vseq @ stimuli/sv/subs/opentitan/hw/ip/rv_dm/dv/env/seq_lib/rv_dm_common_vseq.sv	ds rv_dm_common_vseq; `uvm_object_utils(rv_dm_jtag_dmi_dm_inactive_vseq) `uv
PRE-TICK	FACT-GATED-CROSS-FILE	opentitan	hw/ip/rv_dm/dv/env/seq_lib/rv_dm_jtag_dtm_csr_vseq.sv	292	292	296	6	739	rv_dm_common_vseq @ stimuli/sv/subs/opentitan/hw/ip/rv_dm/dv/env/seq_lib/rv_dm_common_vseq.sv	ds rv_dm_common_vseq; `uvm_object_utils(rv_dm_jtag_dtm_csr_vseq) `uvm_object
PRE-TICK	FACT-GATED-CROSS-FILE	opentitan	hw/ip/rv_dm/dv/env/seq_lib/rv_dm_jtag_dtm_hard_reset_vseq.sv	231	231	235	5	1947	rv_dm_base_vseq @ stimuli/sv/subs/opentitan/hw/ip/rv_dm/dv/env/seq_lib/rv_dm_base_vseq.sv	ends rv_dm_base_vseq; `uvm_object_utils(rv_dm_jtag_dtm_hard_reset_vseq) `uv
PRE-TICK	FACT-GATED-CROSS-FILE	opentitan	hw/ip/rv_dm/dv/env/seq_lib/rv_dm_jtag_dtm_idle_hint_vseq.sv	258	258	262	6	1638	rv_dm_base_vseq @ stimuli/sv/subs/opentitan/hw/ip/rv_dm/dv/env/seq_lib/rv_dm_base_vseq.sv	ends rv_dm_base_vseq; `uvm_object_utils(rv_dm_jtag_dtm_idle_hint_vseq) `uvm_
PRE-TICK	FACT-GATED-CROSS-FILE	opentitan	hw/ip/rv_dm/dv/env/seq_lib/rv_dm_mem_tl_access_halted_vseq.sv	252	252	256	6	1389	rv_dm_base_vseq @ stimuli/sv/subs/opentitan/hw/ip/rv_dm/dv/env/seq_lib/rv_dm_base_vseq.sv	ends rv_dm_base_vseq; `uvm_object_utils(rv_dm_mem_tl_access_halted_vseq) `uv
PRE-TICK	FACT-GATED-CROSS-FILE	opentitan	hw/ip/rv_dm/dv/env/seq_lib/rv_dm_mem_tl_access_resuming_vseq.sv	234	234	238	5	3324	rv_dm_base_vseq @ stimuli/sv/subs/opentitan/hw/ip/rv_dm/dv/env/seq_lib/rv_dm_base_vseq.sv	ends rv_dm_base_vseq; `uvm_object_utils(rv_dm_mem_tl_access_resuming_vseq) `
PRE-TICK	FACT-GATED-CROSS-FILE	opentitan	hw/ip/rv_dm/dv/env/seq_lib/rv_dm_ndmreset_req_vseq.sv	224	224	228	5	6732	rv_dm_base_vseq @ stimuli/sv/subs/opentitan/hw/ip/rv_dm/dv/env/seq_lib/rv_dm_base_vseq.sv	ends rv_dm_base_vseq; `uvm_object_utils(rv_dm_ndmreset_req_vseq) `uvm_object
PRE-TICK	FACT-GATED-CROSS-FILE	opentitan	hw/ip/rv_dm/dv/env/seq_lib/rv_dm_progbuf_read_write_execute_vseq.sv	238	238	242	5	1355	rv_dm_base_vseq @ stimuli/sv/subs/opentitan/hw/ip/rv_dm/dv/env/seq_lib/rv_dm_base_vseq.sv	ends rv_dm_base_vseq; `uvm_object_utils(rv_dm_progbuf_read_write_execute_vseq)
PRE-TICK	FACT-GATED-CROSS-FILE	opentitan	hw/ip/rv_dm/dv/env/seq_lib/rv_dm_rom_read_access_vseq.sv	227	227	231	5	977	rv_dm_base_vseq @ stimuli/sv/subs/opentitan/hw/ip/rv_dm/dv/env/seq_lib/rv_dm_base_vseq.sv	ends rv_dm_base_vseq; `uvm_object_utils(rv_dm_rom_read_access_vseq) `uvm_obj
PRE-TICK	FACT-GATED-CROSS-FILE	opentitan	hw/ip/rv_dm/dv/env/seq_lib/rv_dm_sba_debug_disabled_vseq.sv	230	230	234	5	768	rv_dm_base_vseq @ stimuli/sv/subs/opentitan/hw/ip/rv_dm/dv/env/seq_lib/rv_dm_base_vseq.sv	ends rv_dm_base_vseq; `uvm_object_utils(rv_dm_sba_debug_disabled_vseq) `uvm_
PRE-TICK	FACT-GATED-CROSS-FILE	opentitan	hw/ip/rv_dm/dv/env/seq_lib/rv_dm_sba_tl_access_vseq_lib.sv	1018	1018	1022	16	8064	rv_dm_base_vseq @ stimuli/sv/subs/opentitan/hw/ip/rv_dm/dv/env/seq_lib/rv_dm_base_vseq.sv	ends rv_dm_base_vseq; `uvm_object_utils(rv_dm_sba_tl_access_vseq) `uvm_objec
PRE-TICK	FACT-GATED-CROSS-FILE	opentitan	hw/ip/rv_dm/dv/env/seq_lib/rv_dm_scanmode_vseq.sv	472	472	476	9	4579	rv_dm_base_vseq @ stimuli/sv/subs/opentitan/hw/ip/rv_dm/dv/env/seq_lib/rv_dm_base_vseq.sv	ends rv_dm_base_vseq; `uvm_object_utils(rv_dm_scanmode_vseq) `uvm_object_new
PRE-TICK	FACT-GATED-CROSS-FILE	opentitan	hw/ip/rv_dm/dv/env/seq_lib/rv_dm_smoke_vseq.sv	236	236	240	6	6152	rv_dm_base_vseq @ stimuli/sv/subs/opentitan/hw/ip/rv_dm/dv/env/seq_lib/rv_dm_base_vseq.sv	ends rv_dm_base_vseq; `uvm_object_utils(rv_dm_smoke_vseq) `uvm_object_new
PRE-TICK	FACT-GATED-CROSS-FILE	opentitan	hw/ip/rv_dm/dv/env/seq_lib/rv_dm_sparse_lc_gate_fsm_vseq.sv	230	230	234	5	2666	rv_dm_base_vseq @ stimuli/sv/subs/opentitan/hw/ip/rv_dm/dv/env/seq_lib/rv_dm_base_vseq.sv	ends rv_dm_base_vseq; `uvm_object_utils(rv_dm_sparse_lc_gate_fsm_vseq) `uvm_
PRE-TICK	FACT-GATED-CROSS-FILE	opentitan	hw/ip/rv_dm/dv/env/seq_lib/rv_dm_stress_all_vseq.sv	222	222	226	5	2406	rv_dm_base_vseq @ stimuli/sv/subs/opentitan/hw/ip/rv_dm/dv/env/seq_lib/rv_dm_base_vseq.sv	ends rv_dm_base_vseq; `uvm_object_utils(rv_dm_stress_all_vseq) `uvm_object_
PRE-TICK	FACT-GATED-CROSS-FILE	opentitan	hw/ip/rv_dm/dv/env/seq_lib/rv_dm_tap_fsm_vseq.sv	1123	1123	1127	16	3729	rv_dm_base_vseq @ stimuli/sv/subs/opentitan/hw/ip/rv_dm/dv/env/seq_lib/rv_dm_base_vseq.sv	ends rv_dm_base_vseq; `uvm_object_utils(rv_dm_tap_fsm_vseq) `uvm_object_new
PRE-TICK	FACT-GATED-CROSS-FILE	opentitan	hw/ip/rv_dm/dv/tests/rv_dm_base_test.sv	214	215	275	5	1361	cip_base_test @ stimuli/sv/subs/opentitan/hw/dv/sv/cip_lib/cip_base_test.sv	tends cip_base_test #( .CFG_T(rv_dm_env_cfg), .ENV_T(rv_dm_env) );
PRE-TICK	FACT-GATED-CROSS-FILE	opentitan	hw/ip/rv_timer/dv/env/rv_timer_env.sv	210	211	431	5	588	cip_base_env @ stimuli/sv/subs/opentitan/hw/dv/sv/cip_lib/cip_base_env.sv	xtends cip_base_env #( .CFG_T (rv_timer_env_cfg),
PRE-TICK	FACT-GATED-CROSS-FILE	opentitan	hw/ip/rv_timer/dv/env/rv_timer_env_cfg.sv	218	219	252	5	676	cip_base_env_cfg @ stimuli/sv/subs/opentitan/hw/dv/sv/cip_lib/cip_base_env_cfg.sv	ds cip_base_env_cfg #(.RAL_T(rv_timer_reg_block)); `uvm_object_utils(rv_timer_
PRE-TICK	FACT-GATED-CROSS-FILE	opentitan	hw/ip/rv_timer/dv/env/rv_timer_scoreboard.sv	224	225	426	5	16491	cip_base_scoreboard @ stimuli/sv/subs/opentitan/hw/dv/sv/cip_lib/cip_base_scoreboard.sv	cip_base_scoreboard #(.CFG_T (rv_timer_env_cfg),
PRE-TICK	FACT-GATED-CROSS-FILE	opentitan	hw/ip/rv_timer/dv/env/seq_lib/rv_timer_base_vseq.sv	217	218	437	5	8637	cip_base_vseq @ stimuli/sv/subs/opentitan/hw/dv/sv/cip_lib/seq_lib/cip_base_vseq.sv	tends cip_base_vseq #( .CFG_T (rv_timer_env_cfg),
PRE-TICK	FACT-GATED-CROSS-FILE	opentitan	hw/ip/rv_timer/dv/env/seq_lib/rv_timer_cfg_update_on_fly_vseq.sv	524	524	528	10	7020	rv_timer_random_vseq @ stimuli/sv/subs/opentitan/hw/ip/rv_timer/dv/env/seq_lib/rv_timer_random_vseq.sv	rv_timer_random_vseq; `uvm_object_utils(rv_timer_cfg_update_on_fly_vseq) `uv
PRE-TICK	FACT-GATED-CROSS-FILE	opentitan	hw/ip/rv_timer/dv/env/seq_lib/rv_timer_common_vseq.sv	224	224	228	5	439	rv_timer_base_vseq @ stimuli/sv/subs/opentitan/hw/ip/rv_timer/dv/env/seq_lib/rv_timer_base_vseq.sv	s rv_timer_base_vseq; `uvm_object_utils(rv_timer_common_vseq) `uvm_object_ne
PRE-TICK	FACT-GATED-CROSS-FILE	opentitan	hw/ip/rv_timer/dv/env/seq_lib/rv_timer_disabled_vseq.sv	322	322	326	8	2671	rv_timer_random_vseq @ stimuli/sv/subs/opentitan/hw/ip/rv_timer/dv/env/seq_lib/rv_timer_random_vseq.sv	rv_timer_random_vseq; `uvm_object_utils(rv_timer_disabled_vseq) `uvm_object_
PRE-TICK	FACT-GATED-CROSS-FILE	opentitan	hw/ip/rv_timer/dv/env/seq_lib/rv_timer_max_vseq.sv	223	223	227	5	1064	rv_timer_random_vseq @ stimuli/sv/subs/opentitan/hw/ip/rv_timer/dv/env/seq_lib/rv_timer_random_vseq.sv	rv_timer_random_vseq; `uvm_object_utils(rv_timer_max_vseq) `uvm_object_new
PRE-TICK	FACT-GATED-CROSS-FILE	opentitan	hw/ip/rv_timer/dv/env/seq_lib/rv_timer_min_vseq.sv	223	223	227	5	1078	rv_timer_random_vseq @ stimuli/sv/subs/opentitan/hw/ip/rv_timer/dv/env/seq_lib/rv_timer_random_vseq.sv	rv_timer_random_vseq; `uvm_object_utils(rv_timer_min_vseq) `uvm_object_new
PRE-TICK	FACT-GATED-CROSS-FILE	opentitan	hw/ip/rv_timer/dv/env/seq_lib/rv_timer_random_reset_vseq.sv	297	297	301	7	526	rv_timer_random_vseq @ stimuli/sv/subs/opentitan/hw/ip/rv_timer/dv/env/seq_lib/rv_timer_random_vseq.sv	rv_timer_random_vseq; `uvm_object_utils(rv_timer_random_reset_vseq) `uvm_obj
PRE-TICK	FACT-GATED-CROSS-FILE	opentitan	hw/ip/rv_timer/dv/env/seq_lib/rv_timer_random_vseq.sv	224	224	228	5	6581	rv_timer_base_vseq @ stimuli/sv/subs/opentitan/hw/ip/rv_timer/dv/env/seq_lib/rv_timer_base_vseq.sv	s rv_timer_base_vseq; `uvm_object_utils(rv_timer_random_vseq) `uvm_object_ne
PRE-TICK	FACT-GATED-CROSS-FILE	opentitan	hw/ip/rv_timer/dv/env/seq_lib/rv_timer_stress_all_vseq.sv	448	448	452	8	1638	rv_timer_base_vseq @ stimuli/sv/subs/opentitan/hw/ip/rv_timer/dv/env/seq_lib/rv_timer_base_vseq.sv	s rv_timer_base_vseq; `uvm_object_utils(rv_timer_stress_all_vseq) `uvm_obje
PRE-TICK	FACT-GATED-CROSS-FILE	opentitan	hw/ip/rv_timer/dv/tests/rv_timer_base_test.sv	217	218	271	5	520	cip_base_test @ stimuli/sv/subs/opentitan/hw/dv/sv/cip_lib/cip_base_test.sv	tends cip_base_test #(.ENV_T(rv_timer_env), .CFG_T(rv_timer_env_cfg)); `uvm_co
PRE-TICK	FACT-GATED-CROSS-FILE	opentitan	hw/ip/soc_dbg_ctrl/dv/env/seq_lib/soc_dbg_ctrl_base_vseq.sv	221	222	444	5	2497	cip_base_vseq @ stimuli/sv/subs/opentitan/hw/dv/sv/cip_lib/seq_lib/cip_base_vseq.sv	tends cip_base_vseq #( .RAL_T (soc_dbg_ctrl_core_reg_block),
PRE-TICK	FACT-GATED-CROSS-FILE	opentitan	hw/ip/soc_dbg_ctrl/dv/env/seq_lib/soc_dbg_ctrl_common_vseq.sv	411	411	415	7	1041	soc_dbg_ctrl_base_vseq @ stimuli/sv/subs/opentitan/hw/ip/soc_dbg_ctrl/dv/env/seq_lib/soc_dbg_ctrl_base_vseq.sv	c_dbg_ctrl_base_vseq; `uvm_object_utils(soc_dbg_ctrl_common_vseq) // Constr
PRE-TICK	FACT-GATED-CROSS-FILE	opentitan	hw/ip/soc_dbg_ctrl/dv/env/seq_lib/soc_dbg_ctrl_smoke_vseq.sv	231	231	235	5	580	soc_dbg_ctrl_base_vseq @ stimuli/sv/subs/opentitan/hw/ip/soc_dbg_ctrl/dv/env/seq_lib/soc_dbg_ctrl_base_vseq.sv	c_dbg_ctrl_base_vseq; `uvm_object_utils(soc_dbg_ctrl_smoke_vseq) // Standar
PRE-TICK	FACT-GATED-CROSS-FILE	opentitan	hw/ip/soc_dbg_ctrl/dv/env/soc_dbg_ctrl_env.sv	214	215	429	5	1286	cip_base_env @ stimuli/sv/subs/opentitan/hw/dv/sv/cip_lib/cip_base_env.sv	xtends cip_base_env #( .CFG_T (soc_dbg_ctrl_env_cfg), .COV_
PRE-TICK	FACT-GATED-CROSS-FILE	opentitan	hw/ip/soc_dbg_ctrl/dv/env/soc_dbg_ctrl_env_cfg.sv	222	223	265	5	965	cip_base_env_cfg @ stimuli/sv/subs/opentitan/hw/dv/sv/cip_lib/cip_base_env_cfg.sv	ds cip_base_env_cfg #(.RAL_T(soc_dbg_ctrl_core_reg_block)); `uvm_object_utils(
PRE-TICK	FACT-GATED-CROSS-FILE	opentitan	hw/ip/soc_dbg_ctrl/dv/env/soc_dbg_ctrl_env_cov.sv	421	422	457	11	1282	cip_base_env_cov @ stimuli/sv/subs/opentitan/hw/dv/sv/cip_lib/cip_base_env_cov.sv	ds cip_base_env_cov #(.CFG_T(soc_dbg_ctrl_env_cfg)); `uvm_component_utils(soc_
PRE-TICK	FACT-GATED-CROSS-FILE	opentitan	hw/ip/soc_dbg_ctrl/dv/env/soc_dbg_ctrl_scoreboard.sv	228	229	347	5	5911	cip_base_scoreboard @ stimuli/sv/subs/opentitan/hw/dv/sv/cip_lib/cip_base_scoreboard.sv	cip_base_scoreboard #( .CFG_T(soc_dbg_ctrl_env_cfg), .RAL_T(soc_dbg_ctrl
PRE-TICK	FACT-GATED-CROSS-FILE	opentitan	hw/ip/soc_dbg_ctrl/dv/env/soc_dbg_ctrl_virtual_sequencer.sv	242	243	320	5	631	cip_base_virtual_sequencer @ stimuli/sv/subs/opentitan/hw/dv/sv/cip_lib/cip_base_virtual_sequencer.sv	e_virtual_sequencer #( .CFG_T(soc_dbg_ctrl_env_cfg), .COV_T(soc_dbg_ctrl
PRE-TICK	FACT-GATED-CROSS-FILE	opentitan	hw/ip/soc_dbg_ctrl/dv/tests/soc_dbg_ctrl_base_test.sv	221	222	296	5	865	cip_base_test @ stimuli/sv/subs/opentitan/hw/dv/sv/cip_lib/cip_base_test.sv	tends cip_base_test #( .CFG_T(soc_dbg_ctrl_env_cfg), .ENV_T(soc_dbg_ctrl
PRE-TICK	FACT-GATED-CROSS-FILE	opentitan	hw/ip/spi_device/dv/env/seq_lib/spi_device_base_vseq.sv	219	220	447	5	4711	cip_base_vseq @ stimuli/sv/subs/opentitan/hw/dv/sv/cip_lib/seq_lib/cip_base_vseq.sv	tends cip_base_vseq #( .CFG_T (spi_device_env_cfg),
PRE-TICK	FACT-GATED-CROSS-FILE	opentitan	hw/ip/spi_device/dv/env/seq_lib/spi_device_cfg_cmd_vseq.sv	282	282	286	6	957	spi_device_intercept_vseq @ stimuli/sv/subs/opentitan/hw/ip/spi_device/dv/env/seq_lib/spi_device_intercept_vseq.sv	evice_intercept_vseq; `uvm_object_utils(spi_device_cfg_cmd_vseq) `uvm_object
PRE-TICK	FACT-GATED-CROSS-FILE	opentitan	hw/ip/spi_device/dv/env/seq_lib/spi_device_common_vseq.sv	228	228	232	5	597	spi_device_base_vseq @ stimuli/sv/subs/opentitan/hw/ip/spi_device/dv/env/seq_lib/spi_device_base_vseq.sv	spi_device_base_vseq; `uvm_object_utils(spi_device_common_vseq) `uvm_object_
PRE-TICK	FACT-GATED-CROSS-FILE	opentitan	hw/ip/spi_device/dv/env/seq_lib/spi_device_csb_read_vseq.sv	315	315	319	6	1318	spi_device_base_vseq @ stimuli/sv/subs/opentitan/hw/ip/spi_device/dv/env/seq_lib/spi_device_base_vseq.sv	spi_device_base_vseq; `uvm_object_utils(spi_device_csb_read_vseq) `uvm_objec
PRE-TICK	FACT-GATED-CROSS-FILE	opentitan	hw/ip/spi_device/dv/env/seq_lib/spi_device_flash_all_vseq.sv	336	336	340	6	2538	spi_device_pass_base_vseq @ stimuli/sv/subs/opentitan/hw/ip/spi_device/dv/env/seq_lib/spi_device_pass_base_vseq.sv	evice_pass_base_vseq; `uvm_object_utils(spi_device_flash_all_vseq) `uvm_obje
PRE-TICK	FACT-GATED-CROSS-FILE	opentitan	hw/ip/spi_device/dv/env/seq_lib/spi_device_flash_and_tpm_min_idle_vseq.sv	368	368	372	7	713	spi_device_flash_and_tpm_vseq @ stimuli/sv/subs/opentitan/hw/ip/spi_device/dv/env/seq_lib/spi_device_flash_and_tpm_vseq.sv	e_flash_and_tpm_vseq; `uvm_object_utils(spi_device_flash_and_tpm_min_idle_vseq
PRE-TICK	FACT-GATED-CROSS-FILE	opentitan	hw/ip/spi_device/dv/env/seq_lib/spi_device_flash_and_tpm_vseq.sv	380	380	384	7	1145	spi_device_base_vseq @ stimuli/sv/subs/opentitan/hw/ip/spi_device/dv/env/seq_lib/spi_device_base_vseq.sv	spi_device_base_vseq; `uvm_object_utils(spi_device_flash_and_tpm_vseq) `uvm_
PRE-TICK	FACT-GATED-CROSS-FILE	opentitan	hw/ip/spi_device/dv/env/seq_lib/spi_device_flash_mode_ignore_cmds_vseq.sv	374	374	378	7	1741	spi_device_flash_all_vseq @ stimuli/sv/subs/opentitan/hw/ip/spi_device/dv/env/seq_lib/spi_device_flash_all_vseq.sv	evice_flash_all_vseq; `uvm_object_utils(spi_device_flash_mode_ignore_cmds_vseq
PRE-TICK	FACT-GATED-CROSS-FILE	opentitan	hw/ip/spi_device/dv/env/seq_lib/spi_device_flash_mode_vseq.sv	318	318	322	6	1387	spi_device_intercept_vseq @ stimuli/sv/subs/opentitan/hw/ip/spi_device/dv/env/seq_lib/spi_device_intercept_vseq.sv	evice_intercept_vseq; `uvm_object_utils(spi_device_flash_mode_vseq) `uvm_obj
PRE-TICK	FACT-GATED-CROSS-FILE	opentitan	hw/ip/spi_device/dv/env/seq_lib/spi_device_intercept_vseq.sv	368	368	372	7	6737	spi_device_pass_cmd_filtering_vseq @ stimuli/sv/subs/opentitan/hw/ip/spi_device/dv/env/seq_lib/spi_device_pass_cmd_filtering_vseq.sv	s_cmd_filtering_vseq; `uvm_object_utils(spi_device_intercept_vseq) `uvm_obje
PRE-TICK	FACT-GATED-CROSS-FILE	opentitan	hw/ip/spi_device/dv/env/seq_lib/spi_device_mailbox_vseq.sv	375	375	379	7	1265	spi_device_intercept_vseq @ stimuli/sv/subs/opentitan/hw/ip/spi_device/dv/env/seq_lib/spi_device_intercept_vseq.sv	evice_intercept_vseq; `uvm_object_utils(spi_device_mailbox_vseq) `uvm_object
PRE-TICK	FACT-GATED-CROSS-FILE	opentitan	hw/ip/spi_device/dv/env/seq_lib/spi_device_mem_parity_vseq.sv	355	355	359	7	2317	spi_device_common_vseq @ stimuli/sv/subs/opentitan/hw/ip/spi_device/dv/env/seq_lib/spi_device_common_vseq.sv	i_device_common_vseq; `uvm_object_utils(spi_device_mem_parity_vseq) `uvm_obj
PRE-TICK	FACT-GATED-CROSS-FILE	opentitan	hw/ip/spi_device/dv/env/seq_lib/spi_device_pass_addr_payload_swap_vseq.sv	353	353	357	6	644	spi_device_pass_cmd_filtering_vseq @ stimuli/sv/subs/opentitan/hw/ip/spi_device/dv/env/seq_lib/spi_device_pass_cmd_filtering_vseq.sv	s_cmd_filtering_vseq; `uvm_object_utils(spi_device_pass_addr_payload_swap_vseq
PRE-TICK	FACT-GATED-CROSS-FILE	opentitan	hw/ip/spi_device/dv/env/seq_lib/spi_device_pass_base_vseq.sv	260	260	4595	6	36208	spi_device_base_vseq @ stimuli/sv/subs/opentitan/hw/ip/spi_device/dv/env/seq_lib/spi_device_base_vseq.sv	spi_device_base_vseq; // only enable this in 1-2 tests bit allow_set_cmd_inf
PRE-TICK	FACT-GATED-CROSS-FILE	opentitan	hw/ip/spi_device/dv/env/seq_lib/spi_device_pass_cmd_filtering_vseq.sv	315	315	319	6	1369	spi_device_pass_base_vseq @ stimuli/sv/subs/opentitan/hw/ip/spi_device/dv/env/seq_lib/spi_device_pass_base_vseq.sv	evice_pass_base_vseq; `uvm_object_utils(spi_device_pass_cmd_filtering_vseq)
PRE-TICK	FACT-GATED-CROSS-FILE	opentitan	hw/ip/spi_device/dv/env/seq_lib/spi_device_ram_cfg_vseq.sv	365	365	369	7	1624	spi_device_base_vseq @ stimuli/sv/subs/opentitan/hw/ip/spi_device/dv/env/seq_lib/spi_device_base_vseq.sv	spi_device_base_vseq; `uvm_object_utils(spi_device_ram_cfg_vseq) `uvm_object
PRE-TICK	FACT-GATED-CROSS-FILE	opentitan	hw/ip/spi_device/dv/env/seq_lib/spi_device_read_buffer_direct_vseq.sv	353	353	357	7	7790	spi_device_flash_mode_vseq @ stimuli/sv/subs/opentitan/hw/ip/spi_device/dv/env/seq_lib/spi_device_flash_mode_vseq.sv	vice_flash_mode_vseq; `uvm_object_utils(spi_device_read_buffer_direct_vseq)
PRE-TICK	FACT-GATED-CROSS-FILE	opentitan	hw/ip/spi_device/dv/env/seq_lib/spi_device_stress_all_vseq.sv	455	455	459	9	2117	spi_device_base_vseq @ stimuli/sv/subs/opentitan/hw/ip/spi_device/dv/env/seq_lib/spi_device_base_vseq.sv	spi_device_base_vseq; `uvm_object_utils(spi_device_stress_all_vseq) `uvm_obj
PRE-TICK	FACT-GATED-CROSS-FILE	opentitan	hw/ip/spi_device/dv/env/seq_lib/spi_device_tpm_all_vseq.sv	541	541	545	10	2834	spi_device_tpm_read_hw_reg_vseq @ stimuli/sv/subs/opentitan/hw/ip/spi_device/dv/env/seq_lib/spi_device_tpm_read_hw_reg_vseq.sv	tpm_read_hw_reg_vseq; `uvm_object_utils(spi_device_tpm_all_vseq) `uvm_object
PRE-TICK	FACT-GATED-CROSS-FILE	opentitan	hw/ip/spi_device/dv/env/seq_lib/spi_device_tpm_base_vseq.sv	273	273	277	6	6981	spi_device_base_vseq @ stimuli/sv/subs/opentitan/hw/ip/spi_device/dv/env/seq_lib/spi_device_base_vseq.sv	spi_device_base_vseq; `uvm_object_utils(spi_device_tpm_base_vseq) `uvm_objec
PRE-TICK	FACT-GATED-CROSS-FILE	opentitan	hw/ip/spi_device/dv/env/seq_lib/spi_device_tpm_read_hw_reg_vseq.sv	492	492	496	9	3112	spi_device_tpm_base_vseq @ stimuli/sv/subs/opentitan/hw/ip/spi_device/dv/env/seq_lib/spi_device_tpm_base_vseq.sv	device_tpm_base_vseq; `uvm_object_utils(spi_device_tpm_read_hw_reg_vseq) `uv
PRE-TICK	FACT-GATED-CROSS-FILE	opentitan	hw/ip/spi_device/dv/env/seq_lib/spi_device_tpm_rw_vseq.sv	322	322	326	6	1081	spi_device_tpm_base_vseq @ stimuli/sv/subs/opentitan/hw/ip/spi_device/dv/env/seq_lib/spi_device_tpm_base_vseq.sv	device_tpm_base_vseq; `uvm_object_utils(spi_device_tpm_rw_vseq) `uvm_object_
PRE-TICK	FACT-GATED-CROSS-FILE	opentitan	hw/ip/spi_device/dv/env/seq_lib/spi_device_tpm_sts_read_vseq.sv	380	380	384	7	1722	spi_device_tpm_base_vseq @ stimuli/sv/subs/opentitan/hw/ip/spi_device/dv/env/seq_lib/spi_device_tpm_base_vseq.sv	device_tpm_base_vseq; `uvm_object_utils(spi_device_tpm_sts_read_vseq) `uvm_o
PRE-TICK	FACT-GATED-CROSS-FILE	opentitan	hw/ip/spi_device/dv/env/seq_lib/spi_device_upload_vseq.sv	291	291	295	6	1017	spi_device_pass_cmd_filtering_vseq @ stimuli/sv/subs/opentitan/hw/ip/spi_device/dv/env/seq_lib/spi_device_pass_cmd_filtering_vseq.sv	s_cmd_filtering_vseq; `uvm_object_utils(spi_device_upload_vseq) `uvm_object_
PRE-TICK	FACT-GATED-CROSS-FILE	opentitan	hw/ip/spi_device/dv/env/spi_device_env.sv	212	213	441	5	2063	cip_base_env @ stimuli/sv/subs/opentitan/hw/dv/sv/cip_lib/cip_base_env.sv	xtends cip_base_env #( .CFG_T (spi_device_env_cfg),
PRE-TICK	FACT-GATED-CROSS-FILE	opentitan	hw/ip/spi_device/dv/env/spi_device_env_cfg.sv	220	221	2262	5	6058	cip_base_env_cfg @ stimuli/sv/subs/opentitan/hw/dv/sv/cip_lib/cip_base_env_cfg.sv	ds cip_base_env_cfg #(.RAL_T(spi_device_reg_block)); rand spi_agent_cfg spi_h
PRE-TICK	FACT-GATED-CROSS-FILE	opentitan	hw/ip/spi_device/dv/env/spi_device_env_cov.sv	859	860	893	33	12191	cip_base_env_cov @ stimuli/sv/subs/opentitan/hw/dv/sv/cip_lib/cip_base_env_cov.sv	ds cip_base_env_cov #(.CFG_T(spi_device_env_cfg)); `uvm_component_utils(spi_de
PRE-TICK	FACT-GATED-CROSS-FILE	opentitan	hw/ip/spi_device/dv/env/spi_device_scoreboard.sv	226	227	437	5	142940	cip_base_scoreboard @ stimuli/sv/subs/opentitan/hw/dv/sv/cip_lib/cip_base_scoreboard.sv	cip_base_scoreboard #(.CFG_T (spi_device_env_cfg),
PRE-TICK	FACT-GATED-CROSS-FILE	opentitan	hw/ip/spi_device/dv/env/spi_device_virtual_sequencer.sv	240	241	320	5	472	cip_base_virtual_sequencer @ stimuli/sv/subs/opentitan/hw/dv/sv/cip_lib/cip_base_virtual_sequencer.sv	e_virtual_sequencer #( .CFG_T(spi_device_env_cfg), .COV_T(spi_device
PRE-TICK	FACT-GATED-CROSS-FILE	opentitan	hw/ip/spi_device/dv/tests/spi_device_base_test.sv	219	220	328	5	840	cip_base_test @ stimuli/sv/subs/opentitan/hw/dv/sv/cip_lib/cip_base_test.sv	tends cip_base_test #(.ENV_T(spi_device_env),
PRE-TICK	FACT-GATED-CROSS-FILE	opentitan	hw/ip/spi_host/dv/env/seq_lib/spi_host_base_vseq.sv	217	218	419	5	27236	cip_base_vseq @ stimuli/sv/subs/opentitan/hw/dv/sv/cip_lib/seq_lib/cip_base_vseq.sv	tends cip_base_vseq #( .RAL_T (spi_host_reg_block), .CFG_T
PRE-TICK	FACT-GATED-CROSS-FILE	opentitan	hw/ip/spi_host/dv/env/seq_lib/spi_host_common_vseq.sv	224	224	228	5	770	spi_host_base_vseq @ stimuli/sv/subs/opentitan/hw/ip/spi_host/dv/env/seq_lib/spi_host_base_vseq.sv	s spi_host_base_vseq; `uvm_object_utils(spi_host_common_vseq) `uvm_object_ne
PRE-TICK	FACT-GATED-CROSS-FILE	opentitan	hw/ip/spi_host/dv/env/seq_lib/spi_host_error_cmd_vseq.sv	388	388	392	8	1423	spi_host_tx_rx_vseq @ stimuli/sv/subs/opentitan/hw/ip/spi_host/dv/env/seq_lib/spi_host_tx_rx_vseq.sv	spi_host_tx_rx_vseq; `uvm_object_utils(spi_host_error_cmd_vseq) `uvm_object
PRE-TICK	FACT-GATED-CROSS-FILE	opentitan	hw/ip/spi_host/dv/env/seq_lib/spi_host_event_vseq.sv	306	306	310	7	4172	spi_host_tx_rx_vseq @ stimuli/sv/subs/opentitan/hw/ip/spi_host/dv/env/seq_lib/spi_host_tx_rx_vseq.sv	spi_host_tx_rx_vseq; `uvm_object_utils(spi_host_event_vseq) `uvm_object_new
PRE-TICK	FACT-GATED-CROSS-FILE	opentitan	hw/ip/spi_host/dv/env/seq_lib/spi_host_idlecsbactive_vseq.sv	345	345	349	7	2692	spi_host_tx_rx_vseq @ stimuli/sv/subs/opentitan/hw/ip/spi_host/dv/env/seq_lib/spi_host_tx_rx_vseq.sv	spi_host_tx_rx_vseq; `uvm_object_utils(spi_host_idlecsbactive_vseq) `uvm_ob
PRE-TICK	FACT-GATED-CROSS-FILE	opentitan	hw/ip/spi_host/dv/env/seq_lib/spi_host_overflow_underflow_vseq.sv	324	324	328	9	2299	spi_host_tx_rx_vseq @ stimuli/sv/subs/opentitan/hw/ip/spi_host/dv/env/seq_lib/spi_host_tx_rx_vseq.sv	spi_host_tx_rx_vseq; `uvm_object_utils(spi_host_overflow_underflow_vseq) `u
PRE-TICK	FACT-GATED-CROSS-FILE	opentitan	hw/ip/spi_host/dv/env/seq_lib/spi_host_passthrough_mode_vseq.sv	320	320	324	7	2789	spi_host_tx_rx_vseq @ stimuli/sv/subs/opentitan/hw/ip/spi_host/dv/env/seq_lib/spi_host_tx_rx_vseq.sv	spi_host_tx_rx_vseq; `uvm_object_utils(spi_host_passthrough_mode_vseq) `uvm
PRE-TICK	FACT-GATED-CROSS-FILE	opentitan	hw/ip/spi_host/dv/env/seq_lib/spi_host_performance_vseq.sv	255	255	259	6	1932	spi_host_smoke_vseq @ stimuli/sv/subs/opentitan/hw/ip/spi_host/dv/env/seq_lib/spi_host_smoke_vseq.sv	spi_host_smoke_vseq; `uvm_object_utils(spi_host_performance_vseq) `uvm_obje
PRE-TICK	FACT-GATED-CROSS-FILE	opentitan	hw/ip/spi_host/dv/env/seq_lib/spi_host_smoke_vseq.sv	243	243	247	6	1482	spi_host_tx_rx_vseq @ stimuli/sv/subs/opentitan/hw/ip/spi_host/dv/env/seq_lib/spi_host_tx_rx_vseq.sv	spi_host_tx_rx_vseq; `uvm_object_utils(spi_host_smoke_vseq) `uvm_object_new
PRE-TICK	FACT-GATED-CROSS-FILE	opentitan	hw/ip/spi_host/dv/env/seq_lib/spi_host_speed_vseq.sv	243	243	247	6	1704	spi_host_smoke_vseq @ stimuli/sv/subs/opentitan/hw/ip/spi_host/dv/env/seq_lib/spi_host_smoke_vseq.sv	spi_host_smoke_vseq; `uvm_object_utils(spi_host_speed_vseq) `uvm_object_new
PRE-TICK	FACT-GATED-CROSS-FILE	opentitan	hw/ip/spi_host/dv/env/seq_lib/spi_host_spien_vseq.sv	317	317	321	8	2479	spi_host_tx_rx_vseq @ stimuli/sv/subs/opentitan/hw/ip/spi_host/dv/env/seq_lib/spi_host_tx_rx_vseq.sv	spi_host_tx_rx_vseq; `uvm_object_utils(spi_host_spien_vseq) `uvm_object_new
PRE-TICK	FACT-GATED-CROSS-FILE	opentitan	hw/ip/spi_host/dv/env/seq_lib/spi_host_status_stall_vseq.sv	611	611	615	12	7673	spi_host_tx_rx_vseq @ stimuli/sv/subs/opentitan/hw/ip/spi_host/dv/env/seq_lib/spi_host_tx_rx_vseq.sv	spi_host_tx_rx_vseq; `uvm_object_utils(spi_host_status_stall_vseq) `uvm_obj
PRE-TICK	FACT-GATED-CROSS-FILE	opentitan	hw/ip/spi_host/dv/env/seq_lib/spi_host_stress_all_vseq.sv	251	251	255	6	1463	spi_host_tx_rx_vseq @ stimuli/sv/subs/opentitan/hw/ip/spi_host/dv/env/seq_lib/spi_host_tx_rx_vseq.sv	spi_host_tx_rx_vseq; `uvm_object_utils(spi_host_stress_all_vseq) `uvm_objec
PRE-TICK	FACT-GATED-CROSS-FILE	opentitan	hw/ip/spi_host/dv/env/seq_lib/spi_host_sw_reset_vseq.sv	614	614	618	12	3796	spi_host_tx_rx_vseq @ stimuli/sv/subs/opentitan/hw/ip/spi_host/dv/env/seq_lib/spi_host_tx_rx_vseq.sv	spi_host_tx_rx_vseq; `uvm_object_utils(spi_host_sw_reset_vseq) `uvm_object_
PRE-TICK	FACT-GATED-CROSS-FILE	opentitan	hw/ip/spi_host/dv/env/seq_lib/spi_host_tx_rx_vseq.sv	615	615	619	14	5997	spi_host_base_vseq @ stimuli/sv/subs/opentitan/hw/ip/spi_host/dv/env/seq_lib/spi_host_base_vseq.sv	s spi_host_base_vseq; `uvm_object_utils(spi_host_tx_rx_vseq) `uvm_object_new
PRE-TICK	FACT-GATED-CROSS-FILE	opentitan	hw/ip/spi_host/dv/env/seq_lib/spi_host_upper_range_clkdiv_vseq.sv	292	292	296	6	2606	spi_host_speed_vseq @ stimuli/sv/subs/opentitan/hw/ip/spi_host/dv/env/seq_lib/spi_host_speed_vseq.sv	spi_host_speed_vseq; `uvm_object_utils(spi_host_upper_range_clkdiv_vseq) `u
PRE-TICK	FACT-GATED-CROSS-FILE	opentitan	hw/ip/spi_host/dv/env/spi_host_env.sv	210	211	409	5	1885	cip_base_env @ stimuli/sv/subs/opentitan/hw/dv/sv/cip_lib/cip_base_env.sv	xtends cip_base_env #( .CFG_T (spi_host_env_cfg), .COV_T
PRE-TICK	FACT-GATED-CROSS-FILE	opentitan	hw/ip/spi_host/dv/env/spi_host_env_cfg.sv	218	219	1556	5	3701	cip_base_env_cfg @ stimuli/sv/subs/opentitan/hw/dv/sv/cip_lib/cip_base_env_cfg.sv	ds cip_base_env_cfg #(.RAL_T(spi_host_reg_block)); // reset kinds for core
PRE-TICK	FACT-GATED-CROSS-FILE	opentitan	hw/ip/spi_host/dv/env/spi_host_env_cov.sv	417	418	449	11	8688	cip_base_env_cov @ stimuli/sv/subs/opentitan/hw/dv/sv/cip_lib/cip_base_env_cov.sv	ds cip_base_env_cov #(.CFG_T(spi_host_env_cfg)); `uvm_component_utils(spi_host
PRE-TICK	FACT-GATED-CROSS-FILE	opentitan	hw/ip/spi_host/dv/env/spi_host_env_pkg.sv	702	703	1601	24	5585	uint @ stimuli/sv/subs/opentitan/hw/dv/sv/dv_utils/dv_utils_pkg.sv	rs parameter uint SPI_HOST_TX_DEPTH = spi_host_reg_pkg::TxDepth; param
PRE-TICK	FACT-GATED-CROSS-FILE	opentitan	hw/ip/spi_host/dv/env/spi_host_scoreboard.sv	224	225	326	5	38224	cip_base_scoreboard @ stimuli/sv/subs/opentitan/hw/dv/sv/cip_lib/cip_base_scoreboard.sv	cip_base_scoreboard #( .CFG_T(spi_host_env_cfg), .RAL_T(spi_host_reg_blo
PRE-TICK	FACT-GATED-CROSS-FILE	opentitan	hw/ip/spi_host/dv/env/spi_host_virtual_sequencer.sv	238	239	344	5	453	cip_base_virtual_sequencer @ stimuli/sv/subs/opentitan/hw/dv/sv/cip_lib/cip_base_virtual_sequencer.sv	e_virtual_sequencer #( .CFG_T(spi_host_env_cfg), .COV_T(spi_host_env_cov
PRE-TICK	FACT-GATED-CROSS-FILE	opentitan	hw/ip/spi_host/dv/tests/spi_host_base_test.sv	217	218	284	5	1004	cip_base_test @ stimuli/sv/subs/opentitan/hw/dv/sv/cip_lib/cip_base_test.sv	tends cip_base_test #( .CFG_T(spi_host_env_cfg), .ENV_T(spi_host_env)
PRE-TICK	FACT-GATED-CROSS-FILE	opentitan	hw/ip/spi_host/rtl/spi_host_fsm.sv	542	561	22830	17	23071	command_t @ stimuli/sv/subs/opentitan/hw/vendor/pulp_riscv_dbg/src/dm_pkg.sv	t command_i, input logic [CSW-1:0] command_csid
PRE-TICK	FACT-GATED-CROSS-FILE	opentitan	hw/ip/sram_ctrl/dv/env/seq_lib/sram_ctrl_access_during_key_req_vseq.sv	434	434	439	7	616	sram_ctrl_multiple_keys_vseq @ stimuli/sv/subs/opentitan/hw/ip/sram_ctrl/dv/env/seq_lib/sram_ctrl_multiple_keys_vseq.sv	l_multiple_keys_vseq; `uvm_object_utils(sram_ctrl_access_during_key_req_vseq)
PRE-TICK	FACT-GATED-CROSS-FILE	opentitan	hw/ip/sram_ctrl/dv/env/seq_lib/sram_ctrl_bijection_vseq.sv	1119	1119	1123	21	2735	sram_ctrl_smoke_vseq @ stimuli/sv/subs/opentitan/hw/ip/sram_ctrl/dv/env/seq_lib/sram_ctrl_smoke_vseq.sv	sram_ctrl_smoke_vseq; `uvm_object_utils(sram_ctrl_bijection_vseq) function
PRE-TICK	FACT-GATED-CROSS-FILE	opentitan	hw/ip/sram_ctrl/dv/env/seq_lib/sram_ctrl_common_vseq.sv	226	226	230	5	9341	sram_ctrl_base_vseq @ stimuli/sv/subs/opentitan/hw/ip/sram_ctrl/dv/env/seq_lib/sram_ctrl_base_vseq.sv	sram_ctrl_base_vseq; `uvm_object_utils(sram_ctrl_common_vseq) constraint n
PRE-TICK	FACT-GATED-CROSS-FILE	opentitan	hw/ip/sram_ctrl/dv/env/seq_lib/sram_ctrl_executable_vseq.sv	640	640	645	11	1604	sram_ctrl_multiple_keys_vseq @ stimuli/sv/subs/opentitan/hw/ip/sram_ctrl/dv/env/seq_lib/sram_ctrl_multiple_keys_vseq.sv	l_multiple_keys_vseq; `uvm_object_utils(sram_ctrl_executable_vseq) `uvm_obj
PRE-TICK	FACT-GATED-CROSS-FILE	opentitan	hw/ip/sram_ctrl/dv/env/seq_lib/sram_ctrl_lc_escalation_vseq.sv	665	665	670	10	4404	sram_ctrl_multiple_keys_vseq @ stimuli/sv/subs/opentitan/hw/ip/sram_ctrl/dv/env/seq_lib/sram_ctrl_multiple_keys_vseq.sv	l_multiple_keys_vseq; `uvm_object_utils(sram_ctrl_lc_escalation_vseq) `uvm_
PRE-TICK	FACT-GATED-CROSS-FILE	opentitan	hw/ip/sram_ctrl/dv/env/seq_lib/sram_ctrl_mubi_enc_err_vseq.sv	253	253	257	6	5716	sram_ctrl_base_vseq @ stimuli/sv/subs/opentitan/hw/ip/sram_ctrl/dv/env/seq_lib/sram_ctrl_base_vseq.sv	sram_ctrl_base_vseq; `uvm_object_utils(sram_ctrl_mubi_enc_err_vseq) `uvm_o
PRE-TICK	FACT-GATED-CROSS-FILE	opentitan	hw/ip/sram_ctrl/dv/env/seq_lib/sram_ctrl_multiple_keys_vseq.sv	234	234	239	5	546	sram_ctrl_smoke_vseq @ stimuli/sv/subs/opentitan/hw/ip/sram_ctrl/dv/env/seq_lib/sram_ctrl_smoke_vseq.sv	sram_ctrl_smoke_vseq; `uvm_object_utils(sram_ctrl_multiple_keys_vseq) `uvm_
PRE-TICK	FACT-GATED-CROSS-FILE	opentitan	hw/ip/sram_ctrl/dv/env/seq_lib/sram_ctrl_ram_cfg_vseq.sv	316	316	321	6	934	sram_ctrl_base_vseq @ stimuli/sv/subs/opentitan/hw/ip/sram_ctrl/dv/env/seq_lib/sram_ctrl_base_vseq.sv	sram_ctrl_base_vseq; `uvm_object_utils(sram_ctrl_ram_cfg_vseq) `uvm_object
PRE-TICK	FACT-GATED-CROSS-FILE	opentitan	hw/ip/sram_ctrl/dv/env/seq_lib/sram_ctrl_readback_err_vseq.sv	253	253	257	6	8079	sram_ctrl_base_vseq @ stimuli/sv/subs/opentitan/hw/ip/sram_ctrl/dv/env/seq_lib/sram_ctrl_base_vseq.sv	sram_ctrl_base_vseq; `uvm_object_utils(sram_ctrl_readback_err_vseq) // A t
PRE-TICK	FACT-GATED-CROSS-FILE	opentitan	hw/ip/sram_ctrl/dv/env/seq_lib/sram_ctrl_regwen_vseq.sv	714	714	719	12	2547	sram_ctrl_executable_vseq @ stimuli/sv/subs/opentitan/hw/ip/sram_ctrl/dv/env/seq_lib/sram_ctrl_executable_vseq.sv	ctrl_executable_vseq; `uvm_object_utils(sram_ctrl_regwen_vseq) `uvm_object_
PRE-TICK	FACT-GATED-CROSS-FILE	opentitan	hw/ip/sram_ctrl/dv/env/seq_lib/sram_ctrl_smoke_vseq.sv	244	244	248	6	4255	sram_ctrl_base_vseq @ stimuli/sv/subs/opentitan/hw/ip/sram_ctrl/dv/env/seq_lib/sram_ctrl_base_vseq.sv	sram_ctrl_base_vseq; `uvm_object_utils(sram_ctrl_smoke_vseq) `uvm_object_n
PRE-TICK	FACT-GATED-CROSS-FILE	opentitan	hw/ip/sram_ctrl/dv/env/seq_lib/sram_ctrl_stress_all_vseq.sv	552	552	557	9	2386	sram_ctrl_base_vseq @ stimuli/sv/subs/opentitan/hw/ip/sram_ctrl/dv/env/seq_lib/sram_ctrl_base_vseq.sv	sram_ctrl_base_vseq; `uvm_object_utils(sram_ctrl_stress_all_vseq) `uvm_obj
PRE-TICK	FACT-GATED-CROSS-FILE	opentitan	hw/ip/sram_ctrl/dv/env/seq_lib/sram_ctrl_stress_pipeline_vseq.sv	244	244	249	5	846	sram_ctrl_multiple_keys_vseq @ stimuli/sv/subs/opentitan/hw/ip/sram_ctrl/dv/env/seq_lib/sram_ctrl_multiple_keys_vseq.sv	l_multiple_keys_vseq; `uvm_object_utils(sram_ctrl_stress_pipeline_vseq) `uv
PRE-TICK	FACT-GATED-CROSS-FILE	opentitan	hw/ip/sram_ctrl/dv/env/seq_lib/sram_ctrl_throughput_vseq.sv	429	429	433	8	3158	sram_ctrl_smoke_vseq @ stimuli/sv/subs/opentitan/hw/ip/sram_ctrl/dv/env/seq_lib/sram_ctrl_smoke_vseq.sv	sram_ctrl_smoke_vseq; `uvm_object_utils(sram_ctrl_throughput_vseq) `uvm_obj
PRE-TICK	FACT-GATED-CROSS-FILE	opentitan	hw/ip/sram_ctrl/dv/env/sram_ctrl_bkdr_util.sv	310	310	5546	7	10420	mem_bkdr_util @ stimuli/sv/subs/opentitan/hw/dv/sv/mem_bkdr_util/mem_bkdr_util.sv	xtends mem_bkdr_util; // Initialize the class instance. // `extra_bits_per_
PRE-TICK	FACT-GATED-CROSS-FILE	opentitan	hw/ip/sram_ctrl/dv/env/sram_ctrl_env.sv	243	244	492	5	2578	cip_base_env @ stimuli/sv/subs/opentitan/hw/dv/sv/cip_lib/cip_base_env.sv	xtends cip_base_env #( .CFG_T (sram_ctrl_env_cfg#(AddrWidth)),
PRE-TICK	FACT-GATED-CROSS-FILE	opentitan	hw/ip/sram_ctrl/dv/env/sram_ctrl_env_cfg.sv	255	256	296	6	4213	cip_base_env_cfg @ stimuli/sv/subs/opentitan/hw/dv/sv/cip_lib/cip_base_env_cfg.sv	ds cip_base_env_cfg #(.RAL_T(sram_ctrl_regs_reg_block)); `uvm_object_param_ut
PRE-TICK	FACT-GATED-CROSS-FILE	opentitan	hw/ip/sram_ctrl/dv/env/sram_ctrl_env_cov.sv	454	455	500	12	5279	cip_base_env_cov @ stimuli/sv/subs/opentitan/hw/dv/sv/cip_lib/cip_base_env_cov.sv	ds cip_base_env_cov #(.CFG_T(sram_ctrl_env_cfg#(AddrWidth))); `uvm_component_
PRE-TICK	FACT-GATED-CROSS-FILE	opentitan	hw/ip/sram_ctrl/dv/env/sram_ctrl_mem_bkdr_scb.sv	220	220	225	5	867	mem_bkdr_scb @ stimuli/sv/subs/opentitan/hw/dv/sv/mem_bkdr_scb/mem_bkdr_scb.sv	extends mem_bkdr_scb; `uvm_object_utils(sram_ctrl_mem_bkdr_scb) `uvm_object
PRE-TICK	FACT-GATED-CROSS-FILE	opentitan	hw/ip/sram_ctrl/dv/env/sram_ctrl_scoreboard.sv	257	258	391	5	29816	cip_base_scoreboard @ stimuli/sv/subs/opentitan/hw/dv/sv/cip_lib/cip_base_scoreboard.sv	cip_base_scoreboard #( .CFG_T(sram_ctrl_env_cfg#(AddrWidth)), .RAL_T(sra
PRE-TICK	FACT-GATED-CROSS-FILE	opentitan	hw/ip/sram_ctrl/dv/env/sram_ctrl_virtual_sequencer.sv	271	274	364	6	464	cip_base_virtual_sequencer @ stimuli/sv/subs/opentitan/hw/dv/sv/cip_lib/cip_base_virtual_sequencer.sv	virtual_sequencer #(.CFG_T(sram_ctrl_env_cfg#(AddrWidth)), .COV_T(sram_ctr
PRE-TICK	FACT-GATED-CROSS-FILE	opentitan	hw/ip/sram_ctrl/dv/tests/sram_ctrl_base_test.sv	218	219	252	5	698	cip_base_test @ stimuli/sv/subs/opentitan/hw/dv/sv/cip_lib/cip_base_test.sv	tends cip_base_test #( .CFG_T(sram_ctrl_env_cfg#(`SRAM_WORD_ADDR_WIDTH)),
PRE-TICK	FACT-GATED-CROSS-FILE	opentitan	hw/ip/sysrst_ctrl/dv/env/seq_lib/sysrst_ctrl_auto_blk_key_output_vseq.sv	384	384	388	7	5075	sysrst_ctrl_base_vseq @ stimuli/sv/subs/opentitan/hw/ip/sysrst_ctrl/dv/env/seq_lib/sysrst_ctrl_base_vseq.sv	ysrst_ctrl_base_vseq; `uvm_object_utils(sysrst_ctrl_auto_blk_key_output_vseq)
PRE-TICK	FACT-GATED-CROSS-FILE	opentitan	hw/ip/sysrst_ctrl/dv/env/seq_lib/sysrst_ctrl_base_vseq.sv	220	221	420	5	5802	cip_base_vseq @ stimuli/sv/subs/opentitan/hw/dv/sv/cip_lib/seq_lib/cip_base_vseq.sv	tends cip_base_vseq #( .RAL_T (sysrst_ctrl_reg_block), .CFG_T
PRE-TICK	FACT-GATED-CROSS-FILE	opentitan	hw/ip/sysrst_ctrl/dv/env/seq_lib/sysrst_ctrl_combo_detect_ec_rst_vseq.sv	349	349	353	7	2886	sysrst_ctrl_base_vseq @ stimuli/sv/subs/opentitan/hw/ip/sysrst_ctrl/dv/env/seq_lib/sysrst_ctrl_base_vseq.sv	ysrst_ctrl_base_vseq; `uvm_object_utils(sysrst_ctrl_combo_detect_ec_rst_vseq)
PRE-TICK	FACT-GATED-CROSS-FILE	opentitan	hw/ip/sysrst_ctrl/dv/env/seq_lib/sysrst_ctrl_combo_detect_ec_rst_with_pre_cond_vseq.sv	413	413	417	8	1190	sysrst_ctrl_combo_detect_ec_rst_vseq @ stimuli/sv/subs/opentitan/hw/ip/sysrst_ctrl/dv/env/seq_lib/sysrst_ctrl_combo_detect_ec_rst_vseq.sv	o_detect_ec_rst_vseq; `uvm_object_utils(sysrst_ctrl_combo_detect_ec_rst_with_p
PRE-TICK	FACT-GATED-CROSS-FILE	opentitan	hw/ip/sysrst_ctrl/dv/env/seq_lib/sysrst_ctrl_combo_detect_vseq.sv	351	351	355	7	12909	sysrst_ctrl_base_vseq @ stimuli/sv/subs/opentitan/hw/ip/sysrst_ctrl/dv/env/seq_lib/sysrst_ctrl_base_vseq.sv	ysrst_ctrl_base_vseq; `uvm_object_utils(sysrst_ctrl_combo_detect_vseq) `uvm
PRE-TICK	FACT-GATED-CROSS-FILE	opentitan	hw/ip/sysrst_ctrl/dv/env/seq_lib/sysrst_ctrl_combo_detect_with_pre_cond_vseq.sv	394	394	398	7	28095	sysrst_ctrl_base_vseq @ stimuli/sv/subs/opentitan/hw/ip/sysrst_ctrl/dv/env/seq_lib/sysrst_ctrl_base_vseq.sv	ysrst_ctrl_base_vseq; `uvm_object_utils(sysrst_ctrl_combo_detect_with_pre_cond
PRE-TICK	FACT-GATED-CROSS-FILE	opentitan	hw/ip/sysrst_ctrl/dv/env/seq_lib/sysrst_ctrl_common_vseq.sv	230	230	234	5	646	sysrst_ctrl_base_vseq @ stimuli/sv/subs/opentitan/hw/ip/sysrst_ctrl/dv/env/seq_lib/sysrst_ctrl_base_vseq.sv	ysrst_ctrl_base_vseq; `uvm_object_utils(sysrst_ctrl_common_vseq) constraint
PRE-TICK	FACT-GATED-CROSS-FILE	opentitan	hw/ip/sysrst_ctrl/dv/env/seq_lib/sysrst_ctrl_ec_pwr_on_rst_vseq.sv	458	458	462	9	1709	sysrst_ctrl_base_vseq @ stimuli/sv/subs/opentitan/hw/ip/sysrst_ctrl/dv/env/seq_lib/sysrst_ctrl_base_vseq.sv	ysrst_ctrl_base_vseq; `uvm_object_utils(sysrst_ctrl_ec_pwr_on_rst_vseq) `uv
PRE-TICK	FACT-GATED-CROSS-FILE	opentitan	hw/ip/sysrst_ctrl/dv/env/seq_lib/sysrst_ctrl_edge_detect_vseq.sv	408	408	412	8	7666	sysrst_ctrl_base_vseq @ stimuli/sv/subs/opentitan/hw/ip/sysrst_ctrl/dv/env/seq_lib/sysrst_ctrl_base_vseq.sv	ysrst_ctrl_base_vseq; `uvm_object_utils(sysrst_ctrl_edge_detect_vseq) `uvm_
PRE-TICK	FACT-GATED-CROSS-FILE	opentitan	hw/ip/sysrst_ctrl/dv/env/seq_lib/sysrst_ctrl_feature_disable_vseq.sv	389	389	393	7	17283	sysrst_ctrl_combo_detect_with_pre_cond_vseq @ stimuli/sv/subs/opentitan/hw/ip/sysrst_ctrl/dv/env/seq_lib/sysrst_ctrl_combo_detect_with_pre_cond_vseq.sv	t_with_pre_cond_vseq; `uvm_object_utils(sysrst_ctrl_feature_disable_vseq) `
PRE-TICK	FACT-GATED-CROSS-FILE	opentitan	hw/ip/sysrst_ctrl/dv/env/seq_lib/sysrst_ctrl_flash_wr_prot_vseq.sv	454	454	458	9	2344	sysrst_ctrl_base_vseq @ stimuli/sv/subs/opentitan/hw/ip/sysrst_ctrl/dv/env/seq_lib/sysrst_ctrl_base_vseq.sv	ysrst_ctrl_base_vseq; `uvm_object_utils(sysrst_ctrl_flash_wr_prot_vseq) `uv
PRE-TICK	FACT-GATED-CROSS-FILE	opentitan	hw/ip/sysrst_ctrl/dv/env/seq_lib/sysrst_ctrl_in_out_inverted_vseq.sv	333	333	337	6	5768	sysrst_ctrl_base_vseq @ stimuli/sv/subs/opentitan/hw/ip/sysrst_ctrl/dv/env/seq_lib/sysrst_ctrl_base_vseq.sv	ysrst_ctrl_base_vseq; `uvm_object_utils(sysrst_ctrl_in_out_inverted_vseq)
PRE-TICK	FACT-GATED-CROSS-FILE	opentitan	hw/ip/sysrst_ctrl/dv/env/seq_lib/sysrst_ctrl_pin_access_vseq.sv	288	288	292	6	1988	sysrst_ctrl_base_vseq @ stimuli/sv/subs/opentitan/hw/ip/sysrst_ctrl/dv/env/seq_lib/sysrst_ctrl_base_vseq.sv	ysrst_ctrl_base_vseq; `uvm_object_utils(sysrst_ctrl_pin_access_vseq) `uvm_o
PRE-TICK	FACT-GATED-CROSS-FILE	opentitan	hw/ip/sysrst_ctrl/dv/env/seq_lib/sysrst_ctrl_pin_override_vseq.sv	407	407	411	8	8377	sysrst_ctrl_base_vseq @ stimuli/sv/subs/opentitan/hw/ip/sysrst_ctrl/dv/env/seq_lib/sysrst_ctrl_base_vseq.sv	ysrst_ctrl_base_vseq; `uvm_object_utils(sysrst_ctrl_pin_override_vseq) `uvm
PRE-TICK	FACT-GATED-CROSS-FILE	opentitan	hw/ip/sysrst_ctrl/dv/env/seq_lib/sysrst_ctrl_smoke_vseq.sv	248	248	252	6	1062	sysrst_ctrl_base_vseq @ stimuli/sv/subs/opentitan/hw/ip/sysrst_ctrl/dv/env/seq_lib/sysrst_ctrl_base_vseq.sv	ysrst_ctrl_base_vseq; `uvm_object_utils(sysrst_ctrl_smoke_vseq) `uvm_object
PRE-TICK	FACT-GATED-CROSS-FILE	opentitan	hw/ip/sysrst_ctrl/dv/env/seq_lib/sysrst_ctrl_stress_all_vseq.sv	366	366	370	7	2456	sysrst_ctrl_base_vseq @ stimuli/sv/subs/opentitan/hw/ip/sysrst_ctrl/dv/env/seq_lib/sysrst_ctrl_base_vseq.sv	ysrst_ctrl_base_vseq; `uvm_object_utils(sysrst_ctrl_stress_all_vseq) `uvm_o
PRE-TICK	FACT-GATED-CROSS-FILE	opentitan	hw/ip/sysrst_ctrl/dv/env/seq_lib/sysrst_ctrl_ultra_low_pwr_vseq.sv	583	583	587	9	8711	sysrst_ctrl_base_vseq @ stimuli/sv/subs/opentitan/hw/ip/sysrst_ctrl/dv/env/seq_lib/sysrst_ctrl_base_vseq.sv	ysrst_ctrl_base_vseq; `uvm_object_utils(sysrst_ctrl_ultra_low_pwr_vseq) `uv
PRE-TICK	FACT-GATED-CROSS-FILE	opentitan	hw/ip/sysrst_ctrl/dv/env/sysrst_ctrl_env.sv	213	214	424	5	1253	cip_base_env @ stimuli/sv/subs/opentitan/hw/dv/sv/cip_lib/cip_base_env.sv	xtends cip_base_env #( .CFG_T (sysrst_ctrl_env_cfg), .COV_T
PRE-TICK	FACT-GATED-CROSS-FILE	opentitan	hw/ip/sysrst_ctrl/dv/env/sysrst_ctrl_env_cfg.sv	221	222	352	5	754	cip_base_env_cfg @ stimuli/sv/subs/opentitan/hw/dv/sv/cip_lib/cip_base_env_cfg.sv	ds cip_base_env_cfg #(.RAL_T(sysrst_ctrl_reg_block)); // ext component cfgs
PRE-TICK	FACT-GATED-CROSS-FILE	opentitan	hw/ip/sysrst_ctrl/dv/env/sysrst_ctrl_scoreboard.sv	227	228	456	5	10825	cip_base_scoreboard @ stimuli/sv/subs/opentitan/hw/dv/sv/cip_lib/cip_base_scoreboard.sv	cip_base_scoreboard #( .CFG_T(sysrst_ctrl_env_cfg), .RAL_T(sysrst_ctrl_reg_b
PRE-TICK	FACT-GATED-CROSS-FILE	opentitan	hw/ip/sysrst_ctrl/dv/env/sysrst_ctrl_virtual_sequencer.sv	241	242	317	5	401	cip_base_virtual_sequencer @ stimuli/sv/subs/opentitan/hw/dv/sv/cip_lib/cip_base_virtual_sequencer.sv	e_virtual_sequencer #( .CFG_T(sysrst_ctrl_env_cfg), .COV_T(sysrst_ctrl_e
PRE-TICK	FACT-GATED-CROSS-FILE	opentitan	hw/ip/sysrst_ctrl/dv/tests/sysrst_ctrl_base_test.sv	220	221	293	5	822	cip_base_test @ stimuli/sv/subs/opentitan/hw/dv/sv/cip_lib/cip_base_test.sv	tends cip_base_test #( .CFG_T(sysrst_ctrl_env_cfg), .ENV_T(sysrst_ctrl_e
PRE-TICK	FACT-GATED-CROSS-FILE	opentitan	hw/ip/tlul/generic_dv/env/seq_lib/xbar_access_same_device_vseq.sv	400	400	405	8	1497	xbar_random_vseq @ stimuli/sv/subs/opentitan/hw/ip/tlul/generic_dv/env/seq_lib/xbar_random_vseq.sv	nds xbar_random_vseq; `uvm_object_utils(xbar_access_same_device_vseq) `uvm_
PRE-TICK	FACT-GATED-CROSS-FILE	opentitan	hw/ip/tlul/generic_dv/env/seq_lib/xbar_base_vseq.sv	347	348	1407	8	4226	dv_base_vseq @ stimuli/sv/subs/opentitan/hw/dv/sv/dv_lib/dv_base_vseq.sv	xtends dv_base_vseq #(.CFG_T (xbar_env_cfg),
PRE-TICK	FACT-GATED-CROSS-FILE	opentitan	hw/ip/tlul/generic_dv/env/seq_lib/xbar_random_vseq.sv	276	276	281	6	1391	xbar_base_vseq @ stimuli/sv/subs/opentitan/hw/ip/tlul/generic_dv/env/seq_lib/xbar_base_vseq.sv	tends xbar_base_vseq; `uvm_object_utils(xbar_random_vseq) `uvm_object_new
PRE-TICK	FACT-GATED-CROSS-FILE	opentitan	hw/ip/tlul/generic_dv/env/seq_lib/xbar_same_source_vseq.sv	354	354	359	7	1203	xbar_random_vseq @ stimuli/sv/subs/opentitan/hw/ip/tlul/generic_dv/env/seq_lib/xbar_random_vseq.sv	nds xbar_random_vseq; `uvm_object_utils(xbar_same_source_vseq) `uvm_object_
PRE-TICK	FACT-GATED-CROSS-FILE	opentitan	hw/ip/tlul/generic_dv/env/seq_lib/xbar_seq_err_item.sv	388	388	393	8	695	cip_tl_seq_item @ stimuli/sv/subs/opentitan/hw/dv/sv/cip_lib/cip_base_pkg.sv	ends cip_tl_seq_item; `uvm_object_utils(xbar_seq_err_item) `uvm_object_new
PRE-TICK	FACT-GATED-CROSS-FILE	opentitan	hw/ip/tlul/generic_dv/env/seq_lib/xbar_smoke_vseq.sv	299	299	304	7	522	xbar_base_vseq @ stimuli/sv/subs/opentitan/hw/ip/tlul/generic_dv/env/seq_lib/xbar_base_vseq.sv	tends xbar_base_vseq; `uvm_object_utils(xbar_smoke_vseq) `uvm_object_new
PRE-TICK	FACT-GATED-CROSS-FILE	opentitan	hw/ip/tlul/generic_dv/env/seq_lib/xbar_stress_all_vseq.sv	290	290	294	6	2580	xbar_base_vseq @ stimuli/sv/subs/opentitan/hw/ip/tlul/generic_dv/env/seq_lib/xbar_base_vseq.sv	tends xbar_base_vseq; `uvm_object_utils(xbar_stress_all_vseq) // reduce num
PRE-TICK	FACT-GATED-CROSS-FILE	opentitan	hw/ip/tlul/generic_dv/env/seq_lib/xbar_stress_all_with_rand_reset_vseq.sv	327	327	331	7	2503	xbar_base_vseq @ stimuli/sv/subs/opentitan/hw/ip/tlul/generic_dv/env/seq_lib/xbar_base_vseq.sv	tends xbar_base_vseq; `uvm_object_utils(xbar_stress_all_with_rand_reset_vseq)
PRE-TICK	FACT-GATED-CROSS-FILE	opentitan	hw/ip/tlul/generic_dv/env/seq_lib/xbar_tl_host_seq.sv	378	378	647	10	2434	tl_host_seq @ stimuli/sv/subs/opentitan/hw/dv/sv/tl_agent/seq_lib/tl_host_seq.sv	extends tl_host_seq; // if enabled, will allow to access both mapped and unm
PRE-TICK	FACT-GATED-CROSS-FILE	opentitan	hw/ip/tlul/generic_dv/env/seq_lib/xbar_unmapped_addr_vseq.sv	331	331	336	7	585	xbar_random_vseq @ stimuli/sv/subs/opentitan/hw/ip/tlul/generic_dv/env/seq_lib/xbar_random_vseq.sv	nds xbar_random_vseq; `uvm_object_utils(xbar_unmapped_addr_vseq) `uvm_objec
PRE-TICK	FACT-GATED-CROSS-FILE	opentitan	hw/ip/tlul/generic_dv/env/xbar_env.sv	329	329	671	8	4556	dv_base_env @ stimuli/sv/subs/opentitan/hw/dv/sv/dv_lib/dv_base_env.sv	extends dv_base_env#(.CFG_T (xbar_env_cfg),
PRE-TICK	FACT-GATED-CROSS-FILE	opentitan	hw/ip/tlul/generic_dv/env/xbar_env_cfg.sv	351	351	1453	8	4799	dv_base_env_cfg @ stimuli/sv/subs/opentitan/hw/dv/sv/dv_lib/dv_base_env_cfg.sv	ends dv_base_env_cfg; rand tl_agent_cfg host_agent_cfg[]; rand tl_agent_cf
PRE-TICK	FACT-GATED-CROSS-FILE	opentitan	hw/ip/tlul/generic_dv/env/xbar_env_cov.sv	251	252	1837	6	2991	uint @ stimuli/sv/subs/opentitan/hw/dv/sv/dv_utils/dv_utils_pkg.sv	ice_access_cg (uint num_dev) with function sample(uint dev_id); cp_dev: coverp
PRE-TICK	FACT-GATED-CROSS-FILE	opentitan	hw/ip/tlul/generic_dv/env/xbar_env_pkg.sv	545	561	863	19	2129	addr_range_t @ stimuli/sv/subs/opentitan/hw/dv/sv/dv_utils/dv_utils_pkg.sv	ge_t addr_ranges[$]; } tl_device_t; typedef struct { str
PRE-TICK	FACT-GATED-CROSS-FILE	opentitan	hw/ip/tlul/generic_dv/env/xbar_virtual_sequencer.sv	369	370	544	8	619	dv_base_virtual_sequencer @ stimuli/sv/subs/opentitan/hw/dv/sv/dv_lib/dv_base_virtual_sequencer.sv	e_virtual_sequencer #(.CFG_T(xbar_env_cfg),
PRE-TICK	FACT-GATED-CROSS-FILE	opentitan	hw/ip/tlul/generic_dv/tests/xbar_base_test.sv	212	213	258	5	2269	dv_base_test @ stimuli/sv/subs/opentitan/hw/vendor/lowrisc_ibex/dv/uvm/icache/dv/tests/ibex_icache_base_test.sv	xtends dv_base_test #(.ENV_T(xbar_env), .CFG_T(xbar_env_cfg)); `uvm_component_
PRE-TICK	FACT-GATED-CROSS-FILE	opentitan	hw/ip/tlul/generic_dv/tests/xbar_error_test.sv	308	308	312	6	801	xbar_base_test @ stimuli/sv/subs/opentitan/hw/ip/tlul/generic_dv/tests/xbar_base_test.sv	tends xbar_base_test; `uvm_component_utils(xbar_error_test) `uvm_component_n
PRE-TICK	FACT-GATED-CROSS-FILE	opentitan	hw/ip/uart/dv/env/seq_lib/uart_base_vseq.sv	213	214	514	5	12237	cip_base_vseq @ stimuli/sv/subs/opentitan/hw/dv/sv/cip_lib/seq_lib/cip_base_vseq.sv	tends cip_base_vseq #(.CFG_T (uart_env_cfg),
PRE-TICK	FACT-GATED-CROSS-FILE	opentitan	hw/ip/uart/dv/env/seq_lib/uart_common_vseq.sv	216	216	220	5	427	uart_base_vseq @ stimuli/sv/subs/opentitan/hw/ip/uart/dv/env/seq_lib/uart_base_vseq.sv	tends uart_base_vseq; `uvm_object_utils(uart_common_vseq) constraint num_tr
PRE-TICK	FACT-GATED-CROSS-FILE	opentitan	hw/ip/uart/dv/env/seq_lib/uart_fifo_full_vseq.sv	220	220	224	5	1661	uart_tx_rx_vseq @ stimuli/sv/subs/opentitan/hw/ip/uart/dv/env/seq_lib/uart_tx_rx_vseq.sv	ends uart_tx_rx_vseq; `uvm_object_utils(uart_fifo_full_vseq) constraint num
PRE-TICK	FACT-GATED-CROSS-FILE	opentitan	hw/ip/uart/dv/env/seq_lib/uart_fifo_overflow_vseq.sv	228	228	232	5	564	uart_fifo_full_vseq @ stimuli/sv/subs/opentitan/hw/ip/uart/dv/env/seq_lib/uart_fifo_full_vseq.sv	uart_fifo_full_vseq; `uvm_object_utils(uart_fifo_overflow_vseq) `uvm_objec
PRE-TICK	FACT-GATED-CROSS-FILE	opentitan	hw/ip/uart/dv/env/seq_lib/uart_fifo_reset_vseq.sv	229	229	233	5	1483	uart_fifo_overflow_vseq @ stimuli/sv/subs/opentitan/hw/ip/uart/dv/env/seq_lib/uart_fifo_overflow_vseq.sv	t_fifo_overflow_vseq; `uvm_object_utils(uart_fifo_reset_vseq) `uvm_object_n
PRE-TICK	FACT-GATED-CROSS-FILE	opentitan	hw/ip/uart/dv/env/seq_lib/uart_intr_vseq.sv	299	299	303	6	17757	uart_base_vseq @ stimuli/sv/subs/opentitan/hw/ip/uart/dv/env/seq_lib/uart_base_vseq.sv	tends uart_base_vseq; `uvm_object_utils(uart_intr_vseq) constraint num_tran
PRE-TICK	FACT-GATED-CROSS-FILE	opentitan	hw/ip/uart/dv/env/seq_lib/uart_long_xfer_wo_dly_vseq.sv	367	367	371	7	1439	uart_fifo_full_vseq @ stimuli/sv/subs/opentitan/hw/ip/uart/dv/env/seq_lib/uart_fifo_full_vseq.sv	uart_fifo_full_vseq; `uvm_object_utils(uart_long_xfer_wo_dly_vseq) `uvm_ob
PRE-TICK	FACT-GATED-CROSS-FILE	opentitan	hw/ip/uart/dv/env/seq_lib/uart_loopback_vseq.sv	381	381	385	8	3838	uart_tx_rx_vseq @ stimuli/sv/subs/opentitan/hw/ip/uart/dv/env/seq_lib/uart_tx_rx_vseq.sv	ends uart_tx_rx_vseq; `uvm_object_utils(uart_loopback_vseq) constraint en_t
PRE-TICK	FACT-GATED-CROSS-FILE	opentitan	hw/ip/uart/dv/env/seq_lib/uart_noise_filter_vseq.sv	294	294	298	6	2031	uart_tx_rx_vseq @ stimuli/sv/subs/opentitan/hw/ip/uart/dv/env/seq_lib/uart_tx_rx_vseq.sv	ends uart_tx_rx_vseq; `uvm_object_utils(uart_noise_filter_vseq) `uvm_object
PRE-TICK	FACT-GATED-CROSS-FILE	opentitan	hw/ip/uart/dv/env/seq_lib/uart_perf_vseq.sv	300	300	304	6	1109	uart_fifo_full_vseq @ stimuli/sv/subs/opentitan/hw/ip/uart/dv/env/seq_lib/uart_fifo_full_vseq.sv	uart_fifo_full_vseq; `uvm_object_utils(uart_perf_vseq) `uvm_object_new
PRE-TICK	FACT-GATED-CROSS-FILE	opentitan	hw/ip/uart/dv/env/seq_lib/uart_rx_oversample_vseq.sv	373	373	377	8	4735	uart_tx_rx_vseq @ stimuli/sv/subs/opentitan/hw/ip/uart/dv/env/seq_lib/uart_tx_rx_vseq.sv	ends uart_tx_rx_vseq; `uvm_object_utils(uart_rx_oversample_vseq) uint num_bi
PRE-TICK	FACT-GATED-CROSS-FILE	opentitan	hw/ip/uart/dv/env/seq_lib/uart_rx_parity_err_vseq.sv	320	320	324	7	746	uart_fifo_overflow_vseq @ stimuli/sv/subs/opentitan/hw/ip/uart/dv/env/seq_lib/uart_fifo_overflow_vseq.sv	t_fifo_overflow_vseq; `uvm_object_utils(uart_rx_parity_err_vseq) `uvm_objec
PRE-TICK	FACT-GATED-CROSS-FILE	opentitan	hw/ip/uart/dv/env/seq_lib/uart_rx_start_bit_filter_vseq.sv	277	277	281	6	1711	uart_smoke_vseq @ stimuli/sv/subs/opentitan/hw/ip/uart/dv/env/seq_lib/uart_smoke_vseq.sv	ends uart_smoke_vseq; `uvm_object_utils(uart_rx_start_bit_filter_vseq) `uvm
PRE-TICK	FACT-GATED-CROSS-FILE	opentitan	hw/ip/uart/dv/env/seq_lib/uart_smoke_vseq.sv	310	310	314	7	1762	uart_tx_rx_vseq @ stimuli/sv/subs/opentitan/hw/ip/uart/dv/env/seq_lib/uart_tx_rx_vseq.sv	ends uart_tx_rx_vseq; `uvm_object_utils(uart_smoke_vseq) constraint num_tra
PRE-TICK	FACT-GATED-CROSS-FILE	opentitan	hw/ip/uart/dv/env/seq_lib/uart_stress_all_vseq.sv	433	433	437	8	2257	uart_base_vseq @ stimuli/sv/subs/opentitan/hw/ip/uart/dv/env/seq_lib/uart_base_vseq.sv	tends uart_base_vseq; `uvm_object_utils(uart_stress_all_vseq) `uvm_object_n
PRE-TICK	FACT-GATED-CROSS-FILE	opentitan	hw/ip/uart/dv/env/seq_lib/uart_tx_ovrd_vseq.sv	282	282	286	6	1408	uart_smoke_vseq @ stimuli/sv/subs/opentitan/hw/ip/uart/dv/env/seq_lib/uart_smoke_vseq.sv	ends uart_smoke_vseq; `uvm_object_utils(uart_tx_ovrd_vseq) `uvm_object_new
PRE-TICK	FACT-GATED-CROSS-FILE	opentitan	hw/ip/uart/dv/env/seq_lib/uart_tx_rx_vseq.sv	215	215	219	5	7593	uart_base_vseq @ stimuli/sv/subs/opentitan/hw/ip/uart/dv/env/seq_lib/uart_base_vseq.sv	tends uart_base_vseq; `uvm_object_utils(uart_tx_rx_vseq) rand uint num_tx_b
PRE-TICK	FACT-GATED-CROSS-FILE	opentitan	hw/ip/uart/dv/env/uart_env.sv	206	207	487	5	1330	cip_base_env @ stimuli/sv/subs/opentitan/hw/dv/sv/cip_lib/cip_base_env.sv	xtends cip_base_env #(.CFG_T (uart_env_cfg),
PRE-TICK	FACT-GATED-CROSS-FILE	opentitan	hw/ip/uart/dv/env/uart_env_cfg.sv	214	215	528	5	1503	cip_base_env_cfg @ stimuli/sv/subs/opentitan/hw/dv/sv/cip_lib/cip_base_env_cfg.sv	ds cip_base_env_cfg #(.RAL_T(uart_reg_block)); // ext component cfgs rand u
PRE-TICK	FACT-GATED-CROSS-FILE	opentitan	hw/ip/uart/dv/env/uart_env_cov.sv	214	215	242	5	2724	cip_base_env_cov @ stimuli/sv/subs/opentitan/hw/dv/sv/cip_lib/cip_base_env_cov.sv	ds cip_base_env_cov #(.CFG_T(uart_env_cfg)); `uvm_component_utils(uart_env_cov
PRE-TICK	FACT-GATED-CROSS-FILE	opentitan	hw/ip/uart/dv/env/uart_scoreboard.sv	220	221	398	5	26953	cip_base_scoreboard @ stimuli/sv/subs/opentitan/hw/dv/sv/cip_lib/cip_base_scoreboard.sv	cip_base_scoreboard #(.CFG_T(uart_env_cfg),
PRE-TICK	FACT-GATED-CROSS-FILE	opentitan	hw/ip/uart/dv/env/uart_virtual_sequencer.sv	234	235	350	5	464	cip_base_virtual_sequencer @ stimuli/sv/subs/opentitan/hw/dv/sv/cip_lib/cip_base_virtual_sequencer.sv	e_virtual_sequencer #(.CFG_T(uart_env_cfg),
PRE-TICK	FACT-GATED-CROSS-FILE	opentitan	hw/ip/uart/dv/tests/uart_base_test.sv	213	214	259	5	527	cip_base_test @ stimuli/sv/subs/opentitan/hw/dv/sv/cip_lib/cip_base_test.sv	tends cip_base_test #(.ENV_T(uart_env), .CFG_T(uart_env_cfg)); `uvm_component_
PRE-TICK	FACT-GATED-CROSS-FILE	opentitan	hw/ip/usbdev/dv/env/seq_lib/usbdev_aon_wake_vseq.sv	278	278	282	6	7718	usbdev_link_suspend_vseq @ stimuli/sv/subs/opentitan/hw/ip/usbdev/dv/env/seq_lib/usbdev_link_suspend_vseq.sv	ev_link_suspend_vseq; `uvm_object_utils(usbdev_aon_wake_vseq) `uvm_object_n
PRE-TICK	FACT-GATED-CROSS-FILE	opentitan	hw/ip/usbdev/dv/env/seq_lib/usbdev_av_buffer_vseq.sv	253	253	257	6	1241	usbdev_base_vseq @ stimuli/sv/subs/opentitan/hw/ip/usbdev/dv/env/seq_lib/usbdev_base_vseq.sv	nds usbdev_base_vseq; `uvm_object_utils(usbdev_av_buffer_vseq) `uvm_object_
PRE-TICK	FACT-GATED-CROSS-FILE	opentitan	hw/ip/usbdev/dv/env/seq_lib/usbdev_av_empty_vseq.sv	222	222	226	5	2968	usbdev_base_vseq @ stimuli/sv/subs/opentitan/hw/ip/usbdev/dv/env/seq_lib/usbdev_base_vseq.sv	nds usbdev_base_vseq; `uvm_object_utils(usbdev_av_empty_vseq) `uvm_object_n
PRE-TICK	FACT-GATED-CROSS-FILE	opentitan	hw/ip/usbdev/dv/env/seq_lib/usbdev_av_overflow_vseq.sv	225	225	229	5	1676	usbdev_base_vseq @ stimuli/sv/subs/opentitan/hw/ip/usbdev/dv/env/seq_lib/usbdev_base_vseq.sv	nds usbdev_base_vseq; `uvm_object_utils(usbdev_av_overflow_vseq) `uvm_objec
PRE-TICK	FACT-GATED-CROSS-FILE	opentitan	hw/ip/usbdev/dv/env/seq_lib/usbdev_bad_traffic_vseq.sv	229	229	233	5	11128	usbdev_bus_rand_vseq @ stimuli/sv/subs/opentitan/hw/ip/usbdev/dv/env/seq_lib/usbdev_bus_rand_vseq.sv	usbdev_bus_rand_vseq; `uvm_object_utils(usbdev_bad_traffic_vseq) `uvm_objec
PRE-TICK	FACT-GATED-CROSS-FILE	opentitan	hw/ip/usbdev/dv/env/seq_lib/usbdev_base_vseq.sv	215	216	397	5	54790	cip_base_vseq @ stimuli/sv/subs/opentitan/hw/dv/sv/cip_lib/seq_lib/cip_base_vseq.sv	tends cip_base_vseq #( .CFG_T (usbdev_env_cfg), .RAL_T
PRE-TICK	FACT-GATED-CROSS-FILE	opentitan	hw/ip/usbdev/dv/env/seq_lib/usbdev_bitstuff_err_vseq.sv	226	226	230	5	4127	usbdev_base_vseq @ stimuli/sv/subs/opentitan/hw/ip/usbdev/dv/env/seq_lib/usbdev_base_vseq.sv	nds usbdev_base_vseq; `uvm_object_utils(usbdev_bitstuff_err_vseq) `uvm_obje
PRE-TICK	FACT-GATED-CROSS-FILE	opentitan	hw/ip/usbdev/dv/env/seq_lib/usbdev_bus_rand_vseq.sv	958	958	962	16	6312	usbdev_max_non_iso_usb_traffic_vseq @ stimuli/sv/subs/opentitan/hw/ip/usbdev/dv/env/seq_lib/usbdev_max_non_iso_usb_traffic_vseq.sv	iso_usb_traffic_vseq; `uvm_object_utils(usbdev_bus_rand_vseq) `uvm_object_n
PRE-TICK	FACT-GATED-CROSS-FILE	opentitan	hw/ip/usbdev/dv/env/seq_lib/usbdev_common_vseq.sv	220	220	224	5	726	usbdev_base_vseq @ stimuli/sv/subs/opentitan/hw/ip/usbdev/dv/env/seq_lib/usbdev_base_vseq.sv	nds usbdev_base_vseq; `uvm_object_utils(usbdev_common_vseq) constraint num_
PRE-TICK	FACT-GATED-CROSS-FILE	opentitan	hw/ip/usbdev/dv/env/seq_lib/usbdev_csr_test_vseq.sv	262	262	266	6	458	usbdev_common_vseq @ stimuli/sv/subs/opentitan/hw/ip/usbdev/dv/env/seq_lib/usbdev_common_vseq.sv	s usbdev_common_vseq; `uvm_object_utils(usbdev_csr_test_vseq) `uvm_object_n
PRE-TICK	FACT-GATED-CROSS-FILE	opentitan	hw/ip/usbdev/dv/env/seq_lib/usbdev_data_toggle_clear_vseq.sv	231	231	235	5	3229	usbdev_base_vseq @ stimuli/sv/subs/opentitan/hw/ip/usbdev/dv/env/seq_lib/usbdev_base_vseq.sv	nds usbdev_base_vseq; `uvm_object_utils(usbdev_data_toggle_clear_vseq) `uvm
PRE-TICK	FACT-GATED-CROSS-FILE	opentitan	hw/ip/usbdev/dv/env/seq_lib/usbdev_data_toggle_restore_vseq.sv	233	233	237	5	11194	usbdev_base_vseq @ stimuli/sv/subs/opentitan/hw/ip/usbdev/dv/env/seq_lib/usbdev_base_vseq.sv	nds usbdev_base_vseq; `uvm_object_utils(usbdev_data_toggle_restore_vseq) `u
PRE-TICK	FACT-GATED-CROSS-FILE	opentitan	hw/ip/usbdev/dv/env/seq_lib/usbdev_device_address_vseq.sv	237	237	241	5	1778	usbdev_spray_packets_vseq @ stimuli/sv/subs/opentitan/hw/ip/usbdev/dv/env/seq_lib/usbdev_spray_packets_vseq.sv	v_spray_packets_vseq; `uvm_object_utils(usbdev_device_address_vseq) `uvm_ob
PRE-TICK	FACT-GATED-CROSS-FILE	opentitan	hw/ip/usbdev/dv/env/seq_lib/usbdev_device_timeout_vseq.sv	228	228	232	5	8388	usbdev_base_vseq @ stimuli/sv/subs/opentitan/hw/ip/usbdev/dv/env/seq_lib/usbdev_base_vseq.sv	nds usbdev_base_vseq; `uvm_object_utils(usbdev_device_timeout_vseq) `uvm_ob
PRE-TICK	FACT-GATED-CROSS-FILE	opentitan	hw/ip/usbdev/dv/env/seq_lib/usbdev_disable_endpoint_vseq.sv	239	239	243	5	2541	usbdev_spray_packets_vseq @ stimuli/sv/subs/opentitan/hw/ip/usbdev/dv/env/seq_lib/usbdev_spray_packets_vseq.sv	v_spray_packets_vseq; `uvm_object_utils(usbdev_disable_endpoint_vseq) `uvm_
PRE-TICK	FACT-GATED-CROSS-FILE	opentitan	hw/ip/usbdev/dv/env/seq_lib/usbdev_disconnected_vseq.sv	226	226	230	5	1538	usbdev_base_vseq @ stimuli/sv/subs/opentitan/hw/ip/usbdev/dv/env/seq_lib/usbdev_base_vseq.sv	nds usbdev_base_vseq; `uvm_object_utils(usbdev_disconnected_vseq) `uvm_obje
PRE-TICK	FACT-GATED-CROSS-FILE	opentitan	hw/ip/usbdev/dv/env/seq_lib/usbdev_dpi_config_host_vseq.sv	229	229	233	5	9867	usbdev_base_vseq @ stimuli/sv/subs/opentitan/hw/ip/usbdev/dv/env/seq_lib/usbdev_base_vseq.sv	nds usbdev_base_vseq; `uvm_object_utils(usbdev_dpi_config_host_vseq) `uvm_o
PRE-TICK	FACT-GATED-CROSS-FILE	opentitan	hw/ip/usbdev/dv/env/seq_lib/usbdev_enable_vseq.sv	220	220	224	5	2009	usbdev_base_vseq @ stimuli/sv/subs/opentitan/hw/ip/usbdev/dv/env/seq_lib/usbdev_base_vseq.sv	nds usbdev_base_vseq; `uvm_object_utils(usbdev_enable_vseq) `uvm_object_new
PRE-TICK	FACT-GATED-CROSS-FILE	opentitan	hw/ip/usbdev/dv/env/seq_lib/usbdev_endpoint_access_vseq.sv	262	262	266	6	710	usbdev_in_trans_vseq @ stimuli/sv/subs/opentitan/hw/ip/usbdev/dv/env/seq_lib/usbdev_in_trans_vseq.sv	usbdev_in_trans_vseq; `uvm_object_utils(usbdev_endpoint_access_vseq) `uvm_o
PRE-TICK	FACT-GATED-CROSS-FILE	opentitan	hw/ip/usbdev/dv/env/seq_lib/usbdev_endpoint_types_vseq.sv	415	415	419	7	650	usbdev_spray_packets_vseq @ stimuli/sv/subs/opentitan/hw/ip/usbdev/dv/env/seq_lib/usbdev_spray_packets_vseq.sv	v_spray_packets_vseq; `uvm_object_utils(usbdev_endpoint_types_vseq) `uvm_ob
PRE-TICK	FACT-GATED-CROSS-FILE	opentitan	hw/ip/usbdev/dv/env/seq_lib/usbdev_fifo_levels_vseq.sv	448	448	452	8	7389	usbdev_base_vseq @ stimuli/sv/subs/opentitan/hw/ip/usbdev/dv/env/seq_lib/usbdev_base_vseq.sv	nds usbdev_base_vseq; `uvm_object_utils(usbdev_fifo_levels_vseq) `uvm_objec
PRE-TICK	FACT-GATED-CROSS-FILE	opentitan	hw/ip/usbdev/dv/env/seq_lib/usbdev_fifo_rst_vseq.sv	464	464	468	10	3447	usbdev_fifo_levels_vseq @ stimuli/sv/subs/opentitan/hw/ip/usbdev/dv/env/seq_lib/usbdev_fifo_levels_vseq.sv	dev_fifo_levels_vseq; `uvm_object_utils(usbdev_fifo_rst_vseq) `uvm_object_n
PRE-TICK	FACT-GATED-CROSS-FILE	opentitan	hw/ip/usbdev/dv/env/seq_lib/usbdev_freq_phase_delta_vseq.sv	1086	1086	1090	18	12383	usbdev_stream_len_max_vseq @ stimuli/sv/subs/opentitan/hw/ip/usbdev/dv/env/seq_lib/usbdev_stream_len_max_vseq.sv	_stream_len_max_vseq; `uvm_object_utils(usbdev_freq_phase_delta_vseq) `uvm_
PRE-TICK	FACT-GATED-CROSS-FILE	opentitan	hw/ip/usbdev/dv/env/seq_lib/usbdev_host_lost_vseq.sv	223	223	227	5	2107	usbdev_base_vseq @ stimuli/sv/subs/opentitan/hw/ip/usbdev/dv/env/seq_lib/usbdev_base_vseq.sv	nds usbdev_base_vseq; `uvm_object_utils(usbdev_host_lost_vseq) `uvm_object_
PRE-TICK	FACT-GATED-CROSS-FILE	opentitan	hw/ip/usbdev/dv/env/seq_lib/usbdev_in_iso_vseq.sv	220	220	224	5	1224	usbdev_base_vseq @ stimuli/sv/subs/opentitan/hw/ip/usbdev/dv/env/seq_lib/usbdev_base_vseq.sv	nds usbdev_base_vseq; `uvm_object_utils(usbdev_in_iso_vseq) `uvm_object_new
PRE-TICK	FACT-GATED-CROSS-FILE	opentitan	hw/ip/usbdev/dv/env/seq_lib/usbdev_in_rand_trans_vseq.sv	227	227	231	5	1625	usbdev_base_vseq @ stimuli/sv/subs/opentitan/hw/ip/usbdev/dv/env/seq_lib/usbdev_base_vseq.sv	nds usbdev_base_vseq; `uvm_object_utils(usbdev_in_rand_trans_vseq) `uvm_obj
PRE-TICK	FACT-GATED-CROSS-FILE	opentitan	hw/ip/usbdev/dv/env/seq_lib/usbdev_in_stall_vseq.sv	222	222	226	5	753	usbdev_base_vseq @ stimuli/sv/subs/opentitan/hw/ip/usbdev/dv/env/seq_lib/usbdev_base_vseq.sv	nds usbdev_base_vseq; `uvm_object_utils(usbdev_in_stall_vseq) `uvm_object_n
PRE-TICK	FACT-GATED-CROSS-FILE	opentitan	hw/ip/usbdev/dv/env/seq_lib/usbdev_in_trans_vseq.sv	251	251	255	6	2116	usbdev_base_vseq @ stimuli/sv/subs/opentitan/hw/ip/usbdev/dv/env/seq_lib/usbdev_base_vseq.sv	nds usbdev_base_vseq; `uvm_object_utils(usbdev_in_trans_vseq) `uvm_object_n
PRE-TICK	FACT-GATED-CROSS-FILE	opentitan	hw/ip/usbdev/dv/env/seq_lib/usbdev_iso_retraction_vseq.sv	228	228	232	5	7603	usbdev_base_vseq @ stimuli/sv/subs/opentitan/hw/ip/usbdev/dv/env/seq_lib/usbdev_base_vseq.sv	nds usbdev_base_vseq; `uvm_object_utils(usbdev_iso_retraction_vseq) `uvm_ob
PRE-TICK	FACT-GATED-CROSS-FILE	opentitan	hw/ip/usbdev/dv/env/seq_lib/usbdev_link_in_err_vseq.sv	225	225	229	5	1356	usbdev_base_vseq @ stimuli/sv/subs/opentitan/hw/ip/usbdev/dv/env/seq_lib/usbdev_base_vseq.sv	nds usbdev_base_vseq; `uvm_object_utils(usbdev_link_in_err_vseq) `uvm_objec
PRE-TICK	FACT-GATED-CROSS-FILE	opentitan	hw/ip/usbdev/dv/env/seq_lib/usbdev_link_out_err_vseq.sv	280	280	284	6	5772	usbdev_base_vseq @ stimuli/sv/subs/opentitan/hw/ip/usbdev/dv/env/seq_lib/usbdev_base_vseq.sv	nds usbdev_base_vseq; `uvm_object_utils(usbdev_link_out_err_vseq) `uvm_obje
PRE-TICK	FACT-GATED-CROSS-FILE	opentitan	hw/ip/usbdev/dv/env/seq_lib/usbdev_link_reset_vseq.sv	287	287	291	6	1448	usbdev_base_vseq @ stimuli/sv/subs/opentitan/hw/ip/usbdev/dv/env/seq_lib/usbdev_base_vseq.sv	nds usbdev_base_vseq; `uvm_object_utils(usbdev_link_reset_vseq) `uvm_object
PRE-TICK	FACT-GATED-CROSS-FILE	opentitan	hw/ip/usbdev/dv/env/seq_lib/usbdev_link_resume_vseq.sv	265	265	269	6	4083	usbdev_link_suspend_vseq @ stimuli/sv/subs/opentitan/hw/ip/usbdev/dv/env/seq_lib/usbdev_link_suspend_vseq.sv	ev_link_suspend_vseq; `uvm_object_utils(usbdev_link_resume_vseq) `uvm_objec
PRE-TICK	FACT-GATED-CROSS-FILE	opentitan	hw/ip/usbdev/dv/env/seq_lib/usbdev_link_suspend_vseq.sv	526	526	530	9	6904	usbdev_pkt_sent_vseq @ stimuli/sv/subs/opentitan/hw/ip/usbdev/dv/env/seq_lib/usbdev_pkt_sent_vseq.sv	usbdev_pkt_sent_vseq; `uvm_object_utils(usbdev_link_suspend_vseq) `uvm_obje
PRE-TICK	FACT-GATED-CROSS-FILE	opentitan	hw/ip/usbdev/dv/env/seq_lib/usbdev_low_speed_traffic_vseq.sv	242	242	246	5	3206	usbdev_max_usb_traffic_vseq @ stimuli/sv/subs/opentitan/hw/ip/usbdev/dv/env/seq_lib/usbdev_max_usb_traffic_vseq.sv	max_usb_traffic_vseq; `uvm_object_utils(usbdev_low_speed_traffic_vseq) `uvm
PRE-TICK	FACT-GATED-CROSS-FILE	opentitan	hw/ip/usbdev/dv/env/seq_lib/usbdev_max_length_out_transaction_vseq.sv	300	300	304	6	496	usbdev_random_length_out_transaction_vseq @ stimuli/sv/subs/opentitan/hw/ip/usbdev/dv/env/seq_lib/usbdev_random_length_out_transaction_vseq.sv	out_transaction_vseq; `uvm_object_utils(usbdev_max_length_out_transaction_vseq
PRE-TICK	FACT-GATED-CROSS-FILE	opentitan	hw/ip/usbdev/dv/env/seq_lib/usbdev_max_non_iso_usb_traffic_vseq.sv	445	445	449	8	721	usbdev_max_usb_traffic_vseq @ stimuli/sv/subs/opentitan/hw/ip/usbdev/dv/env/seq_lib/usbdev_max_usb_traffic_vseq.sv	max_usb_traffic_vseq; `uvm_object_utils(usbdev_max_non_iso_usb_traffic_vseq)
PRE-TICK	FACT-GATED-CROSS-FILE	opentitan	hw/ip/usbdev/dv/env/seq_lib/usbdev_max_usb_traffic_vseq.sv	810	810	814	14	21577	usbdev_base_vseq @ stimuli/sv/subs/opentitan/hw/ip/usbdev/dv/env/seq_lib/usbdev_base_vseq.sv	nds usbdev_base_vseq; `uvm_object_utils(usbdev_max_usb_traffic_vseq) `uvm_o
PRE-TICK	FACT-GATED-CROSS-FILE	opentitan	hw/ip/usbdev/dv/env/seq_lib/usbdev_min_length_out_transaction_vseq.sv	300	300	304	6	496	usbdev_random_length_out_transaction_vseq @ stimuli/sv/subs/opentitan/hw/ip/usbdev/dv/env/seq_lib/usbdev_random_length_out_transaction_vseq.sv	out_transaction_vseq; `uvm_object_utils(usbdev_min_length_out_transaction_vseq
PRE-TICK	FACT-GATED-CROSS-FILE	opentitan	hw/ip/usbdev/dv/env/seq_lib/usbdev_nak_trans_vseq.sv	253	253	257	6	1675	usbdev_base_vseq @ stimuli/sv/subs/opentitan/hw/ip/usbdev/dv/env/seq_lib/usbdev_base_vseq.sv	nds usbdev_base_vseq; `uvm_object_utils(usbdev_nak_trans_vseq) `uvm_object_
PRE-TICK	FACT-GATED-CROSS-FILE	opentitan	hw/ip/usbdev/dv/env/seq_lib/usbdev_out_iso_vseq.sv	254	254	258	7	1429	usbdev_base_vseq @ stimuli/sv/subs/opentitan/hw/ip/usbdev/dv/env/seq_lib/usbdev_base_vseq.sv	nds usbdev_base_vseq; `uvm_object_utils(usbdev_out_iso_vseq) `uvm_object_ne
PRE-TICK	FACT-GATED-CROSS-FILE	opentitan	hw/ip/usbdev/dv/env/seq_lib/usbdev_out_stall_vseq.sv	241	241	245	6	714	usbdev_base_vseq @ stimuli/sv/subs/opentitan/hw/ip/usbdev/dv/env/seq_lib/usbdev_base_vseq.sv	nds usbdev_base_vseq; `uvm_object_utils(usbdev_out_stall_vseq) `uvm_object_
PRE-TICK	FACT-GATED-CROSS-FILE	opentitan	hw/ip/usbdev/dv/env/seq_lib/usbdev_out_trans_nak_vseq.sv	249	249	253	6	899	usbdev_base_vseq @ stimuli/sv/subs/opentitan/hw/ip/usbdev/dv/env/seq_lib/usbdev_base_vseq.sv	nds usbdev_base_vseq; `uvm_object_utils(usbdev_out_trans_nak_vseq) `uvm_obj
PRE-TICK	FACT-GATED-CROSS-FILE	opentitan	hw/ip/usbdev/dv/env/seq_lib/usbdev_pending_in_trans_vseq.sv	230	230	234	5	1414	usbdev_base_vseq @ stimuli/sv/subs/opentitan/hw/ip/usbdev/dv/env/seq_lib/usbdev_base_vseq.sv	nds usbdev_base_vseq; `uvm_object_utils(usbdev_pending_in_trans_vseq) `uvm_
PRE-TICK	FACT-GATED-CROSS-FILE	opentitan	hw/ip/usbdev/dv/env/seq_lib/usbdev_phy_config_eop_single_bit_handling_vseq.sv	248	248	252	5	863	usbdev_base_vseq @ stimuli/sv/subs/opentitan/hw/ip/usbdev/dv/env/seq_lib/usbdev_base_vseq.sv	nds usbdev_base_vseq; `uvm_object_utils(usbdev_phy_config_eop_single_bit_handl
PRE-TICK	FACT-GATED-CROSS-FILE	opentitan	hw/ip/usbdev/dv/env/seq_lib/usbdev_phy_config_pinflip_vseq.sv	233	233	237	5	1233	usbdev_smoke_vseq @ stimuli/sv/subs/opentitan/hw/ip/usbdev/dv/env/seq_lib/usbdev_smoke_vseq.sv	ds usbdev_smoke_vseq; `uvm_object_utils(usbdev_phy_config_pinflip_vseq) `uv
PRE-TICK	FACT-GATED-CROSS-FILE	opentitan	hw/ip/usbdev/dv/env/seq_lib/usbdev_phy_config_rand_bus_type_vseq.sv	239	239	243	5	581	usbdev_smoke_vseq @ stimuli/sv/subs/opentitan/hw/ip/usbdev/dv/env/seq_lib/usbdev_smoke_vseq.sv	ds usbdev_smoke_vseq; `uvm_object_utils(usbdev_phy_config_rand_bus_type_vseq)
PRE-TICK	FACT-GATED-CROSS-FILE	opentitan	hw/ip/usbdev/dv/env/seq_lib/usbdev_phy_config_tx_osc_test_mode_vseq.sv	241	241	245	5	4574	usbdev_base_vseq @ stimuli/sv/subs/opentitan/hw/ip/usbdev/dv/env/seq_lib/usbdev_base_vseq.sv	nds usbdev_base_vseq; `uvm_object_utils(usbdev_phy_config_tx_osc_test_mode_vse
PRE-TICK	FACT-GATED-CROSS-FILE	opentitan	hw/ip/usbdev/dv/env/seq_lib/usbdev_phy_config_usb_ref_disable_vseq.sv	240	240	244	5	1227	usbdev_base_vseq @ stimuli/sv/subs/opentitan/hw/ip/usbdev/dv/env/seq_lib/usbdev_base_vseq.sv	nds usbdev_base_vseq; `uvm_object_utils(usbdev_phy_config_usb_ref_disable_vseq
PRE-TICK	FACT-GATED-CROSS-FILE	opentitan	hw/ip/usbdev/dv/env/seq_lib/usbdev_phy_pins_sense_vseq.sv	228	228	232	5	2742	usbdev_base_vseq @ stimuli/sv/subs/opentitan/hw/ip/usbdev/dv/env/seq_lib/usbdev_base_vseq.sv	nds usbdev_base_vseq; `uvm_object_utils(usbdev_phy_pins_sense_vseq) `uvm_ob
PRE-TICK	FACT-GATED-CROSS-FILE	opentitan	hw/ip/usbdev/dv/env/seq_lib/usbdev_pkt_buffer_vseq.sv	888	888	892	19	7000	usbdev_base_vseq @ stimuli/sv/subs/opentitan/hw/ip/usbdev/dv/env/seq_lib/usbdev_base_vseq.sv	nds usbdev_base_vseq; `uvm_object_utils(usbdev_pkt_buffer_vseq) `uvm_object
PRE-TICK	FACT-GATED-CROSS-FILE	opentitan	hw/ip/usbdev/dv/env/seq_lib/usbdev_pkt_received_vseq.sv	259	259	263	6	881	usbdev_base_vseq @ stimuli/sv/subs/opentitan/hw/ip/usbdev/dv/env/seq_lib/usbdev_base_vseq.sv	nds usbdev_base_vseq; `uvm_object_utils(usbdev_pkt_received_vseq) `uvm_obje
PRE-TICK	FACT-GATED-CROSS-FILE	opentitan	hw/ip/usbdev/dv/env/seq_lib/usbdev_pkt_sent_vseq.sv	251	251	255	6	1773	usbdev_base_vseq @ stimuli/sv/subs/opentitan/hw/ip/usbdev/dv/env/seq_lib/usbdev_base_vseq.sv	nds usbdev_base_vseq; `uvm_object_utils(usbdev_pkt_sent_vseq) `uvm_object_n
PRE-TICK	FACT-GATED-CROSS-FILE	opentitan	hw/ip/usbdev/dv/env/seq_lib/usbdev_random_length_out_transaction_vseq.sv	281	281	285	6	1162	usbdev_base_vseq @ stimuli/sv/subs/opentitan/hw/ip/usbdev/dv/env/seq_lib/usbdev_base_vseq.sv	nds usbdev_base_vseq; `uvm_object_utils(usbdev_random_length_out_transaction_v
PRE-TICK	FACT-GATED-CROSS-FILE	opentitan	hw/ip/usbdev/dv/env/seq_lib/usbdev_resume_link_active_vseq.sv	416	416	420	7	2067	usbdev_base_vseq @ stimuli/sv/subs/opentitan/hw/ip/usbdev/dv/env/seq_lib/usbdev_base_vseq.sv	nds usbdev_base_vseq; `uvm_object_utils(usbdev_resume_link_active_vseq) `uv
PRE-TICK	FACT-GATED-CROSS-FILE	opentitan	hw/ip/usbdev/dv/env/seq_lib/usbdev_rx_crc_err_vseq.sv	224	224	228	5	1608	usbdev_base_vseq @ stimuli/sv/subs/opentitan/hw/ip/usbdev/dv/env/seq_lib/usbdev_base_vseq.sv	nds usbdev_base_vseq; `uvm_object_utils(usbdev_rx_crc_err_vseq) `uvm_object
PRE-TICK	FACT-GATED-CROSS-FILE	opentitan	hw/ip/usbdev/dv/env/seq_lib/usbdev_rx_full_vseq.sv	221	221	225	5	3284	usbdev_base_vseq @ stimuli/sv/subs/opentitan/hw/ip/usbdev/dv/env/seq_lib/usbdev_base_vseq.sv	nds usbdev_base_vseq; `uvm_object_utils(usbdev_rx_full_vseq) `uvm_object_ne
PRE-TICK	FACT-GATED-CROSS-FILE	opentitan	hw/ip/usbdev/dv/env/seq_lib/usbdev_rx_pid_err_vseq.sv	224	224	228	5	1711	usbdev_base_vseq @ stimuli/sv/subs/opentitan/hw/ip/usbdev/dv/env/seq_lib/usbdev_base_vseq.sv	nds usbdev_base_vseq; `uvm_object_utils(usbdev_rx_pid_err_vseq) `uvm_object
PRE-TICK	FACT-GATED-CROSS-FILE	opentitan	hw/ip/usbdev/dv/env/seq_lib/usbdev_rxenable_out_vseq.sv	582	582	586	11	3124	usbdev_base_vseq @ stimuli/sv/subs/opentitan/hw/ip/usbdev/dv/env/seq_lib/usbdev_base_vseq.sv	nds usbdev_base_vseq; `uvm_object_utils(usbdev_rxenable_out_vseq) `uvm_obje
PRE-TICK	FACT-GATED-CROSS-FILE	opentitan	hw/ip/usbdev/dv/env/seq_lib/usbdev_setup_priority_over_stall_response_vseq.sv	248	248	252	5	4042	usbdev_base_vseq @ stimuli/sv/subs/opentitan/hw/ip/usbdev/dv/env/seq_lib/usbdev_base_vseq.sv	nds usbdev_base_vseq; `uvm_object_utils(usbdev_setup_priority_over_stall_respo
PRE-TICK	FACT-GATED-CROSS-FILE	opentitan	hw/ip/usbdev/dv/env/seq_lib/usbdev_setup_priority_vseq.sv	228	228	232	5	3617	usbdev_base_vseq @ stimuli/sv/subs/opentitan/hw/ip/usbdev/dv/env/seq_lib/usbdev_base_vseq.sv	nds usbdev_base_vseq; `uvm_object_utils(usbdev_setup_priority_vseq) `uvm_ob
PRE-TICK	FACT-GATED-CROSS-FILE	opentitan	hw/ip/usbdev/dv/env/seq_lib/usbdev_setup_stage_vseq.sv	225	225	229	5	1477	usbdev_base_vseq @ stimuli/sv/subs/opentitan/hw/ip/usbdev/dv/env/seq_lib/usbdev_base_vseq.sv	nds usbdev_base_vseq; `uvm_object_utils(usbdev_setup_stage_vseq) `uvm_objec
PRE-TICK	FACT-GATED-CROSS-FILE	opentitan	hw/ip/usbdev/dv/env/seq_lib/usbdev_setup_trans_ignored_vseq.sv	233	233	237	5	1252	usbdev_base_vseq @ stimuli/sv/subs/opentitan/hw/ip/usbdev/dv/env/seq_lib/usbdev_base_vseq.sv	nds usbdev_base_vseq; `uvm_object_utils(usbdev_setup_trans_ignored_vseq) `u
PRE-TICK	FACT-GATED-CROSS-FILE	opentitan	hw/ip/usbdev/dv/env/seq_lib/usbdev_smoke_vseq.sv	238	238	242	6	4194	usbdev_base_vseq @ stimuli/sv/subs/opentitan/hw/ip/usbdev/dv/env/seq_lib/usbdev_base_vseq.sv	nds usbdev_base_vseq; `uvm_object_utils(usbdev_smoke_vseq) `uvm_object_new
PRE-TICK	FACT-GATED-CROSS-FILE	opentitan	hw/ip/usbdev/dv/env/seq_lib/usbdev_spray_packets_vseq.sv	973	973	977	20	17442	usbdev_base_vseq @ stimuli/sv/subs/opentitan/hw/ip/usbdev/dv/env/seq_lib/usbdev_base_vseq.sv	nds usbdev_base_vseq; `uvm_object_utils(usbdev_spray_packets_vseq) `uvm_obj
PRE-TICK	FACT-GATED-CROSS-FILE	opentitan	hw/ip/usbdev/dv/env/seq_lib/usbdev_stall_priority_over_nak_vseq.sv	269	269	273	6	933	usbdev_base_vseq @ stimuli/sv/subs/opentitan/hw/ip/usbdev/dv/env/seq_lib/usbdev_base_vseq.sv	nds usbdev_base_vseq; `uvm_object_utils(usbdev_stall_priority_over_nak_vseq)
PRE-TICK	FACT-GATED-CROSS-FILE	opentitan	hw/ip/usbdev/dv/env/seq_lib/usbdev_stall_trans_vseq.sv	225	225	229	5	739	usbdev_base_vseq @ stimuli/sv/subs/opentitan/hw/ip/usbdev/dv/env/seq_lib/usbdev_base_vseq.sv	nds usbdev_base_vseq; `uvm_object_utils(usbdev_stall_trans_vseq) `uvm_objec
PRE-TICK	FACT-GATED-CROSS-FILE	opentitan	hw/ip/usbdev/dv/env/seq_lib/usbdev_stream_len_max_vseq.sv	636	636	640	11	2433	usbdev_base_vseq @ stimuli/sv/subs/opentitan/hw/ip/usbdev/dv/env/seq_lib/usbdev_base_vseq.sv	nds usbdev_base_vseq; `uvm_object_utils(usbdev_stream_len_max_vseq) `uvm_ob
PRE-TICK	FACT-GATED-CROSS-FILE	opentitan	hw/ip/usbdev/dv/env/seq_lib/usbdev_streaming_vseq.sv	242	242	246	5	514	usbdev_max_non_iso_usb_traffic_vseq @ stimuli/sv/subs/opentitan/hw/ip/usbdev/dv/env/seq_lib/usbdev_max_non_iso_usb_traffic_vseq.sv	iso_usb_traffic_vseq; `uvm_object_utils(usbdev_streaming_vseq) `uvm_object_
PRE-TICK	FACT-GATED-CROSS-FILE	opentitan	hw/ip/usbdev/dv/env/seq_lib/usbdev_tx_rx_disruption_vseq.sv	231	231	235	5	6370	usbdev_smoke_vseq @ stimuli/sv/subs/opentitan/hw/ip/usbdev/dv/env/seq_lib/usbdev_smoke_vseq.sv	ds usbdev_smoke_vseq; `uvm_object_utils(usbdev_tx_rx_disruption_vseq) `uvm_
PRE-TICK	FACT-GATED-CROSS-FILE	opentitan	hw/ip/usbdev/dv/env/usbdev_env.sv	208	209	389	5	2387	cip_base_env @ stimuli/sv/subs/opentitan/hw/dv/sv/cip_lib/cip_base_env.sv	xtends cip_base_env #( .CFG_T (usbdev_env_cfg), .COV_T
PRE-TICK	FACT-GATED-CROSS-FILE	opentitan	hw/ip/usbdev/dv/env/usbdev_env_cfg.sv	216	217	2952	5	4173	cip_base_env_cfg @ stimuli/sv/subs/opentitan/hw/dv/sv/cip_lib/cip_base_env_cfg.sv	ds cip_base_env_cfg #(.RAL_T(usbdev_reg_block)); // Clock/reset for usbdev_ao
PRE-TICK	FACT-GATED-CROSS-FILE	opentitan	hw/ip/usbdev/dv/env/usbdev_env_cov.sv	216	217	246	5	9006	cip_base_env_cov @ stimuli/sv/subs/opentitan/hw/dv/sv/cip_lib/cip_base_env_cov.sv	ds cip_base_env_cov #(.CFG_T(usbdev_env_cfg)); `uvm_component_utils(usbdev_env
PRE-TICK	FACT-GATED-CROSS-FILE	opentitan	hw/ip/usbdev/dv/env/usbdev_scoreboard.sv	222	223	310	5	49295	cip_base_scoreboard @ stimuli/sv/subs/opentitan/hw/dv/sv/cip_lib/cip_base_scoreboard.sv	cip_base_scoreboard #( .CFG_T(usbdev_env_cfg), .RAL_T(usbdev_reg_block), .
PRE-TICK	FACT-GATED-CROSS-FILE	opentitan	hw/ip/usbdev/dv/env/usbdev_virtual_sequencer.sv	236	237	296	5	413	cip_base_virtual_sequencer @ stimuli/sv/subs/opentitan/hw/dv/sv/cip_lib/cip_base_virtual_sequencer.sv	e_virtual_sequencer #( .CFG_T(usbdev_env_cfg), .COV_T(usbdev_env_cov) ); `
PRE-TICK	FACT-GATED-CROSS-FILE	opentitan	hw/ip/usbdev/dv/tests/usbdev_base_test.sv	215	216	272	5	623	cip_base_test @ stimuli/sv/subs/opentitan/hw/dv/sv/cip_lib/cip_base_test.sv	tends cip_base_test #( .ENV_T(usbdev_env), .CFG_T(usbdev_env_cfg) ); `uvm
PRE-TICK	FACT-GATED-CROSS-FILE	opentitan	hw/ip_templates/clkmgr/dv/env/clkmgr_virtual_sequencer.sv	236	237	296	5	376	cip_base_virtual_sequencer @ stimuli/sv/subs/opentitan/hw/dv/sv/cip_lib/cip_base_virtual_sequencer.sv	e_virtual_sequencer #( .CFG_T(clkmgr_env_cfg), .COV_T(clkmgr_env_cov) ); `
PRE-TICK	FACT-GATED-CROSS-FILE	opentitan	hw/ip_templates/clkmgr/dv/env/seq_lib/clkmgr_clk_status_vseq.sv	405	405	409	9	1159	clkmgr_base_vseq @ stimuli/sv/subs/opentitan/hw/top_darjeeling/ip_autogen/clkmgr/dv/env/seq_lib/clkmgr_base_vseq.sv	nds clkmgr_base_vseq; `uvm_object_utils(clkmgr_clk_status_vseq) `uvm_object
PRE-TICK	FACT-GATED-CROSS-FILE	opentitan	hw/ip_templates/clkmgr/dv/env/seq_lib/clkmgr_common_vseq.sv	220	220	224	5	2442	clkmgr_base_vseq @ stimuli/sv/subs/opentitan/hw/top_darjeeling/ip_autogen/clkmgr/dv/env/seq_lib/clkmgr_base_vseq.sv	nds clkmgr_base_vseq; `uvm_object_utils(clkmgr_common_vseq) constraint num_
PRE-TICK	FACT-GATED-CROSS-FILE	opentitan	hw/ip_templates/clkmgr/dv/sva/clkmgr_extclk_sva_if.sv	580	581	1177	14	2906	mubi4_t @ stimuli/sv/subs/opentitan/hw/ip/prim/rtl/prim_mubi_pkg.sv	ni, input mubi4_t extclk_ctrl_sel, input mubi4_t extclk_ctrl_hi_speed_sel,
PRE-TICK	FACT-GATED-CROSS-FILE	opentitan	hw/ip_templates/clkmgr/dv/tests/clkmgr_base_test.sv	215	216	272	5	623	cip_base_test @ stimuli/sv/subs/opentitan/hw/dv/sv/cip_lib/cip_base_test.sv	tends cip_base_test #( .CFG_T(clkmgr_env_cfg), .ENV_T(clkmgr_env) ); `uvm
PRE-TICK	FACT-GATED-CROSS-FILE	opentitan	hw/ip_templates/flash_ctrl/dv/env/flash_ctrl_bkdr_util.sv	287	287	1549	7	5772	mem_bkdr_util @ stimuli/sv/subs/opentitan/hw/dv/sv/mem_bkdr_util/mem_bkdr_util.sv	xtends mem_bkdr_util; localparam int unsigned FlashDataWidth = flash_phy_pkg:
PRE-TICK	FACT-GATED-CROSS-FILE	opentitan	hw/ip_templates/flash_ctrl/dv/env/flash_ctrl_env.sv	228	228	521	6	4176	flash_ctrl_env_cfg @ stimuli/sv/subs/opentitan/hw/ip_templates/flash_ctrl/dv/env/flash_ctrl_env_cfg.sv	= flash_ctrl_env_cfg, type SCOREBOARD_T = flash_ctrl_scoreboard, type VIRTUA
PRE-TICK	FACT-GATED-CROSS-FILE	opentitan	hw/ip_templates/flash_ctrl/dv/env/flash_ctrl_env_cfg.sv	298	299	6886	7	50493	cip_base_env_cfg @ stimuli/sv/subs/opentitan/hw/dv/sv/cip_lib/cip_base_env_cfg.sv	ds cip_base_env_cfg #( .RAL_T(flash_ctrl_core_reg_block) ); // Type for an
PRE-TICK	FACT-GATED-CROSS-FILE	opentitan	hw/ip_templates/flash_ctrl/dv/env/flash_ctrl_scoreboard.sv	266	267	388	8	37745	flash_ctrl_env_cfg @ stimuli/sv/subs/opentitan/hw/ip_templates/flash_ctrl/dv/env/flash_ctrl_env_cfg.sv	flash_ctrl_env_cfg ) extends cip_base_scoreboard #( .CFG_T(CFG_T), .RAL_T(f
PRE-TICK	FACT-GATED-CROSS-FILE	opentitan	hw/ip_templates/flash_ctrl/dv/env/flash_ctrl_virtual_sequencer.sv	240	241	308	5	808	cip_base_virtual_sequencer @ stimuli/sv/subs/opentitan/hw/dv/sv/cip_lib/cip_base_virtual_sequencer.sv	e_virtual_sequencer #( .CFG_T(flash_ctrl_env_cfg), .COV_T(flash_ctrl_env_cov
PRE-TICK	FACT-GATED-CROSS-FILE	opentitan	hw/ip_templates/flash_ctrl/dv/env/seq_lib/flash_ctrl_access_after_disable_vseq.sv	529	529	533	9	2667	flash_ctrl_otf_base_vseq @ stimuli/sv/subs/opentitan/hw/ip_templates/flash_ctrl/dv/env/seq_lib/flash_ctrl_otf_base_vseq.sv	h_ctrl_otf_base_vseq; `uvm_object_utils(flash_ctrl_access_after_disable_vseq)
PRE-TICK	FACT-GATED-CROSS-FILE	opentitan	hw/ip_templates/flash_ctrl/dv/env/seq_lib/flash_ctrl_base_vseq.sv	259	260	461	6	72496	cip_base_vseq @ stimuli/sv/subs/opentitan/hw/dv/sv/cip_lib/seq_lib/cip_base_vseq.sv	tends cip_base_vseq #( .RAL_T (flash_ctrl_core_reg_block), .CFG
PRE-TICK	FACT-GATED-CROSS-FILE	opentitan	hw/ip_templates/flash_ctrl/dv/env/seq_lib/flash_ctrl_basic_rw_vseq.sv	517	517	521	14	5682	flash_ctrl_base_vseq @ stimuli/sv/subs/opentitan/hw/ip_templates/flash_ctrl/dv/env/seq_lib/flash_ctrl_base_vseq.sv	flash_ctrl_base_vseq; `uvm_object_utils(flash_ctrl_basic_rw_vseq) `uvm_obje
PRE-TICK	FACT-GATED-CROSS-FILE	opentitan	hw/ip_templates/flash_ctrl/dv/env/seq_lib/flash_ctrl_callback_vseq.sv	284	284	288	6	624	flash_ctrl_base_vseq @ stimuli/sv/subs/opentitan/hw/ip_templates/flash_ctrl/dv/env/seq_lib/flash_ctrl_base_vseq.sv	flash_ctrl_base_vseq; `uvm_object_utils(flash_ctrl_callback_vseq) `uvm_objec
PRE-TICK	FACT-GATED-CROSS-FILE	opentitan	hw/ip_templates/flash_ctrl/dv/env/seq_lib/flash_ctrl_common_vseq.sv	232	232	236	5	11164	flash_ctrl_otf_base_vseq @ stimuli/sv/subs/opentitan/hw/ip_templates/flash_ctrl/dv/env/seq_lib/flash_ctrl_otf_base_vseq.sv	h_ctrl_otf_base_vseq; `uvm_object_utils(flash_ctrl_common_vseq) `uvm_object
PRE-TICK	FACT-GATED-CROSS-FILE	opentitan	hw/ip_templates/flash_ctrl/dv/env/seq_lib/flash_ctrl_config_regwen_vseq.sv	657	657	661	12	3350	flash_ctrl_otf_base_vseq @ stimuli/sv/subs/opentitan/hw/ip_templates/flash_ctrl/dv/env/seq_lib/flash_ctrl_otf_base_vseq.sv	h_ctrl_otf_base_vseq; `uvm_object_utils(flash_ctrl_config_regwen_vseq) `uvm_
PRE-TICK	FACT-GATED-CROSS-FILE	opentitan	hw/ip_templates/flash_ctrl/dv/env/seq_lib/flash_ctrl_connect_vseq.sv	262	262	266	6	3665	flash_ctrl_base_vseq @ stimuli/sv/subs/opentitan/hw/ip_templates/flash_ctrl/dv/env/seq_lib/flash_ctrl_base_vseq.sv	flash_ctrl_base_vseq; `uvm_object_utils(flash_ctrl_connect_vseq) `uvm_object
PRE-TICK	FACT-GATED-CROSS-FILE	opentitan	hw/ip_templates/flash_ctrl/dv/env/seq_lib/flash_ctrl_derr_detect_vseq.sv	282	282	286	6	2253	flash_ctrl_otf_base_vseq @ stimuli/sv/subs/opentitan/hw/ip_templates/flash_ctrl/dv/env/seq_lib/flash_ctrl_otf_base_vseq.sv	h_ctrl_otf_base_vseq; `uvm_object_utils(flash_ctrl_derr_detect_vseq) `uvm_ob
PRE-TICK	FACT-GATED-CROSS-FILE	opentitan	hw/ip_templates/flash_ctrl/dv/env/seq_lib/flash_ctrl_disable_vseq.sv	352	352	356	8	1862	flash_ctrl_otf_base_vseq @ stimuli/sv/subs/opentitan/hw/ip_templates/flash_ctrl/dv/env/seq_lib/flash_ctrl_otf_base_vseq.sv	h_ctrl_otf_base_vseq; `uvm_object_utils(flash_ctrl_disable_vseq) `uvm_object
PRE-TICK	FACT-GATED-CROSS-FILE	opentitan	hw/ip_templates/flash_ctrl/dv/env/seq_lib/flash_ctrl_erase_suspend_vseq.sv	376	376	380	8	11517	flash_ctrl_base_vseq @ stimuli/sv/subs/opentitan/hw/ip_templates/flash_ctrl/dv/env/seq_lib/flash_ctrl_base_vseq.sv	flash_ctrl_base_vseq; `uvm_object_utils(flash_ctrl_erase_suspend_vseq) `uvm
PRE-TICK	FACT-GATED-CROSS-FILE	opentitan	hw/ip_templates/flash_ctrl/dv/env/seq_lib/flash_ctrl_err_base_vseq.sv	261	261	265	6	1631	flash_ctrl_rw_vseq @ stimuli/sv/subs/opentitan/hw/ip_templates/flash_ctrl/dv/env/seq_lib/flash_ctrl_rw_vseq.sv	s flash_ctrl_rw_vseq; `uvm_object_utils(flash_ctrl_err_base_vseq) `uvm_objec
PRE-TICK	FACT-GATED-CROSS-FILE	opentitan	hw/ip_templates/flash_ctrl/dv/env/seq_lib/flash_ctrl_error_mp_vseq.sv	799	799	803	21	19182	flash_ctrl_base_vseq @ stimuli/sv/subs/opentitan/hw/ip_templates/flash_ctrl/dv/env/seq_lib/flash_ctrl_base_vseq.sv	flash_ctrl_base_vseq; `uvm_object_utils(flash_ctrl_error_mp_vseq) `uvm_obje
PRE-TICK	FACT-GATED-CROSS-FILE	opentitan	hw/ip_templates/flash_ctrl/dv/env/seq_lib/flash_ctrl_error_prog_type_vseq.sv	666	666	670	21	9719	flash_ctrl_base_vseq @ stimuli/sv/subs/opentitan/hw/ip_templates/flash_ctrl/dv/env/seq_lib/flash_ctrl_base_vseq.sv	flash_ctrl_base_vseq; `uvm_object_utils(flash_ctrl_error_prog_type_vseq) `u
PRE-TICK	FACT-GATED-CROSS-FILE	opentitan	hw/ip_templates/flash_ctrl/dv/env/seq_lib/flash_ctrl_error_prog_win_vseq.sv	660	660	664	19	5597	flash_ctrl_fetch_code_vseq @ stimuli/sv/subs/opentitan/hw/ip_templates/flash_ctrl/dv/env/seq_lib/flash_ctrl_fetch_code_vseq.sv	ctrl_fetch_code_vseq; `uvm_object_utils(flash_ctrl_error_prog_win_vseq) `uv
PRE-TICK	FACT-GATED-CROSS-FILE	opentitan	hw/ip_templates/flash_ctrl/dv/env/seq_lib/flash_ctrl_fetch_code_vseq.sv	1122	1122	1126	24	12732	flash_ctrl_base_vseq @ stimuli/sv/subs/opentitan/hw/ip_templates/flash_ctrl/dv/env/seq_lib/flash_ctrl_base_vseq.sv	flash_ctrl_base_vseq; `uvm_object_utils(flash_ctrl_fetch_code_vseq) `uvm_ob
PRE-TICK	FACT-GATED-CROSS-FILE	opentitan	hw/ip_templates/flash_ctrl/dv/env/seq_lib/flash_ctrl_filesystem_support_vseq.sv	356	356	360	7	11341	flash_ctrl_otf_base_vseq @ stimuli/sv/subs/opentitan/hw/ip_templates/flash_ctrl/dv/env/seq_lib/flash_ctrl_otf_base_vseq.sv	h_ctrl_otf_base_vseq; `uvm_object_utils(flash_ctrl_filesystem_support_vseq)
PRE-TICK	FACT-GATED-CROSS-FILE	opentitan	hw/ip_templates/flash_ctrl/dv/env/seq_lib/flash_ctrl_full_mem_access_vseq.sv	367	367	371	7	7855	flash_ctrl_base_vseq @ stimuli/sv/subs/opentitan/hw/ip_templates/flash_ctrl/dv/env/seq_lib/flash_ctrl_base_vseq.sv	flash_ctrl_base_vseq; `uvm_object_utils(flash_ctrl_full_mem_access_vseq) `u
PRE-TICK	FACT-GATED-CROSS-FILE	opentitan	hw/ip_templates/flash_ctrl/dv/env/seq_lib/flash_ctrl_host_addr_infection_vseq.sv	491	491	495	8	3275	flash_ctrl_legacy_base_vseq @ stimuli/sv/subs/opentitan/hw/ip_templates/flash_ctrl/dv/env/seq_lib/flash_ctrl_legacy_base_vseq.sv	trl_legacy_base_vseq; `uvm_object_utils(flash_ctrl_host_addr_infection_vseq)
PRE-TICK	FACT-GATED-CROSS-FILE	opentitan	hw/ip_templates/flash_ctrl/dv/env/seq_lib/flash_ctrl_host_ctrl_arb_vseq.sv	923	923	927	25	9001	flash_ctrl_fetch_code_vseq @ stimuli/sv/subs/opentitan/hw/ip_templates/flash_ctrl/dv/env/seq_lib/flash_ctrl_fetch_code_vseq.sv	ctrl_fetch_code_vseq; `uvm_object_utils(flash_ctrl_host_ctrl_arb_vseq) `uvm
PRE-TICK	FACT-GATED-CROSS-FILE	opentitan	hw/ip_templates/flash_ctrl/dv/env/seq_lib/flash_ctrl_host_dir_rd_vseq.sv	372	372	376	7	7809	flash_ctrl_fetch_code_vseq @ stimuli/sv/subs/opentitan/hw/ip_templates/flash_ctrl/dv/env/seq_lib/flash_ctrl_fetch_code_vseq.sv	ctrl_fetch_code_vseq; `uvm_object_utils(flash_ctrl_host_dir_rd_vseq) `uvm_o
PRE-TICK	FACT-GATED-CROSS-FILE	opentitan	hw/ip_templates/flash_ctrl/dv/env/seq_lib/flash_ctrl_hw_prog_rma_wipe_err_vseq.sv	425	425	429	8	3232	flash_ctrl_err_base_vseq @ stimuli/sv/subs/opentitan/hw/ip_templates/flash_ctrl/dv/env/seq_lib/flash_ctrl_err_base_vseq.sv	h_ctrl_err_base_vseq; `uvm_object_utils(flash_ctrl_hw_prog_rma_wipe_err_vseq)
PRE-TICK	FACT-GATED-CROSS-FILE	opentitan	hw/ip_templates/flash_ctrl/dv/env/seq_lib/flash_ctrl_hw_read_seed_err_vseq.sv	416	416	420	8	2447	flash_ctrl_err_base_vseq @ stimuli/sv/subs/opentitan/hw/ip_templates/flash_ctrl/dv/env/seq_lib/flash_ctrl_err_base_vseq.sv	h_ctrl_err_base_vseq; `uvm_object_utils(flash_ctrl_hw_read_seed_err_vseq) `u
PRE-TICK	FACT-GATED-CROSS-FILE	opentitan	hw/ip_templates/flash_ctrl/dv/env/seq_lib/flash_ctrl_hw_rma_err_vseq.sv	261	261	265	7	4800	flash_ctrl_hw_rma_vseq @ stimuli/sv/subs/opentitan/hw/ip_templates/flash_ctrl/dv/env/seq_lib/flash_ctrl_hw_rma_vseq.sv	ash_ctrl_hw_rma_vseq; `uvm_object_utils(flash_ctrl_hw_rma_err_vseq) `uvm_ob
PRE-TICK	FACT-GATED-CROSS-FILE	opentitan	hw/ip_templates/flash_ctrl/dv/env/seq_lib/flash_ctrl_hw_rma_reset_vseq.sv	280	280	866	6	5126	flash_ctrl_hw_rma_vseq @ stimuli/sv/subs/opentitan/hw/ip_templates/flash_ctrl/dv/env/seq_lib/flash_ctrl_hw_rma_vseq.sv	ash_ctrl_hw_rma_vseq; // Observed wait time for each state: // DVStRmaPageSel
PRE-TICK	FACT-GATED-CROSS-FILE	opentitan	hw/ip_templates/flash_ctrl/dv/env/seq_lib/flash_ctrl_hw_rma_vseq.sv	780	780	784	24	12119	flash_ctrl_base_vseq @ stimuli/sv/subs/opentitan/hw/ip_templates/flash_ctrl/dv/env/seq_lib/flash_ctrl_base_vseq.sv	flash_ctrl_base_vseq; `uvm_object_utils(flash_ctrl_hw_rma_vseq) `uvm_object
PRE-TICK	FACT-GATED-CROSS-FILE	opentitan	hw/ip_templates/flash_ctrl/dv/env/seq_lib/flash_ctrl_hw_sec_otp_vseq.sv	1083	1083	1087	25	12505	flash_ctrl_base_vseq @ stimuli/sv/subs/opentitan/hw/ip_templates/flash_ctrl/dv/env/seq_lib/flash_ctrl_base_vseq.sv	flash_ctrl_base_vseq; `uvm_object_utils(flash_ctrl_hw_sec_otp_vseq) `uvm_ob
PRE-TICK	FACT-GATED-CROSS-FILE	opentitan	hw/ip_templates/flash_ctrl/dv/env/seq_lib/flash_ctrl_info_part_access_vseq.sv	606	606	610	14	7881	flash_ctrl_hw_sec_otp_vseq @ stimuli/sv/subs/opentitan/hw/ip_templates/flash_ctrl/dv/env/seq_lib/flash_ctrl_hw_sec_otp_vseq.sv	ctrl_hw_sec_otp_vseq; `uvm_object_utils(flash_ctrl_info_part_access_vseq) `u
PRE-TICK	FACT-GATED-CROSS-FILE	opentitan	hw/ip_templates/flash_ctrl/dv/env/seq_lib/flash_ctrl_integrity_vseq.sv	477	477	481	9	1948	flash_ctrl_otf_base_vseq @ stimuli/sv/subs/opentitan/hw/ip_templates/flash_ctrl/dv/env/seq_lib/flash_ctrl_otf_base_vseq.sv	h_ctrl_otf_base_vseq; `uvm_object_utils(flash_ctrl_integrity_vseq) `uvm_obje
PRE-TICK	FACT-GATED-CROSS-FILE	opentitan	hw/ip_templates/flash_ctrl/dv/env/seq_lib/flash_ctrl_intr_rd_vseq.sv	312	312	316	7	1326	flash_ctrl_legacy_base_vseq @ stimuli/sv/subs/opentitan/hw/ip_templates/flash_ctrl/dv/env/seq_lib/flash_ctrl_legacy_base_vseq.sv	trl_legacy_base_vseq; `uvm_object_utils(flash_ctrl_intr_rd_vseq) `uvm_object
PRE-TICK	FACT-GATED-CROSS-FILE	opentitan	hw/ip_templates/flash_ctrl/dv/env/seq_lib/flash_ctrl_intr_wr_vseq.sv	260	260	264	6	884	flash_ctrl_otf_base_vseq @ stimuli/sv/subs/opentitan/hw/ip_templates/flash_ctrl/dv/env/seq_lib/flash_ctrl_otf_base_vseq.sv	h_ctrl_otf_base_vseq; `uvm_object_utils(flash_ctrl_intr_wr_vseq) `uvm_object
PRE-TICK	FACT-GATED-CROSS-FILE	opentitan	hw/ip_templates/flash_ctrl/dv/env/seq_lib/flash_ctrl_invalid_op_vseq.sv	378	378	382	8	8982	flash_ctrl_base_vseq @ stimuli/sv/subs/opentitan/hw/ip_templates/flash_ctrl/dv/env/seq_lib/flash_ctrl_base_vseq.sv	flash_ctrl_base_vseq; `uvm_object_utils(flash_ctrl_invalid_op_vseq) `uvm_ob
PRE-TICK	FACT-GATED-CROSS-FILE	opentitan	hw/ip_templates/flash_ctrl/dv/env/seq_lib/flash_ctrl_lcmgr_intg_vseq.sv	303	303	307	6	1716	flash_ctrl_err_base_vseq @ stimuli/sv/subs/opentitan/hw/ip_templates/flash_ctrl/dv/env/seq_lib/flash_ctrl_err_base_vseq.sv	h_ctrl_err_base_vseq; `uvm_object_utils(flash_ctrl_lcmgr_intg_vseq) `uvm_obj
PRE-TICK	FACT-GATED-CROSS-FILE	opentitan	hw/ip_templates/flash_ctrl/dv/env/seq_lib/flash_ctrl_legacy_base_vseq.sv	237	237	242	5	2763	flash_ctrl_otf_base_vseq @ stimuli/sv/subs/opentitan/hw/ip_templates/flash_ctrl/dv/env/seq_lib/flash_ctrl_otf_base_vseq.sv	h_ctrl_otf_base_vseq; `uvm_object_utils(flash_ctrl_legacy_base_vseq) `uvm_o
PRE-TICK	FACT-GATED-CROSS-FILE	opentitan	hw/ip_templates/flash_ctrl/dv/env/seq_lib/flash_ctrl_mid_op_rst_vseq.sv	374	374	378	7	10723	flash_ctrl_base_vseq @ stimuli/sv/subs/opentitan/hw/ip_templates/flash_ctrl/dv/env/seq_lib/flash_ctrl_base_vseq.sv	flash_ctrl_base_vseq; `uvm_object_utils(flash_ctrl_mid_op_rst_vseq) `uvm_ob
PRE-TICK	FACT-GATED-CROSS-FILE	opentitan	hw/ip_templates/flash_ctrl/dv/env/seq_lib/flash_ctrl_mp_regions_vseq.sv	438	438	442	8	16086	flash_ctrl_base_vseq @ stimuli/sv/subs/opentitan/hw/ip_templates/flash_ctrl/dv/env/seq_lib/flash_ctrl_base_vseq.sv	flash_ctrl_base_vseq; `uvm_object_utils(flash_ctrl_mp_regions_vseq) `uvm_ob
PRE-TICK	FACT-GATED-CROSS-FILE	opentitan	hw/ip_templates/flash_ctrl/dv/env/seq_lib/flash_ctrl_otf_base_vseq.sv	433	433	437	8	64679	flash_ctrl_base_vseq @ stimuli/sv/subs/opentitan/hw/ip_templates/flash_ctrl/dv/env/seq_lib/flash_ctrl_base_vseq.sv	flash_ctrl_base_vseq; `uvm_object_utils(flash_ctrl_otf_base_vseq) `uvm_objec
PRE-TICK	FACT-GATED-CROSS-FILE	opentitan	hw/ip_templates/flash_ctrl/dv/env/seq_lib/flash_ctrl_otp_reset_vseq.sv	295	295	299	6	7388	flash_ctrl_base_vseq @ stimuli/sv/subs/opentitan/hw/ip_templates/flash_ctrl/dv/env/seq_lib/flash_ctrl_base_vseq.sv	flash_ctrl_base_vseq; `uvm_object_utils(flash_ctrl_otp_reset_vseq) `uvm_obje
PRE-TICK	FACT-GATED-CROSS-FILE	opentitan	hw/ip_templates/flash_ctrl/dv/env/seq_lib/flash_ctrl_oversize_error_vseq.sv	516	516	520	12	3028	flash_ctrl_otf_base_vseq @ stimuli/sv/subs/opentitan/hw/ip_templates/flash_ctrl/dv/env/seq_lib/flash_ctrl_otf_base_vseq.sv	h_ctrl_otf_base_vseq; `uvm_object_utils(flash_ctrl_oversize_error_vseq) `uvm
PRE-TICK	FACT-GATED-CROSS-FILE	opentitan	hw/ip_templates/flash_ctrl/dv/env/seq_lib/flash_ctrl_phy_ack_consistency_vseq.sv	342	342	346	7	2768	flash_ctrl_phy_host_grant_err_vseq @ stimuli/sv/subs/opentitan/hw/ip_templates/flash_ctrl/dv/env/seq_lib/flash_ctrl_phy_host_grant_err_vseq.sv	_host_grant_err_vseq; `uvm_object_utils(flash_ctrl_phy_ack_consistency_vseq)
PRE-TICK	FACT-GATED-CROSS-FILE	opentitan	hw/ip_templates/flash_ctrl/dv/env/seq_lib/flash_ctrl_phy_arb_redun_vseq.sv	708	708	712	13	6300	flash_ctrl_err_base_vseq @ stimuli/sv/subs/opentitan/hw/ip_templates/flash_ctrl/dv/env/seq_lib/flash_ctrl_err_base_vseq.sv	h_ctrl_err_base_vseq; `uvm_object_utils(flash_ctrl_phy_arb_redun_vseq) `uvm_
PRE-TICK	FACT-GATED-CROSS-FILE	opentitan	hw/ip_templates/flash_ctrl/dv/env/seq_lib/flash_ctrl_phy_arb_vseq.sv	492	492	496	9	12150	flash_ctrl_fetch_code_vseq @ stimuli/sv/subs/opentitan/hw/ip_templates/flash_ctrl/dv/env/seq_lib/flash_ctrl_fetch_code_vseq.sv	ctrl_fetch_code_vseq; `uvm_object_utils(flash_ctrl_phy_arb_vseq) `uvm_objec
PRE-TICK	FACT-GATED-CROSS-FILE	opentitan	hw/ip_templates/flash_ctrl/dv/env/seq_lib/flash_ctrl_phy_host_grant_err_vseq.sv	326	326	330	7	3275	flash_ctrl_err_base_vseq @ stimuli/sv/subs/opentitan/hw/ip_templates/flash_ctrl/dv/env/seq_lib/flash_ctrl_err_base_vseq.sv	h_ctrl_err_base_vseq; `uvm_object_utils(flash_ctrl_phy_host_grant_err_vseq)
PRE-TICK	FACT-GATED-CROSS-FILE	opentitan	hw/ip_templates/flash_ctrl/dv/env/seq_lib/flash_ctrl_prog_reset_vseq.sv	236	236	240	5	4154	flash_ctrl_otf_base_vseq @ stimuli/sv/subs/opentitan/hw/ip_templates/flash_ctrl/dv/env/seq_lib/flash_ctrl_otf_base_vseq.sv	h_ctrl_otf_base_vseq; `uvm_object_utils(flash_ctrl_prog_reset_vseq) `uvm_obj
PRE-TICK	FACT-GATED-CROSS-FILE	opentitan	hw/ip_templates/flash_ctrl/dv/env/seq_lib/flash_ctrl_rand_ops_base_vseq.sv	528	528	532	9	15899	flash_ctrl_base_vseq @ stimuli/sv/subs/opentitan/hw/ip_templates/flash_ctrl/dv/env/seq_lib/flash_ctrl_base_vseq.sv	flash_ctrl_base_vseq; `uvm_object_utils(flash_ctrl_rand_ops_base_vseq) // N
PRE-TICK	FACT-GATED-CROSS-FILE	opentitan	hw/ip_templates/flash_ctrl/dv/env/seq_lib/flash_ctrl_rand_ops_vseq.sv	239	239	243	5	1650	flash_ctrl_rand_ops_base_vseq @ stimuli/sv/subs/opentitan/hw/ip_templates/flash_ctrl/dv/env/seq_lib/flash_ctrl_rand_ops_base_vseq.sv	l_rand_ops_base_vseq; `uvm_object_utils(flash_ctrl_rand_ops_vseq) `uvm_obje
PRE-TICK	FACT-GATED-CROSS-FILE	opentitan	hw/ip_templates/flash_ctrl/dv/env/seq_lib/flash_ctrl_rd_buff_evict_vseq.sv	293	293	297	6	18226	flash_ctrl_base_vseq @ stimuli/sv/subs/opentitan/hw/ip_templates/flash_ctrl/dv/env/seq_lib/flash_ctrl_base_vseq.sv	flash_ctrl_base_vseq; `uvm_object_utils(flash_ctrl_rd_buff_evict_vseq) `uvm
PRE-TICK	FACT-GATED-CROSS-FILE	opentitan	hw/ip_templates/flash_ctrl/dv/env/seq_lib/flash_ctrl_rd_ooo_vseq.sv	651	651	655	13	3203	flash_ctrl_legacy_base_vseq @ stimuli/sv/subs/opentitan/hw/ip_templates/flash_ctrl/dv/env/seq_lib/flash_ctrl_legacy_base_vseq.sv	trl_legacy_base_vseq; `uvm_object_utils(flash_ctrl_rd_ooo_vseq) `uvm_object_
PRE-TICK	FACT-GATED-CROSS-FILE	opentitan	hw/ip_templates/flash_ctrl/dv/env/seq_lib/flash_ctrl_rd_path_intg_vseq.sv	527	527	531	9	3615	flash_ctrl_legacy_base_vseq @ stimuli/sv/subs/opentitan/hw/ip_templates/flash_ctrl/dv/env/seq_lib/flash_ctrl_legacy_base_vseq.sv	trl_legacy_base_vseq; `uvm_object_utils(flash_ctrl_rd_path_intg_vseq) `uvm_o
PRE-TICK	FACT-GATED-CROSS-FILE	opentitan	hw/ip_templates/flash_ctrl/dv/env/seq_lib/flash_ctrl_re_evict_vseq.sv	296	296	300	6	485	flash_ctrl_rw_evict_vseq @ stimuli/sv/subs/opentitan/hw/ip_templates/flash_ctrl/dv/env/seq_lib/flash_ctrl_rw_evict_vseq.sv	h_ctrl_rw_evict_vseq; `uvm_object_utils(flash_ctrl_re_evict_vseq) `uvm_objec
PRE-TICK	FACT-GATED-CROSS-FILE	opentitan	hw/ip_templates/flash_ctrl/dv/env/seq_lib/flash_ctrl_read_rnd_wd_vseq.sv	358	358	362	8	817	flash_ctrl_otf_base_vseq @ stimuli/sv/subs/opentitan/hw/ip_templates/flash_ctrl/dv/env/seq_lib/flash_ctrl_otf_base_vseq.sv	h_ctrl_otf_base_vseq; `uvm_object_utils(flash_ctrl_read_rnd_wd_vseq) `uvm_ob
PRE-TICK	FACT-GATED-CROSS-FILE	opentitan	hw/ip_templates/flash_ctrl/dv/env/seq_lib/flash_ctrl_read_word_sweep_vseq.sv	605	605	609	12	2543	flash_ctrl_otf_base_vseq @ stimuli/sv/subs/opentitan/hw/ip_templates/flash_ctrl/dv/env/seq_lib/flash_ctrl_otf_base_vseq.sv	h_ctrl_otf_base_vseq; `uvm_object_utils(flash_ctrl_read_word_sweep_vseq) `uv
PRE-TICK	FACT-GATED-CROSS-FILE	opentitan	hw/ip_templates/flash_ctrl/dv/env/seq_lib/flash_ctrl_ro_vseq.sv	283	283	287	7	1340	flash_ctrl_otf_base_vseq @ stimuli/sv/subs/opentitan/hw/ip_templates/flash_ctrl/dv/env/seq_lib/flash_ctrl_otf_base_vseq.sv	h_ctrl_otf_base_vseq; `uvm_object_utils(flash_ctrl_ro_vseq) `uvm_object_new
PRE-TICK	FACT-GATED-CROSS-FILE	opentitan	hw/ip_templates/flash_ctrl/dv/env/seq_lib/flash_ctrl_rw_evict_vseq.sv	507	507	511	9	4719	flash_ctrl_legacy_base_vseq @ stimuli/sv/subs/opentitan/hw/ip_templates/flash_ctrl/dv/env/seq_lib/flash_ctrl_legacy_base_vseq.sv	trl_legacy_base_vseq; `uvm_object_utils(flash_ctrl_rw_evict_vseq) `uvm_objec
PRE-TICK	FACT-GATED-CROSS-FILE	opentitan	hw/ip_templates/flash_ctrl/dv/env/seq_lib/flash_ctrl_rw_rnd_wd_vseq.sv	298	298	302	6	1646	flash_ctrl_otf_base_vseq @ stimuli/sv/subs/opentitan/hw/ip_templates/flash_ctrl/dv/env/seq_lib/flash_ctrl_otf_base_vseq.sv	h_ctrl_otf_base_vseq; `uvm_object_utils(flash_ctrl_rw_rnd_wd_vseq) `uvm_obje
PRE-TICK	FACT-GATED-CROSS-FILE	opentitan	hw/ip_templates/flash_ctrl/dv/env/seq_lib/flash_ctrl_rw_vseq.sv	713	713	717	11	1940	flash_ctrl_otf_base_vseq @ stimuli/sv/subs/opentitan/hw/ip_templates/flash_ctrl/dv/env/seq_lib/flash_ctrl_otf_base_vseq.sv	h_ctrl_otf_base_vseq; `uvm_object_utils(flash_ctrl_rw_vseq) `uvm_object_new
PRE-TICK	FACT-GATED-CROSS-FILE	opentitan	hw/ip_templates/flash_ctrl/dv/env/seq_lib/flash_ctrl_serr_address_vseq.sv	474	474	478	9	1056	flash_ctrl_rw_vseq @ stimuli/sv/subs/opentitan/hw/ip_templates/flash_ctrl/dv/env/seq_lib/flash_ctrl_rw_vseq.sv	s flash_ctrl_rw_vseq; `uvm_object_utils(flash_ctrl_serr_address_vseq) `uvm_o
PRE-TICK	FACT-GATED-CROSS-FILE	opentitan	hw/ip_templates/flash_ctrl/dv/env/seq_lib/flash_ctrl_serr_counter_vseq.sv	394	394	398	8	711	flash_ctrl_rw_vseq @ stimuli/sv/subs/opentitan/hw/ip_templates/flash_ctrl/dv/env/seq_lib/flash_ctrl_rw_vseq.sv	s flash_ctrl_rw_vseq; `uvm_object_utils(flash_ctrl_serr_counter_vseq) `uvm_o
PRE-TICK	FACT-GATED-CROSS-FILE	opentitan	hw/ip_templates/flash_ctrl/dv/env/seq_lib/flash_ctrl_smoke_hw_vseq.sv	282	282	286	6	3848	flash_ctrl_base_vseq @ stimuli/sv/subs/opentitan/hw/ip_templates/flash_ctrl/dv/env/seq_lib/flash_ctrl_base_vseq.sv	flash_ctrl_base_vseq; `uvm_object_utils(flash_ctrl_smoke_hw_vseq) `uvm_obje
PRE-TICK	FACT-GATED-CROSS-FILE	opentitan	hw/ip_templates/flash_ctrl/dv/env/seq_lib/flash_ctrl_smoke_vseq.sv	261	261	265	6	1544	flash_ctrl_rand_ops_base_vseq @ stimuli/sv/subs/opentitan/hw/ip_templates/flash_ctrl/dv/env/seq_lib/flash_ctrl_rand_ops_base_vseq.sv	l_rand_ops_base_vseq; `uvm_object_utils(flash_ctrl_smoke_vseq) `uvm_object_
PRE-TICK	FACT-GATED-CROSS-FILE	opentitan	hw/ip_templates/flash_ctrl/dv/env/seq_lib/flash_ctrl_stress_all_vseq.sv	232	232	236	5	1275	flash_ctrl_base_vseq @ stimuli/sv/subs/opentitan/hw/ip_templates/flash_ctrl/dv/env/seq_lib/flash_ctrl_base_vseq.sv	flash_ctrl_base_vseq; `uvm_object_utils(flash_ctrl_stress_all_vseq) `uvm_obj
PRE-TICK	FACT-GATED-CROSS-FILE	opentitan	hw/ip_templates/flash_ctrl/dv/env/seq_lib/flash_ctrl_sw_op_vseq.sv	436	436	440	13	6023	flash_ctrl_base_vseq @ stimuli/sv/subs/opentitan/hw/ip_templates/flash_ctrl/dv/env/seq_lib/flash_ctrl_base_vseq.sv	flash_ctrl_base_vseq; `uvm_object_utils(flash_ctrl_sw_op_vseq) // Class Mem
PRE-TICK	FACT-GATED-CROSS-FILE	opentitan	hw/ip_templates/flash_ctrl/dv/env/seq_lib/flash_ctrl_wo_vseq.sv	255	255	259	6	770	flash_ctrl_otf_base_vseq @ stimuli/sv/subs/opentitan/hw/ip_templates/flash_ctrl/dv/env/seq_lib/flash_ctrl_otf_base_vseq.sv	h_ctrl_otf_base_vseq; `uvm_object_utils(flash_ctrl_wo_vseq) `uvm_object_new
PRE-TICK	FACT-GATED-CROSS-FILE	opentitan	hw/ip_templates/flash_ctrl/dv/env/seq_lib/flash_ctrl_wr_path_intg_vseq.sv	426	426	430	8	5019	flash_ctrl_rw_vseq @ stimuli/sv/subs/opentitan/hw/ip_templates/flash_ctrl/dv/env/seq_lib/flash_ctrl_rw_vseq.sv	s flash_ctrl_rw_vseq; `uvm_object_utils(flash_ctrl_wr_path_intg_vseq) `uvm_o
PRE-TICK	FACT-GATED-CROSS-FILE	opentitan	hw/ip_templates/flash_ctrl/dv/env/seq_lib/flash_ctrl_write_rnd_wd_vseq.sv	360	360	364	8	919	flash_ctrl_otf_base_vseq @ stimuli/sv/subs/opentitan/hw/ip_templates/flash_ctrl/dv/env/seq_lib/flash_ctrl_otf_base_vseq.sv	h_ctrl_otf_base_vseq; `uvm_object_utils(flash_ctrl_write_rnd_wd_vseq) `uvm_o
PRE-TICK	FACT-GATED-CROSS-FILE	opentitan	hw/ip_templates/flash_ctrl/dv/env/seq_lib/flash_ctrl_write_word_sweep_vseq.sv	376	376	380	7	1133	flash_ctrl_otf_base_vseq @ stimuli/sv/subs/opentitan/hw/ip_templates/flash_ctrl/dv/env/seq_lib/flash_ctrl_otf_base_vseq.sv	h_ctrl_otf_base_vseq; `uvm_object_utils(flash_ctrl_write_word_sweep_vseq) `u
PRE-TICK	FACT-GATED-CROSS-FILE	opentitan	hw/ip_templates/flash_ctrl/dv/tests/flash_ctrl_base_test.sv	236	236	1729	6	4312	flash_ctrl_env_cfg @ stimuli/sv/subs/opentitan/hw/ip_templates/flash_ctrl/dv/env/flash_ctrl_env_cfg.sv	= flash_ctrl_env_cfg, type ENV_T = flash_ctrl_env ) extends cip_base_test
PRE-TICK	FACT-GATED-CROSS-FILE	opentitan	hw/ip_templates/flash_ctrl/rtl/flash_ctrl_lcmgr.sv	360	361	4147	12	26590	flash_key_t @ stimuli/sv/subs/opentitan/hw/ip/flash_ctrl/rtl/flash_ctrl_pkg.sv	rameter flash_key_t RndCnstAddrKey = RndCnstAddrKeyDefault, parameter flash_k
PRE-TICK	FACT-GATED-CROSS-FILE	opentitan	hw/ip_templates/flash_ctrl/rtl/flash_phy_core.sv	1699	1713	5191	40	19390	scramble_req_t @ stimuli/sv/subs/opentitan/hw/ip/rram_ctrl/rtl/rram_ctrl_pkg.sv	_req_t scramble_req_o, input scramble_rsp_t scrambl
PRE-TICK	FACT-GATED-CROSS-FILE	opentitan	hw/ip_templates/flash_ctrl/rtl/flash_phy_rd_buffers.sv	1068	1069	1937	34	2176	rd_buf_t @ stimuli/sv/subs/opentitan/hw/ip/rram_ctrl/rtl/rram_ctrl_pkg.sv	, output rd_buf_t out_o ); always_ff @(posedge clk_i or negedge rst_ni) beg
PRE-TICK	FACT-GATED-CROSS-FILE	opentitan	hw/ip_templates/otp_ctrl/dv/env/seq_lib/otp_ctrl_background_chks_vseq.sv	334	334	338	7	2662	otp_ctrl_dai_lock_vseq @ stimuli/sv/subs/opentitan/hw/top_darjeeling/ip_autogen/otp_ctrl/dv/env/seq_lib/otp_ctrl_dai_lock_vseq.sv	p_ctrl_dai_lock_vseq; `uvm_object_utils(otp_ctrl_background_chks_vseq) `uvm
PRE-TICK	FACT-GATED-CROSS-FILE	opentitan	hw/ip_templates/otp_ctrl/dv/env/seq_lib/otp_ctrl_callback_vseq.sv	273	274	480	6	828	cip_base_vseq @ stimuli/sv/subs/opentitan/hw/dv/sv/cip_lib/seq_lib/cip_base_vseq.sv	tends cip_base_vseq #( .RAL_T (otp_ctrl_core_reg_block), .
PRE-TICK	FACT-GATED-CROSS-FILE	opentitan	hw/ip_templates/otp_ctrl/dv/env/seq_lib/otp_ctrl_check_fail_vseq.sv	380	380	384	9	1010	otp_ctrl_dai_lock_vseq @ stimuli/sv/subs/opentitan/hw/top_darjeeling/ip_autogen/otp_ctrl/dv/env/seq_lib/otp_ctrl_dai_lock_vseq.sv	p_ctrl_dai_lock_vseq; `uvm_object_utils(otp_ctrl_check_fail_vseq) `uvm_obje
PRE-TICK	FACT-GATED-CROSS-FILE	opentitan	hw/ip_templates/otp_ctrl/dv/env/seq_lib/otp_ctrl_dai_errs_vseq.sv	535	535	539	9	1522	otp_ctrl_dai_lock_vseq @ stimuli/sv/subs/opentitan/hw/top_darjeeling/ip_autogen/otp_ctrl/dv/env/seq_lib/otp_ctrl_dai_lock_vseq.sv	p_ctrl_dai_lock_vseq; `uvm_object_utils(otp_ctrl_dai_errs_vseq) bit[31:0] e
PRE-TICK	FACT-GATED-CROSS-FILE	opentitan	hw/ip_templates/otp_ctrl/dv/env/seq_lib/otp_ctrl_init_fail_vseq.sv	1355	1355	1359	23	11074	otp_ctrl_smoke_vseq @ stimuli/sv/subs/opentitan/hw/top_darjeeling/ip_autogen/otp_ctrl/dv/env/seq_lib/otp_ctrl_smoke_vseq.sv	otp_ctrl_smoke_vseq; `uvm_object_utils(otp_ctrl_init_fail_vseq) `uvm_objec
PRE-TICK	FACT-GATED-CROSS-FILE	opentitan	hw/ip_templates/otp_ctrl/dv/env/seq_lib/otp_ctrl_low_freq_read_vseq.sv	328	328	332	6	2712	otp_ctrl_base_vseq @ stimuli/sv/subs/opentitan/hw/top_darjeeling/ip_autogen/otp_ctrl/dv/env/seq_lib/otp_ctrl_base_vseq.sv	s otp_ctrl_base_vseq; `uvm_object_utils(otp_ctrl_low_freq_read_vseq) `uvm_o
PRE-TICK	FACT-GATED-CROSS-FILE	opentitan	hw/ip_templates/otp_ctrl/dv/env/seq_lib/otp_ctrl_macro_errs_vseq.sv	356	356	360	8	617	otp_ctrl_dai_lock_vseq @ stimuli/sv/subs/opentitan/hw/top_darjeeling/ip_autogen/otp_ctrl/dv/env/seq_lib/otp_ctrl_dai_lock_vseq.sv	p_ctrl_dai_lock_vseq; `uvm_object_utils(otp_ctrl_macro_errs_vseq) `uvm_obje
PRE-TICK	FACT-GATED-CROSS-FILE	opentitan	hw/ip_templates/otp_ctrl/dv/env/seq_lib/otp_ctrl_parallel_base_vseq.sv	558	558	562	11	1184	otp_ctrl_dai_lock_vseq @ stimuli/sv/subs/opentitan/hw/top_darjeeling/ip_autogen/otp_ctrl/dv/env/seq_lib/otp_ctrl_dai_lock_vseq.sv	p_ctrl_dai_lock_vseq; `uvm_object_utils(otp_ctrl_parallel_base_vseq) `uvm_o
PRE-TICK	FACT-GATED-CROSS-FILE	opentitan	hw/ip_templates/otp_ctrl/dv/env/seq_lib/otp_ctrl_parallel_lc_req_vseq.sv	484	484	488	11	1695	otp_ctrl_parallel_base_vseq @ stimuli/sv/subs/opentitan/hw/ip_templates/otp_ctrl/dv/env/seq_lib/otp_ctrl_parallel_base_vseq.sv	l_parallel_base_vseq; `uvm_object_utils(otp_ctrl_parallel_lc_req_vseq) `uvm
PRE-TICK	FACT-GATED-CROSS-FILE	opentitan	hw/ip_templates/otp_ctrl/dv/env/seq_lib/otp_ctrl_partition_walk_vseq.sv	311	311	315	6	1903	otp_ctrl_base_vseq @ stimuli/sv/subs/opentitan/hw/top_darjeeling/ip_autogen/otp_ctrl/dv/env/seq_lib/otp_ctrl_base_vseq.sv	s otp_ctrl_base_vseq; `uvm_object_utils(otp_ctrl_partition_walk_vseq) `uvm_
PRE-TICK	FACT-GATED-CROSS-FILE	opentitan	hw/ip_templates/otp_ctrl/dv/env/seq_lib/otp_ctrl_regwen_vseq.sv	472	472	476	9	2739	otp_ctrl_smoke_vseq @ stimuli/sv/subs/opentitan/hw/top_darjeeling/ip_autogen/otp_ctrl/dv/env/seq_lib/otp_ctrl_smoke_vseq.sv	otp_ctrl_smoke_vseq; `uvm_object_utils(otp_ctrl_regwen_vseq) `uvm_object_ne
PRE-TICK	FACT-GATED-CROSS-FILE	opentitan	hw/ip_templates/otp_ctrl/dv/env/seq_lib/otp_ctrl_stress_all_vseq.sv	755	755	759	12	3449	otp_ctrl_base_vseq @ stimuli/sv/subs/opentitan/hw/top_darjeeling/ip_autogen/otp_ctrl/dv/env/seq_lib/otp_ctrl_base_vseq.sv	s otp_ctrl_base_vseq; `uvm_object_utils(otp_ctrl_stress_all_vseq) string se
PRE-TICK	FACT-GATED-CROSS-FILE	opentitan	hw/ip_templates/otp_ctrl/dv/env/seq_lib/otp_ctrl_test_access_vseq.sv	233	233	237	5	1992	otp_ctrl_dai_lock_vseq @ stimuli/sv/subs/opentitan/hw/top_darjeeling/ip_autogen/otp_ctrl/dv/env/seq_lib/otp_ctrl_dai_lock_vseq.sv	p_ctrl_dai_lock_vseq; `uvm_object_utils(otp_ctrl_test_access_vseq) `uvm_obj
PRE-TICK	FACT-GATED-CROSS-FILE	opentitan	hw/ip_templates/otp_ctrl/dv/env/seq_lib/otp_ctrl_wake_up_vseq.sv	225	225	229	5	1972	otp_ctrl_base_vseq @ stimuli/sv/subs/opentitan/hw/top_darjeeling/ip_autogen/otp_ctrl/dv/env/seq_lib/otp_ctrl_base_vseq.sv	s otp_ctrl_base_vseq; `uvm_object_utils(otp_ctrl_wake_up_vseq) `uvm_object_
PRE-TICK	FACT-GATED-CROSS-FILE	opentitan	hw/ip_templates/otp_ctrl/dv/tests/otp_ctrl_base_test.sv	232	232	1679	6	1995	otp_ctrl_env_cfg @ stimuli/sv/subs/opentitan/hw/top_darjeeling/ip_autogen/otp_ctrl/dv/env/otp_ctrl_env_cfg.sv	T = otp_ctrl_env_cfg, type ENV_T = otp_ctrl_env ) extends cip_base_test #(
PRE-TICK	FACT-GATED-CROSS-FILE	opentitan	hw/ip_templates/pwrmgr/dv/env/pwrmgr_env.sv	208	209	389	5	2204	cip_base_env @ stimuli/sv/subs/opentitan/hw/dv/sv/cip_lib/cip_base_env.sv	xtends cip_base_env #( .CFG_T (pwrmgr_env_cfg), .COV_T
PRE-TICK	FACT-GATED-CROSS-FILE	opentitan	hw/ip_templates/pwrmgr/dv/env/pwrmgr_env_cfg.sv	216	217	491	5	1786	cip_base_env_cfg @ stimuli/sv/subs/opentitan/hw/dv/sv/cip_lib/cip_base_env_cfg.sv	ds cip_base_env_cfg #( .RAL_T(pwrmgr_reg_block) ); // disable fault csr rea
PRE-TICK	FACT-GATED-CROSS-FILE	opentitan	hw/ip_templates/pwrmgr/dv/env/pwrmgr_virtual_sequencer.sv	236	237	296	5	376	cip_base_virtual_sequencer @ stimuli/sv/subs/opentitan/hw/dv/sv/cip_lib/cip_base_virtual_sequencer.sv	e_virtual_sequencer #( .CFG_T(pwrmgr_env_cfg), .COV_T(pwrmgr_env_cov) ); `
PRE-TICK	FACT-GATED-CROSS-FILE	opentitan	hw/ip_templates/pwrmgr/dv/env/seq_lib/pwrmgr_aborted_low_power_vseq.sv	488	488	492	8	4453	pwrmgr_base_vseq @ stimuli/sv/subs/opentitan/hw/top_darjeeling/ip_autogen/pwrmgr/dv/env/seq_lib/pwrmgr_base_vseq.sv	nds pwrmgr_base_vseq; `uvm_object_utils(pwrmgr_aborted_low_power_vseq) `uvm
PRE-TICK	FACT-GATED-CROSS-FILE	opentitan	hw/ip_templates/pwrmgr/dv/env/seq_lib/pwrmgr_common_vseq.sv	220	220	224	5	4970	pwrmgr_base_vseq @ stimuli/sv/subs/opentitan/hw/top_darjeeling/ip_autogen/pwrmgr/dv/env/seq_lib/pwrmgr_base_vseq.sv	nds pwrmgr_base_vseq; `uvm_object_utils(pwrmgr_common_vseq) constraint num_
PRE-TICK	FACT-GATED-CROSS-FILE	opentitan	hw/ip_templates/pwrmgr/dv/env/seq_lib/pwrmgr_esc_clk_rst_malfunc_vseq.sv	624	624	628	11	1929	pwrmgr_base_vseq @ stimuli/sv/subs/opentitan/hw/top_darjeeling/ip_autogen/pwrmgr/dv/env/seq_lib/pwrmgr_base_vseq.sv	nds pwrmgr_base_vseq; `uvm_object_utils(pwrmgr_esc_clk_rst_malfunc_vseq) `u
PRE-TICK	FACT-GATED-CROSS-FILE	opentitan	hw/ip_templates/pwrmgr/dv/env/seq_lib/pwrmgr_escalation_timeout_vseq.sv	360	360	364	8	4094	pwrmgr_base_vseq @ stimuli/sv/subs/opentitan/hw/top_darjeeling/ip_autogen/pwrmgr/dv/env/seq_lib/pwrmgr_base_vseq.sv	nds pwrmgr_base_vseq; `uvm_object_utils(pwrmgr_escalation_timeout_vseq) `uv
PRE-TICK	FACT-GATED-CROSS-FILE	opentitan	hw/ip_templates/pwrmgr/dv/env/seq_lib/pwrmgr_glitch_vseq.sv	317	317	321	7	1411	pwrmgr_base_vseq @ stimuli/sv/subs/opentitan/hw/top_darjeeling/ip_autogen/pwrmgr/dv/env/seq_lib/pwrmgr_base_vseq.sv	nds pwrmgr_base_vseq; `uvm_object_utils(pwrmgr_glitch_vseq) `uvm_object_new
PRE-TICK	FACT-GATED-CROSS-FILE	opentitan	hw/ip_templates/pwrmgr/dv/env/seq_lib/pwrmgr_global_esc_vseq.sv	361	361	365	8	1670	pwrmgr_base_vseq @ stimuli/sv/subs/opentitan/hw/top_darjeeling/ip_autogen/pwrmgr/dv/env/seq_lib/pwrmgr_base_vseq.sv	nds pwrmgr_base_vseq; `uvm_object_utils(pwrmgr_global_esc_vseq) `uvm_object
PRE-TICK	FACT-GATED-CROSS-FILE	opentitan	hw/ip_templates/pwrmgr/dv/env/seq_lib/pwrmgr_lowpower_invalid_vseq.sv	313	313	318	6	5140	pwrmgr_base_vseq @ stimuli/sv/subs/opentitan/hw/top_darjeeling/ip_autogen/pwrmgr/dv/env/seq_lib/pwrmgr_base_vseq.sv	nds pwrmgr_base_vseq; `uvm_object_utils(pwrmgr_lowpower_invalid_vseq) `uvm_
PRE-TICK	FACT-GATED-CROSS-FILE	opentitan	hw/ip_templates/pwrmgr/dv/env/seq_lib/pwrmgr_lowpower_wakeup_race_vseq.sv	446	446	450	8	5300	pwrmgr_base_vseq @ stimuli/sv/subs/opentitan/hw/top_darjeeling/ip_autogen/pwrmgr/dv/env/seq_lib/pwrmgr_base_vseq.sv	nds pwrmgr_base_vseq; `uvm_object_utils(pwrmgr_lowpower_wakeup_race_vseq) `
PRE-TICK	FACT-GATED-CROSS-FILE	opentitan	hw/ip_templates/pwrmgr/dv/env/seq_lib/pwrmgr_repeat_wakeup_reset_vseq.sv	425	425	429	7	2788	pwrmgr_wakeup_reset_vseq @ stimuli/sv/subs/opentitan/hw/top_darjeeling/ip_autogen/pwrmgr/dv/env/seq_lib/pwrmgr_wakeup_reset_vseq.sv	gr_wakeup_reset_vseq; `uvm_object_utils(pwrmgr_repeat_wakeup_reset_vseq) `u
PRE-TICK	FACT-GATED-CROSS-FILE	opentitan	hw/ip_templates/pwrmgr/dv/env/seq_lib/pwrmgr_reset_invalid_vseq.sv	307	307	312	6	4903	pwrmgr_base_vseq @ stimuli/sv/subs/opentitan/hw/top_darjeeling/ip_autogen/pwrmgr/dv/env/seq_lib/pwrmgr_base_vseq.sv	nds pwrmgr_base_vseq; `uvm_object_utils(pwrmgr_reset_invalid_vseq) `uvm_obj
PRE-TICK	FACT-GATED-CROSS-FILE	opentitan	hw/ip_templates/pwrmgr/dv/env/seq_lib/pwrmgr_reset_vseq.sv	328	328	333	7	2978	pwrmgr_base_vseq @ stimuli/sv/subs/opentitan/hw/top_darjeeling/ip_autogen/pwrmgr/dv/env/seq_lib/pwrmgr_base_vseq.sv	nds pwrmgr_base_vseq; `uvm_object_utils(pwrmgr_reset_vseq) `uvm_object_new
PRE-TICK	FACT-GATED-CROSS-FILE	opentitan	hw/ip_templates/pwrmgr/dv/env/seq_lib/pwrmgr_sec_cm_ctrl_config_regwen_vseq.sv	496	496	500	9	1913	pwrmgr_wakeup_vseq @ stimuli/sv/subs/opentitan/hw/ip_templates/pwrmgr/dv/env/seq_lib/pwrmgr_wakeup_vseq.sv	s pwrmgr_wakeup_vseq; `uvm_object_utils(pwrmgr_sec_cm_ctrl_config_regwen_vseq)
PRE-TICK	FACT-GATED-CROSS-FILE	opentitan	hw/ip_templates/pwrmgr/dv/env/seq_lib/pwrmgr_stress_all_vseq.sv	351	351	355	7	1417	pwrmgr_base_vseq @ stimuli/sv/subs/opentitan/hw/top_darjeeling/ip_autogen/pwrmgr/dv/env/seq_lib/pwrmgr_base_vseq.sv	nds pwrmgr_base_vseq; `uvm_object_utils(pwrmgr_stress_all_vseq) `uvm_object
PRE-TICK	FACT-GATED-CROSS-FILE	opentitan	hw/ip_templates/pwrmgr/dv/env/seq_lib/pwrmgr_sw_reset_vseq.sv	292	292	297	6	1777	pwrmgr_base_vseq @ stimuli/sv/subs/opentitan/hw/top_darjeeling/ip_autogen/pwrmgr/dv/env/seq_lib/pwrmgr_base_vseq.sv	nds pwrmgr_base_vseq; `uvm_object_utils(pwrmgr_sw_reset_vseq) `uvm_object_n
PRE-TICK	FACT-GATED-CROSS-FILE	opentitan	hw/ip_templates/pwrmgr/dv/env/seq_lib/pwrmgr_wakeup_vseq.sv	333	333	337	7	4671	pwrmgr_base_vseq @ stimuli/sv/subs/opentitan/hw/top_darjeeling/ip_autogen/pwrmgr/dv/env/seq_lib/pwrmgr_base_vseq.sv	nds pwrmgr_base_vseq; `uvm_object_utils(pwrmgr_wakeup_vseq) `uvm_object_new
PRE-TICK	FACT-GATED-CROSS-FILE	opentitan	hw/ip_templates/pwrmgr/dv/tests/pwrmgr_base_test.sv	215	216	272	5	623	cip_base_test @ stimuli/sv/subs/opentitan/hw/dv/sv/cip_lib/cip_base_test.sv	tends cip_base_test #( .CFG_T(pwrmgr_env_cfg), .ENV_T(pwrmgr_env) ); `uvm
PRE-TICK	FACT-GATED-CROSS-FILE	opentitan	hw/ip_templates/rstmgr/dv/env/rstmgr_env_cov.sv	878	879	912	31	3206	cip_base_env_cov @ stimuli/sv/subs/opentitan/hw/dv/sv/cip_lib/cip_base_env_cov.sv	ds cip_base_env_cov #( .CFG_T(rstmgr_env_cfg) ); `uvm_component_utils(rstmgr
PRE-TICK	FACT-GATED-CROSS-FILE	opentitan	hw/ip_templates/rstmgr/dv/env/rstmgr_scoreboard.sv	222	223	310	5	12197	cip_base_scoreboard @ stimuli/sv/subs/opentitan/hw/dv/sv/cip_lib/cip_base_scoreboard.sv	cip_base_scoreboard #( .CFG_T(rstmgr_env_cfg), .RAL_T(rstmgr_reg_block), .
PRE-TICK	FACT-GATED-CROSS-FILE	opentitan	hw/ip_templates/rstmgr/dv/env/rstmgr_virtual_sequencer.sv	236	237	296	5	376	cip_base_virtual_sequencer @ stimuli/sv/subs/opentitan/hw/dv/sv/cip_lib/cip_base_virtual_sequencer.sv	e_virtual_sequencer #( .CFG_T(rstmgr_env_cfg), .COV_T(rstmgr_env_cov) ); `
PRE-TICK	FACT-GATED-CROSS-FILE	opentitan	hw/ip_templates/rstmgr/dv/env/seq_lib/rstmgr_common_vseq.sv	220	220	224	5	427	rstmgr_base_vseq @ stimuli/sv/subs/opentitan/hw/top_darjeeling/ip_autogen/rstmgr/dv/env/seq_lib/rstmgr_base_vseq.sv	nds rstmgr_base_vseq; `uvm_object_utils(rstmgr_common_vseq) constraint num_
PRE-TICK	FACT-GATED-CROSS-FILE	opentitan	hw/ip_templates/rstmgr/dv/env/seq_lib/rstmgr_sec_cm_scan_intersig_mubi_vseq.sv	317	317	322	7	1651	rstmgr_smoke_vseq @ stimuli/sv/subs/opentitan/hw/top_darjeeling/ip_autogen/rstmgr/dv/env/seq_lib/rstmgr_smoke_vseq.sv	ds rstmgr_smoke_vseq; `uvm_object_utils(rstmgr_sec_cm_scan_intersig_mubi_vseq
PRE-TICK	FACT-GATED-CROSS-FILE	opentitan	hw/ip_templates/rstmgr/dv/env/seq_lib/rstmgr_stress_all_vseq.sv	351	351	355	7	1480	rstmgr_base_vseq @ stimuli/sv/subs/opentitan/hw/top_darjeeling/ip_autogen/rstmgr/dv/env/seq_lib/rstmgr_base_vseq.sv	nds rstmgr_base_vseq; `uvm_object_utils(rstmgr_stress_all_vseq) `uvm_object
PRE-TICK	FACT-GATED-CROSS-FILE	opentitan	hw/ip_templates/rstmgr/dv/env/seq_lib/rstmgr_sw_rst_reset_race_vseq.sv	649	649	653	11	2349	rstmgr_base_vseq @ stimuli/sv/subs/opentitan/hw/top_darjeeling/ip_autogen/rstmgr/dv/env/seq_lib/rstmgr_base_vseq.sv	nds rstmgr_base_vseq; `uvm_object_utils(rstmgr_sw_rst_reset_race_vseq) `uvm
PRE-TICK	FACT-GATED-CROSS-FILE	opentitan	hw/ip_templates/rstmgr/dv/env/seq_lib/rstmgr_sw_rst_vseq.sv	634	634	638	11	2457	rstmgr_base_vseq @ stimuli/sv/subs/opentitan/hw/top_darjeeling/ip_autogen/rstmgr/dv/env/seq_lib/rstmgr_base_vseq.sv	nds rstmgr_base_vseq; `uvm_object_utils(rstmgr_sw_rst_vseq) `uvm_object_new
PRE-TICK	FACT-GATED-CROSS-FILE	opentitan	hw/ip_templates/rstmgr/dv/tests/rstmgr_base_test.sv	215	216	272	5	623	cip_base_test @ stimuli/sv/subs/opentitan/hw/dv/sv/cip_lib/cip_base_test.sv	tends cip_base_test #( .CFG_T(rstmgr_env_cfg), .ENV_T(rstmgr_env) ); `uvm
PRE-TICK	FACT-GATED-CROSS-FILE	opentitan	hw/top_darjeeling/dv/env/chip_common_pkg.sv	1046	1047	2085	24	8047	uint @ stimuli/sv/subs/opentitan/hw/dv/sv/dv_utils/dv_utils_pkg.sv	; parameter uint ROM_CONSOLE_UART = 0; // ROM Boot Fault Values, matches d
PRE-TICK	FACT-GATED-CROSS-FILE	opentitan	hw/top_darjeeling/dv/env/chip_env.sv	206	207	379	5	8043	cip_base_env @ stimuli/sv/subs/opentitan/hw/dv/sv/cip_lib/cip_base_env.sv	xtends cip_base_env #( .CFG_T (chip_env_cfg), .COV_T
PRE-TICK	FACT-GATED-CROSS-FILE	opentitan	hw/top_darjeeling/dv/env/chip_env_cfg.sv	259	260	3631	5	22864	cip_base_env_cfg @ stimuli/sv/subs/opentitan/hw/dv/sv/cip_lib/cip_base_env_cfg.sv	ds cip_base_env_cfg #( .RAL_T(RAL_T) ); // Testbench settings uart_ag
PRE-TICK	FACT-GATED-CROSS-FILE	opentitan	hw/top_darjeeling/dv/env/chip_env_cov.sv	741	742	769	26	1294	cip_base_env_cov @ stimuli/sv/subs/opentitan/hw/dv/sv/cip_lib/cip_base_env_cov.sv	ds cip_base_env_cov #(.CFG_T(chip_env_cfg)); `uvm_component_utils(chip_env_cov
PRE-TICK	FACT-GATED-CROSS-FILE	opentitan	hw/top_darjeeling/dv/env/chip_scoreboard.sv	265	266	346	5	3229	cip_base_scoreboard @ stimuli/sv/subs/opentitan/hw/dv/sv/cip_lib/cip_base_scoreboard.sv	cip_base_scoreboard #( .CFG_T(chip_env_cfg), .RAL_T(RAL_T), .COV_T(c
PRE-TICK	FACT-GATED-CROSS-FILE	opentitan	hw/top_darjeeling/dv/env/chip_virtual_sequencer.sv	234	235	296	5	1129	cip_base_virtual_sequencer @ stimuli/sv/subs/opentitan/hw/dv/sv/cip_lib/cip_base_virtual_sequencer.sv	e_virtual_sequencer #( .CFG_T(chip_env_cfg), .COV_T(chip_env_cov) );
PRE-TICK	FACT-GATED-CROSS-FILE	opentitan	hw/top_darjeeling/dv/env/seq_lib/chip_base_vseq.sv	262	263	425	7	19674	cip_base_vseq @ stimuli/sv/subs/opentitan/hw/dv/sv/cip_lib/seq_lib/cip_base_vseq.sv	tends cip_base_vseq #( .CFG_T (chip_env_cfg), .RAL_T
PRE-TICK	FACT-GATED-CROSS-FILE	opentitan	hw/top_darjeeling/dv/env/seq_lib/chip_callback_vseq.sv	217	218	404	5	951	cip_base_vseq @ stimuli/sv/subs/opentitan/hw/dv/sv/cip_lib/seq_lib/cip_base_vseq.sv	tends cip_base_vseq #( .CFG_T (chip_env_cfg), .RAL_T
PRE-TICK	FACT-GATED-CROSS-FILE	opentitan	hw/top_darjeeling/dv/env/seq_lib/chip_common_vseq.sv	225	225	229	5	2384	chip_stub_cpu_base_vseq @ stimuli/sv/subs/opentitan/hw/top_darjeeling/dv/env/seq_lib/chip_stub_cpu_base_vseq.sv	p_stub_cpu_base_vseq; `uvm_object_utils(chip_common_vseq) constraint num_tr
PRE-TICK	FACT-GATED-CROSS-FILE	opentitan	hw/top_darjeeling/dv/env/seq_lib/chip_jtag_base_vseq.sv	513	513	541	11	1571	chip_sw_base_vseq @ stimuli/sv/subs/opentitan/hw/top_darjeeling/dv/env/seq_lib/chip_sw_base_vseq.sv	ds chip_sw_base_vseq; uvm_mem test_mems[$]; `uvm_object_utils(chip_jtag_base
PRE-TICK	FACT-GATED-CROSS-FILE	opentitan	hw/top_darjeeling/dv/env/seq_lib/chip_jtag_csr_rw_vseq.sv	277	277	281	6	1548	chip_common_vseq @ stimuli/sv/subs/opentitan/hw/top_darjeeling/dv/env/seq_lib/chip_common_vseq.sv	nds chip_common_vseq; `uvm_object_utils(chip_jtag_csr_rw_vseq) `uvm_object_
PRE-TICK	FACT-GATED-CROSS-FILE	opentitan	hw/top_darjeeling/dv/env/seq_lib/chip_jtag_mem_vseq.sv	485	485	513	9	2141	chip_common_vseq @ stimuli/sv/subs/opentitan/hw/top_darjeeling/dv/env/seq_lib/chip_common_vseq.sv	nds chip_common_vseq; uvm_mem test_mems[$]; `uvm_object_utils(chip_jtag_mem_
PRE-TICK	FACT-GATED-CROSS-FILE	opentitan	hw/top_darjeeling/dv/env/seq_lib/chip_padctrl_attributes_vseq.sv	296	296	300	6	28278	chip_stub_cpu_base_vseq @ stimuli/sv/subs/opentitan/hw/top_darjeeling/dv/env/seq_lib/chip_stub_cpu_base_vseq.sv	p_stub_cpu_base_vseq; `uvm_object_utils(chip_padctrl_attributes_vseq) `uvm_o
PRE-TICK	FACT-GATED-CROSS-FILE	opentitan	hw/top_darjeeling/dv/env/seq_lib/chip_prim_tl_access_vseq.sv	573	573	577	9	4567	chip_stub_cpu_base_vseq @ stimuli/sv/subs/opentitan/hw/top_darjeeling/dv/env/seq_lib/chip_stub_cpu_base_vseq.sv	p_stub_cpu_base_vseq; `uvm_object_utils(chip_prim_tl_access_vseq) `uvm_obje
PRE-TICK	FACT-GATED-CROSS-FILE	opentitan	hw/top_darjeeling/dv/env/seq_lib/chip_rv_dm_lc_disabled_vseq.sv	1010	1010	1014	18	6971	chip_stub_cpu_base_vseq @ stimuli/sv/subs/opentitan/hw/top_darjeeling/dv/env/seq_lib/chip_stub_cpu_base_vseq.sv	p_stub_cpu_base_vseq; `uvm_object_utils(chip_rv_dm_lc_disabled_vseq) `uvm_o
PRE-TICK	FACT-GATED-CROSS-FILE	opentitan	hw/top_darjeeling/dv/env/seq_lib/chip_rv_dm_ndm_reset_vseq.sv	283	283	287	6	712	chip_jtag_base_vseq @ stimuli/sv/subs/opentitan/hw/top_darjeeling/dv/env/seq_lib/chip_jtag_base_vseq.sv	chip_jtag_base_vseq; `uvm_object_utils(chip_rv_dm_ndm_reset_vseq) `uvm_obje
PRE-TICK	FACT-GATED-CROSS-FILE	opentitan	hw/top_darjeeling/dv/env/seq_lib/chip_stub_cpu_base_vseq.sv	399	399	403	8	4238	chip_base_vseq @ stimuli/sv/subs/opentitan/hw/top_darjeeling/dv/env/seq_lib/chip_base_vseq.sv	tends chip_base_vseq; `uvm_object_utils(chip_stub_cpu_base_vseq) `uvm_objec
PRE-TICK	FACT-GATED-CROSS-FILE	opentitan	hw/top_darjeeling/dv/env/seq_lib/chip_sw_aes_masking_off_vseq.sv	598	598	602	11	8535	chip_sw_base_vseq @ stimuli/sv/subs/opentitan/hw/top_darjeeling/dv/env/seq_lib/chip_sw_base_vseq.sv	ds chip_sw_base_vseq; `uvm_object_utils(chip_sw_aes_masking_off_vseq) `uvm_
PRE-TICK	FACT-GATED-CROSS-FILE	opentitan	hw/top_darjeeling/dv/env/seq_lib/chip_sw_alert_handler_entropy_vseq.sv	535	535	539	9	1790	chip_sw_base_vseq @ stimuli/sv/subs/opentitan/hw/top_darjeeling/dv/env/seq_lib/chip_sw_base_vseq.sv	ds chip_sw_base_vseq; `uvm_object_utils(chip_sw_alert_handler_entropy_vseq)
PRE-TICK	FACT-GATED-CROSS-FILE	opentitan	hw/top_darjeeling/dv/env/seq_lib/chip_sw_alert_handler_escalation_vseq.sv	240	240	244	5	2743	chip_sw_base_vseq @ stimuli/sv/subs/opentitan/hw/top_darjeeling/dv/env/seq_lib/chip_sw_base_vseq.sv	ds chip_sw_base_vseq; `uvm_object_utils(chip_sw_alert_handler_escalation_vseq)
PRE-TICK	FACT-GATED-CROSS-FILE	opentitan	hw/top_darjeeling/dv/env/seq_lib/chip_sw_alert_handler_lpg_clkoff_vseq.sv	240	240	244	5	825	chip_sw_base_vseq @ stimuli/sv/subs/opentitan/hw/top_darjeeling/dv/env/seq_lib/chip_sw_base_vseq.sv	ds chip_sw_base_vseq; `uvm_object_utils(chip_sw_alert_handler_lpg_clkoff_vseq)
PRE-TICK	FACT-GATED-CROSS-FILE	opentitan	hw/top_darjeeling/dv/env/seq_lib/chip_sw_alert_handler_shorten_ping_wait_cycle_vseq.sv	253	253	257	5	1035	chip_sw_base_vseq @ stimuli/sv/subs/opentitan/hw/top_darjeeling/dv/env/seq_lib/chip_sw_base_vseq.sv	ds chip_sw_base_vseq; `uvm_object_utils(chip_sw_alert_handler_shorten_ping_wai
PRE-TICK	FACT-GATED-CROSS-FILE	opentitan	hw/top_darjeeling/dv/env/seq_lib/chip_sw_all_escalation_resets_vseq.sv	237	237	241	5	7002	chip_sw_base_vseq @ stimuli/sv/subs/opentitan/hw/top_darjeeling/dv/env/seq_lib/chip_sw_base_vseq.sv	ds chip_sw_base_vseq; `uvm_object_utils(chip_sw_all_escalation_resets_vseq)
PRE-TICK	FACT-GATED-CROSS-FILE	opentitan	hw/top_darjeeling/dv/env/seq_lib/chip_sw_base_vseq.sv	217	217	221	5	54287	chip_base_vseq @ stimuli/sv/subs/opentitan/hw/top_darjeeling/dv/env/seq_lib/chip_base_vseq.sv	tends chip_base_vseq; `uvm_object_utils(chip_sw_base_vseq) // Default only
PRE-TICK	FACT-GATED-CROSS-FILE	opentitan	hw/top_darjeeling/dv/env/seq_lib/chip_sw_csrng_lc_hw_debug_en_vseq.sv	405	405	409	8	2993	chip_sw_base_vseq @ stimuli/sv/subs/opentitan/hw/top_darjeeling/dv/env/seq_lib/chip_sw_base_vseq.sv	ds chip_sw_base_vseq; `uvm_object_utils(chip_sw_csrng_lc_hw_debug_en_vseq)
PRE-TICK	FACT-GATED-CROSS-FILE	opentitan	hw/top_darjeeling/dv/env/seq_lib/chip_sw_data_integrity_vseq.sv	230	230	234	5	4348	chip_sw_base_vseq @ stimuli/sv/subs/opentitan/hw/top_darjeeling/dv/env/seq_lib/chip_sw_base_vseq.sv	ds chip_sw_base_vseq; `uvm_object_utils(chip_sw_data_integrity_vseq) `uvm_o
PRE-TICK	FACT-GATED-CROSS-FILE	opentitan	hw/top_darjeeling/dv/env/seq_lib/chip_sw_deep_power_glitch_vseq.sv	233	233	237	5	1100	chip_sw_base_vseq @ stimuli/sv/subs/opentitan/hw/top_darjeeling/dv/env/seq_lib/chip_sw_base_vseq.sv	ds chip_sw_base_vseq; `uvm_object_utils(chip_sw_deep_power_glitch_vseq) `uv
PRE-TICK	FACT-GATED-CROSS-FILE	opentitan	hw/top_darjeeling/dv/env/seq_lib/chip_sw_deep_sleep_all_reset_vseq.sv	236	236	240	5	5650	chip_sw_base_vseq @ stimuli/sv/subs/opentitan/hw/top_darjeeling/dv/env/seq_lib/chip_sw_base_vseq.sv	ds chip_sw_base_vseq; `uvm_object_utils(chip_sw_deep_sleep_all_reset_vseq)
PRE-TICK	FACT-GATED-CROSS-FILE	opentitan	hw/top_darjeeling/dv/env/seq_lib/chip_sw_dma_spi_hw_handshake_vseq.sv	236	236	240	5	4438	chip_sw_base_vseq @ stimuli/sv/subs/opentitan/hw/top_darjeeling/dv/env/seq_lib/chip_sw_base_vseq.sv	ds chip_sw_base_vseq; `uvm_object_utils(chip_sw_dma_spi_hw_handshake_vseq)
PRE-TICK	FACT-GATED-CROSS-FILE	opentitan	hw/top_darjeeling/dv/env/seq_lib/chip_sw_exit_test_unlocked_bootstrap_vseq.sv	244	244	248	5	3203	chip_sw_base_vseq @ stimuli/sv/subs/opentitan/hw/top_darjeeling/dv/env/seq_lib/chip_sw_base_vseq.sv	ds chip_sw_base_vseq; `uvm_object_utils(chip_sw_exit_test_unlocked_bootstrap_v
PRE-TICK	FACT-GATED-CROSS-FILE	opentitan	hw/top_darjeeling/dv/env/seq_lib/chip_sw_fault_base_vseq.sv	490	490	494	11	1838	chip_sw_base_vseq @ stimuli/sv/subs/opentitan/hw/top_darjeeling/dv/env/seq_lib/chip_sw_base_vseq.sv	ds chip_sw_base_vseq; `uvm_object_utils(chip_sw_fault_base_vseq) `uvm_object
PRE-TICK	FACT-GATED-CROSS-FILE	opentitan	hw/top_darjeeling/dv/env/seq_lib/chip_sw_full_aon_reset_vseq.sv	392	392	396	7	1947	chip_sw_base_vseq @ stimuli/sv/subs/opentitan/hw/top_darjeeling/dv/env/seq_lib/chip_sw_base_vseq.sv	ds chip_sw_base_vseq; `uvm_object_utils(chip_sw_full_aon_reset_vseq) `uvm_o
PRE-TICK	FACT-GATED-CROSS-FILE	opentitan	hw/top_darjeeling/dv/env/seq_lib/chip_sw_gpio_smoke_vseq.sv	303	303	307	6	2562	chip_sw_base_vseq @ stimuli/sv/subs/opentitan/hw/top_darjeeling/dv/env/seq_lib/chip_sw_base_vseq.sv	ds chip_sw_base_vseq; `uvm_object_utils(chip_sw_gpio_smoke_vseq) // We over
PRE-TICK	FACT-GATED-CROSS-FILE	opentitan	hw/top_darjeeling/dv/env/seq_lib/chip_sw_gpio_vseq.sv	220	220	224	5	3716	chip_sw_base_vseq @ stimuli/sv/subs/opentitan/hw/top_darjeeling/dv/env/seq_lib/chip_sw_base_vseq.sv	ds chip_sw_base_vseq; `uvm_object_utils(chip_sw_gpio_vseq) bit [NUM_GPIOS
PRE-TICK	FACT-GATED-CROSS-FILE	opentitan	hw/top_darjeeling/dv/env/seq_lib/chip_sw_i2c_device_tx_rx_vseq.sv	447	447	856	10	12444	chip_sw_i2c_tx_rx_vseq @ stimuli/sv/subs/opentitan/hw/top_darjeeling/dv/env/seq_lib/chip_sw_i2c_tx_rx_vseq.sv	ip_sw_i2c_tx_rx_vseq; typedef i2c_item i2c_transfer_q[$]; typedef i2c_trans
PRE-TICK	FACT-GATED-CROSS-FILE	opentitan	hw/top_darjeeling/dv/env/seq_lib/chip_sw_i2c_host_tx_rx_vseq.sv	927	927	1008	17	4872	chip_sw_i2c_tx_rx_vseq @ stimuli/sv/subs/opentitan/hw/top_darjeeling/dv/env/seq_lib/chip_sw_i2c_tx_rx_vseq.sv	ip_sw_i2c_tx_rx_vseq; /////////////// // VARIABLES // ///////////////
PRE-TICK	FACT-GATED-CROSS-FILE	opentitan	hw/top_darjeeling/dv/env/seq_lib/chip_sw_i2c_tx_rx_vseq.sv	225	225	937	5	3937	chip_sw_base_vseq @ stimuli/sv/subs/opentitan/hw/top_darjeeling/dv/env/seq_lib/chip_sw_base_vseq.sv	ds chip_sw_base_vseq; /////////////// // VARIABLES // ///////////////
PRE-TICK	FACT-GATED-CROSS-FILE	opentitan	hw/top_darjeeling/dv/env/seq_lib/chip_sw_inject_scramble_seed_vseq.sv	236	236	240	5	2005	chip_sw_base_vseq @ stimuli/sv/subs/opentitan/hw/top_darjeeling/dv/env/seq_lib/chip_sw_base_vseq.sv	ds chip_sw_base_vseq; `uvm_object_utils(chip_sw_inject_scramble_seed_vseq)
PRE-TICK	FACT-GATED-CROSS-FILE	opentitan	hw/top_darjeeling/dv/env/seq_lib/chip_sw_keymgr_dpe_key_derivation_vseq.sv	466	466	470	8	31582	chip_sw_base_vseq @ stimuli/sv/subs/opentitan/hw/top_darjeeling/dv/env/seq_lib/chip_sw_base_vseq.sv	ds chip_sw_base_vseq; `uvm_object_utils(chip_sw_keymgr_dpe_key_derivation_vseq
PRE-TICK	FACT-GATED-CROSS-FILE	opentitan	hw/top_darjeeling/dv/env/seq_lib/chip_sw_keymgr_sideload_aes_vseq.sv	252	252	256	5	2319	chip_sw_keymgr_key_derivation_vseq @ stimuli/sv/subs/opentitan/hw/top_earlgrey/dv/env/seq_lib/chip_sw_keymgr_key_derivation_vseq.sv	_key_derivation_vseq; `uvm_object_utils(chip_sw_keymgr_sideload_aes_vseq) `
PRE-TICK	FACT-GATED-CROSS-FILE	opentitan	hw/top_darjeeling/dv/env/seq_lib/chip_sw_keymgr_sideload_kmac_vseq.sv	253	253	257	5	1254	chip_sw_keymgr_key_derivation_vseq @ stimuli/sv/subs/opentitan/hw/top_earlgrey/dv/env/seq_lib/chip_sw_keymgr_key_derivation_vseq.sv	_key_derivation_vseq; `uvm_object_utils(chip_sw_keymgr_sideload_kmac_vseq)
PRE-TICK	FACT-GATED-CROSS-FILE	opentitan	hw/top_darjeeling/dv/env/seq_lib/chip_sw_lc_base_vseq.sv	369	369	373	9	1438	chip_sw_base_vseq @ stimuli/sv/subs/opentitan/hw/top_darjeeling/dv/env/seq_lib/chip_sw_base_vseq.sv	ds chip_sw_base_vseq; `uvm_object_utils(chip_sw_lc_base_vseq) `uvm_object_ne
PRE-TICK	FACT-GATED-CROSS-FILE	opentitan	hw/top_darjeeling/dv/env/seq_lib/chip_sw_lc_ctrl_program_error_vseq.sv	237	237	241	5	1526	chip_sw_base_vseq @ stimuli/sv/subs/opentitan/hw/top_darjeeling/dv/env/seq_lib/chip_sw_base_vseq.sv	ds chip_sw_base_vseq; `uvm_object_utils(chip_sw_lc_ctrl_program_error_vseq)
PRE-TICK	FACT-GATED-CROSS-FILE	opentitan	hw/top_darjeeling/dv/env/seq_lib/chip_sw_lc_ctrl_scrap_vseq.sv	231	231	235	4	4461	chip_sw_lc_base_vseq @ stimuli/sv/subs/opentitan/hw/top_darjeeling/dv/env/seq_lib/chip_sw_lc_base_vseq.sv	chip_sw_lc_base_vseq; `uvm_object_utils(chip_sw_lc_ctrl_scrap_vseq) `uvm_obj
PRE-TICK	FACT-GATED-CROSS-FILE	opentitan	hw/top_darjeeling/dv/env/seq_lib/chip_sw_lc_ctrl_transition_vseq.sv	466	466	470	10	5197	chip_sw_lc_base_vseq @ stimuli/sv/subs/opentitan/hw/top_darjeeling/dv/env/seq_lib/chip_sw_lc_base_vseq.sv	chip_sw_lc_base_vseq; `uvm_object_utils(chip_sw_lc_ctrl_transition_vseq) `u
PRE-TICK	FACT-GATED-CROSS-FILE	opentitan	hw/top_darjeeling/dv/env/seq_lib/chip_sw_lc_raw_unlock_vseq.sv	229	229	233	5	3980	chip_sw_base_vseq @ stimuli/sv/subs/opentitan/hw/top_darjeeling/dv/env/seq_lib/chip_sw_base_vseq.sv	ds chip_sw_base_vseq; `uvm_object_utils(chip_sw_lc_raw_unlock_vseq) `uvm_ob
PRE-TICK	FACT-GATED-CROSS-FILE	opentitan	hw/top_darjeeling/dv/env/seq_lib/chip_sw_lc_volatile_raw_unlock_vseq.sv	238	238	242	5	2984	chip_sw_base_vseq @ stimuli/sv/subs/opentitan/hw/top_darjeeling/dv/env/seq_lib/chip_sw_base_vseq.sv	ds chip_sw_base_vseq; `uvm_object_utils(chip_sw_lc_volatile_raw_unlock_vseq)
PRE-TICK	FACT-GATED-CROSS-FILE	opentitan	hw/top_darjeeling/dv/env/seq_lib/chip_sw_lc_walkthrough_testunlocks_vseq.sv	242	242	246	5	3089	chip_sw_base_vseq @ stimuli/sv/subs/opentitan/hw/top_darjeeling/dv/env/seq_lib/chip_sw_base_vseq.sv	ds chip_sw_base_vseq; `uvm_object_utils(chip_sw_lc_walkthrough_testunlocks_vse
PRE-TICK	FACT-GATED-CROSS-FILE	opentitan	hw/top_darjeeling/dv/env/seq_lib/chip_sw_lc_walkthrough_vseq.sv	230	230	234	5	3835	chip_sw_base_vseq @ stimuli/sv/subs/opentitan/hw/top_darjeeling/dv/env/seq_lib/chip_sw_base_vseq.sv	ds chip_sw_base_vseq; `uvm_object_utils(chip_sw_lc_walkthrough_vseq) `uvm_o
PRE-TICK	FACT-GATED-CROSS-FILE	opentitan	hw/top_darjeeling/dv/env/seq_lib/chip_sw_main_power_glitch_vseq.sv	233	233	237	5	1319	chip_sw_base_vseq @ stimuli/sv/subs/opentitan/hw/top_darjeeling/dv/env/seq_lib/chip_sw_base_vseq.sv	ds chip_sw_base_vseq; `uvm_object_utils(chip_sw_main_power_glitch_vseq) `uv
PRE-TICK	FACT-GATED-CROSS-FILE	opentitan	hw/top_darjeeling/dv/env/seq_lib/chip_sw_mbx_smoke_vseq.sv	536	536	540	13	10668	chip_sw_base_vseq @ stimuli/sv/subs/opentitan/hw/top_darjeeling/dv/env/seq_lib/chip_sw_base_vseq.sv	ds chip_sw_base_vseq; `uvm_object_utils(chip_sw_mbx_smoke_vseq) `uvm_object_
PRE-TICK	FACT-GATED-CROSS-FILE	opentitan	hw/top_darjeeling/dv/env/seq_lib/chip_sw_otp_ctrl_escalation_vseq.sv	557	557	561	10	1802	chip_sw_base_vseq @ stimuli/sv/subs/opentitan/hw/top_darjeeling/dv/env/seq_lib/chip_sw_base_vseq.sv	ds chip_sw_base_vseq; `uvm_object_utils(chip_sw_otp_ctrl_escalation_vseq) `
PRE-TICK	FACT-GATED-CROSS-FILE	opentitan	hw/top_darjeeling/dv/env/seq_lib/chip_sw_otp_ctrl_vendor_test_csr_access_vseq.sv	514	514	518	9	3341	chip_sw_base_vseq @ stimuli/sv/subs/opentitan/hw/top_darjeeling/dv/env/seq_lib/chip_sw_base_vseq.sv	ds chip_sw_base_vseq; `uvm_object_utils(chip_sw_otp_ctrl_vendor_test_csr_acces
PRE-TICK	FACT-GATED-CROSS-FILE	opentitan	hw/top_darjeeling/dv/env/seq_lib/chip_sw_power_virus_vseq.sv	227	227	231	5	8363	chip_sw_base_vseq @ stimuli/sv/subs/opentitan/hw/top_darjeeling/dv/env/seq_lib/chip_sw_base_vseq.sv	ds chip_sw_base_vseq; `uvm_object_utils(chip_sw_power_virus_vseq) `uvm_obje
PRE-TICK	FACT-GATED-CROSS-FILE	opentitan	hw/top_darjeeling/dv/env/seq_lib/chip_sw_pwrmgr_deep_sleep_all_wake_ups_vseq.sv	246	246	250	5	5611	chip_sw_base_vseq @ stimuli/sv/subs/opentitan/hw/top_darjeeling/dv/env/seq_lib/chip_sw_base_vseq.sv	ds chip_sw_base_vseq; `uvm_object_utils(chip_sw_pwrmgr_deep_sleep_all_wake_ups
PRE-TICK	FACT-GATED-CROSS-FILE	opentitan	hw/top_darjeeling/dv/env/seq_lib/chip_sw_random_power_glitch_vseq.sv	235	235	239	5	4883	chip_sw_base_vseq @ stimuli/sv/subs/opentitan/hw/top_darjeeling/dv/env/seq_lib/chip_sw_base_vseq.sv	ds chip_sw_base_vseq; `uvm_object_utils(chip_sw_random_power_glitch_vseq) `
PRE-TICK	FACT-GATED-CROSS-FILE	opentitan	hw/top_darjeeling/dv/env/seq_lib/chip_sw_random_sleep_all_reset_vseq.sv	238	238	242	5	5464	chip_sw_base_vseq @ stimuli/sv/subs/opentitan/hw/top_darjeeling/dv/env/seq_lib/chip_sw_base_vseq.sv	ds chip_sw_base_vseq; `uvm_object_utils(chip_sw_random_sleep_all_reset_vseq)
PRE-TICK	FACT-GATED-CROSS-FILE	opentitan	hw/top_darjeeling/dv/env/seq_lib/chip_sw_repeat_reset_wkup_vseq.sv	473	473	477	9	2663	chip_sw_base_vseq @ stimuli/sv/subs/opentitan/hw/top_darjeeling/dv/env/seq_lib/chip_sw_base_vseq.sv	ds chip_sw_base_vseq; `uvm_object_utils(chip_sw_repeat_reset_wkup_vseq) type
PRE-TICK	FACT-GATED-CROSS-FILE	opentitan	hw/top_darjeeling/dv/env/seq_lib/chip_sw_rom_ctrl_integrity_check_vseq.sv	240	240	244	5	3644	chip_sw_base_vseq @ stimuli/sv/subs/opentitan/hw/top_darjeeling/dv/env/seq_lib/chip_sw_base_vseq.sv	ds chip_sw_base_vseq; `uvm_object_utils(chip_sw_rom_ctrl_integrity_check_vseq)
PRE-TICK	FACT-GATED-CROSS-FILE	opentitan	hw/top_darjeeling/dv/env/seq_lib/chip_sw_rom_e2e_asm_init_vseq.sv	232	232	236	5	7912	chip_sw_base_vseq @ stimuli/sv/subs/opentitan/hw/top_darjeeling/dv/env/seq_lib/chip_sw_base_vseq.sv	ds chip_sw_base_vseq; `uvm_object_utils(chip_sw_rom_e2e_asm_init_vseq) `uvm_
PRE-TICK	FACT-GATED-CROSS-FILE	opentitan	hw/top_darjeeling/dv/env/seq_lib/chip_sw_rom_e2e_base_vseq.sv	228	228	232	5	2432	chip_sw_base_vseq @ stimuli/sv/subs/opentitan/hw/top_darjeeling/dv/env/seq_lib/chip_sw_base_vseq.sv	ds chip_sw_base_vseq; `uvm_object_utils(chip_sw_rom_e2e_base_vseq) `uvm_obje
PRE-TICK	FACT-GATED-CROSS-FILE	opentitan	hw/top_darjeeling/dv/env/seq_lib/chip_sw_rom_e2e_jtag_debug_vseq.sv	234	234	238	5	11164	chip_sw_base_vseq @ stimuli/sv/subs/opentitan/hw/top_darjeeling/dv/env/seq_lib/chip_sw_base_vseq.sv	ds chip_sw_base_vseq; `uvm_object_utils(chip_sw_rom_e2e_jtag_debug_vseq) `uv
PRE-TICK	FACT-GATED-CROSS-FILE	opentitan	hw/top_darjeeling/dv/env/seq_lib/chip_sw_rom_e2e_jtag_inject_vseq.sv	235	235	239	5	5603	chip_sw_base_vseq @ stimuli/sv/subs/opentitan/hw/top_darjeeling/dv/env/seq_lib/chip_sw_base_vseq.sv	ds chip_sw_base_vseq; `uvm_object_utils(chip_sw_rom_e2e_jtag_inject_vseq) `u
PRE-TICK	FACT-GATED-CROSS-FILE	opentitan	hw/top_darjeeling/dv/env/seq_lib/chip_sw_rom_e2e_shutdown_exception_c_vseq.sv	252	252	256	5	658	chip_sw_rom_e2e_base_vseq @ stimuli/sv/subs/opentitan/hw/top_darjeeling/dv/env/seq_lib/chip_sw_rom_e2e_base_vseq.sv	sw_rom_e2e_base_vseq; `uvm_object_utils(chip_sw_rom_e2e_shutdown_exception_c_v
PRE-TICK	FACT-GATED-CROSS-FILE	opentitan	hw/top_darjeeling/dv/env/seq_lib/chip_sw_rom_e2e_shutdown_output_vseq.sv	249	249	253	6	1342	chip_sw_rom_e2e_base_vseq @ stimuli/sv/subs/opentitan/hw/top_darjeeling/dv/env/seq_lib/chip_sw_rom_e2e_base_vseq.sv	sw_rom_e2e_base_vseq; `uvm_object_utils(chip_sw_rom_e2e_shutdown_output_vseq)
PRE-TICK	FACT-GATED-CROSS-FILE	opentitan	hw/top_darjeeling/dv/env/seq_lib/chip_sw_rom_e2e_sigverify_always_a_bad_b_bad_vseq.sv	262	262	266	6	820	chip_sw_rom_e2e_base_vseq @ stimuli/sv/subs/opentitan/hw/top_darjeeling/dv/env/seq_lib/chip_sw_rom_e2e_base_vseq.sv	sw_rom_e2e_base_vseq; `uvm_object_utils(chip_sw_rom_e2e_sigverify_always_a_bad
PRE-TICK	FACT-GATED-CROSS-FILE	opentitan	hw/top_darjeeling/dv/env/seq_lib/chip_sw_rstmgr_cnsty_fault_vseq.sv	505	505	509	10	762	chip_sw_fault_base_vseq @ stimuli/sv/subs/opentitan/hw/top_darjeeling/dv/env/seq_lib/chip_sw_fault_base_vseq.sv	p_sw_fault_base_vseq; `uvm_object_utils(chip_sw_rstmgr_cnsty_fault_vseq) `u
PRE-TICK	FACT-GATED-CROSS-FILE	opentitan	hw/top_darjeeling/dv/env/seq_lib/chip_sw_rv_core_ibex_icache_invalidate_vseq.sv	246	246	250	5	2857	chip_sw_base_vseq @ stimuli/sv/subs/opentitan/hw/top_darjeeling/dv/env/seq_lib/chip_sw_base_vseq.sv	ds chip_sw_base_vseq; `uvm_object_utils(chip_sw_rv_core_ibex_icache_invalidate
PRE-TICK	FACT-GATED-CROSS-FILE	opentitan	hw/top_darjeeling/dv/env/seq_lib/chip_sw_rv_core_ibex_lockstep_glitch_vseq.sv	377	377	381	7	36087	chip_sw_base_vseq @ stimuli/sv/subs/opentitan/hw/top_darjeeling/dv/env/seq_lib/chip_sw_base_vseq.sv	ds chip_sw_base_vseq; `uvm_object_utils(chip_sw_rv_core_ibex_lockstep_glitch_v
PRE-TICK	FACT-GATED-CROSS-FILE	opentitan	hw/top_darjeeling/dv/env/seq_lib/chip_sw_rv_dm_access_after_escalation_reset_vseq.sv	638	638	642	11	3390	chip_sw_base_vseq @ stimuli/sv/subs/opentitan/hw/top_darjeeling/dv/env/seq_lib/chip_sw_base_vseq.sv	ds chip_sw_base_vseq; `uvm_object_utils(chip_sw_rv_dm_access_after_escalation_
PRE-TICK	FACT-GATED-CROSS-FILE	opentitan	hw/top_darjeeling/dv/env/seq_lib/chip_sw_rv_dm_access_after_wakeup_vseq.sv	241	241	245	5	4535	chip_sw_base_vseq @ stimuli/sv/subs/opentitan/hw/top_darjeeling/dv/env/seq_lib/chip_sw_base_vseq.sv	ds chip_sw_base_vseq; `uvm_object_utils(chip_sw_rv_dm_access_after_wakeup_vseq
PRE-TICK	FACT-GATED-CROSS-FILE	opentitan	hw/top_darjeeling/dv/env/seq_lib/chip_sw_rv_dm_ndm_reset_when_cpu_halted_vseq.sv	344	344	348	6	6527	chip_sw_base_vseq @ stimuli/sv/subs/opentitan/hw/top_darjeeling/dv/env/seq_lib/chip_sw_base_vseq.sv	ds chip_sw_base_vseq; `uvm_object_utils(chip_sw_rv_dm_ndm_reset_when_cpu_halte
PRE-TICK	FACT-GATED-CROSS-FILE	opentitan	hw/top_darjeeling/dv/env/seq_lib/chip_sw_sensor_ctrl_status_intr_vseq.sv	239	239	243	5	2630	chip_sw_base_vseq @ stimuli/sv/subs/opentitan/hw/top_darjeeling/dv/env/seq_lib/chip_sw_base_vseq.sv	ds chip_sw_base_vseq; `uvm_object_utils(chip_sw_sensor_ctrl_status_intr_vseq)
PRE-TICK	FACT-GATED-CROSS-FILE	opentitan	hw/top_darjeeling/dv/env/seq_lib/chip_sw_sleep_pin_mio_dio_val_vseq.sv	237	237	241	5	8382	chip_sw_base_vseq @ stimuli/sv/subs/opentitan/hw/top_darjeeling/dv/env/seq_lib/chip_sw_base_vseq.sv	ds chip_sw_base_vseq; `uvm_object_utils(chip_sw_sleep_pin_mio_dio_val_vseq)
PRE-TICK	FACT-GATED-CROSS-FILE	opentitan	hw/top_darjeeling/dv/env/seq_lib/chip_sw_sleep_pin_retention_vseq.sv	235	235	239	5	2666	chip_sw_base_vseq @ stimuli/sv/subs/opentitan/hw/top_darjeeling/dv/env/seq_lib/chip_sw_base_vseq.sv	ds chip_sw_base_vseq; `uvm_object_utils(chip_sw_sleep_pin_retention_vseq) `u
PRE-TICK	FACT-GATED-CROSS-FILE	opentitan	hw/top_darjeeling/dv/env/seq_lib/chip_sw_sleep_pin_wake_vseq.sv	913	913	917	22	6065	chip_sw_base_vseq @ stimuli/sv/subs/opentitan/hw/top_darjeeling/dv/env/seq_lib/chip_sw_base_vseq.sv	ds chip_sw_base_vseq; `uvm_object_utils(chip_sw_sleep_pin_wake_vseq) `uvm_ob
PRE-TICK	FACT-GATED-CROSS-FILE	opentitan	hw/top_darjeeling/dv/env/seq_lib/chip_sw_soc_proxy_external_wakeup_vseq.sv	241	241	245	5	1324	chip_sw_base_vseq @ stimuli/sv/subs/opentitan/hw/top_darjeeling/dv/env/seq_lib/chip_sw_base_vseq.sv	ds chip_sw_base_vseq; `uvm_object_utils(chip_sw_soc_proxy_external_wakeup_vseq
PRE-TICK	FACT-GATED-CROSS-FILE	opentitan	hw/top_darjeeling/dv/env/seq_lib/chip_sw_soc_proxy_gpio_vseq.sv	230	230	234	5	7653	chip_sw_base_vseq @ stimuli/sv/subs/opentitan/hw/top_darjeeling/dv/env/seq_lib/chip_sw_base_vseq.sv	ds chip_sw_base_vseq; `uvm_object_utils(chip_sw_soc_proxy_gpio_vseq) bit mu
PRE-TICK	FACT-GATED-CROSS-FILE	opentitan	hw/top_darjeeling/dv/env/seq_lib/chip_sw_soc_proxy_smoke_vseq.sv	231	231	235	5	2367	chip_sw_base_vseq @ stimuli/sv/subs/opentitan/hw/top_darjeeling/dv/env/seq_lib/chip_sw_base_vseq.sv	ds chip_sw_base_vseq; `uvm_object_utils(chip_sw_soc_proxy_smoke_vseq) `uvm_
PRE-TICK	FACT-GATED-CROSS-FILE	opentitan	hw/top_darjeeling/dv/env/seq_lib/chip_sw_spi_device_tpm_vseq.sv	230	230	234	5	2497	chip_sw_base_vseq @ stimuli/sv/subs/opentitan/hw/top_darjeeling/dv/env/seq_lib/chip_sw_base_vseq.sv	ds chip_sw_base_vseq; `uvm_object_utils(chip_sw_spi_device_tpm_vseq) `uvm_o
PRE-TICK	FACT-GATED-CROSS-FILE	opentitan	hw/top_darjeeling/dv/env/seq_lib/chip_sw_spi_host_tx_rx_vseq.sv	230	230	234	5	2682	chip_sw_base_vseq @ stimuli/sv/subs/opentitan/hw/top_darjeeling/dv/env/seq_lib/chip_sw_base_vseq.sv	ds chip_sw_base_vseq; `uvm_object_utils(chip_sw_spi_host_tx_rx_vseq) `uvm_o
PRE-TICK	FACT-GATED-CROSS-FILE	opentitan	hw/top_darjeeling/dv/env/seq_lib/chip_sw_spi_passthrough_collision_vseq.sv	467	467	471	8	8975	chip_sw_spi_passthrough_vseq @ stimuli/sv/subs/opentitan/hw/top_darjeeling/dv/env/seq_lib/chip_sw_spi_passthrough_vseq.sv	spi_passthrough_vseq; `uvm_object_utils(chip_sw_spi_passthrough_collision_vseq
PRE-TICK	FACT-GATED-CROSS-FILE	opentitan	hw/top_darjeeling/dv/env/seq_lib/chip_sw_spi_passthrough_vseq.sv	231	231	235	5	6480	chip_sw_base_vseq @ stimuli/sv/subs/opentitan/hw/top_darjeeling/dv/env/seq_lib/chip_sw_base_vseq.sv	ds chip_sw_base_vseq; `uvm_object_utils(chip_sw_spi_passthrough_vseq) `uvm_
PRE-TICK	FACT-GATED-CROSS-FILE	opentitan	hw/top_darjeeling/dv/env/seq_lib/chip_sw_sram_ctrl_execution_main_vseq.sv	240	240	244	5	2039	chip_sw_base_vseq @ stimuli/sv/subs/opentitan/hw/top_darjeeling/dv/env/seq_lib/chip_sw_base_vseq.sv	ds chip_sw_base_vseq; `uvm_object_utils(chip_sw_sram_ctrl_execution_main_vseq)
PRE-TICK	FACT-GATED-CROSS-FILE	opentitan	hw/top_darjeeling/dv/env/seq_lib/chip_sw_sram_ctrl_scrambled_access_vseq.sv	242	242	246	5	12644	chip_sw_base_vseq @ stimuli/sv/subs/opentitan/hw/top_darjeeling/dv/env/seq_lib/chip_sw_base_vseq.sv	ds chip_sw_base_vseq; `uvm_object_utils(chip_sw_sram_ctrl_scrambled_access_vse
PRE-TICK	FACT-GATED-CROSS-FILE	opentitan	hw/top_darjeeling/dv/env/seq_lib/chip_sw_uart_smoke_vseq.sv	226	226	230	5	1299	chip_sw_base_vseq @ stimuli/sv/subs/opentitan/hw/top_darjeeling/dv/env/seq_lib/chip_sw_base_vseq.sv	ds chip_sw_base_vseq; `uvm_object_utils(chip_sw_uart_smoke_vseq) `uvm_objec
PRE-TICK	FACT-GATED-CROSS-FILE	opentitan	hw/top_darjeeling/dv/env/seq_lib/chip_sw_uart_tx_rx_vseq.sv	232	232	236	5	2871	chip_sw_uart_smoke_vseq @ stimuli/sv/subs/opentitan/hw/top_darjeeling/dv/env/seq_lib/chip_sw_uart_smoke_vseq.sv	p_sw_uart_smoke_vseq; `uvm_object_utils(chip_sw_uart_tx_rx_vseq) `uvm_objec
PRE-TICK	FACT-GATED-CROSS-FILE	opentitan	hw/top_darjeeling/dv/tests/chip_base_test.sv	213	214	271	5	4280	cip_base_test @ stimuli/sv/subs/opentitan/hw/dv/sv/cip_lib/cip_base_test.sv	tends cip_base_test #( .ENV_T(chip_env), .CFG_T(chip_env_cfg) ); `uv
PRE-TICK	FACT-GATED-CROSS-FILE	opentitan	hw/top_darjeeling/ip_autogen/ac_range_check/dv/env/ac_range_check_env.sv	216	217	439	5	2505	cip_base_env @ stimuli/sv/subs/opentitan/hw/dv/sv/cip_lib/cip_base_env.sv	xtends cip_base_env #( .CFG_T (ac_range_check_env_cfg), .CO
PRE-TICK	FACT-GATED-CROSS-FILE	opentitan	hw/top_darjeeling/ip_autogen/ac_range_check/dv/env/ac_range_check_env_cfg.sv	224	225	658	5	2453	cip_base_env_cfg @ stimuli/sv/subs/opentitan/hw/dv/sv/cip_lib/cip_base_env_cfg.sv	ds cip_base_env_cfg #(.RAL_T(ac_range_check_reg_block)); // Enabling Scoreboa
PRE-TICK	FACT-GATED-CROSS-FILE	opentitan	hw/top_darjeeling/ip_autogen/ac_range_check/dv/env/ac_range_check_env_cov.sv	423	424	497	11	16643	cip_base_env_cov @ stimuli/sv/subs/opentitan/hw/dv/sv/cip_lib/cip_base_env_cov.sv	ds cip_base_env_cov #(.CFG_T(ac_range_check_env_cfg)); import ac_range_check_r
PRE-TICK	FACT-GATED-CROSS-FILE	opentitan	hw/top_darjeeling/ip_autogen/ac_range_check/dv/env/ac_range_check_scoreboard.sv	230	231	350	5	19565	cip_base_scoreboard @ stimuli/sv/subs/opentitan/hw/dv/sv/cip_lib/cip_base_scoreboard.sv	cip_base_scoreboard #( .CFG_T(ac_range_check_env_cfg), .RAL_T(ac_range_c
PRE-TICK	FACT-GATED-CROSS-FILE	opentitan	hw/top_darjeeling/ip_autogen/ac_range_check/dv/env/ac_range_check_virtual_sequencer.sv	244	245	326	5	701	cip_base_virtual_sequencer @ stimuli/sv/subs/opentitan/hw/dv/sv/cip_lib/cip_base_virtual_sequencer.sv	e_virtual_sequencer #( .CFG_T(ac_range_check_env_cfg), .COV_T(ac_range_c
PRE-TICK	FACT-GATED-CROSS-FILE	opentitan	hw/top_darjeeling/ip_autogen/ac_range_check/dv/env/seq_lib/ac_range_check_base_vseq.sv	572	573	798	9	8381	cip_base_vseq @ stimuli/sv/subs/opentitan/hw/dv/sv/cip_lib/seq_lib/cip_base_vseq.sv	tends cip_base_vseq #( .RAL_T (ac_range_check_reg_block),
PRE-TICK	FACT-GATED-CROSS-FILE	opentitan	hw/top_darjeeling/ip_autogen/ac_range_check/dv/env/seq_lib/ac_range_check_bypass_vseq.sv	771	771	775	17	1375	ac_range_check_smoke_vseq @ stimuli/sv/subs/opentitan/hw/top_darjeeling/ip_autogen/ac_range_check/dv/env/seq_lib/ac_range_check_smoke_vseq.sv	nge_check_smoke_vseq; `uvm_object_utils(ac_range_check_bypass_vseq) // Stan
PRE-TICK	FACT-GATED-CROSS-FILE	opentitan	hw/top_darjeeling/ip_autogen/ac_range_check/dv/env/seq_lib/ac_range_check_common_vseq.sv	475	475	479	8	1119	ac_range_check_base_vseq @ stimuli/sv/subs/opentitan/hw/top_darjeeling/ip_autogen/ac_range_check/dv/env/seq_lib/ac_range_check_base_vseq.sv	ange_check_base_vseq; `uvm_object_utils(ac_range_check_common_vseq) // Cons
PRE-TICK	FACT-GATED-CROSS-FILE	opentitan	hw/top_darjeeling/ip_autogen/ac_range_check/dv/env/seq_lib/ac_range_check_lock_range_vseq.sv	919	919	923	20	11646	ac_range_check_smoke_vseq @ stimuli/sv/subs/opentitan/hw/top_darjeeling/ip_autogen/ac_range_check/dv/env/seq_lib/ac_range_check_smoke_vseq.sv	nge_check_smoke_vseq; `uvm_object_utils(ac_range_check_lock_range_vseq) //
PRE-TICK	FACT-GATED-CROSS-FILE	opentitan	hw/top_darjeeling/ip_autogen/ac_range_check/dv/env/seq_lib/ac_range_check_smoke_high_threshold_vseq.sv	251	251	291	5	1478	ac_range_check_smoke_vseq @ stimuli/sv/subs/opentitan/hw/top_darjeeling/ip_autogen/ac_range_check/dv/env/seq_lib/ac_range_check_smoke_vseq.sv	nge_check_smoke_vseq; import ac_range_check_reg_pkg::*; `uvm_object_utils(ac
PRE-TICK	FACT-GATED-CROSS-FILE	opentitan	hw/top_darjeeling/ip_autogen/ac_range_check/dv/env/seq_lib/ac_range_check_smoke_racl_vseq.sv	241	241	245	5	1179	ac_range_check_smoke_vseq @ stimuli/sv/subs/opentitan/hw/top_darjeeling/ip_autogen/ac_range_check/dv/env/seq_lib/ac_range_check_smoke_vseq.sv	nge_check_smoke_vseq; `uvm_object_utils(ac_range_check_smoke_racl_vseq) //
PRE-TICK	FACT-GATED-CROSS-FILE	opentitan	hw/top_darjeeling/ip_autogen/ac_range_check/dv/env/seq_lib/ac_range_check_smoke_vseq.sv	235	235	275	5	7281	ac_range_check_base_vseq @ stimuli/sv/subs/opentitan/hw/top_darjeeling/ip_autogen/ac_range_check/dv/env/seq_lib/ac_range_check_base_vseq.sv	ange_check_base_vseq; import ac_range_check_reg_pkg::*; `uvm_object_utils(ac
PRE-TICK	FACT-GATED-CROSS-FILE	opentitan	hw/top_darjeeling/ip_autogen/ac_range_check/dv/env/seq_lib/ac_range_check_stress_all_vseq.sv	240	240	244	5	1566	ac_range_check_base_vseq @ stimuli/sv/subs/opentitan/hw/top_darjeeling/ip_autogen/ac_range_check/dv/env/seq_lib/ac_range_check_base_vseq.sv	ange_check_base_vseq; `uvm_object_utils(ac_range_check_stress_all_vseq) `uv
PRE-TICK	FACT-GATED-CROSS-FILE	opentitan	hw/top_darjeeling/ip_autogen/ac_range_check/dv/tests/ac_range_check_base_test.sv	223	224	302	5	2018	cip_base_test @ stimuli/sv/subs/opentitan/hw/dv/sv/cip_lib/cip_base_test.sv	tends cip_base_test #( .CFG_T(ac_range_check_env_cfg), .ENV_T(ac_range_c
PRE-TICK	FACT-GATED-CROSS-FILE	opentitan	hw/top_darjeeling/ip_autogen/alert_handler/dv/env/alert_handler_env.sv	215	216	434	5	3057	cip_base_env @ stimuli/sv/subs/opentitan/hw/dv/sv/cip_lib/cip_base_env.sv	xtends cip_base_env #( .CFG_T (alert_handler_env_cfg), .COV
PRE-TICK	FACT-GATED-CROSS-FILE	opentitan	hw/top_darjeeling/ip_autogen/alert_handler/dv/env/alert_handler_env_cfg.sv	223	224	505	5	2011	cip_base_env_cfg @ stimuli/sv/subs/opentitan/hw/dv/sv/cip_lib/cip_base_env_cfg.sv	ds cip_base_env_cfg #(.RAL_T(alert_handler_reg_block)); // ext component cfgs
PRE-TICK	FACT-GATED-CROSS-FILE	opentitan	hw/top_darjeeling/ip_autogen/alert_handler/dv/env/alert_handler_env_cov.sv	598	599	635	20	6497	cip_base_env_cov @ stimuli/sv/subs/opentitan/hw/dv/sv/cip_lib/cip_base_env_cov.sv	ds cip_base_env_cov #(.CFG_T(alert_handler_env_cfg)); `uvm_component_utils(ale
PRE-TICK	FACT-GATED-CROSS-FILE	opentitan	hw/top_darjeeling/ip_autogen/alert_handler/dv/env/alert_handler_if.sv	429	430	1315	13	1817	mubi4_t @ stimuli/sv/subs/opentitan/hw/ip/prim/rtl/prim_mubi_pkg.sv	mubi4_t [NLpg-1:0] lpg_cg_en; mubi4_t [NLpg-1:0] lpg_rst_en; logic [NUM_AL
PRE-TICK	FACT-GATED-CROSS-FILE	opentitan	hw/top_darjeeling/ip_autogen/alert_handler/dv/env/alert_handler_virtual_sequencer.sv	243	244	410	5	496	cip_base_virtual_sequencer @ stimuli/sv/subs/opentitan/hw/dv/sv/cip_lib/cip_base_virtual_sequencer.sv	e_virtual_sequencer #( .CFG_T(alert_handler_env_cfg), .COV_T(alert_handl
PRE-TICK	FACT-GATED-CROSS-FILE	opentitan	hw/top_darjeeling/ip_autogen/alert_handler/dv/env/seq_lib/alert_handler_common_vseq.sv	234	234	238	5	8095	alert_handler_base_vseq @ stimuli/sv/subs/opentitan/hw/top_darjeeling/ip_autogen/alert_handler/dv/env/seq_lib/alert_handler_base_vseq.sv	rt_handler_base_vseq; `uvm_object_utils(alert_handler_common_vseq) constrai
PRE-TICK	FACT-GATED-CROSS-FILE	opentitan	hw/top_darjeeling/ip_autogen/alert_handler/dv/env/seq_lib/alert_handler_entropy_stress_vseq.sv	574	574	578	10	3705	alert_handler_smoke_vseq @ stimuli/sv/subs/opentitan/hw/top_darjeeling/ip_autogen/alert_handler/dv/env/seq_lib/alert_handler_smoke_vseq.sv	t_handler_smoke_vseq; `uvm_object_utils(alert_handler_entropy_stress_vseq)
PRE-TICK	FACT-GATED-CROSS-FILE	opentitan	hw/top_darjeeling/ip_autogen/alert_handler/dv/env/seq_lib/alert_handler_entropy_vseq.sv	310	310	314	7	1184	alert_handler_smoke_vseq @ stimuli/sv/subs/opentitan/hw/top_darjeeling/ip_autogen/alert_handler/dv/env/seq_lib/alert_handler_smoke_vseq.sv	t_handler_smoke_vseq; `uvm_object_utils(alert_handler_entropy_vseq) `uvm_ob
PRE-TICK	FACT-GATED-CROSS-FILE	opentitan	hw/top_darjeeling/ip_autogen/alert_handler/dv/env/seq_lib/alert_handler_esc_alert_accum_vseq.sv	406	406	410	8	1034	alert_handler_smoke_vseq @ stimuli/sv/subs/opentitan/hw/top_darjeeling/ip_autogen/alert_handler/dv/env/seq_lib/alert_handler_smoke_vseq.sv	t_handler_smoke_vseq; `uvm_object_utils(alert_handler_esc_alert_accum_vseq)
PRE-TICK	FACT-GATED-CROSS-FILE	opentitan	hw/top_darjeeling/ip_autogen/alert_handler/dv/env/seq_lib/alert_handler_esc_intr_timeout_vseq.sv	308	308	312	7	757	alert_handler_smoke_vseq @ stimuli/sv/subs/opentitan/hw/top_darjeeling/ip_autogen/alert_handler/dv/env/seq_lib/alert_handler_smoke_vseq.sv	t_handler_smoke_vseq; `uvm_object_utils(alert_handler_esc_intr_timeout_vseq)
PRE-TICK	FACT-GATED-CROSS-FILE	opentitan	hw/top_darjeeling/ip_autogen/alert_handler/dv/env/seq_lib/alert_handler_lpg_stub_clk_vseq.sv	401	401	405	7	1317	alert_handler_lpg_vseq @ stimuli/sv/subs/opentitan/hw/top_darjeeling/ip_autogen/alert_handler/dv/env/seq_lib/alert_handler_lpg_vseq.sv	ert_handler_lpg_vseq; `uvm_object_utils(alert_handler_lpg_stub_clk_vseq) `u
PRE-TICK	FACT-GATED-CROSS-FILE	opentitan	hw/top_darjeeling/ip_autogen/alert_handler/dv/env/seq_lib/alert_handler_lpg_vseq.sv	234	234	238	5	1254	alert_handler_entropy_vseq @ stimuli/sv/subs/opentitan/hw/top_darjeeling/ip_autogen/alert_handler/dv/env/seq_lib/alert_handler_entropy_vseq.sv	handler_entropy_vseq; `uvm_object_utils(alert_handler_lpg_vseq) `uvm_object
PRE-TICK	FACT-GATED-CROSS-FILE	opentitan	hw/top_darjeeling/ip_autogen/alert_handler/dv/env/seq_lib/alert_handler_ping_timeout_vseq.sv	553	553	557	11	2591	alert_handler_entropy_vseq @ stimuli/sv/subs/opentitan/hw/top_darjeeling/ip_autogen/alert_handler/dv/env/seq_lib/alert_handler_entropy_vseq.sv	handler_entropy_vseq; `uvm_object_utils(alert_handler_ping_timeout_vseq) `u
PRE-TICK	FACT-GATED-CROSS-FILE	opentitan	hw/top_darjeeling/ip_autogen/alert_handler/dv/env/seq_lib/alert_handler_random_alerts_vseq.sv	313	313	317	7	647	alert_handler_smoke_vseq @ stimuli/sv/subs/opentitan/hw/top_darjeeling/ip_autogen/alert_handler/dv/env/seq_lib/alert_handler_smoke_vseq.sv	t_handler_smoke_vseq; `uvm_object_utils(alert_handler_random_alerts_vseq) `
PRE-TICK	FACT-GATED-CROSS-FILE	opentitan	hw/top_darjeeling/ip_autogen/alert_handler/dv/env/seq_lib/alert_handler_random_classes_vseq.sv	317	317	321	7	564	alert_handler_random_alerts_vseq @ stimuli/sv/subs/opentitan/hw/top_darjeeling/ip_autogen/alert_handler/dv/env/seq_lib/alert_handler_random_alerts_vseq.sv	r_random_alerts_vseq; `uvm_object_utils(alert_handler_random_classes_vseq)
PRE-TICK	FACT-GATED-CROSS-FILE	opentitan	hw/top_darjeeling/ip_autogen/alert_handler/dv/env/seq_lib/alert_handler_sig_int_fail_vseq.sv	289	289	293	7	711	alert_handler_smoke_vseq @ stimuli/sv/subs/opentitan/hw/top_darjeeling/ip_autogen/alert_handler/dv/env/seq_lib/alert_handler_smoke_vseq.sv	t_handler_smoke_vseq; `uvm_object_utils(alert_handler_sig_int_fail_vseq) `u
PRE-TICK	FACT-GATED-CROSS-FILE	opentitan	hw/top_darjeeling/ip_autogen/alert_handler/dv/env/seq_lib/alert_handler_smoke_vseq.sv	258	258	262	6	8441	alert_handler_base_vseq @ stimuli/sv/subs/opentitan/hw/top_darjeeling/ip_autogen/alert_handler/dv/env/seq_lib/alert_handler_base_vseq.sv	rt_handler_base_vseq; `uvm_object_utils(alert_handler_smoke_vseq) `uvm_obje
PRE-TICK	FACT-GATED-CROSS-FILE	opentitan	hw/top_darjeeling/ip_autogen/alert_handler/dv/env/seq_lib/alert_handler_stress_all_vseq.sv	372	372	376	7	2338	alert_handler_base_vseq @ stimuli/sv/subs/opentitan/hw/top_darjeeling/ip_autogen/alert_handler/dv/env/seq_lib/alert_handler_base_vseq.sv	rt_handler_base_vseq; `uvm_object_utils(alert_handler_stress_all_vseq) `uvm
PRE-TICK	FACT-GATED-CROSS-FILE	opentitan	hw/top_darjeeling/ip_autogen/alert_handler/dv/tests/alert_handler_base_test.sv	222	223	299	5	678	cip_base_test @ stimuli/sv/subs/opentitan/hw/dv/sv/cip_lib/cip_base_test.sv	tends cip_base_test #( .ENV_T(alert_handler_env), .CFG_T(alert_handler_e
PRE-TICK	FACT-GATED-CROSS-FILE	opentitan	hw/top_darjeeling/ip_autogen/clkmgr/dv/env/clkmgr_env.sv	208	209	389	5	2115	cip_base_env @ stimuli/sv/subs/opentitan/hw/dv/sv/cip_lib/cip_base_env.sv	xtends cip_base_env #( .CFG_T (clkmgr_env_cfg), .COV_T
PRE-TICK	FACT-GATED-CROSS-FILE	opentitan	hw/top_darjeeling/ip_autogen/clkmgr/dv/env/clkmgr_env_cfg.sv	216	217	686	5	1283	cip_base_env_cfg @ stimuli/sv/subs/opentitan/hw/dv/sv/cip_lib/cip_base_env_cfg.sv	ds cip_base_env_cfg #( .RAL_T(clkmgr_reg_block) ); // This scoreboard handl
PRE-TICK	FACT-GATED-CROSS-FILE	opentitan	hw/top_darjeeling/ip_autogen/clkmgr/dv/env/clkmgr_scoreboard.sv	349	350	437	7	9653	cip_base_scoreboard @ stimuli/sv/subs/opentitan/hw/dv/sv/cip_lib/cip_base_scoreboard.sv	cip_base_scoreboard #( .CFG_T(clkmgr_env_cfg), .RAL_T(clkmgr_reg_block), .
PRE-TICK	FACT-GATED-CROSS-FILE	opentitan	hw/top_darjeeling/ip_autogen/clkmgr/dv/env/clkmgr_virtual_sequencer.sv	236	237	296	5	376	cip_base_virtual_sequencer @ stimuli/sv/subs/opentitan/hw/dv/sv/cip_lib/cip_base_virtual_sequencer.sv	e_virtual_sequencer #( .CFG_T(clkmgr_env_cfg), .COV_T(clkmgr_env_cov) ); `
PRE-TICK	FACT-GATED-CROSS-FILE	opentitan	hw/top_darjeeling/ip_autogen/clkmgr/dv/env/seq_lib/clkmgr_base_vseq.sv	214	215	395	4	15391	cip_base_vseq @ stimuli/sv/subs/opentitan/hw/dv/sv/cip_lib/seq_lib/cip_base_vseq.sv	tends cip_base_vseq #( .RAL_T (clkmgr_reg_block), .CFG_T
PRE-TICK	FACT-GATED-CROSS-FILE	opentitan	hw/top_darjeeling/ip_autogen/clkmgr/dv/env/seq_lib/clkmgr_clk_status_vseq.sv	405	405	409	9	1159	clkmgr_base_vseq @ stimuli/sv/subs/opentitan/hw/top_darjeeling/ip_autogen/clkmgr/dv/env/seq_lib/clkmgr_base_vseq.sv	nds clkmgr_base_vseq; `uvm_object_utils(clkmgr_clk_status_vseq) `uvm_object
PRE-TICK	FACT-GATED-CROSS-FILE	opentitan	hw/top_darjeeling/ip_autogen/clkmgr/dv/env/seq_lib/clkmgr_common_vseq.sv	220	220	224	5	2442	clkmgr_base_vseq @ stimuli/sv/subs/opentitan/hw/top_darjeeling/ip_autogen/clkmgr/dv/env/seq_lib/clkmgr_base_vseq.sv	nds clkmgr_base_vseq; `uvm_object_utils(clkmgr_common_vseq) constraint num_
PRE-TICK	FACT-GATED-CROSS-FILE	opentitan	hw/top_darjeeling/ip_autogen/clkmgr/dv/env/seq_lib/clkmgr_extclk_vseq.sv	343	343	347	7	9805	clkmgr_base_vseq @ stimuli/sv/subs/opentitan/hw/top_darjeeling/ip_autogen/clkmgr/dv/env/seq_lib/clkmgr_base_vseq.sv	nds clkmgr_base_vseq; `uvm_object_utils(clkmgr_extclk_vseq) `uvm_object_new
PRE-TICK	FACT-GATED-CROSS-FILE	opentitan	hw/top_darjeeling/ip_autogen/clkmgr/dv/env/seq_lib/clkmgr_frequency_timeout_vseq.sv	358	358	362	7	5372	clkmgr_base_vseq @ stimuli/sv/subs/opentitan/hw/top_darjeeling/ip_autogen/clkmgr/dv/env/seq_lib/clkmgr_base_vseq.sv	nds clkmgr_base_vseq; `uvm_object_utils(clkmgr_frequency_timeout_vseq) `uvm
PRE-TICK	FACT-GATED-CROSS-FILE	opentitan	hw/top_darjeeling/ip_autogen/clkmgr/dv/env/seq_lib/clkmgr_frequency_vseq.sv	342	342	346	7	8686	clkmgr_base_vseq @ stimuli/sv/subs/opentitan/hw/top_darjeeling/ip_autogen/clkmgr/dv/env/seq_lib/clkmgr_base_vseq.sv	nds clkmgr_base_vseq; `uvm_object_utils(clkmgr_frequency_vseq) `uvm_object_
PRE-TICK	FACT-GATED-CROSS-FILE	opentitan	hw/top_darjeeling/ip_autogen/clkmgr/dv/env/seq_lib/clkmgr_peri_vseq.sv	879	879	883	17	2111	clkmgr_base_vseq @ stimuli/sv/subs/opentitan/hw/top_darjeeling/ip_autogen/clkmgr/dv/env/seq_lib/clkmgr_base_vseq.sv	nds clkmgr_base_vseq; `uvm_object_utils(clkmgr_peri_vseq) `uvm_object_new
PRE-TICK	FACT-GATED-CROSS-FILE	opentitan	hw/top_darjeeling/ip_autogen/clkmgr/dv/env/seq_lib/clkmgr_regwen_vseq.sv	412	412	416	7	4189	clkmgr_base_vseq @ stimuli/sv/subs/opentitan/hw/top_darjeeling/ip_autogen/clkmgr/dv/env/seq_lib/clkmgr_base_vseq.sv	nds clkmgr_base_vseq; `uvm_object_utils(clkmgr_regwen_vseq) `uvm_object_new
PRE-TICK	FACT-GATED-CROSS-FILE	opentitan	hw/top_darjeeling/ip_autogen/clkmgr/dv/env/seq_lib/clkmgr_smoke_vseq.sv	238	238	242	6	4652	clkmgr_base_vseq @ stimuli/sv/subs/opentitan/hw/top_darjeeling/ip_autogen/clkmgr/dv/env/seq_lib/clkmgr_base_vseq.sv	nds clkmgr_base_vseq; `uvm_object_utils(clkmgr_smoke_vseq) `uvm_object_new
PRE-TICK	FACT-GATED-CROSS-FILE	opentitan	hw/top_darjeeling/ip_autogen/clkmgr/dv/env/seq_lib/clkmgr_stress_all_vseq.sv	351	351	355	7	1572	clkmgr_base_vseq @ stimuli/sv/subs/opentitan/hw/top_darjeeling/ip_autogen/clkmgr/dv/env/seq_lib/clkmgr_base_vseq.sv	nds clkmgr_base_vseq; `uvm_object_utils(clkmgr_stress_all_vseq) `uvm_object
PRE-TICK	FACT-GATED-CROSS-FILE	opentitan	hw/top_darjeeling/ip_autogen/clkmgr/dv/env/seq_lib/clkmgr_trans_vseq.sv	912	912	916	18	3842	clkmgr_base_vseq @ stimuli/sv/subs/opentitan/hw/top_darjeeling/ip_autogen/clkmgr/dv/env/seq_lib/clkmgr_base_vseq.sv	nds clkmgr_base_vseq; `uvm_object_utils(clkmgr_trans_vseq) `uvm_object_new
PRE-TICK	FACT-GATED-CROSS-FILE	opentitan	hw/top_darjeeling/ip_autogen/clkmgr/dv/sva/clkmgr_extclk_sva_if.sv	580	581	1177	14	2906	mubi4_t @ stimuli/sv/subs/opentitan/hw/ip/prim/rtl/prim_mubi_pkg.sv	ni, input mubi4_t extclk_ctrl_sel, input mubi4_t extclk_ctrl_hi_speed_sel,
PRE-TICK	FACT-GATED-CROSS-FILE	opentitan	hw/top_darjeeling/ip_autogen/clkmgr/dv/tests/clkmgr_base_test.sv	215	216	272	5	623	cip_base_test @ stimuli/sv/subs/opentitan/hw/dv/sv/cip_lib/cip_base_test.sv	tends cip_base_test #( .CFG_T(clkmgr_env_cfg), .ENV_T(clkmgr_env) ); `uvm
PRE-TICK	FACT-GATED-CROSS-FILE	opentitan	hw/top_darjeeling/ip_autogen/gpio/dv/env/gpio_env.sv	206	207	379	5	885	cip_base_env @ stimuli/sv/subs/opentitan/hw/dv/sv/cip_lib/cip_base_env.sv	xtends cip_base_env #( .CFG_T (gpio_env_cfg), .COV_T
PRE-TICK	FACT-GATED-CROSS-FILE	opentitan	hw/top_darjeeling/ip_autogen/gpio/dv/env/gpio_env_cfg.sv	214	215	644	5	1271	cip_base_env_cfg @ stimuli/sv/subs/opentitan/hw/dv/sv/cip_lib/cip_base_env_cfg.sv	ds cip_base_env_cfg #( .RAL_T(gpio_reg_block) ); // flag to indicate if wea
PRE-TICK	FACT-GATED-CROSS-FILE	opentitan	hw/top_darjeeling/ip_autogen/gpio/dv/env/gpio_scoreboard.sv	219	220	1889	4	41423	cip_base_scoreboard @ stimuli/sv/subs/opentitan/hw/dv/sv/cip_lib/cip_base_scoreboard.sv	cip_base_scoreboard #(.CFG_T (gpio_env_cfg),
PRE-TICK	FACT-GATED-CROSS-FILE	opentitan	hw/top_darjeeling/ip_autogen/gpio/dv/env/seq_lib/gpio_base_vseq.sv	213	214	668	5	4555	cip_base_vseq @ stimuli/sv/subs/opentitan/hw/dv/sv/cip_lib/seq_lib/cip_base_vseq.sv	tends cip_base_vseq #( .CFG_T (gpio_env_cfg), .RAL
PRE-TICK	FACT-GATED-CROSS-FILE	opentitan	hw/top_darjeeling/ip_autogen/gpio/dv/env/seq_lib/gpio_common_vseq.sv	216	216	220	5	688	gpio_base_vseq @ stimuli/sv/subs/opentitan/hw/top_darjeeling/ip_autogen/gpio/dv/env/seq_lib/gpio_base_vseq.sv	tends gpio_base_vseq; `uvm_object_utils(gpio_common_vseq) `uvm_object_new
PRE-TICK	FACT-GATED-CROSS-FILE	opentitan	hw/top_darjeeling/ip_autogen/gpio/dv/env/seq_lib/gpio_dout_din_regs_random_rw_vseq.sv	560	560	565	10	3937	gpio_base_vseq @ stimuli/sv/subs/opentitan/hw/top_darjeeling/ip_autogen/gpio/dv/env/seq_lib/gpio_base_vseq.sv	tends gpio_base_vseq; `uvm_object_utils(gpio_dout_din_regs_random_rw_vseq)
PRE-TICK	FACT-GATED-CROSS-FILE	opentitan	hw/top_darjeeling/ip_autogen/gpio/dv/env/seq_lib/gpio_filter_stress_vseq.sv	1378	1378	1383	22	9534	gpio_intr_with_filter_rand_intr_event_vseq @ stimuli/sv/subs/opentitan/hw/top_darjeeling/ip_autogen/gpio/dv/env/seq_lib/gpio_intr_with_filter_rand_intr_event_vseq.sv	rand_intr_event_vseq; `uvm_object_utils(gpio_filter_stress_vseq) `uvm_objec
PRE-TICK	FACT-GATED-CROSS-FILE	opentitan	hw/top_darjeeling/ip_autogen/gpio/dv/env/seq_lib/gpio_full_random_vseq.sv	600	600	868	12	11597	gpio_random_long_reg_writes_reg_reads_vseq @ stimuli/sv/subs/opentitan/hw/top_darjeeling/ip_autogen/gpio/dv/env/seq_lib/gpio_random_long_reg_writes_reg_reads_vseq.sv	rites_reg_reads_vseq; // predicted value of DATA_OUT rtl implementation regis
PRE-TICK	FACT-GATED-CROSS-FILE	opentitan	hw/top_darjeeling/ip_autogen/gpio/dv/env/seq_lib/gpio_inp_prd_cnt_vseq.sv	221	221	225	5	4497	gpio_base_vseq @ stimuli/sv/subs/opentitan/hw/top_darjeeling/ip_autogen/gpio/dv/env/seq_lib/gpio_base_vseq.sv	tends gpio_base_vseq; `uvm_object_utils(gpio_inp_prd_cnt_vseq) // Random va
PRE-TICK	FACT-GATED-CROSS-FILE	opentitan	hw/top_darjeeling/ip_autogen/gpio/dv/env/seq_lib/gpio_intr_rand_pgm_vseq.sv	708	708	713	16	3319	gpio_base_vseq @ stimuli/sv/subs/opentitan/hw/top_darjeeling/ip_autogen/gpio/dv/env/seq_lib/gpio_base_vseq.sv	tends gpio_base_vseq; `uvm_object_utils(gpio_intr_rand_pgm_vseq) `uvm_objec
PRE-TICK	FACT-GATED-CROSS-FILE	opentitan	hw/top_darjeeling/ip_autogen/gpio/dv/env/seq_lib/gpio_intr_with_filter_rand_intr_event_vseq.sv	938	938	2183	15	14310	gpio_base_vseq @ stimuli/sv/subs/opentitan/hw/top_darjeeling/ip_autogen/gpio/dv/env/seq_lib/gpio_base_vseq.sv	tends gpio_base_vseq; // Random variable to specify for how many cycles one w
PRE-TICK	FACT-GATED-CROSS-FILE	opentitan	hw/top_darjeeling/ip_autogen/gpio/dv/env/seq_lib/gpio_rand_intr_trigger_vseq.sv	743	743	813	16	3908	gpio_base_vseq @ stimuli/sv/subs/opentitan/hw/top_darjeeling/ip_autogen/gpio/dv/env/seq_lib/gpio_base_vseq.sv	tends gpio_base_vseq; constraint num_trans_c { num_trans inside {[20:200]
PRE-TICK	FACT-GATED-CROSS-FILE	opentitan	hw/top_darjeeling/ip_autogen/gpio/dv/env/seq_lib/gpio_rand_straps_vseq.sv	925	925	930	15	4927	gpio_base_vseq @ stimuli/sv/subs/opentitan/hw/top_darjeeling/ip_autogen/gpio/dv/env/seq_lib/gpio_base_vseq.sv	tends gpio_base_vseq; `uvm_object_utils(gpio_rand_straps_vseq) // gpio inp
PRE-TICK	FACT-GATED-CROSS-FILE	opentitan	hw/top_darjeeling/ip_autogen/gpio/dv/env/seq_lib/gpio_random_dout_din_vseq.sv	695	695	700	15	3488	gpio_base_vseq @ stimuli/sv/subs/opentitan/hw/top_darjeeling/ip_autogen/gpio/dv/env/seq_lib/gpio_base_vseq.sv	tends gpio_base_vseq; `uvm_object_utils(gpio_random_dout_din_vseq) `uvm_obj
PRE-TICK	FACT-GATED-CROSS-FILE	opentitan	hw/top_darjeeling/ip_autogen/gpio/dv/env/seq_lib/gpio_random_long_reg_writes_reg_reads_vseq.sv	597	597	602	11	6345	gpio_base_vseq @ stimuli/sv/subs/opentitan/hw/top_darjeeling/ip_autogen/gpio/dv/env/seq_lib/gpio_base_vseq.sv	tends gpio_base_vseq; `uvm_object_utils(gpio_random_long_reg_writes_reg_reads
PRE-TICK	FACT-GATED-CROSS-FILE	opentitan	hw/top_darjeeling/ip_autogen/gpio/dv/env/seq_lib/gpio_smoke_vseq.sv	451	451	455	10	3374	gpio_base_vseq @ stimuli/sv/subs/opentitan/hw/top_darjeeling/ip_autogen/gpio/dv/env/seq_lib/gpio_base_vseq.sv	tends gpio_base_vseq; `uvm_object_utils(gpio_smoke_vseq) // gpio input to d
PRE-TICK	FACT-GATED-CROSS-FILE	opentitan	hw/top_darjeeling/ip_autogen/gpio/dv/env/seq_lib/gpio_stress_all_vseq.sv	432	432	436	8	1888	gpio_base_vseq @ stimuli/sv/subs/opentitan/hw/top_darjeeling/ip_autogen/gpio/dv/env/seq_lib/gpio_base_vseq.sv	tends gpio_base_vseq; `uvm_object_utils(gpio_stress_all_vseq) `uvm_object_n
PRE-TICK	FACT-GATED-CROSS-FILE	opentitan	hw/top_darjeeling/ip_autogen/gpio/dv/tests/gpio_base_test.sv	212	213	264	4	939	cip_base_test @ stimuli/sv/subs/opentitan/hw/dv/sv/cip_lib/cip_base_test.sv	tends cip_base_test #( .ENV_T(gpio_env), .CFG_T(gpio_env_cfg) ); `uvm_comp
PRE-TICK	FACT-GATED-CROSS-FILE	opentitan	hw/top_darjeeling/ip_autogen/otp_ctrl/dv/env/otp_ctrl_env.sv	228	228	565	6	3759	otp_ctrl_env_cfg @ stimuli/sv/subs/opentitan/hw/top_darjeeling/ip_autogen/otp_ctrl/dv/env/otp_ctrl_env_cfg.sv	T = otp_ctrl_env_cfg, type COV_T = otp_ctrl_env_cov, type VIRTUAL_SE
PRE-TICK	FACT-GATED-CROSS-FILE	opentitan	hw/top_darjeeling/ip_autogen/otp_ctrl/dv/env/otp_ctrl_scoreboard.sv	227	227	354	4	104886	otp_ctrl_env_cfg @ stimuli/sv/subs/opentitan/hw/top_darjeeling/ip_autogen/otp_ctrl/dv/env/otp_ctrl_env_cfg.sv	T = otp_ctrl_env_cfg) extends cip_base_scoreboard #( .CFG_T(CFG_T), .R
PRE-TICK	FACT-GATED-CROSS-FILE	opentitan	hw/top_darjeeling/ip_autogen/otp_ctrl/dv/env/otp_ctrl_virtual_sequencer.sv	238	239	308	5	697	cip_base_virtual_sequencer @ stimuli/sv/subs/opentitan/hw/dv/sv/cip_lib/cip_base_virtual_sequencer.sv	e_virtual_sequencer #( .CFG_T(otp_ctrl_env_cfg), .COV_T(otp_ctrl_env_cov
PRE-TICK	FACT-GATED-CROSS-FILE	opentitan	hw/top_darjeeling/ip_autogen/otp_ctrl/dv/env/seq_lib/otp_ctrl_background_chks_vseq.sv	334	334	338	7	2662	otp_ctrl_dai_lock_vseq @ stimuli/sv/subs/opentitan/hw/top_darjeeling/ip_autogen/otp_ctrl/dv/env/seq_lib/otp_ctrl_dai_lock_vseq.sv	p_ctrl_dai_lock_vseq; `uvm_object_utils(otp_ctrl_background_chks_vseq) `uvm
PRE-TICK	FACT-GATED-CROSS-FILE	opentitan	hw/top_darjeeling/ip_autogen/otp_ctrl/dv/env/seq_lib/otp_ctrl_base_vseq.sv	216	217	423	4	34136	cip_base_vseq @ stimuli/sv/subs/opentitan/hw/dv/sv/cip_lib/seq_lib/cip_base_vseq.sv	tends cip_base_vseq #( .RAL_T (otp_ctrl_core_reg_block), .
PRE-TICK	FACT-GATED-CROSS-FILE	opentitan	hw/top_darjeeling/ip_autogen/otp_ctrl/dv/env/seq_lib/otp_ctrl_callback_vseq.sv	273	274	480	6	828	cip_base_vseq @ stimuli/sv/subs/opentitan/hw/dv/sv/cip_lib/seq_lib/cip_base_vseq.sv	tends cip_base_vseq #( .RAL_T (otp_ctrl_core_reg_block), .
PRE-TICK	FACT-GATED-CROSS-FILE	opentitan	hw/top_darjeeling/ip_autogen/otp_ctrl/dv/env/seq_lib/otp_ctrl_check_fail_vseq.sv	380	380	384	9	1010	otp_ctrl_dai_lock_vseq @ stimuli/sv/subs/opentitan/hw/top_darjeeling/ip_autogen/otp_ctrl/dv/env/seq_lib/otp_ctrl_dai_lock_vseq.sv	p_ctrl_dai_lock_vseq; `uvm_object_utils(otp_ctrl_check_fail_vseq) `uvm_obje
PRE-TICK	FACT-GATED-CROSS-FILE	opentitan	hw/top_darjeeling/ip_autogen/otp_ctrl/dv/env/seq_lib/otp_ctrl_common_vseq.sv	224	224	228	5	10046	otp_ctrl_base_vseq @ stimuli/sv/subs/opentitan/hw/top_darjeeling/ip_autogen/otp_ctrl/dv/env/seq_lib/otp_ctrl_base_vseq.sv	s otp_ctrl_base_vseq; `uvm_object_utils(otp_ctrl_common_vseq) rand bit [TL_
PRE-TICK	FACT-GATED-CROSS-FILE	opentitan	hw/top_darjeeling/ip_autogen/otp_ctrl/dv/env/seq_lib/otp_ctrl_dai_errs_vseq.sv	535	535	539	9	1522	otp_ctrl_dai_lock_vseq @ stimuli/sv/subs/opentitan/hw/top_darjeeling/ip_autogen/otp_ctrl/dv/env/seq_lib/otp_ctrl_dai_lock_vseq.sv	p_ctrl_dai_lock_vseq; `uvm_object_utils(otp_ctrl_dai_errs_vseq) bit[31:0] e
PRE-TICK	FACT-GATED-CROSS-FILE	opentitan	hw/top_darjeeling/ip_autogen/otp_ctrl/dv/env/seq_lib/otp_ctrl_init_fail_vseq.sv	1355	1355	1359	23	11074	otp_ctrl_smoke_vseq @ stimuli/sv/subs/opentitan/hw/top_darjeeling/ip_autogen/otp_ctrl/dv/env/seq_lib/otp_ctrl_smoke_vseq.sv	otp_ctrl_smoke_vseq; `uvm_object_utils(otp_ctrl_init_fail_vseq) `uvm_objec
PRE-TICK	FACT-GATED-CROSS-FILE	opentitan	hw/top_darjeeling/ip_autogen/otp_ctrl/dv/env/seq_lib/otp_ctrl_low_freq_read_vseq.sv	328	328	332	6	2712	otp_ctrl_base_vseq @ stimuli/sv/subs/opentitan/hw/top_darjeeling/ip_autogen/otp_ctrl/dv/env/seq_lib/otp_ctrl_base_vseq.sv	s otp_ctrl_base_vseq; `uvm_object_utils(otp_ctrl_low_freq_read_vseq) `uvm_o
PRE-TICK	FACT-GATED-CROSS-FILE	opentitan	hw/top_darjeeling/ip_autogen/otp_ctrl/dv/env/seq_lib/otp_ctrl_macro_errs_vseq.sv	356	356	360	8	617	otp_ctrl_dai_lock_vseq @ stimuli/sv/subs/opentitan/hw/top_darjeeling/ip_autogen/otp_ctrl/dv/env/seq_lib/otp_ctrl_dai_lock_vseq.sv	p_ctrl_dai_lock_vseq; `uvm_object_utils(otp_ctrl_macro_errs_vseq) `uvm_obje
PRE-TICK	FACT-GATED-CROSS-FILE	opentitan	hw/top_darjeeling/ip_autogen/otp_ctrl/dv/env/seq_lib/otp_ctrl_parallel_base_vseq.sv	558	558	562	11	1184	otp_ctrl_dai_lock_vseq @ stimuli/sv/subs/opentitan/hw/top_darjeeling/ip_autogen/otp_ctrl/dv/env/seq_lib/otp_ctrl_dai_lock_vseq.sv	p_ctrl_dai_lock_vseq; `uvm_object_utils(otp_ctrl_parallel_base_vseq) `uvm_o
PRE-TICK	FACT-GATED-CROSS-FILE	opentitan	hw/top_darjeeling/ip_autogen/otp_ctrl/dv/env/seq_lib/otp_ctrl_parallel_key_req_vseq.sv	441	441	445	9	1241	otp_ctrl_parallel_base_vseq @ stimuli/sv/subs/opentitan/hw/ip_templates/otp_ctrl/dv/env/seq_lib/otp_ctrl_parallel_base_vseq.sv	l_parallel_base_vseq; `uvm_object_utils(otp_ctrl_parallel_key_req_vseq) `uv
PRE-TICK	FACT-GATED-CROSS-FILE	opentitan	hw/top_darjeeling/ip_autogen/otp_ctrl/dv/env/seq_lib/otp_ctrl_parallel_lc_esc_vseq.sv	463	463	467	9	3717	otp_ctrl_dai_lock_vseq @ stimuli/sv/subs/opentitan/hw/top_darjeeling/ip_autogen/otp_ctrl/dv/env/seq_lib/otp_ctrl_dai_lock_vseq.sv	p_ctrl_dai_lock_vseq; `uvm_object_utils(otp_ctrl_parallel_lc_esc_vseq) `uvm
PRE-TICK	FACT-GATED-CROSS-FILE	opentitan	hw/top_darjeeling/ip_autogen/otp_ctrl/dv/env/seq_lib/otp_ctrl_parallel_lc_req_vseq.sv	484	484	488	11	1695	otp_ctrl_parallel_base_vseq @ stimuli/sv/subs/opentitan/hw/ip_templates/otp_ctrl/dv/env/seq_lib/otp_ctrl_parallel_base_vseq.sv	l_parallel_base_vseq; `uvm_object_utils(otp_ctrl_parallel_lc_req_vseq) `uvm
PRE-TICK	FACT-GATED-CROSS-FILE	opentitan	hw/top_darjeeling/ip_autogen/otp_ctrl/dv/env/seq_lib/otp_ctrl_partition_walk_vseq.sv	311	311	315	6	1903	otp_ctrl_base_vseq @ stimuli/sv/subs/opentitan/hw/top_darjeeling/ip_autogen/otp_ctrl/dv/env/seq_lib/otp_ctrl_base_vseq.sv	s otp_ctrl_base_vseq; `uvm_object_utils(otp_ctrl_partition_walk_vseq) `uvm_
PRE-TICK	FACT-GATED-CROSS-FILE	opentitan	hw/top_darjeeling/ip_autogen/otp_ctrl/dv/env/seq_lib/otp_ctrl_regwen_vseq.sv	472	472	476	9	2739	otp_ctrl_smoke_vseq @ stimuli/sv/subs/opentitan/hw/top_darjeeling/ip_autogen/otp_ctrl/dv/env/seq_lib/otp_ctrl_smoke_vseq.sv	otp_ctrl_smoke_vseq; `uvm_object_utils(otp_ctrl_regwen_vseq) `uvm_object_ne
PRE-TICK	FACT-GATED-CROSS-FILE	opentitan	hw/top_darjeeling/ip_autogen/otp_ctrl/dv/env/seq_lib/otp_ctrl_stress_all_vseq.sv	755	755	759	12	3449	otp_ctrl_base_vseq @ stimuli/sv/subs/opentitan/hw/top_darjeeling/ip_autogen/otp_ctrl/dv/env/seq_lib/otp_ctrl_base_vseq.sv	s otp_ctrl_base_vseq; `uvm_object_utils(otp_ctrl_stress_all_vseq) string se
PRE-TICK	FACT-GATED-CROSS-FILE	opentitan	hw/top_darjeeling/ip_autogen/otp_ctrl/dv/env/seq_lib/otp_ctrl_test_access_vseq.sv	233	233	237	5	1992	otp_ctrl_dai_lock_vseq @ stimuli/sv/subs/opentitan/hw/top_darjeeling/ip_autogen/otp_ctrl/dv/env/seq_lib/otp_ctrl_dai_lock_vseq.sv	p_ctrl_dai_lock_vseq; `uvm_object_utils(otp_ctrl_test_access_vseq) `uvm_obj
PRE-TICK	FACT-GATED-CROSS-FILE	opentitan	hw/top_darjeeling/ip_autogen/otp_ctrl/dv/env/seq_lib/otp_ctrl_wake_up_vseq.sv	225	225	229	5	1972	otp_ctrl_base_vseq @ stimuli/sv/subs/opentitan/hw/top_darjeeling/ip_autogen/otp_ctrl/dv/env/seq_lib/otp_ctrl_base_vseq.sv	s otp_ctrl_base_vseq; `uvm_object_utils(otp_ctrl_wake_up_vseq) `uvm_object_
PRE-TICK	FACT-GATED-CROSS-FILE	opentitan	hw/top_darjeeling/ip_autogen/otp_ctrl/dv/tests/otp_ctrl_base_test.sv	232	232	1679	6	1995	otp_ctrl_env_cfg @ stimuli/sv/subs/opentitan/hw/top_darjeeling/ip_autogen/otp_ctrl/dv/env/otp_ctrl_env_cfg.sv	T = otp_ctrl_env_cfg, type ENV_T = otp_ctrl_env ) extends cip_base_test #(
PRE-TICK	FACT-GATED-CROSS-FILE	opentitan	hw/top_darjeeling/ip_autogen/pinmux/rtl/pinmux_strap_sampling.sv	432	433	7235	13	20097	target_cfg_t @ stimuli/sv/subs/opentitan/hw/top_darjeeling/ip_autogen/pinmux/rtl/pinmux_pkg.sv	ameter target_cfg_t TargetCfg = DefaultTargetCfg ) ( input
PRE-TICK	FACT-GATED-CROSS-FILE	opentitan	hw/top_darjeeling/ip_autogen/pwrmgr/dv/env/pwrmgr_env.sv	208	209	389	5	2204	cip_base_env @ stimuli/sv/subs/opentitan/hw/dv/sv/cip_lib/cip_base_env.sv	xtends cip_base_env #( .CFG_T (pwrmgr_env_cfg), .COV_T
PRE-TICK	FACT-GATED-CROSS-FILE	opentitan	hw/top_darjeeling/ip_autogen/pwrmgr/dv/env/pwrmgr_env_cfg.sv	216	217	491	5	1786	cip_base_env_cfg @ stimuli/sv/subs/opentitan/hw/dv/sv/cip_lib/cip_base_env_cfg.sv	ds cip_base_env_cfg #( .RAL_T(pwrmgr_reg_block) ); // disable fault csr rea
PRE-TICK	FACT-GATED-CROSS-FILE	opentitan	hw/top_darjeeling/ip_autogen/pwrmgr/dv/env/pwrmgr_scoreboard.sv	222	223	310	5	14111	cip_base_scoreboard @ stimuli/sv/subs/opentitan/hw/dv/sv/cip_lib/cip_base_scoreboard.sv	cip_base_scoreboard #( .CFG_T(pwrmgr_env_cfg), .RAL_T(pwrmgr_reg_block), .
PRE-TICK	FACT-GATED-CROSS-FILE	opentitan	hw/top_darjeeling/ip_autogen/pwrmgr/dv/env/pwrmgr_virtual_sequencer.sv	236	237	296	5	376	cip_base_virtual_sequencer @ stimuli/sv/subs/opentitan/hw/dv/sv/cip_lib/cip_base_virtual_sequencer.sv	e_virtual_sequencer #( .CFG_T(pwrmgr_env_cfg), .COV_T(pwrmgr_env_cov) ); `
PRE-TICK	FACT-GATED-CROSS-FILE	opentitan	hw/top_darjeeling/ip_autogen/pwrmgr/dv/env/seq_lib/pwrmgr_aborted_low_power_vseq.sv	488	488	492	8	4453	pwrmgr_base_vseq @ stimuli/sv/subs/opentitan/hw/top_darjeeling/ip_autogen/pwrmgr/dv/env/seq_lib/pwrmgr_base_vseq.sv	nds pwrmgr_base_vseq; `uvm_object_utils(pwrmgr_aborted_low_power_vseq) `uvm
PRE-TICK	FACT-GATED-CROSS-FILE	opentitan	hw/top_darjeeling/ip_autogen/pwrmgr/dv/env/seq_lib/pwrmgr_base_vseq.sv	215	216	395	5	36181	cip_base_vseq @ stimuli/sv/subs/opentitan/hw/dv/sv/cip_lib/seq_lib/cip_base_vseq.sv	tends cip_base_vseq #( .RAL_T (pwrmgr_reg_block), .CFG_T
PRE-TICK	FACT-GATED-CROSS-FILE	opentitan	hw/top_darjeeling/ip_autogen/pwrmgr/dv/env/seq_lib/pwrmgr_common_vseq.sv	220	220	224	5	4970	pwrmgr_base_vseq @ stimuli/sv/subs/opentitan/hw/top_darjeeling/ip_autogen/pwrmgr/dv/env/seq_lib/pwrmgr_base_vseq.sv	nds pwrmgr_base_vseq; `uvm_object_utils(pwrmgr_common_vseq) constraint num_
PRE-TICK	FACT-GATED-CROSS-FILE	opentitan	hw/top_darjeeling/ip_autogen/pwrmgr/dv/env/seq_lib/pwrmgr_disable_rom_integrity_check_vseq.sv	309	309	314	6	5442	pwrmgr_base_vseq @ stimuli/sv/subs/opentitan/hw/top_darjeeling/ip_autogen/pwrmgr/dv/env/seq_lib/pwrmgr_base_vseq.sv	nds pwrmgr_base_vseq; `uvm_object_utils(pwrmgr_disable_rom_integrity_check_vs
PRE-TICK	FACT-GATED-CROSS-FILE	opentitan	hw/top_darjeeling/ip_autogen/pwrmgr/dv/env/seq_lib/pwrmgr_esc_clk_rst_malfunc_vseq.sv	624	624	628	11	1929	pwrmgr_base_vseq @ stimuli/sv/subs/opentitan/hw/top_darjeeling/ip_autogen/pwrmgr/dv/env/seq_lib/pwrmgr_base_vseq.sv	nds pwrmgr_base_vseq; `uvm_object_utils(pwrmgr_esc_clk_rst_malfunc_vseq) `u
PRE-TICK	FACT-GATED-CROSS-FILE	opentitan	hw/top_darjeeling/ip_autogen/pwrmgr/dv/env/seq_lib/pwrmgr_escalation_timeout_vseq.sv	360	360	364	8	4094	pwrmgr_base_vseq @ stimuli/sv/subs/opentitan/hw/top_darjeeling/ip_autogen/pwrmgr/dv/env/seq_lib/pwrmgr_base_vseq.sv	nds pwrmgr_base_vseq; `uvm_object_utils(pwrmgr_escalation_timeout_vseq) `uv
PRE-TICK	FACT-GATED-CROSS-FILE	opentitan	hw/top_darjeeling/ip_autogen/pwrmgr/dv/env/seq_lib/pwrmgr_glitch_vseq.sv	317	317	321	7	1411	pwrmgr_base_vseq @ stimuli/sv/subs/opentitan/hw/top_darjeeling/ip_autogen/pwrmgr/dv/env/seq_lib/pwrmgr_base_vseq.sv	nds pwrmgr_base_vseq; `uvm_object_utils(pwrmgr_glitch_vseq) `uvm_object_new
PRE-TICK	FACT-GATED-CROSS-FILE	opentitan	hw/top_darjeeling/ip_autogen/pwrmgr/dv/env/seq_lib/pwrmgr_global_esc_vseq.sv	361	361	365	8	1670	pwrmgr_base_vseq @ stimuli/sv/subs/opentitan/hw/top_darjeeling/ip_autogen/pwrmgr/dv/env/seq_lib/pwrmgr_base_vseq.sv	nds pwrmgr_base_vseq; `uvm_object_utils(pwrmgr_global_esc_vseq) `uvm_object
PRE-TICK	FACT-GATED-CROSS-FILE	opentitan	hw/top_darjeeling/ip_autogen/pwrmgr/dv/env/seq_lib/pwrmgr_lowpower_invalid_vseq.sv	313	313	318	6	5140	pwrmgr_base_vseq @ stimuli/sv/subs/opentitan/hw/top_darjeeling/ip_autogen/pwrmgr/dv/env/seq_lib/pwrmgr_base_vseq.sv	nds pwrmgr_base_vseq; `uvm_object_utils(pwrmgr_lowpower_invalid_vseq) `uvm_
PRE-TICK	FACT-GATED-CROSS-FILE	opentitan	hw/top_darjeeling/ip_autogen/pwrmgr/dv/env/seq_lib/pwrmgr_lowpower_wakeup_race_vseq.sv	446	446	450	8	5300	pwrmgr_base_vseq @ stimuli/sv/subs/opentitan/hw/top_darjeeling/ip_autogen/pwrmgr/dv/env/seq_lib/pwrmgr_base_vseq.sv	nds pwrmgr_base_vseq; `uvm_object_utils(pwrmgr_lowpower_wakeup_race_vseq) `
PRE-TICK	FACT-GATED-CROSS-FILE	opentitan	hw/top_darjeeling/ip_autogen/pwrmgr/dv/env/seq_lib/pwrmgr_repeat_wakeup_reset_vseq.sv	425	425	429	7	2788	pwrmgr_wakeup_reset_vseq @ stimuli/sv/subs/opentitan/hw/top_darjeeling/ip_autogen/pwrmgr/dv/env/seq_lib/pwrmgr_wakeup_reset_vseq.sv	gr_wakeup_reset_vseq; `uvm_object_utils(pwrmgr_repeat_wakeup_reset_vseq) `u
PRE-TICK	FACT-GATED-CROSS-FILE	opentitan	hw/top_darjeeling/ip_autogen/pwrmgr/dv/env/seq_lib/pwrmgr_reset_invalid_vseq.sv	307	307	312	6	4903	pwrmgr_base_vseq @ stimuli/sv/subs/opentitan/hw/top_darjeeling/ip_autogen/pwrmgr/dv/env/seq_lib/pwrmgr_base_vseq.sv	nds pwrmgr_base_vseq; `uvm_object_utils(pwrmgr_reset_invalid_vseq) `uvm_obj
PRE-TICK	FACT-GATED-CROSS-FILE	opentitan	hw/top_darjeeling/ip_autogen/pwrmgr/dv/env/seq_lib/pwrmgr_reset_vseq.sv	328	328	333	7	2978	pwrmgr_base_vseq @ stimuli/sv/subs/opentitan/hw/top_darjeeling/ip_autogen/pwrmgr/dv/env/seq_lib/pwrmgr_base_vseq.sv	nds pwrmgr_base_vseq; `uvm_object_utils(pwrmgr_reset_vseq) `uvm_object_new
PRE-TICK	FACT-GATED-CROSS-FILE	opentitan	hw/top_darjeeling/ip_autogen/pwrmgr/dv/env/seq_lib/pwrmgr_sec_cm_ctrl_config_regwen_vseq.sv	496	496	500	9	1913	pwrmgr_wakeup_vseq @ stimuli/sv/subs/opentitan/hw/ip_templates/pwrmgr/dv/env/seq_lib/pwrmgr_wakeup_vseq.sv	s pwrmgr_wakeup_vseq; `uvm_object_utils(pwrmgr_sec_cm_ctrl_config_regwen_vseq)
PRE-TICK	FACT-GATED-CROSS-FILE	opentitan	hw/top_darjeeling/ip_autogen/pwrmgr/dv/env/seq_lib/pwrmgr_smoke_vseq.sv	352	352	356	9	2919	pwrmgr_base_vseq @ stimuli/sv/subs/opentitan/hw/top_darjeeling/ip_autogen/pwrmgr/dv/env/seq_lib/pwrmgr_base_vseq.sv	nds pwrmgr_base_vseq; `uvm_object_utils(pwrmgr_smoke_vseq) `uvm_object_new
PRE-TICK	FACT-GATED-CROSS-FILE	opentitan	hw/top_darjeeling/ip_autogen/pwrmgr/dv/env/seq_lib/pwrmgr_stress_all_vseq.sv	351	351	355	7	1417	pwrmgr_base_vseq @ stimuli/sv/subs/opentitan/hw/top_darjeeling/ip_autogen/pwrmgr/dv/env/seq_lib/pwrmgr_base_vseq.sv	nds pwrmgr_base_vseq; `uvm_object_utils(pwrmgr_stress_all_vseq) `uvm_object
PRE-TICK	FACT-GATED-CROSS-FILE	opentitan	hw/top_darjeeling/ip_autogen/pwrmgr/dv/env/seq_lib/pwrmgr_sw_reset_vseq.sv	292	292	297	6	1777	pwrmgr_base_vseq @ stimuli/sv/subs/opentitan/hw/top_darjeeling/ip_autogen/pwrmgr/dv/env/seq_lib/pwrmgr_base_vseq.sv	nds pwrmgr_base_vseq; `uvm_object_utils(pwrmgr_sw_reset_vseq) `uvm_object_n
PRE-TICK	FACT-GATED-CROSS-FILE	opentitan	hw/top_darjeeling/ip_autogen/pwrmgr/dv/env/seq_lib/pwrmgr_wakeup_reset_vseq.sv	612	612	616	10	5660	pwrmgr_base_vseq @ stimuli/sv/subs/opentitan/hw/top_darjeeling/ip_autogen/pwrmgr/dv/env/seq_lib/pwrmgr_base_vseq.sv	nds pwrmgr_base_vseq; `uvm_object_utils(pwrmgr_wakeup_reset_vseq) `uvm_obje
PRE-TICK	FACT-GATED-CROSS-FILE	opentitan	hw/top_darjeeling/ip_autogen/pwrmgr/dv/env/seq_lib/pwrmgr_wakeup_vseq.sv	333	333	337	7	4671	pwrmgr_base_vseq @ stimuli/sv/subs/opentitan/hw/top_darjeeling/ip_autogen/pwrmgr/dv/env/seq_lib/pwrmgr_base_vseq.sv	nds pwrmgr_base_vseq; `uvm_object_utils(pwrmgr_wakeup_vseq) `uvm_object_new
PRE-TICK	FACT-GATED-CROSS-FILE	opentitan	hw/top_darjeeling/ip_autogen/pwrmgr/dv/sva/pwrmgr_rstreqs_sva_if.sv	953	965	1155	24	4071	reset_cause_e @ stimuli/sv/subs/opentitan/hw/top_darjeeling/dv/env/seq_lib/chip_sw_full_aon_reset_vseq.sv	_cause_e reset_cause, input logic [HwResetWidth-1:0] rstreqs );
PRE-TICK	FACT-GATED-CROSS-FILE	opentitan	hw/top_darjeeling/ip_autogen/pwrmgr/dv/tests/pwrmgr_base_test.sv	215	216	272	5	623	cip_base_test @ stimuli/sv/subs/opentitan/hw/dv/sv/cip_lib/cip_base_test.sv	tends cip_base_test #( .CFG_T(pwrmgr_env_cfg), .ENV_T(pwrmgr_env) ); `uvm
PRE-TICK	FACT-GATED-CROSS-FILE	opentitan	hw/top_darjeeling/ip_autogen/rstmgr/dv/env/rstmgr_env.sv	208	209	389	5	1937	cip_base_env @ stimuli/sv/subs/opentitan/hw/dv/sv/cip_lib/cip_base_env.sv	xtends cip_base_env #( .CFG_T (rstmgr_env_cfg), .COV_T
PRE-TICK	FACT-GATED-CROSS-FILE	opentitan	hw/top_darjeeling/ip_autogen/rstmgr/dv/env/rstmgr_env_cfg.sv	216	217	373	5	1002	cip_base_env_cfg @ stimuli/sv/subs/opentitan/hw/dv/sv/cip_lib/cip_base_env_cfg.sv	ds cip_base_env_cfg #( .RAL_T(rstmgr_reg_block) ); // This scoreboard handl
PRE-TICK	FACT-GATED-CROSS-FILE	opentitan	hw/top_darjeeling/ip_autogen/rstmgr/dv/env/rstmgr_env_cov.sv	878	879	912	31	3206	cip_base_env_cov @ stimuli/sv/subs/opentitan/hw/dv/sv/cip_lib/cip_base_env_cov.sv	ds cip_base_env_cov #( .CFG_T(rstmgr_env_cfg) ); `uvm_component_utils(rstmgr
PRE-TICK	FACT-GATED-CROSS-FILE	opentitan	hw/top_darjeeling/ip_autogen/rstmgr/dv/env/rstmgr_scoreboard.sv	222	223	310	5	12197	cip_base_scoreboard @ stimuli/sv/subs/opentitan/hw/dv/sv/cip_lib/cip_base_scoreboard.sv	cip_base_scoreboard #( .CFG_T(rstmgr_env_cfg), .RAL_T(rstmgr_reg_block), .
PRE-TICK	FACT-GATED-CROSS-FILE	opentitan	hw/top_darjeeling/ip_autogen/rstmgr/dv/env/rstmgr_virtual_sequencer.sv	236	237	296	5	376	cip_base_virtual_sequencer @ stimuli/sv/subs/opentitan/hw/dv/sv/cip_lib/cip_base_virtual_sequencer.sv	e_virtual_sequencer #( .CFG_T(rstmgr_env_cfg), .COV_T(rstmgr_env_cov) ); `
PRE-TICK	FACT-GATED-CROSS-FILE	opentitan	hw/top_darjeeling/ip_autogen/rstmgr/dv/env/seq_lib/rstmgr_base_vseq.sv	215	216	396	5	21324	cip_base_vseq @ stimuli/sv/subs/opentitan/hw/dv/sv/cip_lib/seq_lib/cip_base_vseq.sv	tends cip_base_vseq #( .RAL_T (rstmgr_reg_block), .CFG_T
PRE-TICK	FACT-GATED-CROSS-FILE	opentitan	hw/top_darjeeling/ip_autogen/rstmgr/dv/env/seq_lib/rstmgr_common_vseq.sv	220	220	224	5	427	rstmgr_base_vseq @ stimuli/sv/subs/opentitan/hw/top_darjeeling/ip_autogen/rstmgr/dv/env/seq_lib/rstmgr_base_vseq.sv	nds rstmgr_base_vseq; `uvm_object_utils(rstmgr_common_vseq) constraint num_
PRE-TICK	FACT-GATED-CROSS-FILE	opentitan	hw/top_darjeeling/ip_autogen/rstmgr/dv/env/seq_lib/rstmgr_leaf_rst_cnsty_vseq.sv	483	483	487	13	9495	rstmgr_base_vseq @ stimuli/sv/subs/opentitan/hw/top_darjeeling/ip_autogen/rstmgr/dv/env/seq_lib/rstmgr_base_vseq.sv	nds rstmgr_base_vseq; `uvm_object_utils(rstmgr_leaf_rst_cnsty_vseq) `uvm_ob
PRE-TICK	FACT-GATED-CROSS-FILE	opentitan	hw/top_darjeeling/ip_autogen/rstmgr/dv/env/seq_lib/rstmgr_leaf_rst_shadow_attack_vseq.sv	363	363	367	7	3131	rstmgr_base_vseq @ stimuli/sv/subs/opentitan/hw/top_darjeeling/ip_autogen/rstmgr/dv/env/seq_lib/rstmgr_base_vseq.sv	nds rstmgr_base_vseq; `uvm_object_utils(rstmgr_leaf_rst_shadow_attack_vseq)
PRE-TICK	FACT-GATED-CROSS-FILE	opentitan	hw/top_darjeeling/ip_autogen/rstmgr/dv/env/seq_lib/rstmgr_por_stretcher_vseq.sv	591	591	595	9	2012	rstmgr_base_vseq @ stimuli/sv/subs/opentitan/hw/top_darjeeling/ip_autogen/rstmgr/dv/env/seq_lib/rstmgr_base_vseq.sv	nds rstmgr_base_vseq; `uvm_object_utils(rstmgr_por_stretcher_vseq) `uvm_obj
PRE-TICK	FACT-GATED-CROSS-FILE	opentitan	hw/top_darjeeling/ip_autogen/rstmgr/dv/env/seq_lib/rstmgr_reset_vseq.sv	392	392	396	9	7085	rstmgr_base_vseq @ stimuli/sv/subs/opentitan/hw/top_darjeeling/ip_autogen/rstmgr/dv/env/seq_lib/rstmgr_base_vseq.sv	nds rstmgr_base_vseq; `uvm_object_utils(rstmgr_reset_vseq) `uvm_object_new
PRE-TICK	FACT-GATED-CROSS-FILE	opentitan	hw/top_darjeeling/ip_autogen/rstmgr/dv/env/seq_lib/rstmgr_sec_cm_scan_intersig_mubi_vseq.sv	317	317	322	7	1651	rstmgr_smoke_vseq @ stimuli/sv/subs/opentitan/hw/top_darjeeling/ip_autogen/rstmgr/dv/env/seq_lib/rstmgr_smoke_vseq.sv	ds rstmgr_smoke_vseq; `uvm_object_utils(rstmgr_sec_cm_scan_intersig_mubi_vseq
PRE-TICK	FACT-GATED-CROSS-FILE	opentitan	hw/top_darjeeling/ip_autogen/rstmgr/dv/env/seq_lib/rstmgr_smoke_vseq.sv	360	360	365	7	5132	rstmgr_base_vseq @ stimuli/sv/subs/opentitan/hw/top_darjeeling/ip_autogen/rstmgr/dv/env/seq_lib/rstmgr_base_vseq.sv	nds rstmgr_base_vseq; `uvm_object_utils(rstmgr_smoke_vseq) `uvm_object_new
PRE-TICK	FACT-GATED-CROSS-FILE	opentitan	hw/top_darjeeling/ip_autogen/rstmgr/dv/env/seq_lib/rstmgr_stress_all_vseq.sv	351	351	355	7	1480	rstmgr_base_vseq @ stimuli/sv/subs/opentitan/hw/top_darjeeling/ip_autogen/rstmgr/dv/env/seq_lib/rstmgr_base_vseq.sv	nds rstmgr_base_vseq; `uvm_object_utils(rstmgr_stress_all_vseq) `uvm_object
PRE-TICK	FACT-GATED-CROSS-FILE	opentitan	hw/top_darjeeling/ip_autogen/rstmgr/dv/env/seq_lib/rstmgr_sw_rst_reset_race_vseq.sv	649	649	653	11	2349	rstmgr_base_vseq @ stimuli/sv/subs/opentitan/hw/top_darjeeling/ip_autogen/rstmgr/dv/env/seq_lib/rstmgr_base_vseq.sv	nds rstmgr_base_vseq; `uvm_object_utils(rstmgr_sw_rst_reset_race_vseq) `uvm
PRE-TICK	FACT-GATED-CROSS-FILE	opentitan	hw/top_darjeeling/ip_autogen/rstmgr/dv/env/seq_lib/rstmgr_sw_rst_vseq.sv	634	634	638	11	2457	rstmgr_base_vseq @ stimuli/sv/subs/opentitan/hw/top_darjeeling/ip_autogen/rstmgr/dv/env/seq_lib/rstmgr_base_vseq.sv	nds rstmgr_base_vseq; `uvm_object_utils(rstmgr_sw_rst_vseq) `uvm_object_new
PRE-TICK	FACT-GATED-CROSS-FILE	opentitan	hw/top_darjeeling/ip_autogen/rstmgr/dv/tests/rstmgr_base_test.sv	215	216	272	5	623	cip_base_test @ stimuli/sv/subs/opentitan/hw/dv/sv/cip_lib/cip_base_test.sv	tends cip_base_test #( .CFG_T(rstmgr_env_cfg), .ENV_T(rstmgr_env) ); `uvm
PRE-TICK	FACT-GATED-CROSS-FILE	opentitan	hw/top_earlgrey/dv/env/chip_common_pkg.sv	976	977	2104	23	6186	uint @ stimuli/sv/subs/opentitan/hw/dv/sv/dv_utils/dv_utils_pkg.sv	; parameter uint ROM_CONSOLE_UART = 0; // ROM banner values. parameter s
PRE-TICK	FACT-GATED-CROSS-FILE	opentitan	hw/top_earlgrey/dv/env/chip_env.sv	206	207	379	5	7671	cip_base_env @ stimuli/sv/subs/opentitan/hw/dv/sv/cip_lib/cip_base_env.sv	xtends cip_base_env #( .CFG_T (chip_env_cfg), .COV_T
PRE-TICK	FACT-GATED-CROSS-FILE	opentitan	hw/top_earlgrey/dv/env/chip_env_cfg.sv	259	260	3830	5	22651	cip_base_env_cfg @ stimuli/sv/subs/opentitan/hw/dv/sv/cip_lib/cip_base_env_cfg.sv	ds cip_base_env_cfg #( .RAL_T(RAL_T) ); // Testbench settings uart_ag
PRE-TICK	FACT-GATED-CROSS-FILE	opentitan	hw/top_earlgrey/dv/env/chip_env_cov.sv	1663	1664	1691	55	2315	cip_base_env_cov @ stimuli/sv/subs/opentitan/hw/dv/sv/cip_lib/cip_base_env_cov.sv	ds cip_base_env_cov #(.CFG_T(chip_env_cfg)); `uvm_component_utils(chip_env_cov
PRE-TICK	FACT-GATED-CROSS-FILE	opentitan	hw/top_earlgrey/dv/env/chip_scoreboard.sv	265	266	346	5	3229	cip_base_scoreboard @ stimuli/sv/subs/opentitan/hw/dv/sv/cip_lib/cip_base_scoreboard.sv	cip_base_scoreboard #( .CFG_T(chip_env_cfg), .RAL_T(RAL_T), .COV_T(c
PRE-TICK	FACT-GATED-CROSS-FILE	opentitan	hw/top_earlgrey/dv/env/chip_virtual_sequencer.sv	234	235	296	5	1129	cip_base_virtual_sequencer @ stimuli/sv/subs/opentitan/hw/dv/sv/cip_lib/cip_base_virtual_sequencer.sv	e_virtual_sequencer #( .CFG_T(chip_env_cfg), .COV_T(chip_env_cov) );
PRE-TICK	FACT-GATED-CROSS-FILE	opentitan	hw/top_earlgrey/dv/env/seq_lib/chip_base_vseq.sv	262	263	425	7	17470	cip_base_vseq @ stimuli/sv/subs/opentitan/hw/dv/sv/cip_lib/seq_lib/cip_base_vseq.sv	tends cip_base_vseq #( .CFG_T (chip_env_cfg), .RAL_T
PRE-TICK	FACT-GATED-CROSS-FILE	opentitan	hw/top_earlgrey/dv/env/seq_lib/chip_callback_vseq.sv	217	218	404	5	951	cip_base_vseq @ stimuli/sv/subs/opentitan/hw/dv/sv/cip_lib/seq_lib/cip_base_vseq.sv	tends cip_base_vseq #( .CFG_T (chip_env_cfg), .RAL_T
PRE-TICK	FACT-GATED-CROSS-FILE	opentitan	hw/top_earlgrey/dv/env/seq_lib/chip_common_vseq.sv	225	225	229	5	2906	chip_stub_cpu_base_vseq @ stimuli/sv/subs/opentitan/hw/top_darjeeling/dv/env/seq_lib/chip_stub_cpu_base_vseq.sv	p_stub_cpu_base_vseq; `uvm_object_utils(chip_common_vseq) constraint num_tr
PRE-TICK	FACT-GATED-CROSS-FILE	opentitan	hw/top_earlgrey/dv/env/seq_lib/chip_jtag_base_vseq.sv	513	513	541	11	1622	chip_sw_base_vseq @ stimuli/sv/subs/opentitan/hw/top_darjeeling/dv/env/seq_lib/chip_sw_base_vseq.sv	ds chip_sw_base_vseq; uvm_mem test_mems[$]; `uvm_object_utils(chip_jtag_base
PRE-TICK	FACT-GATED-CROSS-FILE	opentitan	hw/top_earlgrey/dv/env/seq_lib/chip_jtag_csr_rw_vseq.sv	277	277	281	6	1578	chip_common_vseq @ stimuli/sv/subs/opentitan/hw/top_darjeeling/dv/env/seq_lib/chip_common_vseq.sv	nds chip_common_vseq; `uvm_object_utils(chip_jtag_csr_rw_vseq) `uvm_object_
PRE-TICK	FACT-GATED-CROSS-FILE	opentitan	hw/top_earlgrey/dv/env/seq_lib/chip_jtag_mem_vseq.sv	485	485	513	9	2173	chip_common_vseq @ stimuli/sv/subs/opentitan/hw/top_darjeeling/dv/env/seq_lib/chip_common_vseq.sv	nds chip_common_vseq; uvm_mem test_mems[$]; `uvm_object_utils(chip_jtag_mem_
PRE-TICK	FACT-GATED-CROSS-FILE	opentitan	hw/top_earlgrey/dv/env/seq_lib/chip_padctrl_attributes_vseq.sv	296	296	300	6	35970	chip_stub_cpu_base_vseq @ stimuli/sv/subs/opentitan/hw/top_darjeeling/dv/env/seq_lib/chip_stub_cpu_base_vseq.sv	p_stub_cpu_base_vseq; `uvm_object_utils(chip_padctrl_attributes_vseq) `uvm_o
PRE-TICK	FACT-GATED-CROSS-FILE	opentitan	hw/top_earlgrey/dv/env/seq_lib/chip_prim_tl_access_vseq.sv	573	573	577	9	4922	chip_stub_cpu_base_vseq @ stimuli/sv/subs/opentitan/hw/top_darjeeling/dv/env/seq_lib/chip_stub_cpu_base_vseq.sv	p_stub_cpu_base_vseq; `uvm_object_utils(chip_prim_tl_access_vseq) `uvm_obje
PRE-TICK	FACT-GATED-CROSS-FILE	opentitan	hw/top_earlgrey/dv/env/seq_lib/chip_rv_dm_lc_disabled_vseq.sv	1010	1010	1014	18	9594	chip_stub_cpu_base_vseq @ stimuli/sv/subs/opentitan/hw/top_darjeeling/dv/env/seq_lib/chip_stub_cpu_base_vseq.sv	p_stub_cpu_base_vseq; `uvm_object_utils(chip_rv_dm_lc_disabled_vseq) `uvm_o
PRE-TICK	FACT-GATED-CROSS-FILE	opentitan	hw/top_earlgrey/dv/env/seq_lib/chip_rv_dm_ndm_reset_vseq.sv	283	283	287	6	712	chip_jtag_base_vseq @ stimuli/sv/subs/opentitan/hw/top_darjeeling/dv/env/seq_lib/chip_jtag_base_vseq.sv	chip_jtag_base_vseq; `uvm_object_utils(chip_rv_dm_ndm_reset_vseq) `uvm_obje
PRE-TICK	FACT-GATED-CROSS-FILE	opentitan	hw/top_earlgrey/dv/env/seq_lib/chip_stub_cpu_base_vseq.sv	399	399	403	8	6395	chip_base_vseq @ stimuli/sv/subs/opentitan/hw/top_darjeeling/dv/env/seq_lib/chip_base_vseq.sv	tends chip_base_vseq; `uvm_object_utils(chip_stub_cpu_base_vseq) // Control
PRE-TICK	FACT-GATED-CROSS-FILE	opentitan	hw/top_earlgrey/dv/env/seq_lib/chip_sw_adc_ctrl_sleep_debug_cable_wakeup_vseq.sv	249	249	253	5	8339	chip_sw_base_vseq @ stimuli/sv/subs/opentitan/hw/top_darjeeling/dv/env/seq_lib/chip_sw_base_vseq.sv	ds chip_sw_base_vseq; `uvm_object_utils(chip_sw_adc_ctrl_sleep_debug_cable_wak
PRE-TICK	FACT-GATED-CROSS-FILE	opentitan	hw/top_earlgrey/dv/env/seq_lib/chip_sw_aes_masking_off_vseq.sv	598	598	602	11	8533	chip_sw_base_vseq @ stimuli/sv/subs/opentitan/hw/top_darjeeling/dv/env/seq_lib/chip_sw_base_vseq.sv	ds chip_sw_base_vseq; `uvm_object_utils(chip_sw_aes_masking_off_vseq) `uvm_
PRE-TICK	FACT-GATED-CROSS-FILE	opentitan	hw/top_earlgrey/dv/env/seq_lib/chip_sw_alert_handler_entropy_vseq.sv	535	535	539	9	1808	chip_sw_base_vseq @ stimuli/sv/subs/opentitan/hw/top_darjeeling/dv/env/seq_lib/chip_sw_base_vseq.sv	ds chip_sw_base_vseq; `uvm_object_utils(chip_sw_alert_handler_entropy_vseq)
PRE-TICK	FACT-GATED-CROSS-FILE	opentitan	hw/top_earlgrey/dv/env/seq_lib/chip_sw_alert_handler_escalation_vseq.sv	240	240	244	5	2573	chip_sw_base_vseq @ stimuli/sv/subs/opentitan/hw/top_darjeeling/dv/env/seq_lib/chip_sw_base_vseq.sv	ds chip_sw_base_vseq; `uvm_object_utils(chip_sw_alert_handler_escalation_vseq)
PRE-TICK	FACT-GATED-CROSS-FILE	opentitan	hw/top_earlgrey/dv/env/seq_lib/chip_sw_alert_handler_lpg_clkoff_vseq.sv	240	240	244	5	825	chip_sw_base_vseq @ stimuli/sv/subs/opentitan/hw/top_darjeeling/dv/env/seq_lib/chip_sw_base_vseq.sv	ds chip_sw_base_vseq; `uvm_object_utils(chip_sw_alert_handler_lpg_clkoff_vseq)
PRE-TICK	FACT-GATED-CROSS-FILE	opentitan	hw/top_earlgrey/dv/env/seq_lib/chip_sw_alert_handler_shorten_ping_wait_cycle_vseq.sv	253	253	257	5	1035	chip_sw_base_vseq @ stimuli/sv/subs/opentitan/hw/top_darjeeling/dv/env/seq_lib/chip_sw_base_vseq.sv	ds chip_sw_base_vseq; `uvm_object_utils(chip_sw_alert_handler_shorten_ping_wai
PRE-TICK	FACT-GATED-CROSS-FILE	opentitan	hw/top_earlgrey/dv/env/seq_lib/chip_sw_all_escalation_resets_vseq.sv	237	237	241	5	7925	chip_sw_base_vseq @ stimuli/sv/subs/opentitan/hw/top_darjeeling/dv/env/seq_lib/chip_sw_base_vseq.sv	ds chip_sw_base_vseq; `uvm_object_utils(chip_sw_all_escalation_resets_vseq)
PRE-TICK	FACT-GATED-CROSS-FILE	opentitan	hw/top_earlgrey/dv/env/seq_lib/chip_sw_ast_clk_outputs_vseq.sv	231	231	235	5	957	chip_sw_base_vseq @ stimuli/sv/subs/opentitan/hw/top_darjeeling/dv/env/seq_lib/chip_sw_base_vseq.sv	ds chip_sw_base_vseq; `uvm_object_utils(chip_sw_ast_clk_outputs_vseq) `uvm_
PRE-TICK	FACT-GATED-CROSS-FILE	opentitan	hw/top_earlgrey/dv/env/seq_lib/chip_sw_ast_clk_rst_inputs_vseq.sv	234	234	238	5	7052	chip_sw_base_vseq @ stimuli/sv/subs/opentitan/hw/top_darjeeling/dv/env/seq_lib/chip_sw_base_vseq.sv	ds chip_sw_base_vseq; `uvm_object_utils(chip_sw_ast_clk_rst_inputs_vseq) `u
PRE-TICK	FACT-GATED-CROSS-FILE	opentitan	hw/top_earlgrey/dv/env/seq_lib/chip_sw_ate_bootstrap_disjoint_vseq.sv	472	472	476	9	6280	chip_sw_base_vseq @ stimuli/sv/subs/opentitan/hw/top_darjeeling/dv/env/seq_lib/chip_sw_base_vseq.sv	ds chip_sw_base_vseq; `uvm_object_utils(chip_sw_ate_bootstrap_disjoint_vseq)
PRE-TICK	FACT-GATED-CROSS-FILE	opentitan	hw/top_earlgrey/dv/env/seq_lib/chip_sw_ate_bootstrap_flash_erase_vseq.sv	473	473	477	9	2246	chip_sw_base_vseq @ stimuli/sv/subs/opentitan/hw/top_darjeeling/dv/env/seq_lib/chip_sw_base_vseq.sv	ds chip_sw_base_vseq; `uvm_object_utils(chip_sw_ate_bootstrap_flash_erase_vseq
PRE-TICK	FACT-GATED-CROSS-FILE	opentitan	hw/top_earlgrey/dv/env/seq_lib/chip_sw_ate_bootstrap_one_frame_vseq.sv	469	469	473	9	3625	chip_sw_base_vseq @ stimuli/sv/subs/opentitan/hw/top_darjeeling/dv/env/seq_lib/chip_sw_base_vseq.sv	ds chip_sw_base_vseq; `uvm_object_utils(chip_sw_ate_bootstrap_one_frame_vseq)
PRE-TICK	FACT-GATED-CROSS-FILE	opentitan	hw/top_earlgrey/dv/env/seq_lib/chip_sw_base_vseq.sv	217	217	221	5	53110	chip_base_vseq @ stimuli/sv/subs/opentitan/hw/top_darjeeling/dv/env/seq_lib/chip_base_vseq.sv	tends chip_base_vseq; `uvm_object_utils(chip_sw_base_vseq) // Default only
PRE-TICK	FACT-GATED-CROSS-FILE	opentitan	hw/top_earlgrey/dv/env/seq_lib/chip_sw_csrng_lc_hw_debug_en_vseq.sv	405	405	409	8	2863	chip_sw_base_vseq @ stimuli/sv/subs/opentitan/hw/top_darjeeling/dv/env/seq_lib/chip_sw_base_vseq.sv	ds chip_sw_base_vseq; `uvm_object_utils(chip_sw_csrng_lc_hw_debug_en_vseq)
PRE-TICK	FACT-GATED-CROSS-FILE	opentitan	hw/top_earlgrey/dv/env/seq_lib/chip_sw_data_integrity_vseq.sv	230	230	234	5	4682	chip_sw_base_vseq @ stimuli/sv/subs/opentitan/hw/top_darjeeling/dv/env/seq_lib/chip_sw_base_vseq.sv	ds chip_sw_base_vseq; `uvm_object_utils(chip_sw_data_integrity_vseq) `uvm_o
PRE-TICK	FACT-GATED-CROSS-FILE	opentitan	hw/top_earlgrey/dv/env/seq_lib/chip_sw_deep_power_glitch_vseq.sv	233	233	237	5	1096	chip_sw_base_vseq @ stimuli/sv/subs/opentitan/hw/top_darjeeling/dv/env/seq_lib/chip_sw_base_vseq.sv	ds chip_sw_base_vseq; `uvm_object_utils(chip_sw_deep_power_glitch_vseq) `uv
PRE-TICK	FACT-GATED-CROSS-FILE	opentitan	hw/top_earlgrey/dv/env/seq_lib/chip_sw_deep_sleep_all_reset_vseq.sv	236	236	240	5	3091	chip_sw_base_vseq @ stimuli/sv/subs/opentitan/hw/top_darjeeling/dv/env/seq_lib/chip_sw_base_vseq.sv	ds chip_sw_base_vseq; `uvm_object_utils(chip_sw_deep_sleep_all_reset_vseq)
PRE-TICK	FACT-GATED-CROSS-FILE	opentitan	hw/top_earlgrey/dv/env/seq_lib/chip_sw_entropy_src_fuse_vseq.sv	452	452	456	8	2006	chip_sw_base_vseq @ stimuli/sv/subs/opentitan/hw/top_darjeeling/dv/env/seq_lib/chip_sw_base_vseq.sv	ds chip_sw_base_vseq; `uvm_object_utils(chip_sw_entropy_src_fuse_vseq) `uvm
PRE-TICK	FACT-GATED-CROSS-FILE	opentitan	hw/top_earlgrey/dv/env/seq_lib/chip_sw_exit_test_unlocked_bootstrap_vseq.sv	244	244	248	5	3387	chip_sw_base_vseq @ stimuli/sv/subs/opentitan/hw/top_darjeeling/dv/env/seq_lib/chip_sw_base_vseq.sv	ds chip_sw_base_vseq; `uvm_object_utils(chip_sw_exit_test_unlocked_bootstrap_v
PRE-TICK	FACT-GATED-CROSS-FILE	opentitan	hw/top_earlgrey/dv/env/seq_lib/chip_sw_fault_base_vseq.sv	486	486	490	11	1834	chip_sw_base_vseq @ stimuli/sv/subs/opentitan/hw/top_darjeeling/dv/env/seq_lib/chip_sw_base_vseq.sv	ds chip_sw_base_vseq; `uvm_object_utils(chip_sw_fault_base_vseq) `uvm_object
PRE-TICK	FACT-GATED-CROSS-FILE	opentitan	hw/top_earlgrey/dv/env/seq_lib/chip_sw_flash_ctrl_lc_rw_en_vseq.sv	235	235	239	5	2919	chip_sw_base_vseq @ stimuli/sv/subs/opentitan/hw/top_darjeeling/dv/env/seq_lib/chip_sw_base_vseq.sv	ds chip_sw_base_vseq; `uvm_object_utils(chip_sw_flash_ctrl_lc_rw_en_vseq) `
PRE-TICK	FACT-GATED-CROSS-FILE	opentitan	hw/top_earlgrey/dv/env/seq_lib/chip_sw_flash_host_gnt_err_inj_vseq.sv	386	386	390	7	1058	chip_sw_fault_base_vseq @ stimuli/sv/subs/opentitan/hw/top_darjeeling/dv/env/seq_lib/chip_sw_fault_base_vseq.sv	p_sw_fault_base_vseq; `uvm_object_utils(chip_sw_flash_host_gnt_err_inj_vseq)
PRE-TICK	FACT-GATED-CROSS-FILE	opentitan	hw/top_earlgrey/dv/env/seq_lib/chip_sw_flash_init_vseq.sv	226	226	230	5	16306	chip_sw_base_vseq @ stimuli/sv/subs/opentitan/hw/top_darjeeling/dv/env/seq_lib/chip_sw_base_vseq.sv	ds chip_sw_base_vseq; `uvm_object_utils(chip_sw_flash_init_vseq) `uvm_objec
PRE-TICK	FACT-GATED-CROSS-FILE	opentitan	hw/top_earlgrey/dv/env/seq_lib/chip_sw_flash_rma_unlocked_vseq.sv	234	234	238	5	7546	chip_sw_base_vseq @ stimuli/sv/subs/opentitan/hw/top_darjeeling/dv/env/seq_lib/chip_sw_base_vseq.sv	ds chip_sw_base_vseq; `uvm_object_utils(chip_sw_flash_rma_unlocked_vseq) `u
PRE-TICK	FACT-GATED-CROSS-FILE	opentitan	hw/top_earlgrey/dv/env/seq_lib/chip_sw_full_aon_reset_vseq.sv	392	392	396	7	1947	chip_sw_base_vseq @ stimuli/sv/subs/opentitan/hw/top_darjeeling/dv/env/seq_lib/chip_sw_base_vseq.sv	ds chip_sw_base_vseq; `uvm_object_utils(chip_sw_full_aon_reset_vseq) `uvm_o
PRE-TICK	FACT-GATED-CROSS-FILE	opentitan	hw/top_earlgrey/dv/env/seq_lib/chip_sw_gpio_smoke_vseq.sv	303	303	307	6	2568	chip_sw_base_vseq @ stimuli/sv/subs/opentitan/hw/top_darjeeling/dv/env/seq_lib/chip_sw_base_vseq.sv	ds chip_sw_base_vseq; `uvm_object_utils(chip_sw_gpio_smoke_vseq) // We over
PRE-TICK	FACT-GATED-CROSS-FILE	opentitan	hw/top_earlgrey/dv/env/seq_lib/chip_sw_gpio_vseq.sv	220	220	224	5	3722	chip_sw_base_vseq @ stimuli/sv/subs/opentitan/hw/top_darjeeling/dv/env/seq_lib/chip_sw_base_vseq.sv	ds chip_sw_base_vseq; `uvm_object_utils(chip_sw_gpio_vseq) bit [NUM_GPIOS
PRE-TICK	FACT-GATED-CROSS-FILE	opentitan	hw/top_earlgrey/dv/env/seq_lib/chip_sw_i2c_device_tx_rx_vseq.sv	447	447	856	10	12444	chip_sw_i2c_tx_rx_vseq @ stimuli/sv/subs/opentitan/hw/top_darjeeling/dv/env/seq_lib/chip_sw_i2c_tx_rx_vseq.sv	ip_sw_i2c_tx_rx_vseq; typedef i2c_item i2c_transfer_q[$]; typedef i2c_trans
PRE-TICK	FACT-GATED-CROSS-FILE	opentitan	hw/top_earlgrey/dv/env/seq_lib/chip_sw_i2c_host_tx_rx_vseq.sv	927	927	1008	17	4872	chip_sw_i2c_tx_rx_vseq @ stimuli/sv/subs/opentitan/hw/top_darjeeling/dv/env/seq_lib/chip_sw_i2c_tx_rx_vseq.sv	ip_sw_i2c_tx_rx_vseq; /////////////// // VARIABLES // ///////////////
PRE-TICK	FACT-GATED-CROSS-FILE	opentitan	hw/top_earlgrey/dv/env/seq_lib/chip_sw_i2c_tx_rx_vseq.sv	225	225	937	5	3937	chip_sw_base_vseq @ stimuli/sv/subs/opentitan/hw/top_darjeeling/dv/env/seq_lib/chip_sw_base_vseq.sv	ds chip_sw_base_vseq; /////////////// // VARIABLES // ///////////////
PRE-TICK	FACT-GATED-CROSS-FILE	opentitan	hw/top_earlgrey/dv/env/seq_lib/chip_sw_inject_scramble_seed_vseq.sv	236	236	240	5	3175	chip_sw_base_vseq @ stimuli/sv/subs/opentitan/hw/top_darjeeling/dv/env/seq_lib/chip_sw_base_vseq.sv	ds chip_sw_base_vseq; `uvm_object_utils(chip_sw_inject_scramble_seed_vseq)
PRE-TICK	FACT-GATED-CROSS-FILE	opentitan	hw/top_earlgrey/dv/env/seq_lib/chip_sw_keymgr_key_derivation_vseq.sv	1399	1399	1403	23	16265	chip_sw_base_vseq @ stimuli/sv/subs/opentitan/hw/top_darjeeling/dv/env/seq_lib/chip_sw_base_vseq.sv	ds chip_sw_base_vseq; `uvm_object_utils(chip_sw_keymgr_key_derivation_vseq)
PRE-TICK	FACT-GATED-CROSS-FILE	opentitan	hw/top_earlgrey/dv/env/seq_lib/chip_sw_keymgr_sideload_aes_vseq.sv	252	252	256	5	2319	chip_sw_keymgr_key_derivation_vseq @ stimuli/sv/subs/opentitan/hw/top_earlgrey/dv/env/seq_lib/chip_sw_keymgr_key_derivation_vseq.sv	_key_derivation_vseq; `uvm_object_utils(chip_sw_keymgr_sideload_aes_vseq) `
PRE-TICK	FACT-GATED-CROSS-FILE	opentitan	hw/top_earlgrey/dv/env/seq_lib/chip_sw_keymgr_sideload_kmac_vseq.sv	253	253	257	5	1255	chip_sw_keymgr_key_derivation_vseq @ stimuli/sv/subs/opentitan/hw/top_earlgrey/dv/env/seq_lib/chip_sw_keymgr_key_derivation_vseq.sv	_key_derivation_vseq; `uvm_object_utils(chip_sw_keymgr_sideload_kmac_vseq)
PRE-TICK	FACT-GATED-CROSS-FILE	opentitan	hw/top_earlgrey/dv/env/seq_lib/chip_sw_lc_base_vseq.sv	369	369	373	9	1491	chip_sw_base_vseq @ stimuli/sv/subs/opentitan/hw/top_darjeeling/dv/env/seq_lib/chip_sw_base_vseq.sv	ds chip_sw_base_vseq; `uvm_object_utils(chip_sw_lc_base_vseq) `uvm_object_ne
PRE-TICK	FACT-GATED-CROSS-FILE	opentitan	hw/top_earlgrey/dv/env/seq_lib/chip_sw_lc_ctrl_program_error_vseq.sv	304	304	308	6	854	chip_sw_base_vseq @ stimuli/sv/subs/opentitan/hw/top_darjeeling/dv/env/seq_lib/chip_sw_base_vseq.sv	ds chip_sw_base_vseq; `uvm_object_utils(chip_sw_lc_ctrl_program_error_vseq)
PRE-TICK	FACT-GATED-CROSS-FILE	opentitan	hw/top_earlgrey/dv/env/seq_lib/chip_sw_lc_ctrl_scrap_vseq.sv	231	231	235	4	4957	chip_sw_lc_base_vseq @ stimuli/sv/subs/opentitan/hw/top_darjeeling/dv/env/seq_lib/chip_sw_lc_base_vseq.sv	chip_sw_lc_base_vseq; `uvm_object_utils(chip_sw_lc_ctrl_scrap_vseq) `uvm_obj
PRE-TICK	FACT-GATED-CROSS-FILE	opentitan	hw/top_earlgrey/dv/env/seq_lib/chip_sw_lc_ctrl_transition_vseq.sv	466	466	470	10	6969	chip_sw_lc_base_vseq @ stimuli/sv/subs/opentitan/hw/top_darjeeling/dv/env/seq_lib/chip_sw_lc_base_vseq.sv	chip_sw_lc_base_vseq; `uvm_object_utils(chip_sw_lc_ctrl_transition_vseq) `u
PRE-TICK	FACT-GATED-CROSS-FILE	opentitan	hw/top_earlgrey/dv/env/seq_lib/chip_sw_lc_raw_unlock_vseq.sv	229	229	233	5	7627	chip_sw_base_vseq @ stimuli/sv/subs/opentitan/hw/top_darjeeling/dv/env/seq_lib/chip_sw_base_vseq.sv	ds chip_sw_base_vseq; `uvm_object_utils(chip_sw_lc_raw_unlock_vseq) `uvm_ob
PRE-TICK	FACT-GATED-CROSS-FILE	opentitan	hw/top_earlgrey/dv/env/seq_lib/chip_sw_lc_volatile_raw_unlock_vseq.sv	238	238	242	5	4432	chip_sw_base_vseq @ stimuli/sv/subs/opentitan/hw/top_darjeeling/dv/env/seq_lib/chip_sw_base_vseq.sv	ds chip_sw_base_vseq; `uvm_object_utils(chip_sw_lc_volatile_raw_unlock_vseq)
PRE-TICK	FACT-GATED-CROSS-FILE	opentitan	hw/top_earlgrey/dv/env/seq_lib/chip_sw_lc_walkthrough_testunlocks_vseq.sv	242	242	246	5	3200	chip_sw_base_vseq @ stimuli/sv/subs/opentitan/hw/top_darjeeling/dv/env/seq_lib/chip_sw_base_vseq.sv	ds chip_sw_base_vseq; `uvm_object_utils(chip_sw_lc_walkthrough_testunlocks_vse
PRE-TICK	FACT-GATED-CROSS-FILE	opentitan	hw/top_earlgrey/dv/env/seq_lib/chip_sw_lc_walkthrough_vseq.sv	230	230	234	5	4425	chip_sw_base_vseq @ stimuli/sv/subs/opentitan/hw/top_darjeeling/dv/env/seq_lib/chip_sw_base_vseq.sv	ds chip_sw_base_vseq; `uvm_object_utils(chip_sw_lc_walkthrough_vseq) `uvm_o
PRE-TICK	FACT-GATED-CROSS-FILE	opentitan	hw/top_earlgrey/dv/env/seq_lib/chip_sw_main_power_glitch_vseq.sv	233	233	237	5	1315	chip_sw_base_vseq @ stimuli/sv/subs/opentitan/hw/top_darjeeling/dv/env/seq_lib/chip_sw_base_vseq.sv	ds chip_sw_base_vseq; `uvm_object_utils(chip_sw_main_power_glitch_vseq) `uv
PRE-TICK	FACT-GATED-CROSS-FILE	opentitan	hw/top_earlgrey/dv/env/seq_lib/chip_sw_otp_ctrl_escalation_vseq.sv	557	557	561	10	1800	chip_sw_base_vseq @ stimuli/sv/subs/opentitan/hw/top_darjeeling/dv/env/seq_lib/chip_sw_base_vseq.sv	ds chip_sw_base_vseq; `uvm_object_utils(chip_sw_otp_ctrl_escalation_vseq) `
PRE-TICK	FACT-GATED-CROSS-FILE	opentitan	hw/top_earlgrey/dv/env/seq_lib/chip_sw_otp_ctrl_vendor_test_csr_access_vseq.sv	514	514	518	9	3936	chip_sw_base_vseq @ stimuli/sv/subs/opentitan/hw/top_darjeeling/dv/env/seq_lib/chip_sw_base_vseq.sv	ds chip_sw_base_vseq; `uvm_object_utils(chip_sw_otp_ctrl_vendor_test_csr_acces
PRE-TICK	FACT-GATED-CROSS-FILE	opentitan	hw/top_earlgrey/dv/env/seq_lib/chip_sw_otp_ctrl_vendor_test_ecc_error_vseq.sv	550	550	554	10	2252	chip_sw_base_vseq @ stimuli/sv/subs/opentitan/hw/top_darjeeling/dv/env/seq_lib/chip_sw_base_vseq.sv	ds chip_sw_base_vseq; `uvm_object_utils(chip_sw_otp_ctrl_vendor_test_ecc_error
PRE-TICK	FACT-GATED-CROSS-FILE	opentitan	hw/top_earlgrey/dv/env/seq_lib/chip_sw_power_idle_load_vseq.sv	231	231	235	5	1494	chip_sw_base_vseq @ stimuli/sv/subs/opentitan/hw/top_darjeeling/dv/env/seq_lib/chip_sw_base_vseq.sv	ds chip_sw_base_vseq; `uvm_object_utils(chip_sw_power_idle_load_vseq) uint
PRE-TICK	FACT-GATED-CROSS-FILE	opentitan	hw/top_earlgrey/dv/env/seq_lib/chip_sw_power_sleep_load_vseq.sv	232	232	236	5	2585	chip_sw_base_vseq @ stimuli/sv/subs/opentitan/hw/top_darjeeling/dv/env/seq_lib/chip_sw_base_vseq.sv	ds chip_sw_base_vseq; `uvm_object_utils(chip_sw_power_sleep_load_vseq) uint
PRE-TICK	FACT-GATED-CROSS-FILE	opentitan	hw/top_earlgrey/dv/env/seq_lib/chip_sw_power_virus_vseq.sv	227	227	231	5	11188	chip_sw_base_vseq @ stimuli/sv/subs/opentitan/hw/top_darjeeling/dv/env/seq_lib/chip_sw_base_vseq.sv	ds chip_sw_base_vseq; `uvm_object_utils(chip_sw_power_virus_vseq) `uvm_obje
PRE-TICK	FACT-GATED-CROSS-FILE	opentitan	hw/top_earlgrey/dv/env/seq_lib/chip_sw_pwrmgr_deep_sleep_all_wake_ups_vseq.sv	246	246	250	5	5558	chip_sw_base_vseq @ stimuli/sv/subs/opentitan/hw/top_darjeeling/dv/env/seq_lib/chip_sw_base_vseq.sv	ds chip_sw_base_vseq; `uvm_object_utils(chip_sw_pwrmgr_deep_sleep_all_wake_ups
PRE-TICK	FACT-GATED-CROSS-FILE	opentitan	hw/top_earlgrey/dv/env/seq_lib/chip_sw_pwrmgr_sensor_ctrl_deep_sleep_wake_up_vseq.sv	253	253	257	5	940	chip_sw_base_vseq @ stimuli/sv/subs/opentitan/hw/top_darjeeling/dv/env/seq_lib/chip_sw_base_vseq.sv	ds chip_sw_base_vseq; `uvm_object_utils(chip_sw_pwrmgr_sensor_ctrl_deep_sleep_
PRE-TICK	FACT-GATED-CROSS-FILE	opentitan	hw/top_earlgrey/dv/env/seq_lib/chip_sw_random_power_glitch_vseq.sv	235	235	239	5	4881	chip_sw_base_vseq @ stimuli/sv/subs/opentitan/hw/top_darjeeling/dv/env/seq_lib/chip_sw_base_vseq.sv	ds chip_sw_base_vseq; `uvm_object_utils(chip_sw_random_power_glitch_vseq) `
PRE-TICK	FACT-GATED-CROSS-FILE	opentitan	hw/top_earlgrey/dv/env/seq_lib/chip_sw_repeat_reset_wkup_vseq.sv	470	470	474	8	2661	chip_sw_base_vseq @ stimuli/sv/subs/opentitan/hw/top_darjeeling/dv/env/seq_lib/chip_sw_base_vseq.sv	ds chip_sw_base_vseq; `uvm_object_utils(chip_sw_repeat_reset_wkup_vseq) type
PRE-TICK	FACT-GATED-CROSS-FILE	opentitan	hw/top_earlgrey/dv/env/seq_lib/chip_sw_rom_ctrl_integrity_check_vseq.sv	240	240	244	5	3652	chip_sw_base_vseq @ stimuli/sv/subs/opentitan/hw/top_darjeeling/dv/env/seq_lib/chip_sw_base_vseq.sv	ds chip_sw_base_vseq; `uvm_object_utils(chip_sw_rom_ctrl_integrity_check_vseq)
PRE-TICK	FACT-GATED-CROSS-FILE	opentitan	hw/top_earlgrey/dv/env/seq_lib/chip_sw_rom_e2e_asm_init_vseq.sv	232	232	236	5	8851	chip_sw_base_vseq @ stimuli/sv/subs/opentitan/hw/top_darjeeling/dv/env/seq_lib/chip_sw_base_vseq.sv	ds chip_sw_base_vseq; `uvm_object_utils(chip_sw_rom_e2e_asm_init_vseq) `uvm_
PRE-TICK	FACT-GATED-CROSS-FILE	opentitan	hw/top_earlgrey/dv/env/seq_lib/chip_sw_rom_e2e_base_vseq.sv	228	228	232	5	2753	chip_sw_base_vseq @ stimuli/sv/subs/opentitan/hw/top_darjeeling/dv/env/seq_lib/chip_sw_base_vseq.sv	ds chip_sw_base_vseq; `uvm_object_utils(chip_sw_rom_e2e_base_vseq) `uvm_obje
PRE-TICK	FACT-GATED-CROSS-FILE	opentitan	hw/top_earlgrey/dv/env/seq_lib/chip_sw_rom_e2e_jtag_debug_vseq.sv	234	234	238	5	11188	chip_sw_base_vseq @ stimuli/sv/subs/opentitan/hw/top_darjeeling/dv/env/seq_lib/chip_sw_base_vseq.sv	ds chip_sw_base_vseq; `uvm_object_utils(chip_sw_rom_e2e_jtag_debug_vseq) `uv
PRE-TICK	FACT-GATED-CROSS-FILE	opentitan	hw/top_earlgrey/dv/env/seq_lib/chip_sw_rom_e2e_jtag_inject_vseq.sv	235	235	239	5	5783	chip_sw_base_vseq @ stimuli/sv/subs/opentitan/hw/top_darjeeling/dv/env/seq_lib/chip_sw_base_vseq.sv	ds chip_sw_base_vseq; `uvm_object_utils(chip_sw_rom_e2e_jtag_inject_vseq) `u
PRE-TICK	FACT-GATED-CROSS-FILE	opentitan	hw/top_earlgrey/dv/env/seq_lib/chip_sw_rom_e2e_self_hash_gls_vseq.sv	247	247	251	6	1403	chip_sw_rom_e2e_base_vseq @ stimuli/sv/subs/opentitan/hw/top_darjeeling/dv/env/seq_lib/chip_sw_rom_e2e_base_vseq.sv	sw_rom_e2e_base_vseq; `uvm_object_utils(chip_sw_rom_e2e_self_hash_gls_vseq)
PRE-TICK	FACT-GATED-CROSS-FILE	opentitan	hw/top_earlgrey/dv/env/seq_lib/chip_sw_rom_e2e_shutdown_exception_c_vseq.sv	252	252	256	5	719	chip_sw_rom_e2e_base_vseq @ stimuli/sv/subs/opentitan/hw/top_darjeeling/dv/env/seq_lib/chip_sw_rom_e2e_base_vseq.sv	sw_rom_e2e_base_vseq; `uvm_object_utils(chip_sw_rom_e2e_shutdown_exception_c_v
PRE-TICK	FACT-GATED-CROSS-FILE	opentitan	hw/top_earlgrey/dv/env/seq_lib/chip_sw_rom_e2e_shutdown_output_vseq.sv	249	249	253	6	1407	chip_sw_rom_e2e_base_vseq @ stimuli/sv/subs/opentitan/hw/top_darjeeling/dv/env/seq_lib/chip_sw_rom_e2e_base_vseq.sv	sw_rom_e2e_base_vseq; `uvm_object_utils(chip_sw_rom_e2e_shutdown_output_vseq)
PRE-TICK	FACT-GATED-CROSS-FILE	opentitan	hw/top_earlgrey/dv/env/seq_lib/chip_sw_rom_e2e_sigverify_always_a_bad_b_bad_vseq.sv	262	262	266	6	885	chip_sw_rom_e2e_base_vseq @ stimuli/sv/subs/opentitan/hw/top_darjeeling/dv/env/seq_lib/chip_sw_rom_e2e_base_vseq.sv	sw_rom_e2e_base_vseq; `uvm_object_utils(chip_sw_rom_e2e_sigverify_always_a_bad
PRE-TICK	FACT-GATED-CROSS-FILE	opentitan	hw/top_earlgrey/dv/env/seq_lib/chip_sw_rstmgr_cnsty_fault_vseq.sv	503	503	507	10	758	chip_sw_fault_base_vseq @ stimuli/sv/subs/opentitan/hw/top_darjeeling/dv/env/seq_lib/chip_sw_fault_base_vseq.sv	p_sw_fault_base_vseq; `uvm_object_utils(chip_sw_rstmgr_cnsty_fault_vseq) `u
PRE-TICK	FACT-GATED-CROSS-FILE	opentitan	hw/top_earlgrey/dv/env/seq_lib/chip_sw_rv_core_ibex_icache_invalidate_vseq.sv	246	246	250	5	2857	chip_sw_base_vseq @ stimuli/sv/subs/opentitan/hw/top_darjeeling/dv/env/seq_lib/chip_sw_base_vseq.sv	ds chip_sw_base_vseq; `uvm_object_utils(chip_sw_rv_core_ibex_icache_invalidate
PRE-TICK	FACT-GATED-CROSS-FILE	opentitan	hw/top_earlgrey/dv/env/seq_lib/chip_sw_rv_core_ibex_lockstep_glitch_vseq.sv	377	377	381	7	38718	chip_sw_base_vseq @ stimuli/sv/subs/opentitan/hw/top_darjeeling/dv/env/seq_lib/chip_sw_base_vseq.sv	ds chip_sw_base_vseq; `uvm_object_utils(chip_sw_rv_core_ibex_lockstep_glitch_v
PRE-TICK	FACT-GATED-CROSS-FILE	opentitan	hw/top_earlgrey/dv/env/seq_lib/chip_sw_rv_dm_access_after_escalation_reset_vseq.sv	638	638	642	11	3444	chip_sw_base_vseq @ stimuli/sv/subs/opentitan/hw/top_darjeeling/dv/env/seq_lib/chip_sw_base_vseq.sv	ds chip_sw_base_vseq; `uvm_object_utils(chip_sw_rv_dm_access_after_escalation_
PRE-TICK	FACT-GATED-CROSS-FILE	opentitan	hw/top_earlgrey/dv/env/seq_lib/chip_sw_rv_dm_access_after_wakeup_vseq.sv	241	241	245	5	4592	chip_sw_base_vseq @ stimuli/sv/subs/opentitan/hw/top_darjeeling/dv/env/seq_lib/chip_sw_base_vseq.sv	ds chip_sw_base_vseq; `uvm_object_utils(chip_sw_rv_dm_access_after_wakeup_vseq
PRE-TICK	FACT-GATED-CROSS-FILE	opentitan	hw/top_earlgrey/dv/env/seq_lib/chip_sw_rv_dm_ndm_reset_when_cpu_halted_vseq.sv	344	344	348	6	6640	chip_sw_base_vseq @ stimuli/sv/subs/opentitan/hw/top_darjeeling/dv/env/seq_lib/chip_sw_base_vseq.sv	ds chip_sw_base_vseq; `uvm_object_utils(chip_sw_rv_dm_ndm_reset_when_cpu_halte
PRE-TICK	FACT-GATED-CROSS-FILE	opentitan	hw/top_earlgrey/dv/env/seq_lib/chip_sw_sensor_ctrl_status_intr_vseq.sv	239	239	243	5	2628	chip_sw_base_vseq @ stimuli/sv/subs/opentitan/hw/top_darjeeling/dv/env/seq_lib/chip_sw_base_vseq.sv	ds chip_sw_base_vseq; `uvm_object_utils(chip_sw_sensor_ctrl_status_intr_vseq)
PRE-TICK	FACT-GATED-CROSS-FILE	opentitan	hw/top_earlgrey/dv/env/seq_lib/chip_sw_sleep_pin_mio_dio_val_vseq.sv	237	237	241	5	8364	chip_sw_base_vseq @ stimuli/sv/subs/opentitan/hw/top_darjeeling/dv/env/seq_lib/chip_sw_base_vseq.sv	ds chip_sw_base_vseq; `uvm_object_utils(chip_sw_sleep_pin_mio_dio_val_vseq)
PRE-TICK	FACT-GATED-CROSS-FILE	opentitan	hw/top_earlgrey/dv/env/seq_lib/chip_sw_sleep_pin_retention_vseq.sv	235	235	239	5	2666	chip_sw_base_vseq @ stimuli/sv/subs/opentitan/hw/top_darjeeling/dv/env/seq_lib/chip_sw_base_vseq.sv	ds chip_sw_base_vseq; `uvm_object_utils(chip_sw_sleep_pin_retention_vseq) `u
PRE-TICK	FACT-GATED-CROSS-FILE	opentitan	hw/top_earlgrey/dv/env/seq_lib/chip_sw_sleep_pin_wake_vseq.sv	911	911	915	22	6013	chip_sw_base_vseq @ stimuli/sv/subs/opentitan/hw/top_darjeeling/dv/env/seq_lib/chip_sw_base_vseq.sv	ds chip_sw_base_vseq; `uvm_object_utils(chip_sw_sleep_pin_wake_vseq) `uvm_ob
PRE-TICK	FACT-GATED-CROSS-FILE	opentitan	hw/top_earlgrey/dv/env/seq_lib/chip_sw_sleep_por_reset_vseq.sv	231	231	235	5	1739	chip_sw_base_vseq @ stimuli/sv/subs/opentitan/hw/top_darjeeling/dv/env/seq_lib/chip_sw_base_vseq.sv	ds chip_sw_base_vseq; `uvm_object_utils(chip_sw_sleep_por_reset_vseq) `uvm_
PRE-TICK	FACT-GATED-CROSS-FILE	opentitan	hw/top_earlgrey/dv/env/seq_lib/chip_sw_spi_device_pinmux_sleep_retention_vseq.sv	249	249	253	5	6156	chip_sw_base_vseq @ stimuli/sv/subs/opentitan/hw/top_darjeeling/dv/env/seq_lib/chip_sw_base_vseq.sv	ds chip_sw_base_vseq; `uvm_object_utils(chip_sw_spi_device_pinmux_sleep_retent
PRE-TICK	FACT-GATED-CROSS-FILE	opentitan	hw/top_earlgrey/dv/env/seq_lib/chip_sw_spi_device_tpm_vseq.sv	230	230	234	5	2665	chip_sw_base_vseq @ stimuli/sv/subs/opentitan/hw/top_darjeeling/dv/env/seq_lib/chip_sw_base_vseq.sv	ds chip_sw_base_vseq; `uvm_object_utils(chip_sw_spi_device_tpm_vseq) `uvm_o
PRE-TICK	FACT-GATED-CROSS-FILE	opentitan	hw/top_earlgrey/dv/env/seq_lib/chip_sw_spi_host_tx_rx_vseq.sv	230	230	234	5	2682	chip_sw_base_vseq @ stimuli/sv/subs/opentitan/hw/top_darjeeling/dv/env/seq_lib/chip_sw_base_vseq.sv	ds chip_sw_base_vseq; `uvm_object_utils(chip_sw_spi_host_tx_rx_vseq) `uvm_o
PRE-TICK	FACT-GATED-CROSS-FILE	opentitan	hw/top_earlgrey/dv/env/seq_lib/chip_sw_spi_passthrough_collision_vseq.sv	467	467	471	8	8975	chip_sw_spi_passthrough_vseq @ stimuli/sv/subs/opentitan/hw/top_darjeeling/dv/env/seq_lib/chip_sw_spi_passthrough_vseq.sv	spi_passthrough_vseq; `uvm_object_utils(chip_sw_spi_passthrough_collision_vseq
PRE-TICK	FACT-GATED-CROSS-FILE	opentitan	hw/top_earlgrey/dv/env/seq_lib/chip_sw_spi_passthrough_vseq.sv	231	231	235	5	9202	chip_sw_base_vseq @ stimuli/sv/subs/opentitan/hw/top_darjeeling/dv/env/seq_lib/chip_sw_base_vseq.sv	ds chip_sw_base_vseq; `uvm_object_utils(chip_sw_spi_passthrough_vseq) // Th
PRE-TICK	FACT-GATED-CROSS-FILE	opentitan	hw/top_earlgrey/dv/env/seq_lib/chip_sw_sram_ctrl_execution_main_vseq.sv	240	240	244	5	2017	chip_sw_base_vseq @ stimuli/sv/subs/opentitan/hw/top_darjeeling/dv/env/seq_lib/chip_sw_base_vseq.sv	ds chip_sw_base_vseq; `uvm_object_utils(chip_sw_sram_ctrl_execution_main_vseq)
PRE-TICK	FACT-GATED-CROSS-FILE	opentitan	hw/top_earlgrey/dv/env/seq_lib/chip_sw_sram_ctrl_scrambled_access_vseq.sv	242	242	246	5	11520	chip_sw_base_vseq @ stimuli/sv/subs/opentitan/hw/top_darjeeling/dv/env/seq_lib/chip_sw_base_vseq.sv	ds chip_sw_base_vseq; `uvm_object_utils(chip_sw_sram_ctrl_scrambled_access_vse
PRE-TICK	FACT-GATED-CROSS-FILE	opentitan	hw/top_earlgrey/dv/env/seq_lib/chip_sw_sysrst_ctrl_ec_rst_l_vseq.sv	236	236	240	5	6271	chip_sw_base_vseq @ stimuli/sv/subs/opentitan/hw/top_darjeeling/dv/env/seq_lib/chip_sw_base_vseq.sv	ds chip_sw_base_vseq; `uvm_object_utils(chip_sw_sysrst_ctrl_ec_rst_l_vseq)
PRE-TICK	FACT-GATED-CROSS-FILE	opentitan	hw/top_earlgrey/dv/env/seq_lib/chip_sw_sysrst_ctrl_in_irq_vseq.sv	234	234	238	5	4035	chip_sw_base_vseq @ stimuli/sv/subs/opentitan/hw/top_darjeeling/dv/env/seq_lib/chip_sw_base_vseq.sv	ds chip_sw_base_vseq; `uvm_object_utils(chip_sw_sysrst_ctrl_in_irq_vseq) `u
PRE-TICK	FACT-GATED-CROSS-FILE	opentitan	hw/top_earlgrey/dv/env/seq_lib/chip_sw_sysrst_ctrl_inputs_vseq.sv	234	234	238	5	2628	chip_sw_base_vseq @ stimuli/sv/subs/opentitan/hw/top_darjeeling/dv/env/seq_lib/chip_sw_base_vseq.sv	ds chip_sw_base_vseq; `uvm_object_utils(chip_sw_sysrst_ctrl_inputs_vseq) `u
PRE-TICK	FACT-GATED-CROSS-FILE	opentitan	hw/top_earlgrey/dv/env/seq_lib/chip_sw_sysrst_ctrl_outputs_vseq.sv	235	235	239	5	4821	chip_sw_base_vseq @ stimuli/sv/subs/opentitan/hw/top_darjeeling/dv/env/seq_lib/chip_sw_base_vseq.sv	ds chip_sw_base_vseq; `uvm_object_utils(chip_sw_sysrst_ctrl_outputs_vseq) `
PRE-TICK	FACT-GATED-CROSS-FILE	opentitan	hw/top_earlgrey/dv/env/seq_lib/chip_sw_sysrst_ctrl_reset_vseq.sv	233	233	237	5	5821	chip_sw_base_vseq @ stimuli/sv/subs/opentitan/hw/top_darjeeling/dv/env/seq_lib/chip_sw_base_vseq.sv	ds chip_sw_base_vseq; `uvm_object_utils(chip_sw_sysrst_ctrl_reset_vseq) `uv
PRE-TICK	FACT-GATED-CROSS-FILE	opentitan	hw/top_earlgrey/dv/env/seq_lib/chip_sw_sysrst_ctrl_ulp_z3_wakeup_vseq.sv	827	827	831	18	4761	chip_sw_base_vseq @ stimuli/sv/subs/opentitan/hw/top_darjeeling/dv/env/seq_lib/chip_sw_base_vseq.sv	ds chip_sw_base_vseq; `uvm_object_utils(chip_sw_sysrst_ctrl_ulp_z3_wakeup_vseq
PRE-TICK	FACT-GATED-CROSS-FILE	opentitan	hw/top_earlgrey/dv/env/seq_lib/chip_sw_sysrst_ctrl_vseq.sv	227	227	231	5	3244	chip_sw_base_vseq @ stimuli/sv/subs/opentitan/hw/top_darjeeling/dv/env/seq_lib/chip_sw_base_vseq.sv	ds chip_sw_base_vseq; `uvm_object_utils(chip_sw_sysrst_ctrl_vseq) `uvm_obje
PRE-TICK	FACT-GATED-CROSS-FILE	opentitan	hw/top_earlgrey/dv/env/seq_lib/chip_sw_uart_smoke_vseq.sv	226	226	230	5	1299	chip_sw_base_vseq @ stimuli/sv/subs/opentitan/hw/top_darjeeling/dv/env/seq_lib/chip_sw_base_vseq.sv	ds chip_sw_base_vseq; `uvm_object_utils(chip_sw_uart_smoke_vseq) `uvm_objec
PRE-TICK	FACT-GATED-CROSS-FILE	opentitan	hw/top_earlgrey/dv/env/seq_lib/chip_sw_uart_tx_rx_vseq.sv	232	232	236	5	2871	chip_sw_uart_smoke_vseq @ stimuli/sv/subs/opentitan/hw/top_darjeeling/dv/env/seq_lib/chip_sw_uart_smoke_vseq.sv	p_sw_uart_smoke_vseq; `uvm_object_utils(chip_sw_uart_tx_rx_vseq) `uvm_objec
PRE-TICK	FACT-GATED-CROSS-FILE	opentitan	hw/top_earlgrey/dv/env/seq_lib/chip_sw_uart_tx_vseq.sv	223	223	227	5	1286	chip_sw_base_vseq @ stimuli/sv/subs/opentitan/hw/top_darjeeling/dv/env/seq_lib/chip_sw_base_vseq.sv	ds chip_sw_base_vseq; `uvm_object_utils(chip_sw_uart_tx_vseq) `uvm_object_ne
PRE-TICK	FACT-GATED-CROSS-FILE	opentitan	hw/top_earlgrey/dv/env/seq_lib/chip_sw_usb_ast_clk_calib_vseq.sv	233	233	237	5	2930	chip_sw_base_vseq @ stimuli/sv/subs/opentitan/hw/top_darjeeling/dv/env/seq_lib/chip_sw_base_vseq.sv	ds chip_sw_base_vseq; `uvm_object_utils(chip_sw_usb_ast_clk_calib_vseq) `uv
PRE-TICK	FACT-GATED-CROSS-FILE	opentitan	hw/top_earlgrey/dv/env/seq_lib/chip_sw_usbdev_dpi_vseq.sv	226	226	230	5	944	chip_sw_base_vseq @ stimuli/sv/subs/opentitan/hw/top_darjeeling/dv/env/seq_lib/chip_sw_base_vseq.sv	ds chip_sw_base_vseq; `uvm_object_utils(chip_sw_usbdev_dpi_vseq) `uvm_objec
PRE-TICK	FACT-GATED-CROSS-FILE	opentitan	hw/top_earlgrey/dv/env/seq_lib/chip_sw_usbdev_stream_vseq.sv	235	235	239	5	618	chip_sw_usbdev_dpi_vseq @ stimuli/sv/subs/opentitan/hw/top_earlgrey/dv/env/seq_lib/chip_sw_usbdev_dpi_vseq.sv	p_sw_usbdev_dpi_vseq; `uvm_object_utils(chip_sw_usbdev_stream_vseq) `uvm_ob
PRE-TICK	FACT-GATED-CROSS-FILE	opentitan	hw/top_earlgrey/dv/env/seq_lib/chip_tap_straps_vseq.sv	821	821	1413	15	11380	chip_sw_base_vseq @ stimuli/sv/subs/opentitan/hw/top_darjeeling/dv/env/seq_lib/chip_sw_base_vseq.sv	ds chip_sw_base_vseq; string path_dft_strap_test_o = "tb.dut.top_earlgrey.dft_
PRE-TICK	FACT-GATED-CROSS-FILE	opentitan	hw/top_earlgrey/dv/tests/chip_base_test.sv	213	214	271	5	4610	cip_base_test @ stimuli/sv/subs/opentitan/hw/dv/sv/cip_lib/cip_base_test.sv	tends cip_base_test #( .ENV_T(chip_env), .CFG_T(chip_env_cfg) ); `uv
PRE-TICK	FACT-GATED-CROSS-FILE	opentitan	hw/top_earlgrey/ip_autogen/alert_handler/dv/env/alert_handler_env.sv	215	216	434	5	3057	cip_base_env @ stimuli/sv/subs/opentitan/hw/dv/sv/cip_lib/cip_base_env.sv	xtends cip_base_env #( .CFG_T (alert_handler_env_cfg), .COV
PRE-TICK	FACT-GATED-CROSS-FILE	opentitan	hw/top_earlgrey/ip_autogen/alert_handler/dv/env/alert_handler_env_cfg.sv	223	224	505	5	2011	cip_base_env_cfg @ stimuli/sv/subs/opentitan/hw/dv/sv/cip_lib/cip_base_env_cfg.sv	ds cip_base_env_cfg #(.RAL_T(alert_handler_reg_block)); // ext component cfgs
PRE-TICK	FACT-GATED-CROSS-FILE	opentitan	hw/top_earlgrey/ip_autogen/alert_handler/dv/env/alert_handler_env_cov.sv	598	599	635	20	6497	cip_base_env_cov @ stimuli/sv/subs/opentitan/hw/dv/sv/cip_lib/cip_base_env_cov.sv	ds cip_base_env_cov #(.CFG_T(alert_handler_env_cfg)); `uvm_component_utils(ale
PRE-TICK	FACT-GATED-CROSS-FILE	opentitan	hw/top_earlgrey/ip_autogen/alert_handler/dv/env/alert_handler_if.sv	429	430	1315	13	1817	mubi4_t @ stimuli/sv/subs/opentitan/hw/ip/prim/rtl/prim_mubi_pkg.sv	mubi4_t [NLpg-1:0] lpg_cg_en; mubi4_t [NLpg-1:0] lpg_rst_en; logic [NUM_AL
PRE-TICK	FACT-GATED-CROSS-FILE	opentitan	hw/top_earlgrey/ip_autogen/alert_handler/dv/env/alert_handler_virtual_sequencer.sv	243	244	410	5	496	cip_base_virtual_sequencer @ stimuli/sv/subs/opentitan/hw/dv/sv/cip_lib/cip_base_virtual_sequencer.sv	e_virtual_sequencer #( .CFG_T(alert_handler_env_cfg), .COV_T(alert_handl
PRE-TICK	FACT-GATED-CROSS-FILE	opentitan	hw/top_earlgrey/ip_autogen/alert_handler/dv/env/seq_lib/alert_handler_common_vseq.sv	234	234	238	5	8095	alert_handler_base_vseq @ stimuli/sv/subs/opentitan/hw/top_darjeeling/ip_autogen/alert_handler/dv/env/seq_lib/alert_handler_base_vseq.sv	rt_handler_base_vseq; `uvm_object_utils(alert_handler_common_vseq) constrai
PRE-TICK	FACT-GATED-CROSS-FILE	opentitan	hw/top_earlgrey/ip_autogen/alert_handler/dv/env/seq_lib/alert_handler_entropy_stress_vseq.sv	574	574	578	10	3705	alert_handler_smoke_vseq @ stimuli/sv/subs/opentitan/hw/top_darjeeling/ip_autogen/alert_handler/dv/env/seq_lib/alert_handler_smoke_vseq.sv	t_handler_smoke_vseq; `uvm_object_utils(alert_handler_entropy_stress_vseq)
PRE-TICK	FACT-GATED-CROSS-FILE	opentitan	hw/top_earlgrey/ip_autogen/alert_handler/dv/env/seq_lib/alert_handler_entropy_vseq.sv	310	310	314	7	1184	alert_handler_smoke_vseq @ stimuli/sv/subs/opentitan/hw/top_darjeeling/ip_autogen/alert_handler/dv/env/seq_lib/alert_handler_smoke_vseq.sv	t_handler_smoke_vseq; `uvm_object_utils(alert_handler_entropy_vseq) `uvm_ob
PRE-TICK	FACT-GATED-CROSS-FILE	opentitan	hw/top_earlgrey/ip_autogen/alert_handler/dv/env/seq_lib/alert_handler_esc_alert_accum_vseq.sv	406	406	410	8	1034	alert_handler_smoke_vseq @ stimuli/sv/subs/opentitan/hw/top_darjeeling/ip_autogen/alert_handler/dv/env/seq_lib/alert_handler_smoke_vseq.sv	t_handler_smoke_vseq; `uvm_object_utils(alert_handler_esc_alert_accum_vseq)
PRE-TICK	FACT-GATED-CROSS-FILE	opentitan	hw/top_earlgrey/ip_autogen/alert_handler/dv/env/seq_lib/alert_handler_esc_intr_timeout_vseq.sv	308	308	312	7	757	alert_handler_smoke_vseq @ stimuli/sv/subs/opentitan/hw/top_darjeeling/ip_autogen/alert_handler/dv/env/seq_lib/alert_handler_smoke_vseq.sv	t_handler_smoke_vseq; `uvm_object_utils(alert_handler_esc_intr_timeout_vseq)
PRE-TICK	FACT-GATED-CROSS-FILE	opentitan	hw/top_earlgrey/ip_autogen/alert_handler/dv/env/seq_lib/alert_handler_lpg_stub_clk_vseq.sv	401	401	405	7	1317	alert_handler_lpg_vseq @ stimuli/sv/subs/opentitan/hw/top_darjeeling/ip_autogen/alert_handler/dv/env/seq_lib/alert_handler_lpg_vseq.sv	ert_handler_lpg_vseq; `uvm_object_utils(alert_handler_lpg_stub_clk_vseq) `u
PRE-TICK	FACT-GATED-CROSS-FILE	opentitan	hw/top_earlgrey/ip_autogen/alert_handler/dv/env/seq_lib/alert_handler_lpg_vseq.sv	234	234	238	5	1254	alert_handler_entropy_vseq @ stimuli/sv/subs/opentitan/hw/top_darjeeling/ip_autogen/alert_handler/dv/env/seq_lib/alert_handler_entropy_vseq.sv	handler_entropy_vseq; `uvm_object_utils(alert_handler_lpg_vseq) `uvm_object
PRE-TICK	FACT-GATED-CROSS-FILE	opentitan	hw/top_earlgrey/ip_autogen/alert_handler/dv/env/seq_lib/alert_handler_ping_timeout_vseq.sv	553	553	557	11	2591	alert_handler_entropy_vseq @ stimuli/sv/subs/opentitan/hw/top_darjeeling/ip_autogen/alert_handler/dv/env/seq_lib/alert_handler_entropy_vseq.sv	handler_entropy_vseq; `uvm_object_utils(alert_handler_ping_timeout_vseq) `u
PRE-TICK	FACT-GATED-CROSS-FILE	opentitan	hw/top_earlgrey/ip_autogen/alert_handler/dv/env/seq_lib/alert_handler_random_alerts_vseq.sv	313	313	317	7	647	alert_handler_smoke_vseq @ stimuli/sv/subs/opentitan/hw/top_darjeeling/ip_autogen/alert_handler/dv/env/seq_lib/alert_handler_smoke_vseq.sv	t_handler_smoke_vseq; `uvm_object_utils(alert_handler_random_alerts_vseq) `
PRE-TICK	FACT-GATED-CROSS-FILE	opentitan	hw/top_earlgrey/ip_autogen/alert_handler/dv/env/seq_lib/alert_handler_random_classes_vseq.sv	317	317	321	7	564	alert_handler_random_alerts_vseq @ stimuli/sv/subs/opentitan/hw/top_darjeeling/ip_autogen/alert_handler/dv/env/seq_lib/alert_handler_random_alerts_vseq.sv	r_random_alerts_vseq; `uvm_object_utils(alert_handler_random_classes_vseq)
PRE-TICK	FACT-GATED-CROSS-FILE	opentitan	hw/top_earlgrey/ip_autogen/alert_handler/dv/env/seq_lib/alert_handler_sig_int_fail_vseq.sv	289	289	293	7	711	alert_handler_smoke_vseq @ stimuli/sv/subs/opentitan/hw/top_darjeeling/ip_autogen/alert_handler/dv/env/seq_lib/alert_handler_smoke_vseq.sv	t_handler_smoke_vseq; `uvm_object_utils(alert_handler_sig_int_fail_vseq) `u
PRE-TICK	FACT-GATED-CROSS-FILE	opentitan	hw/top_earlgrey/ip_autogen/alert_handler/dv/env/seq_lib/alert_handler_smoke_vseq.sv	258	258	262	6	8441	alert_handler_base_vseq @ stimuli/sv/subs/opentitan/hw/top_darjeeling/ip_autogen/alert_handler/dv/env/seq_lib/alert_handler_base_vseq.sv	rt_handler_base_vseq; `uvm_object_utils(alert_handler_smoke_vseq) `uvm_obje
PRE-TICK	FACT-GATED-CROSS-FILE	opentitan	hw/top_earlgrey/ip_autogen/alert_handler/dv/env/seq_lib/alert_handler_stress_all_vseq.sv	372	372	376	7	2338	alert_handler_base_vseq @ stimuli/sv/subs/opentitan/hw/top_darjeeling/ip_autogen/alert_handler/dv/env/seq_lib/alert_handler_base_vseq.sv	rt_handler_base_vseq; `uvm_object_utils(alert_handler_stress_all_vseq) `uvm
PRE-TICK	FACT-GATED-CROSS-FILE	opentitan	hw/top_earlgrey/ip_autogen/alert_handler/dv/tests/alert_handler_base_test.sv	222	223	299	5	678	cip_base_test @ stimuli/sv/subs/opentitan/hw/dv/sv/cip_lib/cip_base_test.sv	tends cip_base_test #( .ENV_T(alert_handler_env), .CFG_T(alert_handler_e
PRE-TICK	FACT-GATED-CROSS-FILE	opentitan	hw/top_earlgrey/ip_autogen/clkmgr/dv/env/clkmgr_env.sv	208	209	389	5	3474	cip_base_env @ stimuli/sv/subs/opentitan/hw/dv/sv/cip_lib/cip_base_env.sv	xtends cip_base_env #( .CFG_T (clkmgr_env_cfg), .COV_T
PRE-TICK	FACT-GATED-CROSS-FILE	opentitan	hw/top_earlgrey/ip_autogen/clkmgr/dv/env/clkmgr_env_cfg.sv	216	217	957	5	1554	cip_base_env_cfg @ stimuli/sv/subs/opentitan/hw/dv/sv/cip_lib/cip_base_env_cfg.sv	ds cip_base_env_cfg #( .RAL_T(clkmgr_reg_block) ); // This scoreboard handl
PRE-TICK	FACT-GATED-CROSS-FILE	opentitan	hw/top_earlgrey/ip_autogen/clkmgr/dv/env/clkmgr_scoreboard.sv	349	350	437	7	15139	cip_base_scoreboard @ stimuli/sv/subs/opentitan/hw/dv/sv/cip_lib/cip_base_scoreboard.sv	cip_base_scoreboard #( .CFG_T(clkmgr_env_cfg), .RAL_T(clkmgr_reg_block), .
PRE-TICK	FACT-GATED-CROSS-FILE	opentitan	hw/top_earlgrey/ip_autogen/clkmgr/dv/env/clkmgr_virtual_sequencer.sv	236	237	296	5	376	cip_base_virtual_sequencer @ stimuli/sv/subs/opentitan/hw/dv/sv/cip_lib/cip_base_virtual_sequencer.sv	e_virtual_sequencer #( .CFG_T(clkmgr_env_cfg), .COV_T(clkmgr_env_cov) ); `
PRE-TICK	FACT-GATED-CROSS-FILE	opentitan	hw/top_earlgrey/ip_autogen/clkmgr/dv/env/seq_lib/clkmgr_base_vseq.sv	214	215	395	4	20925	cip_base_vseq @ stimuli/sv/subs/opentitan/hw/dv/sv/cip_lib/seq_lib/cip_base_vseq.sv	tends cip_base_vseq #( .RAL_T (clkmgr_reg_block), .CFG_T
PRE-TICK	FACT-GATED-CROSS-FILE	opentitan	hw/top_earlgrey/ip_autogen/clkmgr/dv/env/seq_lib/clkmgr_clk_status_vseq.sv	405	405	409	9	1159	clkmgr_base_vseq @ stimuli/sv/subs/opentitan/hw/top_darjeeling/ip_autogen/clkmgr/dv/env/seq_lib/clkmgr_base_vseq.sv	nds clkmgr_base_vseq; `uvm_object_utils(clkmgr_clk_status_vseq) `uvm_object
PRE-TICK	FACT-GATED-CROSS-FILE	opentitan	hw/top_earlgrey/ip_autogen/clkmgr/dv/env/seq_lib/clkmgr_common_vseq.sv	220	220	224	5	2442	clkmgr_base_vseq @ stimuli/sv/subs/opentitan/hw/top_darjeeling/ip_autogen/clkmgr/dv/env/seq_lib/clkmgr_base_vseq.sv	nds clkmgr_base_vseq; `uvm_object_utils(clkmgr_common_vseq) constraint num_
PRE-TICK	FACT-GATED-CROSS-FILE	opentitan	hw/top_earlgrey/ip_autogen/clkmgr/dv/env/seq_lib/clkmgr_extclk_vseq.sv	343	343	347	7	9859	clkmgr_base_vseq @ stimuli/sv/subs/opentitan/hw/top_darjeeling/ip_autogen/clkmgr/dv/env/seq_lib/clkmgr_base_vseq.sv	nds clkmgr_base_vseq; `uvm_object_utils(clkmgr_extclk_vseq) `uvm_object_new
PRE-TICK	FACT-GATED-CROSS-FILE	opentitan	hw/top_earlgrey/ip_autogen/clkmgr/dv/env/seq_lib/clkmgr_frequency_timeout_vseq.sv	358	358	362	7	5683	clkmgr_base_vseq @ stimuli/sv/subs/opentitan/hw/top_darjeeling/ip_autogen/clkmgr/dv/env/seq_lib/clkmgr_base_vseq.sv	nds clkmgr_base_vseq; `uvm_object_utils(clkmgr_frequency_timeout_vseq) `uvm
PRE-TICK	FACT-GATED-CROSS-FILE	opentitan	hw/top_earlgrey/ip_autogen/clkmgr/dv/env/seq_lib/clkmgr_frequency_vseq.sv	342	342	346	7	9785	clkmgr_base_vseq @ stimuli/sv/subs/opentitan/hw/top_darjeeling/ip_autogen/clkmgr/dv/env/seq_lib/clkmgr_base_vseq.sv	nds clkmgr_base_vseq; `uvm_object_utils(clkmgr_frequency_vseq) `uvm_object_
PRE-TICK	FACT-GATED-CROSS-FILE	opentitan	hw/top_earlgrey/ip_autogen/clkmgr/dv/env/seq_lib/clkmgr_peri_vseq.sv	879	879	883	17	2165	clkmgr_base_vseq @ stimuli/sv/subs/opentitan/hw/top_darjeeling/ip_autogen/clkmgr/dv/env/seq_lib/clkmgr_base_vseq.sv	nds clkmgr_base_vseq; `uvm_object_utils(clkmgr_peri_vseq) `uvm_object_new
PRE-TICK	FACT-GATED-CROSS-FILE	opentitan	hw/top_earlgrey/ip_autogen/clkmgr/dv/env/seq_lib/clkmgr_regwen_vseq.sv	412	412	416	7	4901	clkmgr_base_vseq @ stimuli/sv/subs/opentitan/hw/top_darjeeling/ip_autogen/clkmgr/dv/env/seq_lib/clkmgr_base_vseq.sv	nds clkmgr_base_vseq; `uvm_object_utils(clkmgr_regwen_vseq) `uvm_object_new
PRE-TICK	FACT-GATED-CROSS-FILE	opentitan	hw/top_earlgrey/ip_autogen/clkmgr/dv/env/seq_lib/clkmgr_smoke_vseq.sv	238	238	242	6	4709	clkmgr_base_vseq @ stimuli/sv/subs/opentitan/hw/top_darjeeling/ip_autogen/clkmgr/dv/env/seq_lib/clkmgr_base_vseq.sv	nds clkmgr_base_vseq; `uvm_object_utils(clkmgr_smoke_vseq) `uvm_object_new
PRE-TICK	FACT-GATED-CROSS-FILE	opentitan	hw/top_earlgrey/ip_autogen/clkmgr/dv/env/seq_lib/clkmgr_stress_all_vseq.sv	351	351	355	7	1600	clkmgr_base_vseq @ stimuli/sv/subs/opentitan/hw/top_darjeeling/ip_autogen/clkmgr/dv/env/seq_lib/clkmgr_base_vseq.sv	nds clkmgr_base_vseq; `uvm_object_utils(clkmgr_stress_all_vseq) `uvm_object
PRE-TICK	FACT-GATED-CROSS-FILE	opentitan	hw/top_earlgrey/ip_autogen/clkmgr/dv/env/seq_lib/clkmgr_trans_vseq.sv	912	912	916	18	3899	clkmgr_base_vseq @ stimuli/sv/subs/opentitan/hw/top_darjeeling/ip_autogen/clkmgr/dv/env/seq_lib/clkmgr_base_vseq.sv	nds clkmgr_base_vseq; `uvm_object_utils(clkmgr_trans_vseq) `uvm_object_new
PRE-TICK	FACT-GATED-CROSS-FILE	opentitan	hw/top_earlgrey/ip_autogen/clkmgr/dv/sva/clkmgr_extclk_sva_if.sv	580	581	1177	14	2906	mubi4_t @ stimuli/sv/subs/opentitan/hw/ip/prim/rtl/prim_mubi_pkg.sv	ni, input mubi4_t extclk_ctrl_sel, input mubi4_t extclk_ctrl_hi_speed_sel,
PRE-TICK	FACT-GATED-CROSS-FILE	opentitan	hw/top_earlgrey/ip_autogen/clkmgr/dv/tests/clkmgr_base_test.sv	215	216	272	5	623	cip_base_test @ stimuli/sv/subs/opentitan/hw/dv/sv/cip_lib/cip_base_test.sv	tends cip_base_test #( .CFG_T(clkmgr_env_cfg), .ENV_T(clkmgr_env) ); `uvm
PRE-TICK	FACT-GATED-CROSS-FILE	opentitan	hw/top_earlgrey/ip_autogen/flash_ctrl/dv/env/flash_ctrl_bkdr_util.sv	287	287	1549	7	5772	mem_bkdr_util @ stimuli/sv/subs/opentitan/hw/dv/sv/mem_bkdr_util/mem_bkdr_util.sv	xtends mem_bkdr_util; localparam int unsigned FlashDataWidth = flash_phy_pkg:
PRE-TICK	FACT-GATED-CROSS-FILE	opentitan	hw/top_earlgrey/ip_autogen/flash_ctrl/dv/env/flash_ctrl_env.sv	228	228	521	6	4176	flash_ctrl_env_cfg @ stimuli/sv/subs/opentitan/hw/ip_templates/flash_ctrl/dv/env/flash_ctrl_env_cfg.sv	= flash_ctrl_env_cfg, type SCOREBOARD_T = flash_ctrl_scoreboard, type VIRTUA
PRE-TICK	FACT-GATED-CROSS-FILE	opentitan	hw/top_earlgrey/ip_autogen/flash_ctrl/dv/env/flash_ctrl_env_cfg.sv	298	299	6886	7	50493	cip_base_env_cfg @ stimuli/sv/subs/opentitan/hw/dv/sv/cip_lib/cip_base_env_cfg.sv	ds cip_base_env_cfg #( .RAL_T(flash_ctrl_core_reg_block) ); // Type for an
PRE-TICK	FACT-GATED-CROSS-FILE	opentitan	hw/top_earlgrey/ip_autogen/flash_ctrl/dv/env/flash_ctrl_scoreboard.sv	266	267	388	8	37745	flash_ctrl_env_cfg @ stimuli/sv/subs/opentitan/hw/ip_templates/flash_ctrl/dv/env/flash_ctrl_env_cfg.sv	flash_ctrl_env_cfg ) extends cip_base_scoreboard #( .CFG_T(CFG_T), .RAL_T(f
PRE-TICK	FACT-GATED-CROSS-FILE	opentitan	hw/top_earlgrey/ip_autogen/flash_ctrl/dv/env/flash_ctrl_virtual_sequencer.sv	240	241	308	5	808	cip_base_virtual_sequencer @ stimuli/sv/subs/opentitan/hw/dv/sv/cip_lib/cip_base_virtual_sequencer.sv	e_virtual_sequencer #( .CFG_T(flash_ctrl_env_cfg), .COV_T(flash_ctrl_env_cov
PRE-TICK	FACT-GATED-CROSS-FILE	opentitan	hw/top_earlgrey/ip_autogen/flash_ctrl/dv/env/seq_lib/flash_ctrl_access_after_disable_vseq.sv	529	529	533	9	2667	flash_ctrl_otf_base_vseq @ stimuli/sv/subs/opentitan/hw/ip_templates/flash_ctrl/dv/env/seq_lib/flash_ctrl_otf_base_vseq.sv	h_ctrl_otf_base_vseq; `uvm_object_utils(flash_ctrl_access_after_disable_vseq)
PRE-TICK	FACT-GATED-CROSS-FILE	opentitan	hw/top_earlgrey/ip_autogen/flash_ctrl/dv/env/seq_lib/flash_ctrl_base_vseq.sv	259	260	461	6	72496	cip_base_vseq @ stimuli/sv/subs/opentitan/hw/dv/sv/cip_lib/seq_lib/cip_base_vseq.sv	tends cip_base_vseq #( .RAL_T (flash_ctrl_core_reg_block), .CFG
PRE-TICK	FACT-GATED-CROSS-FILE	opentitan	hw/top_earlgrey/ip_autogen/flash_ctrl/dv/env/seq_lib/flash_ctrl_basic_rw_vseq.sv	517	517	521	14	5682	flash_ctrl_base_vseq @ stimuli/sv/subs/opentitan/hw/ip_templates/flash_ctrl/dv/env/seq_lib/flash_ctrl_base_vseq.sv	flash_ctrl_base_vseq; `uvm_object_utils(flash_ctrl_basic_rw_vseq) `uvm_obje
PRE-TICK	FACT-GATED-CROSS-FILE	opentitan	hw/top_earlgrey/ip_autogen/flash_ctrl/dv/env/seq_lib/flash_ctrl_callback_vseq.sv	284	284	288	6	624	flash_ctrl_base_vseq @ stimuli/sv/subs/opentitan/hw/ip_templates/flash_ctrl/dv/env/seq_lib/flash_ctrl_base_vseq.sv	flash_ctrl_base_vseq; `uvm_object_utils(flash_ctrl_callback_vseq) `uvm_objec
PRE-TICK	FACT-GATED-CROSS-FILE	opentitan	hw/top_earlgrey/ip_autogen/flash_ctrl/dv/env/seq_lib/flash_ctrl_common_vseq.sv	232	232	236	5	11164	flash_ctrl_otf_base_vseq @ stimuli/sv/subs/opentitan/hw/ip_templates/flash_ctrl/dv/env/seq_lib/flash_ctrl_otf_base_vseq.sv	h_ctrl_otf_base_vseq; `uvm_object_utils(flash_ctrl_common_vseq) `uvm_object
PRE-TICK	FACT-GATED-CROSS-FILE	opentitan	hw/top_earlgrey/ip_autogen/flash_ctrl/dv/env/seq_lib/flash_ctrl_config_regwen_vseq.sv	657	657	661	12	3350	flash_ctrl_otf_base_vseq @ stimuli/sv/subs/opentitan/hw/ip_templates/flash_ctrl/dv/env/seq_lib/flash_ctrl_otf_base_vseq.sv	h_ctrl_otf_base_vseq; `uvm_object_utils(flash_ctrl_config_regwen_vseq) `uvm_
PRE-TICK	FACT-GATED-CROSS-FILE	opentitan	hw/top_earlgrey/ip_autogen/flash_ctrl/dv/env/seq_lib/flash_ctrl_connect_vseq.sv	262	262	266	6	3665	flash_ctrl_base_vseq @ stimuli/sv/subs/opentitan/hw/ip_templates/flash_ctrl/dv/env/seq_lib/flash_ctrl_base_vseq.sv	flash_ctrl_base_vseq; `uvm_object_utils(flash_ctrl_connect_vseq) `uvm_object
PRE-TICK	FACT-GATED-CROSS-FILE	opentitan	hw/top_earlgrey/ip_autogen/flash_ctrl/dv/env/seq_lib/flash_ctrl_derr_detect_vseq.sv	282	282	286	6	2253	flash_ctrl_otf_base_vseq @ stimuli/sv/subs/opentitan/hw/ip_templates/flash_ctrl/dv/env/seq_lib/flash_ctrl_otf_base_vseq.sv	h_ctrl_otf_base_vseq; `uvm_object_utils(flash_ctrl_derr_detect_vseq) `uvm_ob
PRE-TICK	FACT-GATED-CROSS-FILE	opentitan	hw/top_earlgrey/ip_autogen/flash_ctrl/dv/env/seq_lib/flash_ctrl_disable_vseq.sv	352	352	356	8	1862	flash_ctrl_otf_base_vseq @ stimuli/sv/subs/opentitan/hw/ip_templates/flash_ctrl/dv/env/seq_lib/flash_ctrl_otf_base_vseq.sv	h_ctrl_otf_base_vseq; `uvm_object_utils(flash_ctrl_disable_vseq) `uvm_object
PRE-TICK	FACT-GATED-CROSS-FILE	opentitan	hw/top_earlgrey/ip_autogen/flash_ctrl/dv/env/seq_lib/flash_ctrl_erase_suspend_vseq.sv	376	376	380	8	11517	flash_ctrl_base_vseq @ stimuli/sv/subs/opentitan/hw/ip_templates/flash_ctrl/dv/env/seq_lib/flash_ctrl_base_vseq.sv	flash_ctrl_base_vseq; `uvm_object_utils(flash_ctrl_erase_suspend_vseq) `uvm
PRE-TICK	FACT-GATED-CROSS-FILE	opentitan	hw/top_earlgrey/ip_autogen/flash_ctrl/dv/env/seq_lib/flash_ctrl_err_base_vseq.sv	261	261	265	6	1631	flash_ctrl_rw_vseq @ stimuli/sv/subs/opentitan/hw/ip_templates/flash_ctrl/dv/env/seq_lib/flash_ctrl_rw_vseq.sv	s flash_ctrl_rw_vseq; `uvm_object_utils(flash_ctrl_err_base_vseq) `uvm_objec
PRE-TICK	FACT-GATED-CROSS-FILE	opentitan	hw/top_earlgrey/ip_autogen/flash_ctrl/dv/env/seq_lib/flash_ctrl_error_mp_vseq.sv	799	799	803	21	19182	flash_ctrl_base_vseq @ stimuli/sv/subs/opentitan/hw/ip_templates/flash_ctrl/dv/env/seq_lib/flash_ctrl_base_vseq.sv	flash_ctrl_base_vseq; `uvm_object_utils(flash_ctrl_error_mp_vseq) `uvm_obje
PRE-TICK	FACT-GATED-CROSS-FILE	opentitan	hw/top_earlgrey/ip_autogen/flash_ctrl/dv/env/seq_lib/flash_ctrl_error_prog_type_vseq.sv	666	666	670	21	9719	flash_ctrl_base_vseq @ stimuli/sv/subs/opentitan/hw/ip_templates/flash_ctrl/dv/env/seq_lib/flash_ctrl_base_vseq.sv	flash_ctrl_base_vseq; `uvm_object_utils(flash_ctrl_error_prog_type_vseq) `u
PRE-TICK	FACT-GATED-CROSS-FILE	opentitan	hw/top_earlgrey/ip_autogen/flash_ctrl/dv/env/seq_lib/flash_ctrl_error_prog_win_vseq.sv	660	660	664	19	5597	flash_ctrl_fetch_code_vseq @ stimuli/sv/subs/opentitan/hw/ip_templates/flash_ctrl/dv/env/seq_lib/flash_ctrl_fetch_code_vseq.sv	ctrl_fetch_code_vseq; `uvm_object_utils(flash_ctrl_error_prog_win_vseq) `uv
PRE-TICK	FACT-GATED-CROSS-FILE	opentitan	hw/top_earlgrey/ip_autogen/flash_ctrl/dv/env/seq_lib/flash_ctrl_fetch_code_vseq.sv	1122	1122	1126	24	12732	flash_ctrl_base_vseq @ stimuli/sv/subs/opentitan/hw/ip_templates/flash_ctrl/dv/env/seq_lib/flash_ctrl_base_vseq.sv	flash_ctrl_base_vseq; `uvm_object_utils(flash_ctrl_fetch_code_vseq) `uvm_ob
PRE-TICK	FACT-GATED-CROSS-FILE	opentitan	hw/top_earlgrey/ip_autogen/flash_ctrl/dv/env/seq_lib/flash_ctrl_filesystem_support_vseq.sv	356	356	360	7	11341	flash_ctrl_otf_base_vseq @ stimuli/sv/subs/opentitan/hw/ip_templates/flash_ctrl/dv/env/seq_lib/flash_ctrl_otf_base_vseq.sv	h_ctrl_otf_base_vseq; `uvm_object_utils(flash_ctrl_filesystem_support_vseq)
PRE-TICK	FACT-GATED-CROSS-FILE	opentitan	hw/top_earlgrey/ip_autogen/flash_ctrl/dv/env/seq_lib/flash_ctrl_full_mem_access_vseq.sv	367	367	371	7	7855	flash_ctrl_base_vseq @ stimuli/sv/subs/opentitan/hw/ip_templates/flash_ctrl/dv/env/seq_lib/flash_ctrl_base_vseq.sv	flash_ctrl_base_vseq; `uvm_object_utils(flash_ctrl_full_mem_access_vseq) `u
PRE-TICK	FACT-GATED-CROSS-FILE	opentitan	hw/top_earlgrey/ip_autogen/flash_ctrl/dv/env/seq_lib/flash_ctrl_host_addr_infection_vseq.sv	491	491	495	8	3275	flash_ctrl_legacy_base_vseq @ stimuli/sv/subs/opentitan/hw/ip_templates/flash_ctrl/dv/env/seq_lib/flash_ctrl_legacy_base_vseq.sv	trl_legacy_base_vseq; `uvm_object_utils(flash_ctrl_host_addr_infection_vseq)
PRE-TICK	FACT-GATED-CROSS-FILE	opentitan	hw/top_earlgrey/ip_autogen/flash_ctrl/dv/env/seq_lib/flash_ctrl_host_ctrl_arb_vseq.sv	923	923	927	25	9001	flash_ctrl_fetch_code_vseq @ stimuli/sv/subs/opentitan/hw/ip_templates/flash_ctrl/dv/env/seq_lib/flash_ctrl_fetch_code_vseq.sv	ctrl_fetch_code_vseq; `uvm_object_utils(flash_ctrl_host_ctrl_arb_vseq) `uvm
PRE-TICK	FACT-GATED-CROSS-FILE	opentitan	hw/top_earlgrey/ip_autogen/flash_ctrl/dv/env/seq_lib/flash_ctrl_host_dir_rd_vseq.sv	372	372	376	7	7809	flash_ctrl_fetch_code_vseq @ stimuli/sv/subs/opentitan/hw/ip_templates/flash_ctrl/dv/env/seq_lib/flash_ctrl_fetch_code_vseq.sv	ctrl_fetch_code_vseq; `uvm_object_utils(flash_ctrl_host_dir_rd_vseq) `uvm_o
PRE-TICK	FACT-GATED-CROSS-FILE	opentitan	hw/top_earlgrey/ip_autogen/flash_ctrl/dv/env/seq_lib/flash_ctrl_hw_prog_rma_wipe_err_vseq.sv	425	425	429	8	3232	flash_ctrl_err_base_vseq @ stimuli/sv/subs/opentitan/hw/ip_templates/flash_ctrl/dv/env/seq_lib/flash_ctrl_err_base_vseq.sv	h_ctrl_err_base_vseq; `uvm_object_utils(flash_ctrl_hw_prog_rma_wipe_err_vseq)
PRE-TICK	FACT-GATED-CROSS-FILE	opentitan	hw/top_earlgrey/ip_autogen/flash_ctrl/dv/env/seq_lib/flash_ctrl_hw_read_seed_err_vseq.sv	416	416	420	8	2447	flash_ctrl_err_base_vseq @ stimuli/sv/subs/opentitan/hw/ip_templates/flash_ctrl/dv/env/seq_lib/flash_ctrl_err_base_vseq.sv	h_ctrl_err_base_vseq; `uvm_object_utils(flash_ctrl_hw_read_seed_err_vseq) `u
PRE-TICK	FACT-GATED-CROSS-FILE	opentitan	hw/top_earlgrey/ip_autogen/flash_ctrl/dv/env/seq_lib/flash_ctrl_hw_rma_err_vseq.sv	261	261	265	7	4800	flash_ctrl_hw_rma_vseq @ stimuli/sv/subs/opentitan/hw/ip_templates/flash_ctrl/dv/env/seq_lib/flash_ctrl_hw_rma_vseq.sv	ash_ctrl_hw_rma_vseq; `uvm_object_utils(flash_ctrl_hw_rma_err_vseq) `uvm_ob
PRE-TICK	FACT-GATED-CROSS-FILE	opentitan	hw/top_earlgrey/ip_autogen/flash_ctrl/dv/env/seq_lib/flash_ctrl_hw_rma_reset_vseq.sv	280	280	866	6	5126	flash_ctrl_hw_rma_vseq @ stimuli/sv/subs/opentitan/hw/ip_templates/flash_ctrl/dv/env/seq_lib/flash_ctrl_hw_rma_vseq.sv	ash_ctrl_hw_rma_vseq; // Observed wait time for each state: // DVStRmaPageSel
PRE-TICK	FACT-GATED-CROSS-FILE	opentitan	hw/top_earlgrey/ip_autogen/flash_ctrl/dv/env/seq_lib/flash_ctrl_hw_rma_vseq.sv	780	780	784	24	12119	flash_ctrl_base_vseq @ stimuli/sv/subs/opentitan/hw/ip_templates/flash_ctrl/dv/env/seq_lib/flash_ctrl_base_vseq.sv	flash_ctrl_base_vseq; `uvm_object_utils(flash_ctrl_hw_rma_vseq) `uvm_object
PRE-TICK	FACT-GATED-CROSS-FILE	opentitan	hw/top_earlgrey/ip_autogen/flash_ctrl/dv/env/seq_lib/flash_ctrl_hw_sec_otp_vseq.sv	1083	1083	1087	25	12505	flash_ctrl_base_vseq @ stimuli/sv/subs/opentitan/hw/ip_templates/flash_ctrl/dv/env/seq_lib/flash_ctrl_base_vseq.sv	flash_ctrl_base_vseq; `uvm_object_utils(flash_ctrl_hw_sec_otp_vseq) `uvm_ob
PRE-TICK	FACT-GATED-CROSS-FILE	opentitan	hw/top_earlgrey/ip_autogen/flash_ctrl/dv/env/seq_lib/flash_ctrl_info_part_access_vseq.sv	606	606	610	14	7881	flash_ctrl_hw_sec_otp_vseq @ stimuli/sv/subs/opentitan/hw/ip_templates/flash_ctrl/dv/env/seq_lib/flash_ctrl_hw_sec_otp_vseq.sv	ctrl_hw_sec_otp_vseq; `uvm_object_utils(flash_ctrl_info_part_access_vseq) `u
PRE-TICK	FACT-GATED-CROSS-FILE	opentitan	hw/top_earlgrey/ip_autogen/flash_ctrl/dv/env/seq_lib/flash_ctrl_integrity_vseq.sv	477	477	481	9	1948	flash_ctrl_otf_base_vseq @ stimuli/sv/subs/opentitan/hw/ip_templates/flash_ctrl/dv/env/seq_lib/flash_ctrl_otf_base_vseq.sv	h_ctrl_otf_base_vseq; `uvm_object_utils(flash_ctrl_integrity_vseq) `uvm_obje
PRE-TICK	FACT-GATED-CROSS-FILE	opentitan	hw/top_earlgrey/ip_autogen/flash_ctrl/dv/env/seq_lib/flash_ctrl_intr_rd_vseq.sv	312	312	316	7	1326	flash_ctrl_legacy_base_vseq @ stimuli/sv/subs/opentitan/hw/ip_templates/flash_ctrl/dv/env/seq_lib/flash_ctrl_legacy_base_vseq.sv	trl_legacy_base_vseq; `uvm_object_utils(flash_ctrl_intr_rd_vseq) `uvm_object
PRE-TICK	FACT-GATED-CROSS-FILE	opentitan	hw/top_earlgrey/ip_autogen/flash_ctrl/dv/env/seq_lib/flash_ctrl_intr_wr_vseq.sv	260	260	264	6	884	flash_ctrl_otf_base_vseq @ stimuli/sv/subs/opentitan/hw/ip_templates/flash_ctrl/dv/env/seq_lib/flash_ctrl_otf_base_vseq.sv	h_ctrl_otf_base_vseq; `uvm_object_utils(flash_ctrl_intr_wr_vseq) `uvm_object
PRE-TICK	FACT-GATED-CROSS-FILE	opentitan	hw/top_earlgrey/ip_autogen/flash_ctrl/dv/env/seq_lib/flash_ctrl_invalid_op_vseq.sv	378	378	382	8	8982	flash_ctrl_base_vseq @ stimuli/sv/subs/opentitan/hw/ip_templates/flash_ctrl/dv/env/seq_lib/flash_ctrl_base_vseq.sv	flash_ctrl_base_vseq; `uvm_object_utils(flash_ctrl_invalid_op_vseq) `uvm_ob
PRE-TICK	FACT-GATED-CROSS-FILE	opentitan	hw/top_earlgrey/ip_autogen/flash_ctrl/dv/env/seq_lib/flash_ctrl_lcmgr_intg_vseq.sv	303	303	307	6	1716	flash_ctrl_err_base_vseq @ stimuli/sv/subs/opentitan/hw/ip_templates/flash_ctrl/dv/env/seq_lib/flash_ctrl_err_base_vseq.sv	h_ctrl_err_base_vseq; `uvm_object_utils(flash_ctrl_lcmgr_intg_vseq) `uvm_obj
PRE-TICK	FACT-GATED-CROSS-FILE	opentitan	hw/top_earlgrey/ip_autogen/flash_ctrl/dv/env/seq_lib/flash_ctrl_legacy_base_vseq.sv	237	237	242	5	2763	flash_ctrl_otf_base_vseq @ stimuli/sv/subs/opentitan/hw/ip_templates/flash_ctrl/dv/env/seq_lib/flash_ctrl_otf_base_vseq.sv	h_ctrl_otf_base_vseq; `uvm_object_utils(flash_ctrl_legacy_base_vseq) `uvm_o
PRE-TICK	FACT-GATED-CROSS-FILE	opentitan	hw/top_earlgrey/ip_autogen/flash_ctrl/dv/env/seq_lib/flash_ctrl_mid_op_rst_vseq.sv	374	374	378	7	10723	flash_ctrl_base_vseq @ stimuli/sv/subs/opentitan/hw/ip_templates/flash_ctrl/dv/env/seq_lib/flash_ctrl_base_vseq.sv	flash_ctrl_base_vseq; `uvm_object_utils(flash_ctrl_mid_op_rst_vseq) `uvm_ob
PRE-TICK	FACT-GATED-CROSS-FILE	opentitan	hw/top_earlgrey/ip_autogen/flash_ctrl/dv/env/seq_lib/flash_ctrl_mp_regions_vseq.sv	438	438	442	8	16086	flash_ctrl_base_vseq @ stimuli/sv/subs/opentitan/hw/ip_templates/flash_ctrl/dv/env/seq_lib/flash_ctrl_base_vseq.sv	flash_ctrl_base_vseq; `uvm_object_utils(flash_ctrl_mp_regions_vseq) `uvm_ob
PRE-TICK	FACT-GATED-CROSS-FILE	opentitan	hw/top_earlgrey/ip_autogen/flash_ctrl/dv/env/seq_lib/flash_ctrl_otf_base_vseq.sv	433	433	437	8	64679	flash_ctrl_base_vseq @ stimuli/sv/subs/opentitan/hw/ip_templates/flash_ctrl/dv/env/seq_lib/flash_ctrl_base_vseq.sv	flash_ctrl_base_vseq; `uvm_object_utils(flash_ctrl_otf_base_vseq) `uvm_objec
PRE-TICK	FACT-GATED-CROSS-FILE	opentitan	hw/top_earlgrey/ip_autogen/flash_ctrl/dv/env/seq_lib/flash_ctrl_otp_reset_vseq.sv	295	295	299	6	7388	flash_ctrl_base_vseq @ stimuli/sv/subs/opentitan/hw/ip_templates/flash_ctrl/dv/env/seq_lib/flash_ctrl_base_vseq.sv	flash_ctrl_base_vseq; `uvm_object_utils(flash_ctrl_otp_reset_vseq) `uvm_obje
PRE-TICK	FACT-GATED-CROSS-FILE	opentitan	hw/top_earlgrey/ip_autogen/flash_ctrl/dv/env/seq_lib/flash_ctrl_oversize_error_vseq.sv	516	516	520	12	3028	flash_ctrl_otf_base_vseq @ stimuli/sv/subs/opentitan/hw/ip_templates/flash_ctrl/dv/env/seq_lib/flash_ctrl_otf_base_vseq.sv	h_ctrl_otf_base_vseq; `uvm_object_utils(flash_ctrl_oversize_error_vseq) `uvm
PRE-TICK	FACT-GATED-CROSS-FILE	opentitan	hw/top_earlgrey/ip_autogen/flash_ctrl/dv/env/seq_lib/flash_ctrl_phy_ack_consistency_vseq.sv	342	342	346	7	2768	flash_ctrl_phy_host_grant_err_vseq @ stimuli/sv/subs/opentitan/hw/ip_templates/flash_ctrl/dv/env/seq_lib/flash_ctrl_phy_host_grant_err_vseq.sv	_host_grant_err_vseq; `uvm_object_utils(flash_ctrl_phy_ack_consistency_vseq)
PRE-TICK	FACT-GATED-CROSS-FILE	opentitan	hw/top_earlgrey/ip_autogen/flash_ctrl/dv/env/seq_lib/flash_ctrl_phy_arb_redun_vseq.sv	708	708	712	13	6300	flash_ctrl_err_base_vseq @ stimuli/sv/subs/opentitan/hw/ip_templates/flash_ctrl/dv/env/seq_lib/flash_ctrl_err_base_vseq.sv	h_ctrl_err_base_vseq; `uvm_object_utils(flash_ctrl_phy_arb_redun_vseq) `uvm_
PRE-TICK	FACT-GATED-CROSS-FILE	opentitan	hw/top_earlgrey/ip_autogen/flash_ctrl/dv/env/seq_lib/flash_ctrl_phy_arb_vseq.sv	492	492	496	9	12150	flash_ctrl_fetch_code_vseq @ stimuli/sv/subs/opentitan/hw/ip_templates/flash_ctrl/dv/env/seq_lib/flash_ctrl_fetch_code_vseq.sv	ctrl_fetch_code_vseq; `uvm_object_utils(flash_ctrl_phy_arb_vseq) `uvm_objec
PRE-TICK	FACT-GATED-CROSS-FILE	opentitan	hw/top_earlgrey/ip_autogen/flash_ctrl/dv/env/seq_lib/flash_ctrl_phy_host_grant_err_vseq.sv	326	326	330	7	3275	flash_ctrl_err_base_vseq @ stimuli/sv/subs/opentitan/hw/ip_templates/flash_ctrl/dv/env/seq_lib/flash_ctrl_err_base_vseq.sv	h_ctrl_err_base_vseq; `uvm_object_utils(flash_ctrl_phy_host_grant_err_vseq)
PRE-TICK	FACT-GATED-CROSS-FILE	opentitan	hw/top_earlgrey/ip_autogen/flash_ctrl/dv/env/seq_lib/flash_ctrl_prog_reset_vseq.sv	236	236	240	5	4154	flash_ctrl_otf_base_vseq @ stimuli/sv/subs/opentitan/hw/ip_templates/flash_ctrl/dv/env/seq_lib/flash_ctrl_otf_base_vseq.sv	h_ctrl_otf_base_vseq; `uvm_object_utils(flash_ctrl_prog_reset_vseq) `uvm_obj
PRE-TICK	FACT-GATED-CROSS-FILE	opentitan	hw/top_earlgrey/ip_autogen/flash_ctrl/dv/env/seq_lib/flash_ctrl_rand_ops_base_vseq.sv	528	528	532	9	15899	flash_ctrl_base_vseq @ stimuli/sv/subs/opentitan/hw/ip_templates/flash_ctrl/dv/env/seq_lib/flash_ctrl_base_vseq.sv	flash_ctrl_base_vseq; `uvm_object_utils(flash_ctrl_rand_ops_base_vseq) // N
PRE-TICK	FACT-GATED-CROSS-FILE	opentitan	hw/top_earlgrey/ip_autogen/flash_ctrl/dv/env/seq_lib/flash_ctrl_rand_ops_vseq.sv	239	239	243	5	1650	flash_ctrl_rand_ops_base_vseq @ stimuli/sv/subs/opentitan/hw/ip_templates/flash_ctrl/dv/env/seq_lib/flash_ctrl_rand_ops_base_vseq.sv	l_rand_ops_base_vseq; `uvm_object_utils(flash_ctrl_rand_ops_vseq) `uvm_obje
PRE-TICK	FACT-GATED-CROSS-FILE	opentitan	hw/top_earlgrey/ip_autogen/flash_ctrl/dv/env/seq_lib/flash_ctrl_rd_buff_evict_vseq.sv	293	293	297	6	18226	flash_ctrl_base_vseq @ stimuli/sv/subs/opentitan/hw/ip_templates/flash_ctrl/dv/env/seq_lib/flash_ctrl_base_vseq.sv	flash_ctrl_base_vseq; `uvm_object_utils(flash_ctrl_rd_buff_evict_vseq) `uvm
PRE-TICK	FACT-GATED-CROSS-FILE	opentitan	hw/top_earlgrey/ip_autogen/flash_ctrl/dv/env/seq_lib/flash_ctrl_rd_ooo_vseq.sv	651	651	655	13	3203	flash_ctrl_legacy_base_vseq @ stimuli/sv/subs/opentitan/hw/ip_templates/flash_ctrl/dv/env/seq_lib/flash_ctrl_legacy_base_vseq.sv	trl_legacy_base_vseq; `uvm_object_utils(flash_ctrl_rd_ooo_vseq) `uvm_object_
PRE-TICK	FACT-GATED-CROSS-FILE	opentitan	hw/top_earlgrey/ip_autogen/flash_ctrl/dv/env/seq_lib/flash_ctrl_rd_path_intg_vseq.sv	527	527	531	9	3615	flash_ctrl_legacy_base_vseq @ stimuli/sv/subs/opentitan/hw/ip_templates/flash_ctrl/dv/env/seq_lib/flash_ctrl_legacy_base_vseq.sv	trl_legacy_base_vseq; `uvm_object_utils(flash_ctrl_rd_path_intg_vseq) `uvm_o
PRE-TICK	FACT-GATED-CROSS-FILE	opentitan	hw/top_earlgrey/ip_autogen/flash_ctrl/dv/env/seq_lib/flash_ctrl_re_evict_vseq.sv	296	296	300	6	485	flash_ctrl_rw_evict_vseq @ stimuli/sv/subs/opentitan/hw/ip_templates/flash_ctrl/dv/env/seq_lib/flash_ctrl_rw_evict_vseq.sv	h_ctrl_rw_evict_vseq; `uvm_object_utils(flash_ctrl_re_evict_vseq) `uvm_objec
PRE-TICK	FACT-GATED-CROSS-FILE	opentitan	hw/top_earlgrey/ip_autogen/flash_ctrl/dv/env/seq_lib/flash_ctrl_read_rnd_wd_vseq.sv	358	358	362	8	817	flash_ctrl_otf_base_vseq @ stimuli/sv/subs/opentitan/hw/ip_templates/flash_ctrl/dv/env/seq_lib/flash_ctrl_otf_base_vseq.sv	h_ctrl_otf_base_vseq; `uvm_object_utils(flash_ctrl_read_rnd_wd_vseq) `uvm_ob
PRE-TICK	FACT-GATED-CROSS-FILE	opentitan	hw/top_earlgrey/ip_autogen/flash_ctrl/dv/env/seq_lib/flash_ctrl_read_word_sweep_vseq.sv	605	605	609	12	2543	flash_ctrl_otf_base_vseq @ stimuli/sv/subs/opentitan/hw/ip_templates/flash_ctrl/dv/env/seq_lib/flash_ctrl_otf_base_vseq.sv	h_ctrl_otf_base_vseq; `uvm_object_utils(flash_ctrl_read_word_sweep_vseq) `uv
PRE-TICK	FACT-GATED-CROSS-FILE	opentitan	hw/top_earlgrey/ip_autogen/flash_ctrl/dv/env/seq_lib/flash_ctrl_ro_vseq.sv	283	283	287	7	1340	flash_ctrl_otf_base_vseq @ stimuli/sv/subs/opentitan/hw/ip_templates/flash_ctrl/dv/env/seq_lib/flash_ctrl_otf_base_vseq.sv	h_ctrl_otf_base_vseq; `uvm_object_utils(flash_ctrl_ro_vseq) `uvm_object_new
PRE-TICK	FACT-GATED-CROSS-FILE	opentitan	hw/top_earlgrey/ip_autogen/flash_ctrl/dv/env/seq_lib/flash_ctrl_rw_evict_vseq.sv	507	507	511	9	4719	flash_ctrl_legacy_base_vseq @ stimuli/sv/subs/opentitan/hw/ip_templates/flash_ctrl/dv/env/seq_lib/flash_ctrl_legacy_base_vseq.sv	trl_legacy_base_vseq; `uvm_object_utils(flash_ctrl_rw_evict_vseq) `uvm_objec
PRE-TICK	FACT-GATED-CROSS-FILE	opentitan	hw/top_earlgrey/ip_autogen/flash_ctrl/dv/env/seq_lib/flash_ctrl_rw_rnd_wd_vseq.sv	298	298	302	6	1646	flash_ctrl_otf_base_vseq @ stimuli/sv/subs/opentitan/hw/ip_templates/flash_ctrl/dv/env/seq_lib/flash_ctrl_otf_base_vseq.sv	h_ctrl_otf_base_vseq; `uvm_object_utils(flash_ctrl_rw_rnd_wd_vseq) `uvm_obje
PRE-TICK	FACT-GATED-CROSS-FILE	opentitan	hw/top_earlgrey/ip_autogen/flash_ctrl/dv/env/seq_lib/flash_ctrl_rw_vseq.sv	713	713	717	11	1940	flash_ctrl_otf_base_vseq @ stimuli/sv/subs/opentitan/hw/ip_templates/flash_ctrl/dv/env/seq_lib/flash_ctrl_otf_base_vseq.sv	h_ctrl_otf_base_vseq; `uvm_object_utils(flash_ctrl_rw_vseq) `uvm_object_new
PRE-TICK	FACT-GATED-CROSS-FILE	opentitan	hw/top_earlgrey/ip_autogen/flash_ctrl/dv/env/seq_lib/flash_ctrl_serr_address_vseq.sv	474	474	478	9	1056	flash_ctrl_rw_vseq @ stimuli/sv/subs/opentitan/hw/ip_templates/flash_ctrl/dv/env/seq_lib/flash_ctrl_rw_vseq.sv	s flash_ctrl_rw_vseq; `uvm_object_utils(flash_ctrl_serr_address_vseq) `uvm_o
PRE-TICK	FACT-GATED-CROSS-FILE	opentitan	hw/top_earlgrey/ip_autogen/flash_ctrl/dv/env/seq_lib/flash_ctrl_serr_counter_vseq.sv	394	394	398	8	711	flash_ctrl_rw_vseq @ stimuli/sv/subs/opentitan/hw/ip_templates/flash_ctrl/dv/env/seq_lib/flash_ctrl_rw_vseq.sv	s flash_ctrl_rw_vseq; `uvm_object_utils(flash_ctrl_serr_counter_vseq) `uvm_o
PRE-TICK	FACT-GATED-CROSS-FILE	opentitan	hw/top_earlgrey/ip_autogen/flash_ctrl/dv/env/seq_lib/flash_ctrl_smoke_hw_vseq.sv	282	282	286	6	3848	flash_ctrl_base_vseq @ stimuli/sv/subs/opentitan/hw/ip_templates/flash_ctrl/dv/env/seq_lib/flash_ctrl_base_vseq.sv	flash_ctrl_base_vseq; `uvm_object_utils(flash_ctrl_smoke_hw_vseq) `uvm_obje
PRE-TICK	FACT-GATED-CROSS-FILE	opentitan	hw/top_earlgrey/ip_autogen/flash_ctrl/dv/env/seq_lib/flash_ctrl_smoke_vseq.sv	261	261	265	6	1544	flash_ctrl_rand_ops_base_vseq @ stimuli/sv/subs/opentitan/hw/ip_templates/flash_ctrl/dv/env/seq_lib/flash_ctrl_rand_ops_base_vseq.sv	l_rand_ops_base_vseq; `uvm_object_utils(flash_ctrl_smoke_vseq) `uvm_object_
PRE-TICK	FACT-GATED-CROSS-FILE	opentitan	hw/top_earlgrey/ip_autogen/flash_ctrl/dv/env/seq_lib/flash_ctrl_stress_all_vseq.sv	232	232	236	5	1275	flash_ctrl_base_vseq @ stimuli/sv/subs/opentitan/hw/ip_templates/flash_ctrl/dv/env/seq_lib/flash_ctrl_base_vseq.sv	flash_ctrl_base_vseq; `uvm_object_utils(flash_ctrl_stress_all_vseq) `uvm_obj
PRE-TICK	FACT-GATED-CROSS-FILE	opentitan	hw/top_earlgrey/ip_autogen/flash_ctrl/dv/env/seq_lib/flash_ctrl_sw_op_vseq.sv	436	436	440	13	6023	flash_ctrl_base_vseq @ stimuli/sv/subs/opentitan/hw/ip_templates/flash_ctrl/dv/env/seq_lib/flash_ctrl_base_vseq.sv	flash_ctrl_base_vseq; `uvm_object_utils(flash_ctrl_sw_op_vseq) // Class Mem
PRE-TICK	FACT-GATED-CROSS-FILE	opentitan	hw/top_earlgrey/ip_autogen/flash_ctrl/dv/env/seq_lib/flash_ctrl_wo_vseq.sv	255	255	259	6	770	flash_ctrl_otf_base_vseq @ stimuli/sv/subs/opentitan/hw/ip_templates/flash_ctrl/dv/env/seq_lib/flash_ctrl_otf_base_vseq.sv	h_ctrl_otf_base_vseq; `uvm_object_utils(flash_ctrl_wo_vseq) `uvm_object_new
PRE-TICK	FACT-GATED-CROSS-FILE	opentitan	hw/top_earlgrey/ip_autogen/flash_ctrl/dv/env/seq_lib/flash_ctrl_wr_path_intg_vseq.sv	426	426	430	8	5019	flash_ctrl_rw_vseq @ stimuli/sv/subs/opentitan/hw/ip_templates/flash_ctrl/dv/env/seq_lib/flash_ctrl_rw_vseq.sv	s flash_ctrl_rw_vseq; `uvm_object_utils(flash_ctrl_wr_path_intg_vseq) `uvm_o
PRE-TICK	FACT-GATED-CROSS-FILE	opentitan	hw/top_earlgrey/ip_autogen/flash_ctrl/dv/env/seq_lib/flash_ctrl_write_rnd_wd_vseq.sv	360	360	364	8	919	flash_ctrl_otf_base_vseq @ stimuli/sv/subs/opentitan/hw/ip_templates/flash_ctrl/dv/env/seq_lib/flash_ctrl_otf_base_vseq.sv	h_ctrl_otf_base_vseq; `uvm_object_utils(flash_ctrl_write_rnd_wd_vseq) `uvm_o
PRE-TICK	FACT-GATED-CROSS-FILE	opentitan	hw/top_earlgrey/ip_autogen/flash_ctrl/dv/env/seq_lib/flash_ctrl_write_word_sweep_vseq.sv	376	376	380	7	1133	flash_ctrl_otf_base_vseq @ stimuli/sv/subs/opentitan/hw/ip_templates/flash_ctrl/dv/env/seq_lib/flash_ctrl_otf_base_vseq.sv	h_ctrl_otf_base_vseq; `uvm_object_utils(flash_ctrl_write_word_sweep_vseq) `u
PRE-TICK	FACT-GATED-CROSS-FILE	opentitan	hw/top_earlgrey/ip_autogen/flash_ctrl/dv/tests/flash_ctrl_base_test.sv	236	236	1729	6	4312	flash_ctrl_env_cfg @ stimuli/sv/subs/opentitan/hw/ip_templates/flash_ctrl/dv/env/flash_ctrl_env_cfg.sv	= flash_ctrl_env_cfg, type ENV_T = flash_ctrl_env ) extends cip_base_test
PRE-TICK	FACT-GATED-CROSS-FILE	opentitan	hw/top_earlgrey/ip_autogen/flash_ctrl/rtl/flash_ctrl_lcmgr.sv	360	361	4147	12	26590	flash_key_t @ stimuli/sv/subs/opentitan/hw/ip/flash_ctrl/rtl/flash_ctrl_pkg.sv	rameter flash_key_t RndCnstAddrKey = RndCnstAddrKeyDefault, parameter flash_k
PRE-TICK	FACT-GATED-CROSS-FILE	opentitan	hw/top_earlgrey/ip_autogen/flash_ctrl/rtl/flash_phy_core.sv	1699	1713	5191	40	19390	scramble_req_t @ stimuli/sv/subs/opentitan/hw/ip/rram_ctrl/rtl/rram_ctrl_pkg.sv	_req_t scramble_req_o, input scramble_rsp_t scrambl
PRE-TICK	FACT-GATED-CROSS-FILE	opentitan	hw/top_earlgrey/ip_autogen/flash_ctrl/rtl/flash_phy_rd_buffers.sv	1068	1069	1937	34	2176	rd_buf_t @ stimuli/sv/subs/opentitan/hw/ip/rram_ctrl/rtl/rram_ctrl_pkg.sv	, output rd_buf_t out_o ); always_ff @(posedge clk_i or negedge rst_ni) beg
PRE-TICK	FACT-GATED-CROSS-FILE	opentitan	hw/top_earlgrey/ip_autogen/gpio/dv/env/gpio_env.sv	206	207	379	5	885	cip_base_env @ stimuli/sv/subs/opentitan/hw/dv/sv/cip_lib/cip_base_env.sv	xtends cip_base_env #( .CFG_T (gpio_env_cfg), .COV_T
PRE-TICK	FACT-GATED-CROSS-FILE	opentitan	hw/top_earlgrey/ip_autogen/gpio/dv/env/gpio_env_cfg.sv	214	215	644	5	1271	cip_base_env_cfg @ stimuli/sv/subs/opentitan/hw/dv/sv/cip_lib/cip_base_env_cfg.sv	ds cip_base_env_cfg #( .RAL_T(gpio_reg_block) ); // flag to indicate if wea
PRE-TICK	FACT-GATED-CROSS-FILE	opentitan	hw/top_earlgrey/ip_autogen/gpio/dv/env/gpio_scoreboard.sv	219	220	1889	4	39055	cip_base_scoreboard @ stimuli/sv/subs/opentitan/hw/dv/sv/cip_lib/cip_base_scoreboard.sv	cip_base_scoreboard #(.CFG_T (gpio_env_cfg),
PRE-TICK	FACT-GATED-CROSS-FILE	opentitan	hw/top_earlgrey/ip_autogen/gpio/dv/env/seq_lib/gpio_base_vseq.sv	213	214	668	5	4555	cip_base_vseq @ stimuli/sv/subs/opentitan/hw/dv/sv/cip_lib/seq_lib/cip_base_vseq.sv	tends cip_base_vseq #( .CFG_T (gpio_env_cfg), .RAL
PRE-TICK	FACT-GATED-CROSS-FILE	opentitan	hw/top_earlgrey/ip_autogen/gpio/dv/env/seq_lib/gpio_common_vseq.sv	216	216	220	5	688	gpio_base_vseq @ stimuli/sv/subs/opentitan/hw/top_darjeeling/ip_autogen/gpio/dv/env/seq_lib/gpio_base_vseq.sv	tends gpio_base_vseq; `uvm_object_utils(gpio_common_vseq) `uvm_object_new
PRE-TICK	FACT-GATED-CROSS-FILE	opentitan	hw/top_earlgrey/ip_autogen/gpio/dv/env/seq_lib/gpio_dout_din_regs_random_rw_vseq.sv	560	560	565	10	3937	gpio_base_vseq @ stimuli/sv/subs/opentitan/hw/top_darjeeling/ip_autogen/gpio/dv/env/seq_lib/gpio_base_vseq.sv	tends gpio_base_vseq; `uvm_object_utils(gpio_dout_din_regs_random_rw_vseq)
PRE-TICK	FACT-GATED-CROSS-FILE	opentitan	hw/top_earlgrey/ip_autogen/gpio/dv/env/seq_lib/gpio_filter_stress_vseq.sv	1378	1378	1383	22	9534	gpio_intr_with_filter_rand_intr_event_vseq @ stimuli/sv/subs/opentitan/hw/top_darjeeling/ip_autogen/gpio/dv/env/seq_lib/gpio_intr_with_filter_rand_intr_event_vseq.sv	rand_intr_event_vseq; `uvm_object_utils(gpio_filter_stress_vseq) `uvm_objec
PRE-TICK	FACT-GATED-CROSS-FILE	opentitan	hw/top_earlgrey/ip_autogen/gpio/dv/env/seq_lib/gpio_full_random_vseq.sv	600	600	868	12	11597	gpio_random_long_reg_writes_reg_reads_vseq @ stimuli/sv/subs/opentitan/hw/top_darjeeling/ip_autogen/gpio/dv/env/seq_lib/gpio_random_long_reg_writes_reg_reads_vseq.sv	rites_reg_reads_vseq; // predicted value of DATA_OUT rtl implementation regis
PRE-TICK	FACT-GATED-CROSS-FILE	opentitan	hw/top_earlgrey/ip_autogen/gpio/dv/env/seq_lib/gpio_intr_rand_pgm_vseq.sv	708	708	713	16	3319	gpio_base_vseq @ stimuli/sv/subs/opentitan/hw/top_darjeeling/ip_autogen/gpio/dv/env/seq_lib/gpio_base_vseq.sv	tends gpio_base_vseq; `uvm_object_utils(gpio_intr_rand_pgm_vseq) `uvm_objec
PRE-TICK	FACT-GATED-CROSS-FILE	opentitan	hw/top_earlgrey/ip_autogen/gpio/dv/env/seq_lib/gpio_intr_with_filter_rand_intr_event_vseq.sv	938	938	2183	15	14310	gpio_base_vseq @ stimuli/sv/subs/opentitan/hw/top_darjeeling/ip_autogen/gpio/dv/env/seq_lib/gpio_base_vseq.sv	tends gpio_base_vseq; // Random variable to specify for how many cycles one w
PRE-TICK	FACT-GATED-CROSS-FILE	opentitan	hw/top_earlgrey/ip_autogen/gpio/dv/env/seq_lib/gpio_rand_intr_trigger_vseq.sv	743	743	813	16	3908	gpio_base_vseq @ stimuli/sv/subs/opentitan/hw/top_darjeeling/ip_autogen/gpio/dv/env/seq_lib/gpio_base_vseq.sv	tends gpio_base_vseq; constraint num_trans_c { num_trans inside {[20:200]
PRE-TICK	FACT-GATED-CROSS-FILE	opentitan	hw/top_earlgrey/ip_autogen/gpio/dv/env/seq_lib/gpio_rand_straps_vseq.sv	925	925	930	15	4927	gpio_base_vseq @ stimuli/sv/subs/opentitan/hw/top_darjeeling/ip_autogen/gpio/dv/env/seq_lib/gpio_base_vseq.sv	tends gpio_base_vseq; `uvm_object_utils(gpio_rand_straps_vseq) // gpio inp
PRE-TICK	FACT-GATED-CROSS-FILE	opentitan	hw/top_earlgrey/ip_autogen/gpio/dv/env/seq_lib/gpio_random_dout_din_vseq.sv	695	695	700	15	3488	gpio_base_vseq @ stimuli/sv/subs/opentitan/hw/top_darjeeling/ip_autogen/gpio/dv/env/seq_lib/gpio_base_vseq.sv	tends gpio_base_vseq; `uvm_object_utils(gpio_random_dout_din_vseq) `uvm_obj
PRE-TICK	FACT-GATED-CROSS-FILE	opentitan	hw/top_earlgrey/ip_autogen/gpio/dv/env/seq_lib/gpio_random_long_reg_writes_reg_reads_vseq.sv	597	597	602	11	6345	gpio_base_vseq @ stimuli/sv/subs/opentitan/hw/top_darjeeling/ip_autogen/gpio/dv/env/seq_lib/gpio_base_vseq.sv	tends gpio_base_vseq; `uvm_object_utils(gpio_random_long_reg_writes_reg_reads
PRE-TICK	FACT-GATED-CROSS-FILE	opentitan	hw/top_earlgrey/ip_autogen/gpio/dv/env/seq_lib/gpio_smoke_vseq.sv	451	451	455	10	3374	gpio_base_vseq @ stimuli/sv/subs/opentitan/hw/top_darjeeling/ip_autogen/gpio/dv/env/seq_lib/gpio_base_vseq.sv	tends gpio_base_vseq; `uvm_object_utils(gpio_smoke_vseq) // gpio input to d
PRE-TICK	FACT-GATED-CROSS-FILE	opentitan	hw/top_earlgrey/ip_autogen/gpio/dv/env/seq_lib/gpio_stress_all_vseq.sv	432	432	436	8	1888	gpio_base_vseq @ stimuli/sv/subs/opentitan/hw/top_darjeeling/ip_autogen/gpio/dv/env/seq_lib/gpio_base_vseq.sv	tends gpio_base_vseq; `uvm_object_utils(gpio_stress_all_vseq) `uvm_object_n
PRE-TICK	FACT-GATED-CROSS-FILE	opentitan	hw/top_earlgrey/ip_autogen/gpio/dv/tests/gpio_base_test.sv	212	213	264	4	939	cip_base_test @ stimuli/sv/subs/opentitan/hw/dv/sv/cip_lib/cip_base_test.sv	tends cip_base_test #( .ENV_T(gpio_env), .CFG_T(gpio_env_cfg) ); `uvm_comp
PRE-TICK	FACT-GATED-CROSS-FILE	opentitan	hw/top_earlgrey/ip_autogen/otp_ctrl/dv/env/otp_ctrl_env.sv	228	228	565	6	4928	otp_ctrl_env_cfg @ stimuli/sv/subs/opentitan/hw/top_darjeeling/ip_autogen/otp_ctrl/dv/env/otp_ctrl_env_cfg.sv	T = otp_ctrl_env_cfg, type COV_T = otp_ctrl_env_cov, type VIRTUAL_SE
PRE-TICK	FACT-GATED-CROSS-FILE	opentitan	hw/top_earlgrey/ip_autogen/otp_ctrl/dv/env/otp_ctrl_scoreboard.sv	227	227	354	4	86380	otp_ctrl_env_cfg @ stimuli/sv/subs/opentitan/hw/top_darjeeling/ip_autogen/otp_ctrl/dv/env/otp_ctrl_env_cfg.sv	T = otp_ctrl_env_cfg) extends cip_base_scoreboard #( .CFG_T(CFG_T), .R
PRE-TICK	FACT-GATED-CROSS-FILE	opentitan	hw/top_earlgrey/ip_autogen/otp_ctrl/dv/env/otp_ctrl_virtual_sequencer.sv	238	239	308	5	863	cip_base_virtual_sequencer @ stimuli/sv/subs/opentitan/hw/dv/sv/cip_lib/cip_base_virtual_sequencer.sv	e_virtual_sequencer #( .CFG_T(otp_ctrl_env_cfg), .COV_T(otp_ctrl_env_cov
PRE-TICK	FACT-GATED-CROSS-FILE	opentitan	hw/top_earlgrey/ip_autogen/otp_ctrl/dv/env/seq_lib/otp_ctrl_background_chks_vseq.sv	334	334	338	7	2662	otp_ctrl_dai_lock_vseq @ stimuli/sv/subs/opentitan/hw/top_darjeeling/ip_autogen/otp_ctrl/dv/env/seq_lib/otp_ctrl_dai_lock_vseq.sv	p_ctrl_dai_lock_vseq; `uvm_object_utils(otp_ctrl_background_chks_vseq) `uvm
PRE-TICK	FACT-GATED-CROSS-FILE	opentitan	hw/top_earlgrey/ip_autogen/otp_ctrl/dv/env/seq_lib/otp_ctrl_base_vseq.sv	216	217	423	4	28328	cip_base_vseq @ stimuli/sv/subs/opentitan/hw/dv/sv/cip_lib/seq_lib/cip_base_vseq.sv	tends cip_base_vseq #( .RAL_T (otp_ctrl_core_reg_block), .
PRE-TICK	FACT-GATED-CROSS-FILE	opentitan	hw/top_earlgrey/ip_autogen/otp_ctrl/dv/env/seq_lib/otp_ctrl_callback_vseq.sv	273	274	480	6	828	cip_base_vseq @ stimuli/sv/subs/opentitan/hw/dv/sv/cip_lib/seq_lib/cip_base_vseq.sv	tends cip_base_vseq #( .RAL_T (otp_ctrl_core_reg_block), .
PRE-TICK	FACT-GATED-CROSS-FILE	opentitan	hw/top_earlgrey/ip_autogen/otp_ctrl/dv/env/seq_lib/otp_ctrl_check_fail_vseq.sv	380	380	384	9	1010	otp_ctrl_dai_lock_vseq @ stimuli/sv/subs/opentitan/hw/top_darjeeling/ip_autogen/otp_ctrl/dv/env/seq_lib/otp_ctrl_dai_lock_vseq.sv	p_ctrl_dai_lock_vseq; `uvm_object_utils(otp_ctrl_check_fail_vseq) `uvm_obje
PRE-TICK	FACT-GATED-CROSS-FILE	opentitan	hw/top_earlgrey/ip_autogen/otp_ctrl/dv/env/seq_lib/otp_ctrl_common_vseq.sv	224	224	228	5	9951	otp_ctrl_base_vseq @ stimuli/sv/subs/opentitan/hw/top_darjeeling/ip_autogen/otp_ctrl/dv/env/seq_lib/otp_ctrl_base_vseq.sv	s otp_ctrl_base_vseq; `uvm_object_utils(otp_ctrl_common_vseq) rand bit [TL_
PRE-TICK	FACT-GATED-CROSS-FILE	opentitan	hw/top_earlgrey/ip_autogen/otp_ctrl/dv/env/seq_lib/otp_ctrl_dai_errs_vseq.sv	535	535	539	9	1522	otp_ctrl_dai_lock_vseq @ stimuli/sv/subs/opentitan/hw/top_darjeeling/ip_autogen/otp_ctrl/dv/env/seq_lib/otp_ctrl_dai_lock_vseq.sv	p_ctrl_dai_lock_vseq; `uvm_object_utils(otp_ctrl_dai_errs_vseq) bit[31:0] e
PRE-TICK	FACT-GATED-CROSS-FILE	opentitan	hw/top_earlgrey/ip_autogen/otp_ctrl/dv/env/seq_lib/otp_ctrl_init_fail_vseq.sv	1355	1355	1359	23	11074	otp_ctrl_smoke_vseq @ stimuli/sv/subs/opentitan/hw/top_darjeeling/ip_autogen/otp_ctrl/dv/env/seq_lib/otp_ctrl_smoke_vseq.sv	otp_ctrl_smoke_vseq; `uvm_object_utils(otp_ctrl_init_fail_vseq) `uvm_objec
PRE-TICK	FACT-GATED-CROSS-FILE	opentitan	hw/top_earlgrey/ip_autogen/otp_ctrl/dv/env/seq_lib/otp_ctrl_low_freq_read_vseq.sv	328	328	332	6	2712	otp_ctrl_base_vseq @ stimuli/sv/subs/opentitan/hw/top_darjeeling/ip_autogen/otp_ctrl/dv/env/seq_lib/otp_ctrl_base_vseq.sv	s otp_ctrl_base_vseq; `uvm_object_utils(otp_ctrl_low_freq_read_vseq) `uvm_o
PRE-TICK	FACT-GATED-CROSS-FILE	opentitan	hw/top_earlgrey/ip_autogen/otp_ctrl/dv/env/seq_lib/otp_ctrl_macro_errs_vseq.sv	356	356	360	8	617	otp_ctrl_dai_lock_vseq @ stimuli/sv/subs/opentitan/hw/top_darjeeling/ip_autogen/otp_ctrl/dv/env/seq_lib/otp_ctrl_dai_lock_vseq.sv	p_ctrl_dai_lock_vseq; `uvm_object_utils(otp_ctrl_macro_errs_vseq) `uvm_obje
PRE-TICK	FACT-GATED-CROSS-FILE	opentitan	hw/top_earlgrey/ip_autogen/otp_ctrl/dv/env/seq_lib/otp_ctrl_parallel_base_vseq.sv	558	558	562	11	1184	otp_ctrl_dai_lock_vseq @ stimuli/sv/subs/opentitan/hw/top_darjeeling/ip_autogen/otp_ctrl/dv/env/seq_lib/otp_ctrl_dai_lock_vseq.sv	p_ctrl_dai_lock_vseq; `uvm_object_utils(otp_ctrl_parallel_base_vseq) `uvm_o
PRE-TICK	FACT-GATED-CROSS-FILE	opentitan	hw/top_earlgrey/ip_autogen/otp_ctrl/dv/env/seq_lib/otp_ctrl_parallel_key_req_vseq.sv	441	441	445	9	1749	otp_ctrl_parallel_base_vseq @ stimuli/sv/subs/opentitan/hw/ip_templates/otp_ctrl/dv/env/seq_lib/otp_ctrl_parallel_base_vseq.sv	l_parallel_base_vseq; `uvm_object_utils(otp_ctrl_parallel_key_req_vseq) `uv
PRE-TICK	FACT-GATED-CROSS-FILE	opentitan	hw/top_earlgrey/ip_autogen/otp_ctrl/dv/env/seq_lib/otp_ctrl_parallel_lc_esc_vseq.sv	463	463	467	9	3777	otp_ctrl_dai_lock_vseq @ stimuli/sv/subs/opentitan/hw/top_darjeeling/ip_autogen/otp_ctrl/dv/env/seq_lib/otp_ctrl_dai_lock_vseq.sv	p_ctrl_dai_lock_vseq; `uvm_object_utils(otp_ctrl_parallel_lc_esc_vseq) `uvm
PRE-TICK	FACT-GATED-CROSS-FILE	opentitan	hw/top_earlgrey/ip_autogen/otp_ctrl/dv/env/seq_lib/otp_ctrl_parallel_lc_req_vseq.sv	484	484	488	11	1695	otp_ctrl_parallel_base_vseq @ stimuli/sv/subs/opentitan/hw/ip_templates/otp_ctrl/dv/env/seq_lib/otp_ctrl_parallel_base_vseq.sv	l_parallel_base_vseq; `uvm_object_utils(otp_ctrl_parallel_lc_req_vseq) `uvm
PRE-TICK	FACT-GATED-CROSS-FILE	opentitan	hw/top_earlgrey/ip_autogen/otp_ctrl/dv/env/seq_lib/otp_ctrl_partition_walk_vseq.sv	311	311	315	6	1903	otp_ctrl_base_vseq @ stimuli/sv/subs/opentitan/hw/top_darjeeling/ip_autogen/otp_ctrl/dv/env/seq_lib/otp_ctrl_base_vseq.sv	s otp_ctrl_base_vseq; `uvm_object_utils(otp_ctrl_partition_walk_vseq) `uvm_
PRE-TICK	FACT-GATED-CROSS-FILE	opentitan	hw/top_earlgrey/ip_autogen/otp_ctrl/dv/env/seq_lib/otp_ctrl_regwen_vseq.sv	472	472	476	9	2739	otp_ctrl_smoke_vseq @ stimuli/sv/subs/opentitan/hw/top_darjeeling/ip_autogen/otp_ctrl/dv/env/seq_lib/otp_ctrl_smoke_vseq.sv	otp_ctrl_smoke_vseq; `uvm_object_utils(otp_ctrl_regwen_vseq) `uvm_object_ne
PRE-TICK	FACT-GATED-CROSS-FILE	opentitan	hw/top_earlgrey/ip_autogen/otp_ctrl/dv/env/seq_lib/otp_ctrl_stress_all_vseq.sv	755	755	759	12	3449	otp_ctrl_base_vseq @ stimuli/sv/subs/opentitan/hw/top_darjeeling/ip_autogen/otp_ctrl/dv/env/seq_lib/otp_ctrl_base_vseq.sv	s otp_ctrl_base_vseq; `uvm_object_utils(otp_ctrl_stress_all_vseq) string se
PRE-TICK	FACT-GATED-CROSS-FILE	opentitan	hw/top_earlgrey/ip_autogen/otp_ctrl/dv/env/seq_lib/otp_ctrl_test_access_vseq.sv	233	233	237	5	1992	otp_ctrl_dai_lock_vseq @ stimuli/sv/subs/opentitan/hw/top_darjeeling/ip_autogen/otp_ctrl/dv/env/seq_lib/otp_ctrl_dai_lock_vseq.sv	p_ctrl_dai_lock_vseq; `uvm_object_utils(otp_ctrl_test_access_vseq) `uvm_obj
PRE-TICK	FACT-GATED-CROSS-FILE	opentitan	hw/top_earlgrey/ip_autogen/otp_ctrl/dv/env/seq_lib/otp_ctrl_wake_up_vseq.sv	225	225	229	5	1972	otp_ctrl_base_vseq @ stimuli/sv/subs/opentitan/hw/top_darjeeling/ip_autogen/otp_ctrl/dv/env/seq_lib/otp_ctrl_base_vseq.sv	s otp_ctrl_base_vseq; `uvm_object_utils(otp_ctrl_wake_up_vseq) `uvm_object_
PRE-TICK	FACT-GATED-CROSS-FILE	opentitan	hw/top_earlgrey/ip_autogen/otp_ctrl/dv/tests/otp_ctrl_base_test.sv	232	232	1679	6	1995	otp_ctrl_env_cfg @ stimuli/sv/subs/opentitan/hw/top_darjeeling/ip_autogen/otp_ctrl/dv/env/otp_ctrl_env_cfg.sv	T = otp_ctrl_env_cfg, type ENV_T = otp_ctrl_env ) extends cip_base_test #(
PRE-TICK	FACT-GATED-CROSS-FILE	opentitan	hw/top_earlgrey/ip_autogen/pinmux/rtl/pinmux_strap_sampling.sv	432	433	7281	13	20173	target_cfg_t @ stimuli/sv/subs/opentitan/hw/top_darjeeling/ip_autogen/pinmux/rtl/pinmux_pkg.sv	ameter target_cfg_t TargetCfg = DefaultTargetCfg ) ( input
PRE-TICK	FACT-GATED-CROSS-FILE	opentitan	hw/top_earlgrey/ip_autogen/pwrmgr/dv/env/pwrmgr_env.sv	208	209	389	5	2204	cip_base_env @ stimuli/sv/subs/opentitan/hw/dv/sv/cip_lib/cip_base_env.sv	xtends cip_base_env #( .CFG_T (pwrmgr_env_cfg), .COV_T
PRE-TICK	FACT-GATED-CROSS-FILE	opentitan	hw/top_earlgrey/ip_autogen/pwrmgr/dv/env/pwrmgr_env_cfg.sv	216	217	491	5	1786	cip_base_env_cfg @ stimuli/sv/subs/opentitan/hw/dv/sv/cip_lib/cip_base_env_cfg.sv	ds cip_base_env_cfg #( .RAL_T(pwrmgr_reg_block) ); // disable fault csr rea
PRE-TICK	FACT-GATED-CROSS-FILE	opentitan	hw/top_earlgrey/ip_autogen/pwrmgr/dv/env/pwrmgr_scoreboard.sv	222	223	310	5	14011	cip_base_scoreboard @ stimuli/sv/subs/opentitan/hw/dv/sv/cip_lib/cip_base_scoreboard.sv	cip_base_scoreboard #( .CFG_T(pwrmgr_env_cfg), .RAL_T(pwrmgr_reg_block), .
PRE-TICK	FACT-GATED-CROSS-FILE	opentitan	hw/top_earlgrey/ip_autogen/pwrmgr/dv/env/pwrmgr_virtual_sequencer.sv	236	237	296	5	376	cip_base_virtual_sequencer @ stimuli/sv/subs/opentitan/hw/dv/sv/cip_lib/cip_base_virtual_sequencer.sv	e_virtual_sequencer #( .CFG_T(pwrmgr_env_cfg), .COV_T(pwrmgr_env_cov) ); `
PRE-TICK	FACT-GATED-CROSS-FILE	opentitan	hw/top_earlgrey/ip_autogen/pwrmgr/dv/env/seq_lib/pwrmgr_aborted_low_power_vseq.sv	488	488	492	8	4453	pwrmgr_base_vseq @ stimuli/sv/subs/opentitan/hw/top_darjeeling/ip_autogen/pwrmgr/dv/env/seq_lib/pwrmgr_base_vseq.sv	nds pwrmgr_base_vseq; `uvm_object_utils(pwrmgr_aborted_low_power_vseq) `uvm
PRE-TICK	FACT-GATED-CROSS-FILE	opentitan	hw/top_earlgrey/ip_autogen/pwrmgr/dv/env/seq_lib/pwrmgr_base_vseq.sv	215	216	395	5	37166	cip_base_vseq @ stimuli/sv/subs/opentitan/hw/dv/sv/cip_lib/seq_lib/cip_base_vseq.sv	tends cip_base_vseq #( .RAL_T (pwrmgr_reg_block), .CFG_T
PRE-TICK	FACT-GATED-CROSS-FILE	opentitan	hw/top_earlgrey/ip_autogen/pwrmgr/dv/env/seq_lib/pwrmgr_common_vseq.sv	220	220	224	5	4970	pwrmgr_base_vseq @ stimuli/sv/subs/opentitan/hw/top_darjeeling/ip_autogen/pwrmgr/dv/env/seq_lib/pwrmgr_base_vseq.sv	nds pwrmgr_base_vseq; `uvm_object_utils(pwrmgr_common_vseq) constraint num_
PRE-TICK	FACT-GATED-CROSS-FILE	opentitan	hw/top_earlgrey/ip_autogen/pwrmgr/dv/env/seq_lib/pwrmgr_disable_rom_integrity_check_vseq.sv	309	309	314	6	5442	pwrmgr_base_vseq @ stimuli/sv/subs/opentitan/hw/top_darjeeling/ip_autogen/pwrmgr/dv/env/seq_lib/pwrmgr_base_vseq.sv	nds pwrmgr_base_vseq; `uvm_object_utils(pwrmgr_disable_rom_integrity_check_vs
PRE-TICK	FACT-GATED-CROSS-FILE	opentitan	hw/top_earlgrey/ip_autogen/pwrmgr/dv/env/seq_lib/pwrmgr_esc_clk_rst_malfunc_vseq.sv	624	624	628	11	1929	pwrmgr_base_vseq @ stimuli/sv/subs/opentitan/hw/top_darjeeling/ip_autogen/pwrmgr/dv/env/seq_lib/pwrmgr_base_vseq.sv	nds pwrmgr_base_vseq; `uvm_object_utils(pwrmgr_esc_clk_rst_malfunc_vseq) `u
PRE-TICK	FACT-GATED-CROSS-FILE	opentitan	hw/top_earlgrey/ip_autogen/pwrmgr/dv/env/seq_lib/pwrmgr_escalation_timeout_vseq.sv	360	360	364	8	4094	pwrmgr_base_vseq @ stimuli/sv/subs/opentitan/hw/top_darjeeling/ip_autogen/pwrmgr/dv/env/seq_lib/pwrmgr_base_vseq.sv	nds pwrmgr_base_vseq; `uvm_object_utils(pwrmgr_escalation_timeout_vseq) `uv
PRE-TICK	FACT-GATED-CROSS-FILE	opentitan	hw/top_earlgrey/ip_autogen/pwrmgr/dv/env/seq_lib/pwrmgr_glitch_vseq.sv	317	317	321	7	1411	pwrmgr_base_vseq @ stimuli/sv/subs/opentitan/hw/top_darjeeling/ip_autogen/pwrmgr/dv/env/seq_lib/pwrmgr_base_vseq.sv	nds pwrmgr_base_vseq; `uvm_object_utils(pwrmgr_glitch_vseq) `uvm_object_new
PRE-TICK	FACT-GATED-CROSS-FILE	opentitan	hw/top_earlgrey/ip_autogen/pwrmgr/dv/env/seq_lib/pwrmgr_global_esc_vseq.sv	361	361	365	8	1670	pwrmgr_base_vseq @ stimuli/sv/subs/opentitan/hw/top_darjeeling/ip_autogen/pwrmgr/dv/env/seq_lib/pwrmgr_base_vseq.sv	nds pwrmgr_base_vseq; `uvm_object_utils(pwrmgr_global_esc_vseq) `uvm_object
PRE-TICK	FACT-GATED-CROSS-FILE	opentitan	hw/top_earlgrey/ip_autogen/pwrmgr/dv/env/seq_lib/pwrmgr_lowpower_invalid_vseq.sv	313	313	318	6	5140	pwrmgr_base_vseq @ stimuli/sv/subs/opentitan/hw/top_darjeeling/ip_autogen/pwrmgr/dv/env/seq_lib/pwrmgr_base_vseq.sv	nds pwrmgr_base_vseq; `uvm_object_utils(pwrmgr_lowpower_invalid_vseq) `uvm_
PRE-TICK	FACT-GATED-CROSS-FILE	opentitan	hw/top_earlgrey/ip_autogen/pwrmgr/dv/env/seq_lib/pwrmgr_lowpower_wakeup_race_vseq.sv	446	446	450	8	5300	pwrmgr_base_vseq @ stimuli/sv/subs/opentitan/hw/top_darjeeling/ip_autogen/pwrmgr/dv/env/seq_lib/pwrmgr_base_vseq.sv	nds pwrmgr_base_vseq; `uvm_object_utils(pwrmgr_lowpower_wakeup_race_vseq) `
PRE-TICK	FACT-GATED-CROSS-FILE	opentitan	hw/top_earlgrey/ip_autogen/pwrmgr/dv/env/seq_lib/pwrmgr_repeat_wakeup_reset_vseq.sv	425	425	429	7	2788	pwrmgr_wakeup_reset_vseq @ stimuli/sv/subs/opentitan/hw/top_darjeeling/ip_autogen/pwrmgr/dv/env/seq_lib/pwrmgr_wakeup_reset_vseq.sv	gr_wakeup_reset_vseq; `uvm_object_utils(pwrmgr_repeat_wakeup_reset_vseq) `u
PRE-TICK	FACT-GATED-CROSS-FILE	opentitan	hw/top_earlgrey/ip_autogen/pwrmgr/dv/env/seq_lib/pwrmgr_reset_invalid_vseq.sv	307	307	312	6	4903	pwrmgr_base_vseq @ stimuli/sv/subs/opentitan/hw/top_darjeeling/ip_autogen/pwrmgr/dv/env/seq_lib/pwrmgr_base_vseq.sv	nds pwrmgr_base_vseq; `uvm_object_utils(pwrmgr_reset_invalid_vseq) `uvm_obj
PRE-TICK	FACT-GATED-CROSS-FILE	opentitan	hw/top_earlgrey/ip_autogen/pwrmgr/dv/env/seq_lib/pwrmgr_reset_vseq.sv	328	328	333	7	2978	pwrmgr_base_vseq @ stimuli/sv/subs/opentitan/hw/top_darjeeling/ip_autogen/pwrmgr/dv/env/seq_lib/pwrmgr_base_vseq.sv	nds pwrmgr_base_vseq; `uvm_object_utils(pwrmgr_reset_vseq) `uvm_object_new
PRE-TICK	FACT-GATED-CROSS-FILE	opentitan	hw/top_earlgrey/ip_autogen/pwrmgr/dv/env/seq_lib/pwrmgr_sec_cm_ctrl_config_regwen_vseq.sv	496	496	500	9	1913	pwrmgr_wakeup_vseq @ stimuli/sv/subs/opentitan/hw/ip_templates/pwrmgr/dv/env/seq_lib/pwrmgr_wakeup_vseq.sv	s pwrmgr_wakeup_vseq; `uvm_object_utils(pwrmgr_sec_cm_ctrl_config_regwen_vseq)
PRE-TICK	FACT-GATED-CROSS-FILE	opentitan	hw/top_earlgrey/ip_autogen/pwrmgr/dv/env/seq_lib/pwrmgr_smoke_vseq.sv	352	352	356	9	3079	pwrmgr_base_vseq @ stimuli/sv/subs/opentitan/hw/top_darjeeling/ip_autogen/pwrmgr/dv/env/seq_lib/pwrmgr_base_vseq.sv	nds pwrmgr_base_vseq; `uvm_object_utils(pwrmgr_smoke_vseq) `uvm_object_new
PRE-TICK	FACT-GATED-CROSS-FILE	opentitan	hw/top_earlgrey/ip_autogen/pwrmgr/dv/env/seq_lib/pwrmgr_stress_all_vseq.sv	351	351	355	7	1417	pwrmgr_base_vseq @ stimuli/sv/subs/opentitan/hw/top_darjeeling/ip_autogen/pwrmgr/dv/env/seq_lib/pwrmgr_base_vseq.sv	nds pwrmgr_base_vseq; `uvm_object_utils(pwrmgr_stress_all_vseq) `uvm_object
PRE-TICK	FACT-GATED-CROSS-FILE	opentitan	hw/top_earlgrey/ip_autogen/pwrmgr/dv/env/seq_lib/pwrmgr_sw_reset_vseq.sv	292	292	297	6	1777	pwrmgr_base_vseq @ stimuli/sv/subs/opentitan/hw/top_darjeeling/ip_autogen/pwrmgr/dv/env/seq_lib/pwrmgr_base_vseq.sv	nds pwrmgr_base_vseq; `uvm_object_utils(pwrmgr_sw_reset_vseq) `uvm_object_n
PRE-TICK	FACT-GATED-CROSS-FILE	opentitan	hw/top_earlgrey/ip_autogen/pwrmgr/dv/env/seq_lib/pwrmgr_wakeup_reset_vseq.sv	612	612	616	10	5660	pwrmgr_base_vseq @ stimuli/sv/subs/opentitan/hw/top_darjeeling/ip_autogen/pwrmgr/dv/env/seq_lib/pwrmgr_base_vseq.sv	nds pwrmgr_base_vseq; `uvm_object_utils(pwrmgr_wakeup_reset_vseq) `uvm_obje
PRE-TICK	FACT-GATED-CROSS-FILE	opentitan	hw/top_earlgrey/ip_autogen/pwrmgr/dv/env/seq_lib/pwrmgr_wakeup_vseq.sv	333	333	337	7	4671	pwrmgr_base_vseq @ stimuli/sv/subs/opentitan/hw/top_darjeeling/ip_autogen/pwrmgr/dv/env/seq_lib/pwrmgr_base_vseq.sv	nds pwrmgr_base_vseq; `uvm_object_utils(pwrmgr_wakeup_vseq) `uvm_object_new
PRE-TICK	FACT-GATED-CROSS-FILE	opentitan	hw/top_earlgrey/ip_autogen/pwrmgr/dv/sva/pwrmgr_rstreqs_sva_if.sv	953	965	1155	24	3978	reset_cause_e @ stimuli/sv/subs/opentitan/hw/top_darjeeling/dv/env/seq_lib/chip_sw_full_aon_reset_vseq.sv	_cause_e reset_cause, input logic [HwResetWidth-1:0] rstreqs );
PRE-TICK	FACT-GATED-CROSS-FILE	opentitan	hw/top_earlgrey/ip_autogen/pwrmgr/dv/tests/pwrmgr_base_test.sv	215	216	272	5	623	cip_base_test @ stimuli/sv/subs/opentitan/hw/dv/sv/cip_lib/cip_base_test.sv	tends cip_base_test #( .CFG_T(pwrmgr_env_cfg), .ENV_T(pwrmgr_env) ); `uvm
PRE-TICK	FACT-GATED-CROSS-FILE	opentitan	hw/top_earlgrey/ip_autogen/rstmgr/dv/env/rstmgr_env.sv	208	209	389	5	2594	cip_base_env @ stimuli/sv/subs/opentitan/hw/dv/sv/cip_lib/cip_base_env.sv	xtends cip_base_env #( .CFG_T (rstmgr_env_cfg), .COV_T
PRE-TICK	FACT-GATED-CROSS-FILE	opentitan	hw/top_earlgrey/ip_autogen/rstmgr/dv/env/rstmgr_env_cfg.sv	216	217	373	5	1124	cip_base_env_cfg @ stimuli/sv/subs/opentitan/hw/dv/sv/cip_lib/cip_base_env_cfg.sv	ds cip_base_env_cfg #( .RAL_T(rstmgr_reg_block) ); // This scoreboard handl
PRE-TICK	FACT-GATED-CROSS-FILE	opentitan	hw/top_earlgrey/ip_autogen/rstmgr/dv/env/rstmgr_env_cov.sv	878	879	912	31	3206	cip_base_env_cov @ stimuli/sv/subs/opentitan/hw/dv/sv/cip_lib/cip_base_env_cov.sv	ds cip_base_env_cov #( .CFG_T(rstmgr_env_cfg) ); `uvm_component_utils(rstmgr
PRE-TICK	FACT-GATED-CROSS-FILE	opentitan	hw/top_earlgrey/ip_autogen/rstmgr/dv/env/rstmgr_scoreboard.sv	222	223	310	5	12197	cip_base_scoreboard @ stimuli/sv/subs/opentitan/hw/dv/sv/cip_lib/cip_base_scoreboard.sv	cip_base_scoreboard #( .CFG_T(rstmgr_env_cfg), .RAL_T(rstmgr_reg_block), .
PRE-TICK	FACT-GATED-CROSS-FILE	opentitan	hw/top_earlgrey/ip_autogen/rstmgr/dv/env/rstmgr_virtual_sequencer.sv	236	237	296	5	376	cip_base_virtual_sequencer @ stimuli/sv/subs/opentitan/hw/dv/sv/cip_lib/cip_base_virtual_sequencer.sv	e_virtual_sequencer #( .CFG_T(rstmgr_env_cfg), .COV_T(rstmgr_env_cov) ); `
PRE-TICK	FACT-GATED-CROSS-FILE	opentitan	hw/top_earlgrey/ip_autogen/rstmgr/dv/env/seq_lib/rstmgr_base_vseq.sv	215	216	396	5	22421	cip_base_vseq @ stimuli/sv/subs/opentitan/hw/dv/sv/cip_lib/seq_lib/cip_base_vseq.sv	tends cip_base_vseq #( .RAL_T (rstmgr_reg_block), .CFG_T
PRE-TICK	FACT-GATED-CROSS-FILE	opentitan	hw/top_earlgrey/ip_autogen/rstmgr/dv/env/seq_lib/rstmgr_common_vseq.sv	220	220	224	5	427	rstmgr_base_vseq @ stimuli/sv/subs/opentitan/hw/top_darjeeling/ip_autogen/rstmgr/dv/env/seq_lib/rstmgr_base_vseq.sv	nds rstmgr_base_vseq; `uvm_object_utils(rstmgr_common_vseq) constraint num_
PRE-TICK	FACT-GATED-CROSS-FILE	opentitan	hw/top_earlgrey/ip_autogen/rstmgr/dv/env/seq_lib/rstmgr_leaf_rst_cnsty_vseq.sv	483	483	487	13	9500	rstmgr_base_vseq @ stimuli/sv/subs/opentitan/hw/top_darjeeling/ip_autogen/rstmgr/dv/env/seq_lib/rstmgr_base_vseq.sv	nds rstmgr_base_vseq; `uvm_object_utils(rstmgr_leaf_rst_cnsty_vseq) `uvm_ob
PRE-TICK	FACT-GATED-CROSS-FILE	opentitan	hw/top_earlgrey/ip_autogen/rstmgr/dv/env/seq_lib/rstmgr_leaf_rst_shadow_attack_vseq.sv	363	363	367	7	3255	rstmgr_base_vseq @ stimuli/sv/subs/opentitan/hw/top_darjeeling/ip_autogen/rstmgr/dv/env/seq_lib/rstmgr_base_vseq.sv	nds rstmgr_base_vseq; `uvm_object_utils(rstmgr_leaf_rst_shadow_attack_vseq)
PRE-TICK	FACT-GATED-CROSS-FILE	opentitan	hw/top_earlgrey/ip_autogen/rstmgr/dv/env/seq_lib/rstmgr_por_stretcher_vseq.sv	591	591	595	9	2017	rstmgr_base_vseq @ stimuli/sv/subs/opentitan/hw/top_darjeeling/ip_autogen/rstmgr/dv/env/seq_lib/rstmgr_base_vseq.sv	nds rstmgr_base_vseq; `uvm_object_utils(rstmgr_por_stretcher_vseq) `uvm_obj
PRE-TICK	FACT-GATED-CROSS-FILE	opentitan	hw/top_earlgrey/ip_autogen/rstmgr/dv/env/seq_lib/rstmgr_reset_vseq.sv	392	392	396	9	7105	rstmgr_base_vseq @ stimuli/sv/subs/opentitan/hw/top_darjeeling/ip_autogen/rstmgr/dv/env/seq_lib/rstmgr_base_vseq.sv	nds rstmgr_base_vseq; `uvm_object_utils(rstmgr_reset_vseq) `uvm_object_new
PRE-TICK	FACT-GATED-CROSS-FILE	opentitan	hw/top_earlgrey/ip_autogen/rstmgr/dv/env/seq_lib/rstmgr_sec_cm_scan_intersig_mubi_vseq.sv	317	317	322	7	1651	rstmgr_smoke_vseq @ stimuli/sv/subs/opentitan/hw/top_darjeeling/ip_autogen/rstmgr/dv/env/seq_lib/rstmgr_smoke_vseq.sv	ds rstmgr_smoke_vseq; `uvm_object_utils(rstmgr_sec_cm_scan_intersig_mubi_vseq
PRE-TICK	FACT-GATED-CROSS-FILE	opentitan	hw/top_earlgrey/ip_autogen/rstmgr/dv/env/seq_lib/rstmgr_smoke_vseq.sv	360	360	365	7	5137	rstmgr_base_vseq @ stimuli/sv/subs/opentitan/hw/top_darjeeling/ip_autogen/rstmgr/dv/env/seq_lib/rstmgr_base_vseq.sv	nds rstmgr_base_vseq; `uvm_object_utils(rstmgr_smoke_vseq) `uvm_object_new
PRE-TICK	FACT-GATED-CROSS-FILE	opentitan	hw/top_earlgrey/ip_autogen/rstmgr/dv/env/seq_lib/rstmgr_stress_all_vseq.sv	351	351	355	7	1480	rstmgr_base_vseq @ stimuli/sv/subs/opentitan/hw/top_darjeeling/ip_autogen/rstmgr/dv/env/seq_lib/rstmgr_base_vseq.sv	nds rstmgr_base_vseq; `uvm_object_utils(rstmgr_stress_all_vseq) `uvm_object
PRE-TICK	FACT-GATED-CROSS-FILE	opentitan	hw/top_earlgrey/ip_autogen/rstmgr/dv/env/seq_lib/rstmgr_sw_rst_reset_race_vseq.sv	649	649	653	11	2349	rstmgr_base_vseq @ stimuli/sv/subs/opentitan/hw/top_darjeeling/ip_autogen/rstmgr/dv/env/seq_lib/rstmgr_base_vseq.sv	nds rstmgr_base_vseq; `uvm_object_utils(rstmgr_sw_rst_reset_race_vseq) `uvm
PRE-TICK	FACT-GATED-CROSS-FILE	opentitan	hw/top_earlgrey/ip_autogen/rstmgr/dv/env/seq_lib/rstmgr_sw_rst_vseq.sv	634	634	638	11	2457	rstmgr_base_vseq @ stimuli/sv/subs/opentitan/hw/top_darjeeling/ip_autogen/rstmgr/dv/env/seq_lib/rstmgr_base_vseq.sv	nds rstmgr_base_vseq; `uvm_object_utils(rstmgr_sw_rst_vseq) `uvm_object_new
PRE-TICK	FACT-GATED-CROSS-FILE	opentitan	hw/top_earlgrey/ip_autogen/rstmgr/dv/tests/rstmgr_base_test.sv	215	216	272	5	623	cip_base_test @ stimuli/sv/subs/opentitan/hw/dv/sv/cip_lib/cip_base_test.sv	tends cip_base_test #( .CFG_T(rstmgr_env_cfg), .ENV_T(rstmgr_env) ); `uvm
PRE-TICK	FACT-GATED-CROSS-FILE	opentitan	hw/top_englishbreakfast/ip_autogen/clkmgr/dv/env/clkmgr_env.sv	208	209	389	5	3474	cip_base_env @ stimuli/sv/subs/opentitan/hw/dv/sv/cip_lib/cip_base_env.sv	xtends cip_base_env #( .CFG_T (clkmgr_env_cfg), .COV_T
PRE-TICK	FACT-GATED-CROSS-FILE	opentitan	hw/top_englishbreakfast/ip_autogen/clkmgr/dv/env/clkmgr_env_cfg.sv	216	217	957	5	1554	cip_base_env_cfg @ stimuli/sv/subs/opentitan/hw/dv/sv/cip_lib/cip_base_env_cfg.sv	ds cip_base_env_cfg #( .RAL_T(clkmgr_reg_block) ); // This scoreboard handl
PRE-TICK	FACT-GATED-CROSS-FILE	opentitan	hw/top_englishbreakfast/ip_autogen/clkmgr/dv/env/clkmgr_scoreboard.sv	349	350	437	7	14695	cip_base_scoreboard @ stimuli/sv/subs/opentitan/hw/dv/sv/cip_lib/cip_base_scoreboard.sv	cip_base_scoreboard #( .CFG_T(clkmgr_env_cfg), .RAL_T(clkmgr_reg_block), .
PRE-TICK	FACT-GATED-CROSS-FILE	opentitan	hw/top_englishbreakfast/ip_autogen/clkmgr/dv/env/clkmgr_virtual_sequencer.sv	236	237	296	5	376	cip_base_virtual_sequencer @ stimuli/sv/subs/opentitan/hw/dv/sv/cip_lib/cip_base_virtual_sequencer.sv	e_virtual_sequencer #( .CFG_T(clkmgr_env_cfg), .COV_T(clkmgr_env_cov) ); `
PRE-TICK	FACT-GATED-CROSS-FILE	opentitan	hw/top_englishbreakfast/ip_autogen/clkmgr/dv/env/seq_lib/clkmgr_base_vseq.sv	214	215	395	4	19980	cip_base_vseq @ stimuli/sv/subs/opentitan/hw/dv/sv/cip_lib/seq_lib/cip_base_vseq.sv	tends cip_base_vseq #( .RAL_T (clkmgr_reg_block), .CFG_T
PRE-TICK	FACT-GATED-CROSS-FILE	opentitan	hw/top_englishbreakfast/ip_autogen/clkmgr/dv/env/seq_lib/clkmgr_clk_status_vseq.sv	405	405	409	9	1159	clkmgr_base_vseq @ stimuli/sv/subs/opentitan/hw/top_darjeeling/ip_autogen/clkmgr/dv/env/seq_lib/clkmgr_base_vseq.sv	nds clkmgr_base_vseq; `uvm_object_utils(clkmgr_clk_status_vseq) `uvm_object
PRE-TICK	FACT-GATED-CROSS-FILE	opentitan	hw/top_englishbreakfast/ip_autogen/clkmgr/dv/env/seq_lib/clkmgr_common_vseq.sv	220	220	224	5	2442	clkmgr_base_vseq @ stimuli/sv/subs/opentitan/hw/top_darjeeling/ip_autogen/clkmgr/dv/env/seq_lib/clkmgr_base_vseq.sv	nds clkmgr_base_vseq; `uvm_object_utils(clkmgr_common_vseq) constraint num_
PRE-TICK	FACT-GATED-CROSS-FILE	opentitan	hw/top_englishbreakfast/ip_autogen/clkmgr/dv/env/seq_lib/clkmgr_extclk_vseq.sv	343	343	347	7	9859	clkmgr_base_vseq @ stimuli/sv/subs/opentitan/hw/top_darjeeling/ip_autogen/clkmgr/dv/env/seq_lib/clkmgr_base_vseq.sv	nds clkmgr_base_vseq; `uvm_object_utils(clkmgr_extclk_vseq) `uvm_object_new
PRE-TICK	FACT-GATED-CROSS-FILE	opentitan	hw/top_englishbreakfast/ip_autogen/clkmgr/dv/env/seq_lib/clkmgr_frequency_timeout_vseq.sv	358	358	362	7	5611	clkmgr_base_vseq @ stimuli/sv/subs/opentitan/hw/top_darjeeling/ip_autogen/clkmgr/dv/env/seq_lib/clkmgr_base_vseq.sv	nds clkmgr_base_vseq; `uvm_object_utils(clkmgr_frequency_timeout_vseq) `uvm
PRE-TICK	FACT-GATED-CROSS-FILE	opentitan	hw/top_englishbreakfast/ip_autogen/clkmgr/dv/env/seq_lib/clkmgr_frequency_vseq.sv	342	342	346	7	9785	clkmgr_base_vseq @ stimuli/sv/subs/opentitan/hw/top_darjeeling/ip_autogen/clkmgr/dv/env/seq_lib/clkmgr_base_vseq.sv	nds clkmgr_base_vseq; `uvm_object_utils(clkmgr_frequency_vseq) `uvm_object_
PRE-TICK	FACT-GATED-CROSS-FILE	opentitan	hw/top_englishbreakfast/ip_autogen/clkmgr/dv/env/seq_lib/clkmgr_peri_vseq.sv	879	879	883	17	2165	clkmgr_base_vseq @ stimuli/sv/subs/opentitan/hw/top_darjeeling/ip_autogen/clkmgr/dv/env/seq_lib/clkmgr_base_vseq.sv	nds clkmgr_base_vseq; `uvm_object_utils(clkmgr_peri_vseq) `uvm_object_new
PRE-TICK	FACT-GATED-CROSS-FILE	opentitan	hw/top_englishbreakfast/ip_autogen/clkmgr/dv/env/seq_lib/clkmgr_regwen_vseq.sv	412	412	416	7	4901	clkmgr_base_vseq @ stimuli/sv/subs/opentitan/hw/top_darjeeling/ip_autogen/clkmgr/dv/env/seq_lib/clkmgr_base_vseq.sv	nds clkmgr_base_vseq; `uvm_object_utils(clkmgr_regwen_vseq) `uvm_object_new
PRE-TICK	FACT-GATED-CROSS-FILE	opentitan	hw/top_englishbreakfast/ip_autogen/clkmgr/dv/env/seq_lib/clkmgr_smoke_vseq.sv	238	238	242	6	4709	clkmgr_base_vseq @ stimuli/sv/subs/opentitan/hw/top_darjeeling/ip_autogen/clkmgr/dv/env/seq_lib/clkmgr_base_vseq.sv	nds clkmgr_base_vseq; `uvm_object_utils(clkmgr_smoke_vseq) `uvm_object_new
PRE-TICK	FACT-GATED-CROSS-FILE	opentitan	hw/top_englishbreakfast/ip_autogen/clkmgr/dv/env/seq_lib/clkmgr_stress_all_vseq.sv	351	351	355	7	1600	clkmgr_base_vseq @ stimuli/sv/subs/opentitan/hw/top_darjeeling/ip_autogen/clkmgr/dv/env/seq_lib/clkmgr_base_vseq.sv	nds clkmgr_base_vseq; `uvm_object_utils(clkmgr_stress_all_vseq) `uvm_object
PRE-TICK	FACT-GATED-CROSS-FILE	opentitan	hw/top_englishbreakfast/ip_autogen/clkmgr/dv/env/seq_lib/clkmgr_trans_vseq.sv	912	912	916	18	3899	clkmgr_base_vseq @ stimuli/sv/subs/opentitan/hw/top_darjeeling/ip_autogen/clkmgr/dv/env/seq_lib/clkmgr_base_vseq.sv	nds clkmgr_base_vseq; `uvm_object_utils(clkmgr_trans_vseq) `uvm_object_new
PRE-TICK	FACT-GATED-CROSS-FILE	opentitan	hw/top_englishbreakfast/ip_autogen/clkmgr/dv/sva/clkmgr_extclk_sva_if.sv	580	581	1177	14	2906	mubi4_t @ stimuli/sv/subs/opentitan/hw/ip/prim/rtl/prim_mubi_pkg.sv	ni, input mubi4_t extclk_ctrl_sel, input mubi4_t extclk_ctrl_hi_speed_sel,
PRE-TICK	FACT-GATED-CROSS-FILE	opentitan	hw/top_englishbreakfast/ip_autogen/clkmgr/dv/tests/clkmgr_base_test.sv	215	216	272	5	623	cip_base_test @ stimuli/sv/subs/opentitan/hw/dv/sv/cip_lib/cip_base_test.sv	tends cip_base_test #( .CFG_T(clkmgr_env_cfg), .ENV_T(clkmgr_env) ); `uvm
PRE-TICK	FACT-GATED-CROSS-FILE	opentitan	hw/top_englishbreakfast/ip_autogen/flash_ctrl/dv/env/flash_ctrl_bkdr_util.sv	287	287	1549	7	5772	mem_bkdr_util @ stimuli/sv/subs/opentitan/hw/dv/sv/mem_bkdr_util/mem_bkdr_util.sv	xtends mem_bkdr_util; localparam int unsigned FlashDataWidth = flash_phy_pkg:
PRE-TICK	FACT-GATED-CROSS-FILE	opentitan	hw/top_englishbreakfast/ip_autogen/flash_ctrl/dv/env/flash_ctrl_env.sv	228	228	521	6	4176	flash_ctrl_env_cfg @ stimuli/sv/subs/opentitan/hw/ip_templates/flash_ctrl/dv/env/flash_ctrl_env_cfg.sv	= flash_ctrl_env_cfg, type SCOREBOARD_T = flash_ctrl_scoreboard, type VIRTUA
PRE-TICK	FACT-GATED-CROSS-FILE	opentitan	hw/top_englishbreakfast/ip_autogen/flash_ctrl/dv/env/flash_ctrl_env_cfg.sv	298	299	6886	7	50493	cip_base_env_cfg @ stimuli/sv/subs/opentitan/hw/dv/sv/cip_lib/cip_base_env_cfg.sv	ds cip_base_env_cfg #( .RAL_T(flash_ctrl_core_reg_block) ); // Type for an
PRE-TICK	FACT-GATED-CROSS-FILE	opentitan	hw/top_englishbreakfast/ip_autogen/flash_ctrl/dv/env/flash_ctrl_scoreboard.sv	266	267	388	8	37745	flash_ctrl_env_cfg @ stimuli/sv/subs/opentitan/hw/ip_templates/flash_ctrl/dv/env/flash_ctrl_env_cfg.sv	flash_ctrl_env_cfg ) extends cip_base_scoreboard #( .CFG_T(CFG_T), .RAL_T(f
PRE-TICK	FACT-GATED-CROSS-FILE	opentitan	hw/top_englishbreakfast/ip_autogen/flash_ctrl/dv/env/flash_ctrl_virtual_sequencer.sv	240	241	308	5	808	cip_base_virtual_sequencer @ stimuli/sv/subs/opentitan/hw/dv/sv/cip_lib/cip_base_virtual_sequencer.sv	e_virtual_sequencer #( .CFG_T(flash_ctrl_env_cfg), .COV_T(flash_ctrl_env_cov
PRE-TICK	FACT-GATED-CROSS-FILE	opentitan	hw/top_englishbreakfast/ip_autogen/flash_ctrl/dv/env/seq_lib/flash_ctrl_access_after_disable_vseq.sv	529	529	533	9	2667	flash_ctrl_otf_base_vseq @ stimuli/sv/subs/opentitan/hw/ip_templates/flash_ctrl/dv/env/seq_lib/flash_ctrl_otf_base_vseq.sv	h_ctrl_otf_base_vseq; `uvm_object_utils(flash_ctrl_access_after_disable_vseq)
PRE-TICK	FACT-GATED-CROSS-FILE	opentitan	hw/top_englishbreakfast/ip_autogen/flash_ctrl/dv/env/seq_lib/flash_ctrl_base_vseq.sv	259	260	461	6	72496	cip_base_vseq @ stimuli/sv/subs/opentitan/hw/dv/sv/cip_lib/seq_lib/cip_base_vseq.sv	tends cip_base_vseq #( .RAL_T (flash_ctrl_core_reg_block), .CFG
PRE-TICK	FACT-GATED-CROSS-FILE	opentitan	hw/top_englishbreakfast/ip_autogen/flash_ctrl/dv/env/seq_lib/flash_ctrl_basic_rw_vseq.sv	517	517	521	14	5682	flash_ctrl_base_vseq @ stimuli/sv/subs/opentitan/hw/ip_templates/flash_ctrl/dv/env/seq_lib/flash_ctrl_base_vseq.sv	flash_ctrl_base_vseq; `uvm_object_utils(flash_ctrl_basic_rw_vseq) `uvm_obje
PRE-TICK	FACT-GATED-CROSS-FILE	opentitan	hw/top_englishbreakfast/ip_autogen/flash_ctrl/dv/env/seq_lib/flash_ctrl_callback_vseq.sv	284	284	288	6	624	flash_ctrl_base_vseq @ stimuli/sv/subs/opentitan/hw/ip_templates/flash_ctrl/dv/env/seq_lib/flash_ctrl_base_vseq.sv	flash_ctrl_base_vseq; `uvm_object_utils(flash_ctrl_callback_vseq) `uvm_objec
PRE-TICK	FACT-GATED-CROSS-FILE	opentitan	hw/top_englishbreakfast/ip_autogen/flash_ctrl/dv/env/seq_lib/flash_ctrl_common_vseq.sv	232	232	236	5	11164	flash_ctrl_otf_base_vseq @ stimuli/sv/subs/opentitan/hw/ip_templates/flash_ctrl/dv/env/seq_lib/flash_ctrl_otf_base_vseq.sv	h_ctrl_otf_base_vseq; `uvm_object_utils(flash_ctrl_common_vseq) `uvm_object
PRE-TICK	FACT-GATED-CROSS-FILE	opentitan	hw/top_englishbreakfast/ip_autogen/flash_ctrl/dv/env/seq_lib/flash_ctrl_config_regwen_vseq.sv	657	657	661	12	3350	flash_ctrl_otf_base_vseq @ stimuli/sv/subs/opentitan/hw/ip_templates/flash_ctrl/dv/env/seq_lib/flash_ctrl_otf_base_vseq.sv	h_ctrl_otf_base_vseq; `uvm_object_utils(flash_ctrl_config_regwen_vseq) `uvm_
PRE-TICK	FACT-GATED-CROSS-FILE	opentitan	hw/top_englishbreakfast/ip_autogen/flash_ctrl/dv/env/seq_lib/flash_ctrl_connect_vseq.sv	262	262	266	6	3665	flash_ctrl_base_vseq @ stimuli/sv/subs/opentitan/hw/ip_templates/flash_ctrl/dv/env/seq_lib/flash_ctrl_base_vseq.sv	flash_ctrl_base_vseq; `uvm_object_utils(flash_ctrl_connect_vseq) `uvm_object
PRE-TICK	FACT-GATED-CROSS-FILE	opentitan	hw/top_englishbreakfast/ip_autogen/flash_ctrl/dv/env/seq_lib/flash_ctrl_derr_detect_vseq.sv	282	282	286	6	2253	flash_ctrl_otf_base_vseq @ stimuli/sv/subs/opentitan/hw/ip_templates/flash_ctrl/dv/env/seq_lib/flash_ctrl_otf_base_vseq.sv	h_ctrl_otf_base_vseq; `uvm_object_utils(flash_ctrl_derr_detect_vseq) `uvm_ob
PRE-TICK	FACT-GATED-CROSS-FILE	opentitan	hw/top_englishbreakfast/ip_autogen/flash_ctrl/dv/env/seq_lib/flash_ctrl_disable_vseq.sv	352	352	356	8	1862	flash_ctrl_otf_base_vseq @ stimuli/sv/subs/opentitan/hw/ip_templates/flash_ctrl/dv/env/seq_lib/flash_ctrl_otf_base_vseq.sv	h_ctrl_otf_base_vseq; `uvm_object_utils(flash_ctrl_disable_vseq) `uvm_object
PRE-TICK	FACT-GATED-CROSS-FILE	opentitan	hw/top_englishbreakfast/ip_autogen/flash_ctrl/dv/env/seq_lib/flash_ctrl_erase_suspend_vseq.sv	376	376	380	8	11517	flash_ctrl_base_vseq @ stimuli/sv/subs/opentitan/hw/ip_templates/flash_ctrl/dv/env/seq_lib/flash_ctrl_base_vseq.sv	flash_ctrl_base_vseq; `uvm_object_utils(flash_ctrl_erase_suspend_vseq) `uvm
PRE-TICK	FACT-GATED-CROSS-FILE	opentitan	hw/top_englishbreakfast/ip_autogen/flash_ctrl/dv/env/seq_lib/flash_ctrl_err_base_vseq.sv	261	261	265	6	1631	flash_ctrl_rw_vseq @ stimuli/sv/subs/opentitan/hw/ip_templates/flash_ctrl/dv/env/seq_lib/flash_ctrl_rw_vseq.sv	s flash_ctrl_rw_vseq; `uvm_object_utils(flash_ctrl_err_base_vseq) `uvm_objec
PRE-TICK	FACT-GATED-CROSS-FILE	opentitan	hw/top_englishbreakfast/ip_autogen/flash_ctrl/dv/env/seq_lib/flash_ctrl_error_mp_vseq.sv	799	799	803	21	19182	flash_ctrl_base_vseq @ stimuli/sv/subs/opentitan/hw/ip_templates/flash_ctrl/dv/env/seq_lib/flash_ctrl_base_vseq.sv	flash_ctrl_base_vseq; `uvm_object_utils(flash_ctrl_error_mp_vseq) `uvm_obje
PRE-TICK	FACT-GATED-CROSS-FILE	opentitan	hw/top_englishbreakfast/ip_autogen/flash_ctrl/dv/env/seq_lib/flash_ctrl_error_prog_type_vseq.sv	666	666	670	21	9719	flash_ctrl_base_vseq @ stimuli/sv/subs/opentitan/hw/ip_templates/flash_ctrl/dv/env/seq_lib/flash_ctrl_base_vseq.sv	flash_ctrl_base_vseq; `uvm_object_utils(flash_ctrl_error_prog_type_vseq) `u
PRE-TICK	FACT-GATED-CROSS-FILE	opentitan	hw/top_englishbreakfast/ip_autogen/flash_ctrl/dv/env/seq_lib/flash_ctrl_error_prog_win_vseq.sv	660	660	664	19	5597	flash_ctrl_fetch_code_vseq @ stimuli/sv/subs/opentitan/hw/ip_templates/flash_ctrl/dv/env/seq_lib/flash_ctrl_fetch_code_vseq.sv	ctrl_fetch_code_vseq; `uvm_object_utils(flash_ctrl_error_prog_win_vseq) `uv
PRE-TICK	FACT-GATED-CROSS-FILE	opentitan	hw/top_englishbreakfast/ip_autogen/flash_ctrl/dv/env/seq_lib/flash_ctrl_fetch_code_vseq.sv	1122	1122	1126	24	12732	flash_ctrl_base_vseq @ stimuli/sv/subs/opentitan/hw/ip_templates/flash_ctrl/dv/env/seq_lib/flash_ctrl_base_vseq.sv	flash_ctrl_base_vseq; `uvm_object_utils(flash_ctrl_fetch_code_vseq) `uvm_ob
PRE-TICK	FACT-GATED-CROSS-FILE	opentitan	hw/top_englishbreakfast/ip_autogen/flash_ctrl/dv/env/seq_lib/flash_ctrl_filesystem_support_vseq.sv	356	356	360	7	11341	flash_ctrl_otf_base_vseq @ stimuli/sv/subs/opentitan/hw/ip_templates/flash_ctrl/dv/env/seq_lib/flash_ctrl_otf_base_vseq.sv	h_ctrl_otf_base_vseq; `uvm_object_utils(flash_ctrl_filesystem_support_vseq)
PRE-TICK	FACT-GATED-CROSS-FILE	opentitan	hw/top_englishbreakfast/ip_autogen/flash_ctrl/dv/env/seq_lib/flash_ctrl_full_mem_access_vseq.sv	367	367	371	7	7855	flash_ctrl_base_vseq @ stimuli/sv/subs/opentitan/hw/ip_templates/flash_ctrl/dv/env/seq_lib/flash_ctrl_base_vseq.sv	flash_ctrl_base_vseq; `uvm_object_utils(flash_ctrl_full_mem_access_vseq) `u
PRE-TICK	FACT-GATED-CROSS-FILE	opentitan	hw/top_englishbreakfast/ip_autogen/flash_ctrl/dv/env/seq_lib/flash_ctrl_host_addr_infection_vseq.sv	491	491	495	8	3275	flash_ctrl_legacy_base_vseq @ stimuli/sv/subs/opentitan/hw/ip_templates/flash_ctrl/dv/env/seq_lib/flash_ctrl_legacy_base_vseq.sv	trl_legacy_base_vseq; `uvm_object_utils(flash_ctrl_host_addr_infection_vseq)
PRE-TICK	FACT-GATED-CROSS-FILE	opentitan	hw/top_englishbreakfast/ip_autogen/flash_ctrl/dv/env/seq_lib/flash_ctrl_host_ctrl_arb_vseq.sv	923	923	927	25	9001	flash_ctrl_fetch_code_vseq @ stimuli/sv/subs/opentitan/hw/ip_templates/flash_ctrl/dv/env/seq_lib/flash_ctrl_fetch_code_vseq.sv	ctrl_fetch_code_vseq; `uvm_object_utils(flash_ctrl_host_ctrl_arb_vseq) `uvm
PRE-TICK	FACT-GATED-CROSS-FILE	opentitan	hw/top_englishbreakfast/ip_autogen/flash_ctrl/dv/env/seq_lib/flash_ctrl_host_dir_rd_vseq.sv	372	372	376	7	7809	flash_ctrl_fetch_code_vseq @ stimuli/sv/subs/opentitan/hw/ip_templates/flash_ctrl/dv/env/seq_lib/flash_ctrl_fetch_code_vseq.sv	ctrl_fetch_code_vseq; `uvm_object_utils(flash_ctrl_host_dir_rd_vseq) `uvm_o
PRE-TICK	FACT-GATED-CROSS-FILE	opentitan	hw/top_englishbreakfast/ip_autogen/flash_ctrl/dv/env/seq_lib/flash_ctrl_hw_prog_rma_wipe_err_vseq.sv	425	425	429	8	3232	flash_ctrl_err_base_vseq @ stimuli/sv/subs/opentitan/hw/ip_templates/flash_ctrl/dv/env/seq_lib/flash_ctrl_err_base_vseq.sv	h_ctrl_err_base_vseq; `uvm_object_utils(flash_ctrl_hw_prog_rma_wipe_err_vseq)
PRE-TICK	FACT-GATED-CROSS-FILE	opentitan	hw/top_englishbreakfast/ip_autogen/flash_ctrl/dv/env/seq_lib/flash_ctrl_hw_read_seed_err_vseq.sv	416	416	420	8	2447	flash_ctrl_err_base_vseq @ stimuli/sv/subs/opentitan/hw/ip_templates/flash_ctrl/dv/env/seq_lib/flash_ctrl_err_base_vseq.sv	h_ctrl_err_base_vseq; `uvm_object_utils(flash_ctrl_hw_read_seed_err_vseq) `u
PRE-TICK	FACT-GATED-CROSS-FILE	opentitan	hw/top_englishbreakfast/ip_autogen/flash_ctrl/dv/env/seq_lib/flash_ctrl_hw_rma_err_vseq.sv	261	261	265	7	4800	flash_ctrl_hw_rma_vseq @ stimuli/sv/subs/opentitan/hw/ip_templates/flash_ctrl/dv/env/seq_lib/flash_ctrl_hw_rma_vseq.sv	ash_ctrl_hw_rma_vseq; `uvm_object_utils(flash_ctrl_hw_rma_err_vseq) `uvm_ob
PRE-TICK	FACT-GATED-CROSS-FILE	opentitan	hw/top_englishbreakfast/ip_autogen/flash_ctrl/dv/env/seq_lib/flash_ctrl_hw_rma_reset_vseq.sv	280	280	866	6	5126	flash_ctrl_hw_rma_vseq @ stimuli/sv/subs/opentitan/hw/ip_templates/flash_ctrl/dv/env/seq_lib/flash_ctrl_hw_rma_vseq.sv	ash_ctrl_hw_rma_vseq; // Observed wait time for each state: // DVStRmaPageSel
PRE-TICK	FACT-GATED-CROSS-FILE	opentitan	hw/top_englishbreakfast/ip_autogen/flash_ctrl/dv/env/seq_lib/flash_ctrl_hw_rma_vseq.sv	780	780	784	24	12119	flash_ctrl_base_vseq @ stimuli/sv/subs/opentitan/hw/ip_templates/flash_ctrl/dv/env/seq_lib/flash_ctrl_base_vseq.sv	flash_ctrl_base_vseq; `uvm_object_utils(flash_ctrl_hw_rma_vseq) `uvm_object
PRE-TICK	FACT-GATED-CROSS-FILE	opentitan	hw/top_englishbreakfast/ip_autogen/flash_ctrl/dv/env/seq_lib/flash_ctrl_hw_sec_otp_vseq.sv	1083	1083	1087	25	12505	flash_ctrl_base_vseq @ stimuli/sv/subs/opentitan/hw/ip_templates/flash_ctrl/dv/env/seq_lib/flash_ctrl_base_vseq.sv	flash_ctrl_base_vseq; `uvm_object_utils(flash_ctrl_hw_sec_otp_vseq) `uvm_ob
PRE-TICK	FACT-GATED-CROSS-FILE	opentitan	hw/top_englishbreakfast/ip_autogen/flash_ctrl/dv/env/seq_lib/flash_ctrl_info_part_access_vseq.sv	606	606	610	14	7881	flash_ctrl_hw_sec_otp_vseq @ stimuli/sv/subs/opentitan/hw/ip_templates/flash_ctrl/dv/env/seq_lib/flash_ctrl_hw_sec_otp_vseq.sv	ctrl_hw_sec_otp_vseq; `uvm_object_utils(flash_ctrl_info_part_access_vseq) `u
PRE-TICK	FACT-GATED-CROSS-FILE	opentitan	hw/top_englishbreakfast/ip_autogen/flash_ctrl/dv/env/seq_lib/flash_ctrl_integrity_vseq.sv	477	477	481	9	1948	flash_ctrl_otf_base_vseq @ stimuli/sv/subs/opentitan/hw/ip_templates/flash_ctrl/dv/env/seq_lib/flash_ctrl_otf_base_vseq.sv	h_ctrl_otf_base_vseq; `uvm_object_utils(flash_ctrl_integrity_vseq) `uvm_obje
PRE-TICK	FACT-GATED-CROSS-FILE	opentitan	hw/top_englishbreakfast/ip_autogen/flash_ctrl/dv/env/seq_lib/flash_ctrl_intr_rd_vseq.sv	312	312	316	7	1326	flash_ctrl_legacy_base_vseq @ stimuli/sv/subs/opentitan/hw/ip_templates/flash_ctrl/dv/env/seq_lib/flash_ctrl_legacy_base_vseq.sv	trl_legacy_base_vseq; `uvm_object_utils(flash_ctrl_intr_rd_vseq) `uvm_object
PRE-TICK	FACT-GATED-CROSS-FILE	opentitan	hw/top_englishbreakfast/ip_autogen/flash_ctrl/dv/env/seq_lib/flash_ctrl_intr_wr_vseq.sv	260	260	264	6	884	flash_ctrl_otf_base_vseq @ stimuli/sv/subs/opentitan/hw/ip_templates/flash_ctrl/dv/env/seq_lib/flash_ctrl_otf_base_vseq.sv	h_ctrl_otf_base_vseq; `uvm_object_utils(flash_ctrl_intr_wr_vseq) `uvm_object
PRE-TICK	FACT-GATED-CROSS-FILE	opentitan	hw/top_englishbreakfast/ip_autogen/flash_ctrl/dv/env/seq_lib/flash_ctrl_invalid_op_vseq.sv	378	378	382	8	8982	flash_ctrl_base_vseq @ stimuli/sv/subs/opentitan/hw/ip_templates/flash_ctrl/dv/env/seq_lib/flash_ctrl_base_vseq.sv	flash_ctrl_base_vseq; `uvm_object_utils(flash_ctrl_invalid_op_vseq) `uvm_ob
PRE-TICK	FACT-GATED-CROSS-FILE	opentitan	hw/top_englishbreakfast/ip_autogen/flash_ctrl/dv/env/seq_lib/flash_ctrl_lcmgr_intg_vseq.sv	303	303	307	6	1716	flash_ctrl_err_base_vseq @ stimuli/sv/subs/opentitan/hw/ip_templates/flash_ctrl/dv/env/seq_lib/flash_ctrl_err_base_vseq.sv	h_ctrl_err_base_vseq; `uvm_object_utils(flash_ctrl_lcmgr_intg_vseq) `uvm_obj
PRE-TICK	FACT-GATED-CROSS-FILE	opentitan	hw/top_englishbreakfast/ip_autogen/flash_ctrl/dv/env/seq_lib/flash_ctrl_legacy_base_vseq.sv	237	237	242	5	2763	flash_ctrl_otf_base_vseq @ stimuli/sv/subs/opentitan/hw/ip_templates/flash_ctrl/dv/env/seq_lib/flash_ctrl_otf_base_vseq.sv	h_ctrl_otf_base_vseq; `uvm_object_utils(flash_ctrl_legacy_base_vseq) `uvm_o
PRE-TICK	FACT-GATED-CROSS-FILE	opentitan	hw/top_englishbreakfast/ip_autogen/flash_ctrl/dv/env/seq_lib/flash_ctrl_mid_op_rst_vseq.sv	374	374	378	7	10723	flash_ctrl_base_vseq @ stimuli/sv/subs/opentitan/hw/ip_templates/flash_ctrl/dv/env/seq_lib/flash_ctrl_base_vseq.sv	flash_ctrl_base_vseq; `uvm_object_utils(flash_ctrl_mid_op_rst_vseq) `uvm_ob
PRE-TICK	FACT-GATED-CROSS-FILE	opentitan	hw/top_englishbreakfast/ip_autogen/flash_ctrl/dv/env/seq_lib/flash_ctrl_mp_regions_vseq.sv	438	438	442	8	16086	flash_ctrl_base_vseq @ stimuli/sv/subs/opentitan/hw/ip_templates/flash_ctrl/dv/env/seq_lib/flash_ctrl_base_vseq.sv	flash_ctrl_base_vseq; `uvm_object_utils(flash_ctrl_mp_regions_vseq) `uvm_ob
PRE-TICK	FACT-GATED-CROSS-FILE	opentitan	hw/top_englishbreakfast/ip_autogen/flash_ctrl/dv/env/seq_lib/flash_ctrl_otf_base_vseq.sv	433	433	437	8	64679	flash_ctrl_base_vseq @ stimuli/sv/subs/opentitan/hw/ip_templates/flash_ctrl/dv/env/seq_lib/flash_ctrl_base_vseq.sv	flash_ctrl_base_vseq; `uvm_object_utils(flash_ctrl_otf_base_vseq) `uvm_objec
PRE-TICK	FACT-GATED-CROSS-FILE	opentitan	hw/top_englishbreakfast/ip_autogen/flash_ctrl/dv/env/seq_lib/flash_ctrl_otp_reset_vseq.sv	295	295	299	6	7388	flash_ctrl_base_vseq @ stimuli/sv/subs/opentitan/hw/ip_templates/flash_ctrl/dv/env/seq_lib/flash_ctrl_base_vseq.sv	flash_ctrl_base_vseq; `uvm_object_utils(flash_ctrl_otp_reset_vseq) `uvm_obje
PRE-TICK	FACT-GATED-CROSS-FILE	opentitan	hw/top_englishbreakfast/ip_autogen/flash_ctrl/dv/env/seq_lib/flash_ctrl_oversize_error_vseq.sv	516	516	520	12	3028	flash_ctrl_otf_base_vseq @ stimuli/sv/subs/opentitan/hw/ip_templates/flash_ctrl/dv/env/seq_lib/flash_ctrl_otf_base_vseq.sv	h_ctrl_otf_base_vseq; `uvm_object_utils(flash_ctrl_oversize_error_vseq) `uvm
PRE-TICK	FACT-GATED-CROSS-FILE	opentitan	hw/top_englishbreakfast/ip_autogen/flash_ctrl/dv/env/seq_lib/flash_ctrl_phy_ack_consistency_vseq.sv	342	342	346	7	2768	flash_ctrl_phy_host_grant_err_vseq @ stimuli/sv/subs/opentitan/hw/ip_templates/flash_ctrl/dv/env/seq_lib/flash_ctrl_phy_host_grant_err_vseq.sv	_host_grant_err_vseq; `uvm_object_utils(flash_ctrl_phy_ack_consistency_vseq)
PRE-TICK	FACT-GATED-CROSS-FILE	opentitan	hw/top_englishbreakfast/ip_autogen/flash_ctrl/dv/env/seq_lib/flash_ctrl_phy_arb_redun_vseq.sv	708	708	712	13	6300	flash_ctrl_err_base_vseq @ stimuli/sv/subs/opentitan/hw/ip_templates/flash_ctrl/dv/env/seq_lib/flash_ctrl_err_base_vseq.sv	h_ctrl_err_base_vseq; `uvm_object_utils(flash_ctrl_phy_arb_redun_vseq) `uvm_
PRE-TICK	FACT-GATED-CROSS-FILE	opentitan	hw/top_englishbreakfast/ip_autogen/flash_ctrl/dv/env/seq_lib/flash_ctrl_phy_arb_vseq.sv	492	492	496	9	12150	flash_ctrl_fetch_code_vseq @ stimuli/sv/subs/opentitan/hw/ip_templates/flash_ctrl/dv/env/seq_lib/flash_ctrl_fetch_code_vseq.sv	ctrl_fetch_code_vseq; `uvm_object_utils(flash_ctrl_phy_arb_vseq) `uvm_objec
PRE-TICK	FACT-GATED-CROSS-FILE	opentitan	hw/top_englishbreakfast/ip_autogen/flash_ctrl/dv/env/seq_lib/flash_ctrl_phy_host_grant_err_vseq.sv	326	326	330	7	3275	flash_ctrl_err_base_vseq @ stimuli/sv/subs/opentitan/hw/ip_templates/flash_ctrl/dv/env/seq_lib/flash_ctrl_err_base_vseq.sv	h_ctrl_err_base_vseq; `uvm_object_utils(flash_ctrl_phy_host_grant_err_vseq)
PRE-TICK	FACT-GATED-CROSS-FILE	opentitan	hw/top_englishbreakfast/ip_autogen/flash_ctrl/dv/env/seq_lib/flash_ctrl_prog_reset_vseq.sv	236	236	240	5	4154	flash_ctrl_otf_base_vseq @ stimuli/sv/subs/opentitan/hw/ip_templates/flash_ctrl/dv/env/seq_lib/flash_ctrl_otf_base_vseq.sv	h_ctrl_otf_base_vseq; `uvm_object_utils(flash_ctrl_prog_reset_vseq) `uvm_obj
PRE-TICK	FACT-GATED-CROSS-FILE	opentitan	hw/top_englishbreakfast/ip_autogen/flash_ctrl/dv/env/seq_lib/flash_ctrl_rand_ops_base_vseq.sv	528	528	532	9	15899	flash_ctrl_base_vseq @ stimuli/sv/subs/opentitan/hw/ip_templates/flash_ctrl/dv/env/seq_lib/flash_ctrl_base_vseq.sv	flash_ctrl_base_vseq; `uvm_object_utils(flash_ctrl_rand_ops_base_vseq) // N
PRE-TICK	FACT-GATED-CROSS-FILE	opentitan	hw/top_englishbreakfast/ip_autogen/flash_ctrl/dv/env/seq_lib/flash_ctrl_rand_ops_vseq.sv	239	239	243	5	1650	flash_ctrl_rand_ops_base_vseq @ stimuli/sv/subs/opentitan/hw/ip_templates/flash_ctrl/dv/env/seq_lib/flash_ctrl_rand_ops_base_vseq.sv	l_rand_ops_base_vseq; `uvm_object_utils(flash_ctrl_rand_ops_vseq) `uvm_obje
PRE-TICK	FACT-GATED-CROSS-FILE	opentitan	hw/top_englishbreakfast/ip_autogen/flash_ctrl/dv/env/seq_lib/flash_ctrl_rd_buff_evict_vseq.sv	293	293	297	6	18226	flash_ctrl_base_vseq @ stimuli/sv/subs/opentitan/hw/ip_templates/flash_ctrl/dv/env/seq_lib/flash_ctrl_base_vseq.sv	flash_ctrl_base_vseq; `uvm_object_utils(flash_ctrl_rd_buff_evict_vseq) `uvm
PRE-TICK	FACT-GATED-CROSS-FILE	opentitan	hw/top_englishbreakfast/ip_autogen/flash_ctrl/dv/env/seq_lib/flash_ctrl_rd_ooo_vseq.sv	651	651	655	13	3203	flash_ctrl_legacy_base_vseq @ stimuli/sv/subs/opentitan/hw/ip_templates/flash_ctrl/dv/env/seq_lib/flash_ctrl_legacy_base_vseq.sv	trl_legacy_base_vseq; `uvm_object_utils(flash_ctrl_rd_ooo_vseq) `uvm_object_
PRE-TICK	FACT-GATED-CROSS-FILE	opentitan	hw/top_englishbreakfast/ip_autogen/flash_ctrl/dv/env/seq_lib/flash_ctrl_rd_path_intg_vseq.sv	527	527	531	9	3615	flash_ctrl_legacy_base_vseq @ stimuli/sv/subs/opentitan/hw/ip_templates/flash_ctrl/dv/env/seq_lib/flash_ctrl_legacy_base_vseq.sv	trl_legacy_base_vseq; `uvm_object_utils(flash_ctrl_rd_path_intg_vseq) `uvm_o
PRE-TICK	FACT-GATED-CROSS-FILE	opentitan	hw/top_englishbreakfast/ip_autogen/flash_ctrl/dv/env/seq_lib/flash_ctrl_re_evict_vseq.sv	296	296	300	6	485	flash_ctrl_rw_evict_vseq @ stimuli/sv/subs/opentitan/hw/ip_templates/flash_ctrl/dv/env/seq_lib/flash_ctrl_rw_evict_vseq.sv	h_ctrl_rw_evict_vseq; `uvm_object_utils(flash_ctrl_re_evict_vseq) `uvm_objec
PRE-TICK	FACT-GATED-CROSS-FILE	opentitan	hw/top_englishbreakfast/ip_autogen/flash_ctrl/dv/env/seq_lib/flash_ctrl_read_rnd_wd_vseq.sv	358	358	362	8	817	flash_ctrl_otf_base_vseq @ stimuli/sv/subs/opentitan/hw/ip_templates/flash_ctrl/dv/env/seq_lib/flash_ctrl_otf_base_vseq.sv	h_ctrl_otf_base_vseq; `uvm_object_utils(flash_ctrl_read_rnd_wd_vseq) `uvm_ob
PRE-TICK	FACT-GATED-CROSS-FILE	opentitan	hw/top_englishbreakfast/ip_autogen/flash_ctrl/dv/env/seq_lib/flash_ctrl_read_word_sweep_vseq.sv	605	605	609	12	2543	flash_ctrl_otf_base_vseq @ stimuli/sv/subs/opentitan/hw/ip_templates/flash_ctrl/dv/env/seq_lib/flash_ctrl_otf_base_vseq.sv	h_ctrl_otf_base_vseq; `uvm_object_utils(flash_ctrl_read_word_sweep_vseq) `uv
PRE-TICK	FACT-GATED-CROSS-FILE	opentitan	hw/top_englishbreakfast/ip_autogen/flash_ctrl/dv/env/seq_lib/flash_ctrl_ro_vseq.sv	283	283	287	7	1340	flash_ctrl_otf_base_vseq @ stimuli/sv/subs/opentitan/hw/ip_templates/flash_ctrl/dv/env/seq_lib/flash_ctrl_otf_base_vseq.sv	h_ctrl_otf_base_vseq; `uvm_object_utils(flash_ctrl_ro_vseq) `uvm_object_new
PRE-TICK	FACT-GATED-CROSS-FILE	opentitan	hw/top_englishbreakfast/ip_autogen/flash_ctrl/dv/env/seq_lib/flash_ctrl_rw_evict_vseq.sv	507	507	511	9	4719	flash_ctrl_legacy_base_vseq @ stimuli/sv/subs/opentitan/hw/ip_templates/flash_ctrl/dv/env/seq_lib/flash_ctrl_legacy_base_vseq.sv	trl_legacy_base_vseq; `uvm_object_utils(flash_ctrl_rw_evict_vseq) `uvm_objec
PRE-TICK	FACT-GATED-CROSS-FILE	opentitan	hw/top_englishbreakfast/ip_autogen/flash_ctrl/dv/env/seq_lib/flash_ctrl_rw_rnd_wd_vseq.sv	298	298	302	6	1646	flash_ctrl_otf_base_vseq @ stimuli/sv/subs/opentitan/hw/ip_templates/flash_ctrl/dv/env/seq_lib/flash_ctrl_otf_base_vseq.sv	h_ctrl_otf_base_vseq; `uvm_object_utils(flash_ctrl_rw_rnd_wd_vseq) `uvm_obje
PRE-TICK	FACT-GATED-CROSS-FILE	opentitan	hw/top_englishbreakfast/ip_autogen/flash_ctrl/dv/env/seq_lib/flash_ctrl_rw_vseq.sv	713	713	717	11	1940	flash_ctrl_otf_base_vseq @ stimuli/sv/subs/opentitan/hw/ip_templates/flash_ctrl/dv/env/seq_lib/flash_ctrl_otf_base_vseq.sv	h_ctrl_otf_base_vseq; `uvm_object_utils(flash_ctrl_rw_vseq) `uvm_object_new
PRE-TICK	FACT-GATED-CROSS-FILE	opentitan	hw/top_englishbreakfast/ip_autogen/flash_ctrl/dv/env/seq_lib/flash_ctrl_serr_address_vseq.sv	474	474	478	9	1056	flash_ctrl_rw_vseq @ stimuli/sv/subs/opentitan/hw/ip_templates/flash_ctrl/dv/env/seq_lib/flash_ctrl_rw_vseq.sv	s flash_ctrl_rw_vseq; `uvm_object_utils(flash_ctrl_serr_address_vseq) `uvm_o
PRE-TICK	FACT-GATED-CROSS-FILE	opentitan	hw/top_englishbreakfast/ip_autogen/flash_ctrl/dv/env/seq_lib/flash_ctrl_serr_counter_vseq.sv	394	394	398	8	711	flash_ctrl_rw_vseq @ stimuli/sv/subs/opentitan/hw/ip_templates/flash_ctrl/dv/env/seq_lib/flash_ctrl_rw_vseq.sv	s flash_ctrl_rw_vseq; `uvm_object_utils(flash_ctrl_serr_counter_vseq) `uvm_o
PRE-TICK	FACT-GATED-CROSS-FILE	opentitan	hw/top_englishbreakfast/ip_autogen/flash_ctrl/dv/env/seq_lib/flash_ctrl_smoke_hw_vseq.sv	282	282	286	6	3848	flash_ctrl_base_vseq @ stimuli/sv/subs/opentitan/hw/ip_templates/flash_ctrl/dv/env/seq_lib/flash_ctrl_base_vseq.sv	flash_ctrl_base_vseq; `uvm_object_utils(flash_ctrl_smoke_hw_vseq) `uvm_obje
PRE-TICK	FACT-GATED-CROSS-FILE	opentitan	hw/top_englishbreakfast/ip_autogen/flash_ctrl/dv/env/seq_lib/flash_ctrl_smoke_vseq.sv	261	261	265	6	1544	flash_ctrl_rand_ops_base_vseq @ stimuli/sv/subs/opentitan/hw/ip_templates/flash_ctrl/dv/env/seq_lib/flash_ctrl_rand_ops_base_vseq.sv	l_rand_ops_base_vseq; `uvm_object_utils(flash_ctrl_smoke_vseq) `uvm_object_
PRE-TICK	FACT-GATED-CROSS-FILE	opentitan	hw/top_englishbreakfast/ip_autogen/flash_ctrl/dv/env/seq_lib/flash_ctrl_stress_all_vseq.sv	232	232	236	5	1275	flash_ctrl_base_vseq @ stimuli/sv/subs/opentitan/hw/ip_templates/flash_ctrl/dv/env/seq_lib/flash_ctrl_base_vseq.sv	flash_ctrl_base_vseq; `uvm_object_utils(flash_ctrl_stress_all_vseq) `uvm_obj
PRE-TICK	FACT-GATED-CROSS-FILE	opentitan	hw/top_englishbreakfast/ip_autogen/flash_ctrl/dv/env/seq_lib/flash_ctrl_sw_op_vseq.sv	436	436	440	13	6023	flash_ctrl_base_vseq @ stimuli/sv/subs/opentitan/hw/ip_templates/flash_ctrl/dv/env/seq_lib/flash_ctrl_base_vseq.sv	flash_ctrl_base_vseq; `uvm_object_utils(flash_ctrl_sw_op_vseq) // Class Mem
PRE-TICK	FACT-GATED-CROSS-FILE	opentitan	hw/top_englishbreakfast/ip_autogen/flash_ctrl/dv/env/seq_lib/flash_ctrl_wo_vseq.sv	255	255	259	6	770	flash_ctrl_otf_base_vseq @ stimuli/sv/subs/opentitan/hw/ip_templates/flash_ctrl/dv/env/seq_lib/flash_ctrl_otf_base_vseq.sv	h_ctrl_otf_base_vseq; `uvm_object_utils(flash_ctrl_wo_vseq) `uvm_object_new
PRE-TICK	FACT-GATED-CROSS-FILE	opentitan	hw/top_englishbreakfast/ip_autogen/flash_ctrl/dv/env/seq_lib/flash_ctrl_wr_path_intg_vseq.sv	426	426	430	8	5019	flash_ctrl_rw_vseq @ stimuli/sv/subs/opentitan/hw/ip_templates/flash_ctrl/dv/env/seq_lib/flash_ctrl_rw_vseq.sv	s flash_ctrl_rw_vseq; `uvm_object_utils(flash_ctrl_wr_path_intg_vseq) `uvm_o
PRE-TICK	FACT-GATED-CROSS-FILE	opentitan	hw/top_englishbreakfast/ip_autogen/flash_ctrl/dv/env/seq_lib/flash_ctrl_write_rnd_wd_vseq.sv	360	360	364	8	919	flash_ctrl_otf_base_vseq @ stimuli/sv/subs/opentitan/hw/ip_templates/flash_ctrl/dv/env/seq_lib/flash_ctrl_otf_base_vseq.sv	h_ctrl_otf_base_vseq; `uvm_object_utils(flash_ctrl_write_rnd_wd_vseq) `uvm_o
PRE-TICK	FACT-GATED-CROSS-FILE	opentitan	hw/top_englishbreakfast/ip_autogen/flash_ctrl/dv/env/seq_lib/flash_ctrl_write_word_sweep_vseq.sv	376	376	380	7	1133	flash_ctrl_otf_base_vseq @ stimuli/sv/subs/opentitan/hw/ip_templates/flash_ctrl/dv/env/seq_lib/flash_ctrl_otf_base_vseq.sv	h_ctrl_otf_base_vseq; `uvm_object_utils(flash_ctrl_write_word_sweep_vseq) `u
PRE-TICK	FACT-GATED-CROSS-FILE	opentitan	hw/top_englishbreakfast/ip_autogen/flash_ctrl/dv/tests/flash_ctrl_base_test.sv	236	236	1729	6	4312	flash_ctrl_env_cfg @ stimuli/sv/subs/opentitan/hw/ip_templates/flash_ctrl/dv/env/flash_ctrl_env_cfg.sv	= flash_ctrl_env_cfg, type ENV_T = flash_ctrl_env ) extends cip_base_test
PRE-TICK	FACT-GATED-CROSS-FILE	opentitan	hw/top_englishbreakfast/ip_autogen/flash_ctrl/rtl/flash_ctrl_lcmgr.sv	360	361	4147	12	26590	flash_key_t @ stimuli/sv/subs/opentitan/hw/ip/flash_ctrl/rtl/flash_ctrl_pkg.sv	rameter flash_key_t RndCnstAddrKey = RndCnstAddrKeyDefault, parameter flash_k
PRE-TICK	FACT-GATED-CROSS-FILE	opentitan	hw/top_englishbreakfast/ip_autogen/flash_ctrl/rtl/flash_phy_core.sv	1699	1713	5191	40	19390	scramble_req_t @ stimuli/sv/subs/opentitan/hw/ip/rram_ctrl/rtl/rram_ctrl_pkg.sv	_req_t scramble_req_o, input scramble_rsp_t scrambl
PRE-TICK	FACT-GATED-CROSS-FILE	opentitan	hw/top_englishbreakfast/ip_autogen/flash_ctrl/rtl/flash_phy_rd_buffers.sv	1068	1069	1937	34	2176	rd_buf_t @ stimuli/sv/subs/opentitan/hw/ip/rram_ctrl/rtl/rram_ctrl_pkg.sv	, output rd_buf_t out_o ); always_ff @(posedge clk_i or negedge rst_ni) beg
PRE-TICK	FACT-GATED-CROSS-FILE	opentitan	hw/top_englishbreakfast/ip_autogen/gpio/dv/env/gpio_env.sv	206	207	379	5	885	cip_base_env @ stimuli/sv/subs/opentitan/hw/dv/sv/cip_lib/cip_base_env.sv	xtends cip_base_env #( .CFG_T (gpio_env_cfg), .COV_T
PRE-TICK	FACT-GATED-CROSS-FILE	opentitan	hw/top_englishbreakfast/ip_autogen/gpio/dv/env/gpio_env_cfg.sv	214	215	644	5	1271	cip_base_env_cfg @ stimuli/sv/subs/opentitan/hw/dv/sv/cip_lib/cip_base_env_cfg.sv	ds cip_base_env_cfg #( .RAL_T(gpio_reg_block) ); // flag to indicate if wea
PRE-TICK	FACT-GATED-CROSS-FILE	opentitan	hw/top_englishbreakfast/ip_autogen/gpio/dv/env/gpio_scoreboard.sv	219	220	1889	4	39055	cip_base_scoreboard @ stimuli/sv/subs/opentitan/hw/dv/sv/cip_lib/cip_base_scoreboard.sv	cip_base_scoreboard #(.CFG_T (gpio_env_cfg),
PRE-TICK	FACT-GATED-CROSS-FILE	opentitan	hw/top_englishbreakfast/ip_autogen/gpio/dv/env/seq_lib/gpio_base_vseq.sv	213	214	668	5	4555	cip_base_vseq @ stimuli/sv/subs/opentitan/hw/dv/sv/cip_lib/seq_lib/cip_base_vseq.sv	tends cip_base_vseq #( .CFG_T (gpio_env_cfg), .RAL
PRE-TICK	FACT-GATED-CROSS-FILE	opentitan	hw/top_englishbreakfast/ip_autogen/gpio/dv/env/seq_lib/gpio_common_vseq.sv	216	216	220	5	688	gpio_base_vseq @ stimuli/sv/subs/opentitan/hw/top_darjeeling/ip_autogen/gpio/dv/env/seq_lib/gpio_base_vseq.sv	tends gpio_base_vseq; `uvm_object_utils(gpio_common_vseq) `uvm_object_new
PRE-TICK	FACT-GATED-CROSS-FILE	opentitan	hw/top_englishbreakfast/ip_autogen/gpio/dv/env/seq_lib/gpio_dout_din_regs_random_rw_vseq.sv	560	560	565	10	3937	gpio_base_vseq @ stimuli/sv/subs/opentitan/hw/top_darjeeling/ip_autogen/gpio/dv/env/seq_lib/gpio_base_vseq.sv	tends gpio_base_vseq; `uvm_object_utils(gpio_dout_din_regs_random_rw_vseq)
PRE-TICK	FACT-GATED-CROSS-FILE	opentitan	hw/top_englishbreakfast/ip_autogen/gpio/dv/env/seq_lib/gpio_filter_stress_vseq.sv	1378	1378	1383	22	9534	gpio_intr_with_filter_rand_intr_event_vseq @ stimuli/sv/subs/opentitan/hw/top_darjeeling/ip_autogen/gpio/dv/env/seq_lib/gpio_intr_with_filter_rand_intr_event_vseq.sv	rand_intr_event_vseq; `uvm_object_utils(gpio_filter_stress_vseq) `uvm_objec
PRE-TICK	FACT-GATED-CROSS-FILE	opentitan	hw/top_englishbreakfast/ip_autogen/gpio/dv/env/seq_lib/gpio_full_random_vseq.sv	600	600	868	12	11597	gpio_random_long_reg_writes_reg_reads_vseq @ stimuli/sv/subs/opentitan/hw/top_darjeeling/ip_autogen/gpio/dv/env/seq_lib/gpio_random_long_reg_writes_reg_reads_vseq.sv	rites_reg_reads_vseq; // predicted value of DATA_OUT rtl implementation regis
PRE-TICK	FACT-GATED-CROSS-FILE	opentitan	hw/top_englishbreakfast/ip_autogen/gpio/dv/env/seq_lib/gpio_intr_rand_pgm_vseq.sv	708	708	713	16	3319	gpio_base_vseq @ stimuli/sv/subs/opentitan/hw/top_darjeeling/ip_autogen/gpio/dv/env/seq_lib/gpio_base_vseq.sv	tends gpio_base_vseq; `uvm_object_utils(gpio_intr_rand_pgm_vseq) `uvm_objec
PRE-TICK	FACT-GATED-CROSS-FILE	opentitan	hw/top_englishbreakfast/ip_autogen/gpio/dv/env/seq_lib/gpio_intr_with_filter_rand_intr_event_vseq.sv	938	938	2183	15	14310	gpio_base_vseq @ stimuli/sv/subs/opentitan/hw/top_darjeeling/ip_autogen/gpio/dv/env/seq_lib/gpio_base_vseq.sv	tends gpio_base_vseq; // Random variable to specify for how many cycles one w
PRE-TICK	FACT-GATED-CROSS-FILE	opentitan	hw/top_englishbreakfast/ip_autogen/gpio/dv/env/seq_lib/gpio_rand_intr_trigger_vseq.sv	743	743	813	16	3908	gpio_base_vseq @ stimuli/sv/subs/opentitan/hw/top_darjeeling/ip_autogen/gpio/dv/env/seq_lib/gpio_base_vseq.sv	tends gpio_base_vseq; constraint num_trans_c { num_trans inside {[20:200]
PRE-TICK	FACT-GATED-CROSS-FILE	opentitan	hw/top_englishbreakfast/ip_autogen/gpio/dv/env/seq_lib/gpio_rand_straps_vseq.sv	925	925	930	15	4927	gpio_base_vseq @ stimuli/sv/subs/opentitan/hw/top_darjeeling/ip_autogen/gpio/dv/env/seq_lib/gpio_base_vseq.sv	tends gpio_base_vseq; `uvm_object_utils(gpio_rand_straps_vseq) // gpio inp
PRE-TICK	FACT-GATED-CROSS-FILE	opentitan	hw/top_englishbreakfast/ip_autogen/gpio/dv/env/seq_lib/gpio_random_dout_din_vseq.sv	695	695	700	15	3488	gpio_base_vseq @ stimuli/sv/subs/opentitan/hw/top_darjeeling/ip_autogen/gpio/dv/env/seq_lib/gpio_base_vseq.sv	tends gpio_base_vseq; `uvm_object_utils(gpio_random_dout_din_vseq) `uvm_obj
PRE-TICK	FACT-GATED-CROSS-FILE	opentitan	hw/top_englishbreakfast/ip_autogen/gpio/dv/env/seq_lib/gpio_random_long_reg_writes_reg_reads_vseq.sv	597	597	602	11	6345	gpio_base_vseq @ stimuli/sv/subs/opentitan/hw/top_darjeeling/ip_autogen/gpio/dv/env/seq_lib/gpio_base_vseq.sv	tends gpio_base_vseq; `uvm_object_utils(gpio_random_long_reg_writes_reg_reads
PRE-TICK	FACT-GATED-CROSS-FILE	opentitan	hw/top_englishbreakfast/ip_autogen/gpio/dv/env/seq_lib/gpio_smoke_vseq.sv	451	451	455	10	3374	gpio_base_vseq @ stimuli/sv/subs/opentitan/hw/top_darjeeling/ip_autogen/gpio/dv/env/seq_lib/gpio_base_vseq.sv	tends gpio_base_vseq; `uvm_object_utils(gpio_smoke_vseq) // gpio input to d
PRE-TICK	FACT-GATED-CROSS-FILE	opentitan	hw/top_englishbreakfast/ip_autogen/gpio/dv/env/seq_lib/gpio_stress_all_vseq.sv	432	432	436	8	1888	gpio_base_vseq @ stimuli/sv/subs/opentitan/hw/top_darjeeling/ip_autogen/gpio/dv/env/seq_lib/gpio_base_vseq.sv	tends gpio_base_vseq; `uvm_object_utils(gpio_stress_all_vseq) `uvm_object_n
PRE-TICK	FACT-GATED-CROSS-FILE	opentitan	hw/top_englishbreakfast/ip_autogen/gpio/dv/tests/gpio_base_test.sv	212	213	264	4	939	cip_base_test @ stimuli/sv/subs/opentitan/hw/dv/sv/cip_lib/cip_base_test.sv	tends cip_base_test #( .ENV_T(gpio_env), .CFG_T(gpio_env_cfg) ); `uvm_comp
PRE-TICK	FACT-GATED-CROSS-FILE	opentitan	hw/top_englishbreakfast/ip_autogen/pinmux/rtl/pinmux_strap_sampling.sv	432	433	7281	13	20173	target_cfg_t @ stimuli/sv/subs/opentitan/hw/top_darjeeling/ip_autogen/pinmux/rtl/pinmux_pkg.sv	ameter target_cfg_t TargetCfg = DefaultTargetCfg ) ( input
PRE-TICK	FACT-GATED-CROSS-FILE	opentitan	hw/top_englishbreakfast/ip_autogen/pwrmgr/dv/env/pwrmgr_env.sv	208	209	389	5	2204	cip_base_env @ stimuli/sv/subs/opentitan/hw/dv/sv/cip_lib/cip_base_env.sv	xtends cip_base_env #( .CFG_T (pwrmgr_env_cfg), .COV_T
PRE-TICK	FACT-GATED-CROSS-FILE	opentitan	hw/top_englishbreakfast/ip_autogen/pwrmgr/dv/env/pwrmgr_env_cfg.sv	216	217	491	5	1786	cip_base_env_cfg @ stimuli/sv/subs/opentitan/hw/dv/sv/cip_lib/cip_base_env_cfg.sv	ds cip_base_env_cfg #( .RAL_T(pwrmgr_reg_block) ); // disable fault csr rea
PRE-TICK	FACT-GATED-CROSS-FILE	opentitan	hw/top_englishbreakfast/ip_autogen/pwrmgr/dv/env/pwrmgr_scoreboard.sv	222	223	310	5	14011	cip_base_scoreboard @ stimuli/sv/subs/opentitan/hw/dv/sv/cip_lib/cip_base_scoreboard.sv	cip_base_scoreboard #( .CFG_T(pwrmgr_env_cfg), .RAL_T(pwrmgr_reg_block), .
PRE-TICK	FACT-GATED-CROSS-FILE	opentitan	hw/top_englishbreakfast/ip_autogen/pwrmgr/dv/env/pwrmgr_virtual_sequencer.sv	236	237	296	5	376	cip_base_virtual_sequencer @ stimuli/sv/subs/opentitan/hw/dv/sv/cip_lib/cip_base_virtual_sequencer.sv	e_virtual_sequencer #( .CFG_T(pwrmgr_env_cfg), .COV_T(pwrmgr_env_cov) ); `
PRE-TICK	FACT-GATED-CROSS-FILE	opentitan	hw/top_englishbreakfast/ip_autogen/pwrmgr/dv/env/seq_lib/pwrmgr_aborted_low_power_vseq.sv	488	488	492	8	4453	pwrmgr_base_vseq @ stimuli/sv/subs/opentitan/hw/top_darjeeling/ip_autogen/pwrmgr/dv/env/seq_lib/pwrmgr_base_vseq.sv	nds pwrmgr_base_vseq; `uvm_object_utils(pwrmgr_aborted_low_power_vseq) `uvm
PRE-TICK	FACT-GATED-CROSS-FILE	opentitan	hw/top_englishbreakfast/ip_autogen/pwrmgr/dv/env/seq_lib/pwrmgr_base_vseq.sv	215	216	395	5	37166	cip_base_vseq @ stimuli/sv/subs/opentitan/hw/dv/sv/cip_lib/seq_lib/cip_base_vseq.sv	tends cip_base_vseq #( .RAL_T (pwrmgr_reg_block), .CFG_T
PRE-TICK	FACT-GATED-CROSS-FILE	opentitan	hw/top_englishbreakfast/ip_autogen/pwrmgr/dv/env/seq_lib/pwrmgr_common_vseq.sv	220	220	224	5	4970	pwrmgr_base_vseq @ stimuli/sv/subs/opentitan/hw/top_darjeeling/ip_autogen/pwrmgr/dv/env/seq_lib/pwrmgr_base_vseq.sv	nds pwrmgr_base_vseq; `uvm_object_utils(pwrmgr_common_vseq) constraint num_
PRE-TICK	FACT-GATED-CROSS-FILE	opentitan	hw/top_englishbreakfast/ip_autogen/pwrmgr/dv/env/seq_lib/pwrmgr_disable_rom_integrity_check_vseq.sv	309	309	314	6	5442	pwrmgr_base_vseq @ stimuli/sv/subs/opentitan/hw/top_darjeeling/ip_autogen/pwrmgr/dv/env/seq_lib/pwrmgr_base_vseq.sv	nds pwrmgr_base_vseq; `uvm_object_utils(pwrmgr_disable_rom_integrity_check_vs
PRE-TICK	FACT-GATED-CROSS-FILE	opentitan	hw/top_englishbreakfast/ip_autogen/pwrmgr/dv/env/seq_lib/pwrmgr_esc_clk_rst_malfunc_vseq.sv	624	624	628	11	1929	pwrmgr_base_vseq @ stimuli/sv/subs/opentitan/hw/top_darjeeling/ip_autogen/pwrmgr/dv/env/seq_lib/pwrmgr_base_vseq.sv	nds pwrmgr_base_vseq; `uvm_object_utils(pwrmgr_esc_clk_rst_malfunc_vseq) `u
PRE-TICK	FACT-GATED-CROSS-FILE	opentitan	hw/top_englishbreakfast/ip_autogen/pwrmgr/dv/env/seq_lib/pwrmgr_escalation_timeout_vseq.sv	360	360	364	8	4094	pwrmgr_base_vseq @ stimuli/sv/subs/opentitan/hw/top_darjeeling/ip_autogen/pwrmgr/dv/env/seq_lib/pwrmgr_base_vseq.sv	nds pwrmgr_base_vseq; `uvm_object_utils(pwrmgr_escalation_timeout_vseq) `uv
PRE-TICK	FACT-GATED-CROSS-FILE	opentitan	hw/top_englishbreakfast/ip_autogen/pwrmgr/dv/env/seq_lib/pwrmgr_glitch_vseq.sv	317	317	321	7	1411	pwrmgr_base_vseq @ stimuli/sv/subs/opentitan/hw/top_darjeeling/ip_autogen/pwrmgr/dv/env/seq_lib/pwrmgr_base_vseq.sv	nds pwrmgr_base_vseq; `uvm_object_utils(pwrmgr_glitch_vseq) `uvm_object_new
PRE-TICK	FACT-GATED-CROSS-FILE	opentitan	hw/top_englishbreakfast/ip_autogen/pwrmgr/dv/env/seq_lib/pwrmgr_global_esc_vseq.sv	361	361	365	8	1670	pwrmgr_base_vseq @ stimuli/sv/subs/opentitan/hw/top_darjeeling/ip_autogen/pwrmgr/dv/env/seq_lib/pwrmgr_base_vseq.sv	nds pwrmgr_base_vseq; `uvm_object_utils(pwrmgr_global_esc_vseq) `uvm_object
PRE-TICK	FACT-GATED-CROSS-FILE	opentitan	hw/top_englishbreakfast/ip_autogen/pwrmgr/dv/env/seq_lib/pwrmgr_lowpower_invalid_vseq.sv	313	313	318	6	5140	pwrmgr_base_vseq @ stimuli/sv/subs/opentitan/hw/top_darjeeling/ip_autogen/pwrmgr/dv/env/seq_lib/pwrmgr_base_vseq.sv	nds pwrmgr_base_vseq; `uvm_object_utils(pwrmgr_lowpower_invalid_vseq) `uvm_
PRE-TICK	FACT-GATED-CROSS-FILE	opentitan	hw/top_englishbreakfast/ip_autogen/pwrmgr/dv/env/seq_lib/pwrmgr_lowpower_wakeup_race_vseq.sv	446	446	450	8	5300	pwrmgr_base_vseq @ stimuli/sv/subs/opentitan/hw/top_darjeeling/ip_autogen/pwrmgr/dv/env/seq_lib/pwrmgr_base_vseq.sv	nds pwrmgr_base_vseq; `uvm_object_utils(pwrmgr_lowpower_wakeup_race_vseq) `
PRE-TICK	FACT-GATED-CROSS-FILE	opentitan	hw/top_englishbreakfast/ip_autogen/pwrmgr/dv/env/seq_lib/pwrmgr_repeat_wakeup_reset_vseq.sv	425	425	429	7	2788	pwrmgr_wakeup_reset_vseq @ stimuli/sv/subs/opentitan/hw/top_darjeeling/ip_autogen/pwrmgr/dv/env/seq_lib/pwrmgr_wakeup_reset_vseq.sv	gr_wakeup_reset_vseq; `uvm_object_utils(pwrmgr_repeat_wakeup_reset_vseq) `u
PRE-TICK	FACT-GATED-CROSS-FILE	opentitan	hw/top_englishbreakfast/ip_autogen/pwrmgr/dv/env/seq_lib/pwrmgr_reset_invalid_vseq.sv	307	307	312	6	4903	pwrmgr_base_vseq @ stimuli/sv/subs/opentitan/hw/top_darjeeling/ip_autogen/pwrmgr/dv/env/seq_lib/pwrmgr_base_vseq.sv	nds pwrmgr_base_vseq; `uvm_object_utils(pwrmgr_reset_invalid_vseq) `uvm_obj
PRE-TICK	FACT-GATED-CROSS-FILE	opentitan	hw/top_englishbreakfast/ip_autogen/pwrmgr/dv/env/seq_lib/pwrmgr_reset_vseq.sv	328	328	333	7	2978	pwrmgr_base_vseq @ stimuli/sv/subs/opentitan/hw/top_darjeeling/ip_autogen/pwrmgr/dv/env/seq_lib/pwrmgr_base_vseq.sv	nds pwrmgr_base_vseq; `uvm_object_utils(pwrmgr_reset_vseq) `uvm_object_new
PRE-TICK	FACT-GATED-CROSS-FILE	opentitan	hw/top_englishbreakfast/ip_autogen/pwrmgr/dv/env/seq_lib/pwrmgr_sec_cm_ctrl_config_regwen_vseq.sv	496	496	500	9	1913	pwrmgr_wakeup_vseq @ stimuli/sv/subs/opentitan/hw/ip_templates/pwrmgr/dv/env/seq_lib/pwrmgr_wakeup_vseq.sv	s pwrmgr_wakeup_vseq; `uvm_object_utils(pwrmgr_sec_cm_ctrl_config_regwen_vseq)
PRE-TICK	FACT-GATED-CROSS-FILE	opentitan	hw/top_englishbreakfast/ip_autogen/pwrmgr/dv/env/seq_lib/pwrmgr_smoke_vseq.sv	352	352	356	9	3079	pwrmgr_base_vseq @ stimuli/sv/subs/opentitan/hw/top_darjeeling/ip_autogen/pwrmgr/dv/env/seq_lib/pwrmgr_base_vseq.sv	nds pwrmgr_base_vseq; `uvm_object_utils(pwrmgr_smoke_vseq) `uvm_object_new
PRE-TICK	FACT-GATED-CROSS-FILE	opentitan	hw/top_englishbreakfast/ip_autogen/pwrmgr/dv/env/seq_lib/pwrmgr_stress_all_vseq.sv	351	351	355	7	1417	pwrmgr_base_vseq @ stimuli/sv/subs/opentitan/hw/top_darjeeling/ip_autogen/pwrmgr/dv/env/seq_lib/pwrmgr_base_vseq.sv	nds pwrmgr_base_vseq; `uvm_object_utils(pwrmgr_stress_all_vseq) `uvm_object
PRE-TICK	FACT-GATED-CROSS-FILE	opentitan	hw/top_englishbreakfast/ip_autogen/pwrmgr/dv/env/seq_lib/pwrmgr_sw_reset_vseq.sv	292	292	297	6	1777	pwrmgr_base_vseq @ stimuli/sv/subs/opentitan/hw/top_darjeeling/ip_autogen/pwrmgr/dv/env/seq_lib/pwrmgr_base_vseq.sv	nds pwrmgr_base_vseq; `uvm_object_utils(pwrmgr_sw_reset_vseq) `uvm_object_n
PRE-TICK	FACT-GATED-CROSS-FILE	opentitan	hw/top_englishbreakfast/ip_autogen/pwrmgr/dv/env/seq_lib/pwrmgr_wakeup_reset_vseq.sv	612	612	616	10	5660	pwrmgr_base_vseq @ stimuli/sv/subs/opentitan/hw/top_darjeeling/ip_autogen/pwrmgr/dv/env/seq_lib/pwrmgr_base_vseq.sv	nds pwrmgr_base_vseq; `uvm_object_utils(pwrmgr_wakeup_reset_vseq) `uvm_obje
PRE-TICK	FACT-GATED-CROSS-FILE	opentitan	hw/top_englishbreakfast/ip_autogen/pwrmgr/dv/env/seq_lib/pwrmgr_wakeup_vseq.sv	333	333	337	7	4671	pwrmgr_base_vseq @ stimuli/sv/subs/opentitan/hw/top_darjeeling/ip_autogen/pwrmgr/dv/env/seq_lib/pwrmgr_base_vseq.sv	nds pwrmgr_base_vseq; `uvm_object_utils(pwrmgr_wakeup_vseq) `uvm_object_new
PRE-TICK	FACT-GATED-CROSS-FILE	opentitan	hw/top_englishbreakfast/ip_autogen/pwrmgr/dv/sva/pwrmgr_rstreqs_sva_if.sv	953	965	1155	24	3978	reset_cause_e @ stimuli/sv/subs/opentitan/hw/top_darjeeling/dv/env/seq_lib/chip_sw_full_aon_reset_vseq.sv	_cause_e reset_cause, input logic [HwResetWidth-1:0] rstreqs );
PRE-TICK	FACT-GATED-CROSS-FILE	opentitan	hw/top_englishbreakfast/ip_autogen/pwrmgr/dv/tests/pwrmgr_base_test.sv	215	216	272	5	623	cip_base_test @ stimuli/sv/subs/opentitan/hw/dv/sv/cip_lib/cip_base_test.sv	tends cip_base_test #( .CFG_T(pwrmgr_env_cfg), .ENV_T(pwrmgr_env) ); `uvm
PRE-TICK	FACT-GATED-CROSS-FILE	opentitan	hw/top_englishbreakfast/ip_autogen/rstmgr/dv/env/rstmgr_env.sv	208	209	389	5	2594	cip_base_env @ stimuli/sv/subs/opentitan/hw/dv/sv/cip_lib/cip_base_env.sv	xtends cip_base_env #( .CFG_T (rstmgr_env_cfg), .COV_T
PRE-TICK	FACT-GATED-CROSS-FILE	opentitan	hw/top_englishbreakfast/ip_autogen/rstmgr/dv/env/rstmgr_env_cfg.sv	216	217	373	5	1124	cip_base_env_cfg @ stimuli/sv/subs/opentitan/hw/dv/sv/cip_lib/cip_base_env_cfg.sv	ds cip_base_env_cfg #( .RAL_T(rstmgr_reg_block) ); // This scoreboard handl
PRE-TICK	FACT-GATED-CROSS-FILE	opentitan	hw/top_englishbreakfast/ip_autogen/rstmgr/dv/env/rstmgr_env_cov.sv	878	879	912	31	3206	cip_base_env_cov @ stimuli/sv/subs/opentitan/hw/dv/sv/cip_lib/cip_base_env_cov.sv	ds cip_base_env_cov #( .CFG_T(rstmgr_env_cfg) ); `uvm_component_utils(rstmgr
PRE-TICK	FACT-GATED-CROSS-FILE	opentitan	hw/top_englishbreakfast/ip_autogen/rstmgr/dv/env/rstmgr_scoreboard.sv	222	223	310	5	12197	cip_base_scoreboard @ stimuli/sv/subs/opentitan/hw/dv/sv/cip_lib/cip_base_scoreboard.sv	cip_base_scoreboard #( .CFG_T(rstmgr_env_cfg), .RAL_T(rstmgr_reg_block), .
PRE-TICK	FACT-GATED-CROSS-FILE	opentitan	hw/top_englishbreakfast/ip_autogen/rstmgr/dv/env/rstmgr_virtual_sequencer.sv	236	237	296	5	376	cip_base_virtual_sequencer @ stimuli/sv/subs/opentitan/hw/dv/sv/cip_lib/cip_base_virtual_sequencer.sv	e_virtual_sequencer #( .CFG_T(rstmgr_env_cfg), .COV_T(rstmgr_env_cov) ); `
PRE-TICK	FACT-GATED-CROSS-FILE	opentitan	hw/top_englishbreakfast/ip_autogen/rstmgr/dv/env/seq_lib/rstmgr_base_vseq.sv	215	216	396	5	22421	cip_base_vseq @ stimuli/sv/subs/opentitan/hw/dv/sv/cip_lib/seq_lib/cip_base_vseq.sv	tends cip_base_vseq #( .RAL_T (rstmgr_reg_block), .CFG_T
PRE-TICK	FACT-GATED-CROSS-FILE	opentitan	hw/top_englishbreakfast/ip_autogen/rstmgr/dv/env/seq_lib/rstmgr_common_vseq.sv	220	220	224	5	427	rstmgr_base_vseq @ stimuli/sv/subs/opentitan/hw/top_darjeeling/ip_autogen/rstmgr/dv/env/seq_lib/rstmgr_base_vseq.sv	nds rstmgr_base_vseq; `uvm_object_utils(rstmgr_common_vseq) constraint num_
PRE-TICK	FACT-GATED-CROSS-FILE	opentitan	hw/top_englishbreakfast/ip_autogen/rstmgr/dv/env/seq_lib/rstmgr_leaf_rst_cnsty_vseq.sv	483	483	487	13	9500	rstmgr_base_vseq @ stimuli/sv/subs/opentitan/hw/top_darjeeling/ip_autogen/rstmgr/dv/env/seq_lib/rstmgr_base_vseq.sv	nds rstmgr_base_vseq; `uvm_object_utils(rstmgr_leaf_rst_cnsty_vseq) `uvm_ob
PRE-TICK	FACT-GATED-CROSS-FILE	opentitan	hw/top_englishbreakfast/ip_autogen/rstmgr/dv/env/seq_lib/rstmgr_leaf_rst_shadow_attack_vseq.sv	363	363	367	7	3255	rstmgr_base_vseq @ stimuli/sv/subs/opentitan/hw/top_darjeeling/ip_autogen/rstmgr/dv/env/seq_lib/rstmgr_base_vseq.sv	nds rstmgr_base_vseq; `uvm_object_utils(rstmgr_leaf_rst_shadow_attack_vseq)
PRE-TICK	FACT-GATED-CROSS-FILE	opentitan	hw/top_englishbreakfast/ip_autogen/rstmgr/dv/env/seq_lib/rstmgr_por_stretcher_vseq.sv	591	591	595	9	2017	rstmgr_base_vseq @ stimuli/sv/subs/opentitan/hw/top_darjeeling/ip_autogen/rstmgr/dv/env/seq_lib/rstmgr_base_vseq.sv	nds rstmgr_base_vseq; `uvm_object_utils(rstmgr_por_stretcher_vseq) `uvm_obj
PRE-TICK	FACT-GATED-CROSS-FILE	opentitan	hw/top_englishbreakfast/ip_autogen/rstmgr/dv/env/seq_lib/rstmgr_reset_vseq.sv	392	392	396	9	7105	rstmgr_base_vseq @ stimuli/sv/subs/opentitan/hw/top_darjeeling/ip_autogen/rstmgr/dv/env/seq_lib/rstmgr_base_vseq.sv	nds rstmgr_base_vseq; `uvm_object_utils(rstmgr_reset_vseq) `uvm_object_new
PRE-TICK	FACT-GATED-CROSS-FILE	opentitan	hw/top_englishbreakfast/ip_autogen/rstmgr/dv/env/seq_lib/rstmgr_sec_cm_scan_intersig_mubi_vseq.sv	317	317	322	7	1651	rstmgr_smoke_vseq @ stimuli/sv/subs/opentitan/hw/top_darjeeling/ip_autogen/rstmgr/dv/env/seq_lib/rstmgr_smoke_vseq.sv	ds rstmgr_smoke_vseq; `uvm_object_utils(rstmgr_sec_cm_scan_intersig_mubi_vseq
PRE-TICK	FACT-GATED-CROSS-FILE	opentitan	hw/top_englishbreakfast/ip_autogen/rstmgr/dv/env/seq_lib/rstmgr_smoke_vseq.sv	360	360	365	7	5137	rstmgr_base_vseq @ stimuli/sv/subs/opentitan/hw/top_darjeeling/ip_autogen/rstmgr/dv/env/seq_lib/rstmgr_base_vseq.sv	nds rstmgr_base_vseq; `uvm_object_utils(rstmgr_smoke_vseq) `uvm_object_new
PRE-TICK	FACT-GATED-CROSS-FILE	opentitan	hw/top_englishbreakfast/ip_autogen/rstmgr/dv/env/seq_lib/rstmgr_stress_all_vseq.sv	351	351	355	7	1480	rstmgr_base_vseq @ stimuli/sv/subs/opentitan/hw/top_darjeeling/ip_autogen/rstmgr/dv/env/seq_lib/rstmgr_base_vseq.sv	nds rstmgr_base_vseq; `uvm_object_utils(rstmgr_stress_all_vseq) `uvm_object
PRE-TICK	FACT-GATED-CROSS-FILE	opentitan	hw/top_englishbreakfast/ip_autogen/rstmgr/dv/env/seq_lib/rstmgr_sw_rst_reset_race_vseq.sv	649	649	653	11	2349	rstmgr_base_vseq @ stimuli/sv/subs/opentitan/hw/top_darjeeling/ip_autogen/rstmgr/dv/env/seq_lib/rstmgr_base_vseq.sv	nds rstmgr_base_vseq; `uvm_object_utils(rstmgr_sw_rst_reset_race_vseq) `uvm
PRE-TICK	FACT-GATED-CROSS-FILE	opentitan	hw/top_englishbreakfast/ip_autogen/rstmgr/dv/env/seq_lib/rstmgr_sw_rst_vseq.sv	634	634	638	11	2457	rstmgr_base_vseq @ stimuli/sv/subs/opentitan/hw/top_darjeeling/ip_autogen/rstmgr/dv/env/seq_lib/rstmgr_base_vseq.sv	nds rstmgr_base_vseq; `uvm_object_utils(rstmgr_sw_rst_vseq) `uvm_object_new
PRE-TICK	FACT-GATED-CROSS-FILE	opentitan	hw/top_englishbreakfast/ip_autogen/rstmgr/dv/tests/rstmgr_base_test.sv	215	216	272	5	623	cip_base_test @ stimuli/sv/subs/opentitan/hw/dv/sv/cip_lib/cip_base_test.sv	tends cip_base_test #( .CFG_T(rstmgr_env_cfg), .ENV_T(rstmgr_env) ); `uvm
PRE-TICK	FACT-GATED-CROSS-FILE	opentitan	hw/vendor/lowrisc_ibex/dv/uvm/core_ibex/riscv_dv_extension/ibex_asm_program_gen.sv	438	438	443	9	6255	riscv_asm_program_gen @ stimuli/sv/subs/opentitan/hw/vendor/lowrisc_ibex/vendor/google_riscv-dv/src/riscv_asm_program_gen.sv	iscv_asm_program_gen; `uvm_object_utils(ibex_asm_program_gen) `uvm_object_n
PRE-TICK	FACT-GATED-CROSS-FILE	opentitan	hw/vendor/lowrisc_ibex/dv/uvm/core_ibex/riscv_dv_extension/ibex_debug_triggers_overrides.sv	221	221	226	5	5825	riscv_debug_rom_gen @ stimuli/sv/subs/opentitan/hw/vendor/lowrisc_ibex/vendor/google_riscv-dv/src/riscv_debug_rom_gen.sv	riscv_debug_rom_gen; `uvm_object_utils(ibex_hardware_triggers_debug_rom_gen)
PRE-TICK	FACT-GATED-CROSS-FILE	opentitan	hw/vendor/lowrisc_ibex/dv/uvm/core_ibex/riscv_dv_extension/ibex_directed_instr_lib.sv	383	383	557	8	12861	riscv_directed_instr_stream @ stimuli/sv/subs/opentitan/hw/vendor/lowrisc_ibex/vendor/google_riscv-dv/src/riscv_directed_instr_lib.sv	irected_instr_stream; riscv_pseudo_instr la_instr; riscv_instr e
PRE-TICK	FACT-GATED-CROSS-FILE	opentitan	hw/vendor/lowrisc_ibex/dv/uvm/core_ibex/tests/core_ibex_test_lib.sv	221	221	226	6	75023	core_ibex_base_test @ stimuli/sv/subs/opentitan/hw/vendor/lowrisc_ibex/dv/uvm/core_ibex/tests/core_ibex_base_test.sv	core_ibex_base_test; `uvm_component_utils(core_ibex_csr_test) `uvm_compone
PRE-TICK	FACT-GATED-CROSS-FILE	opentitan	hw/vendor/lowrisc_ibex/dv/uvm/icache/dv/env/ibex_icache_env.sv	192	193	403	5	3834	dv_base_env @ stimuli/sv/subs/opentitan/hw/dv/sv/dv_lib/dv_base_env.sv	extends dv_base_env #( .CFG_T (ibex_icache_env_cfg), .COV_T
PRE-TICK	FACT-GATED-CROSS-FILE	opentitan	hw/vendor/lowrisc_ibex/dv/uvm/icache/dv/env/ibex_icache_env_cfg.sv	200	200	762	5	1483	dv_base_env_cfg @ stimuli/sv/subs/opentitan/hw/dv/sv/dv_lib/dv_base_env_cfg.sv	ends dv_base_env_cfg; // If set, the scoreboard won't check caching ratios
PRE-TICK	FACT-GATED-CROSS-FILE	opentitan	hw/vendor/lowrisc_ibex/dv/uvm/icache/dv/env/ibex_icache_env_cov.sv	399	400	436	11	904	dv_base_env_cov @ stimuli/sv/subs/opentitan/hw/dv/sv/dv_lib/dv_base_env_cov.sv	nds dv_base_env_cov #(.CFG_T (ibex_icache_env_cfg)); `uvm_component_utils(ibe
PRE-TICK	FACT-GATED-CROSS-FILE	opentitan	hw/vendor/lowrisc_ibex/dv/uvm/icache/dv/env/ibex_icache_scoreboard.sv	208	209	273	6	30368	dv_base_scoreboard @ stimuli/sv/subs/opentitan/hw/dv/sv/dv_lib/dv_base_scoreboard.sv	dv_base_scoreboard #(.CFG_T(ibex_icache_env_cfg), .COV_T(ibex_icache_env_cov));
PRE-TICK	FACT-GATED-CROSS-FILE	opentitan	hw/vendor/lowrisc_ibex/dv/uvm/icache/dv/env/ibex_icache_virtual_sequencer.sv	222	223	286	6	464	dv_base_virtual_sequencer @ stimuli/sv/subs/opentitan/hw/dv/sv/dv_lib/dv_base_virtual_sequencer.sv	e_virtual_sequencer #(.CFG_T(ibex_icache_env_cfg), .COV_T(ibex_icache_env_cov));
PRE-TICK	FACT-GATED-CROSS-FILE	opentitan	hw/vendor/lowrisc_ibex/dv/uvm/icache/dv/env/seq_lib/ibex_icache_back_line_vseq.sv	213	213	218	5	1324	ibex_icache_base_vseq @ stimuli/sv/subs/opentitan/hw/vendor/lowrisc_ibex/dv/uvm/icache/dv/env/seq_lib/ibex_icache_base_vseq.sv	bex_icache_base_vseq; `uvm_object_utils(ibex_icache_back_line_vseq) `uvm_ob
PRE-TICK	FACT-GATED-CROSS-FILE	opentitan	hw/vendor/lowrisc_ibex/dv/uvm/icache/dv/env/seq_lib/ibex_icache_base_vseq.sv	201	202	365	6	3200	dv_base_vseq @ stimuli/sv/subs/opentitan/hw/dv/sv/dv_lib/dv_base_vseq.sv	xtends dv_base_vseq #( .CFG_T (ibex_icache_env_cfg), .COV_
PRE-TICK	FACT-GATED-CROSS-FILE	opentitan	hw/vendor/lowrisc_ibex/dv/uvm/icache/dv/env/seq_lib/ibex_icache_caching_vseq.sv	211	211	216	5	694	ibex_icache_base_vseq @ stimuli/sv/subs/opentitan/hw/vendor/lowrisc_ibex/dv/uvm/icache/dv/env/seq_lib/ibex_icache_base_vseq.sv	bex_icache_base_vseq; `uvm_object_utils(ibex_icache_caching_vseq) `uvm_obje
PRE-TICK	FACT-GATED-CROSS-FILE	opentitan	hw/vendor/lowrisc_ibex/dv/uvm/icache/dv/env/seq_lib/ibex_icache_combo_vseq.sv	283	284	447	8	5288	dv_base_vseq @ stimuli/sv/subs/opentitan/hw/dv/sv/dv_lib/dv_base_vseq.sv	xtends dv_base_vseq #( .CFG_T (ibex_icache_env_cfg), .COV_
PRE-TICK	FACT-GATED-CROSS-FILE	opentitan	hw/vendor/lowrisc_ibex/dv/uvm/icache/dv/env/seq_lib/ibex_icache_ecc_vseq.sv	411	411	416	10	1217	ibex_icache_caching_vseq @ stimuli/sv/subs/opentitan/hw/vendor/lowrisc_ibex/dv/uvm/icache/dv/env/seq_lib/ibex_icache_caching_vseq.sv	_icache_caching_vseq; `uvm_object_utils(ibex_icache_ecc_vseq) `uvm_object_n
PRE-TICK	FACT-GATED-CROSS-FILE	opentitan	hw/vendor/lowrisc_ibex/dv/uvm/icache/dv/env/seq_lib/ibex_icache_invalidation_vseq.sv	216	216	221	5	865	ibex_icache_base_vseq @ stimuli/sv/subs/opentitan/hw/vendor/lowrisc_ibex/dv/uvm/icache/dv/env/seq_lib/ibex_icache_base_vseq.sv	bex_icache_base_vseq; `uvm_object_utils(ibex_icache_invalidation_vseq) `uvm
PRE-TICK	FACT-GATED-CROSS-FILE	opentitan	hw/vendor/lowrisc_ibex/dv/uvm/icache/dv/env/seq_lib/ibex_icache_many_errors_vseq.sv	215	215	220	5	747	ibex_icache_base_vseq @ stimuli/sv/subs/opentitan/hw/vendor/lowrisc_ibex/dv/uvm/icache/dv/env/seq_lib/ibex_icache_base_vseq.sv	bex_icache_base_vseq; `uvm_object_utils(ibex_icache_many_errors_vseq) func
PRE-TICK	FACT-GATED-CROSS-FILE	opentitan	hw/vendor/lowrisc_ibex/dv/uvm/icache/dv/env/seq_lib/ibex_icache_oldval_vseq.sv	210	210	215	5	667	ibex_icache_base_vseq @ stimuli/sv/subs/opentitan/hw/vendor/lowrisc_ibex/dv/uvm/icache/dv/env/seq_lib/ibex_icache_base_vseq.sv	bex_icache_base_vseq; `uvm_object_utils(ibex_icache_oldval_vseq) `uvm_objec
PRE-TICK	FACT-GATED-CROSS-FILE	opentitan	hw/vendor/lowrisc_ibex/dv/uvm/icache/dv/env/seq_lib/ibex_icache_passthru_vseq.sv	212	212	217	5	613	ibex_icache_base_vseq @ stimuli/sv/subs/opentitan/hw/vendor/lowrisc_ibex/dv/uvm/icache/dv/env/seq_lib/ibex_icache_base_vseq.sv	bex_icache_base_vseq; `uvm_object_utils(ibex_icache_passthru_vseq) `uvm_obj
PRE-TICK	FACT-GATED-CROSS-FILE	opentitan	hw/vendor/lowrisc_ibex/dv/uvm/icache/dv/env/seq_lib/ibex_icache_reset_vseq.sv	289	289	294	7	608	ibex_icache_combo_vseq @ stimuli/sv/subs/opentitan/hw/vendor/lowrisc_ibex/dv/uvm/icache/dv/env/seq_lib/ibex_icache_combo_vseq.sv	ex_icache_combo_vseq; `uvm_object_utils(ibex_icache_reset_vseq) `uvm_object
PRE-TICK	FACT-GATED-CROSS-FILE	opentitan	hw/vendor/lowrisc_ibex/dv/uvm/icache/dv/ibex_icache_core_agent/ibex_icache_core_agent.sv	201	202	445	5	836	dv_base_agent @ stimuli/sv/subs/opentitan/hw/dv/sv/dv_base_agent/dv_base_agent.sv	tends dv_base_agent #( .CFG_T (ibex_icache_core_agent_cfg), .DRIVER
PRE-TICK	FACT-GATED-CROSS-FILE	opentitan	hw/vendor/lowrisc_ibex/dv/uvm/icache/dv/ibex_icache_core_agent/ibex_icache_core_agent_cfg.sv	209	209	328	5	433	dv_base_agent_cfg @ stimuli/sv/subs/opentitan/hw/dv/sv/dv_base_agent/dv_base_agent_cfg.sv	ds dv_base_agent_cfg; // interface handle used by driver, monitor & the seque
PRE-TICK	FACT-GATED-CROSS-FILE	opentitan	hw/vendor/lowrisc_ibex/dv/uvm/icache/dv/ibex_icache_core_agent/ibex_icache_core_agent_cov.sv	209	210	243	5	2628	dv_base_agent_cov @ stimuli/sv/subs/opentitan/hw/dv/sv/dv_base_agent/dv_base_agent_cov.sv	s dv_base_agent_cov #(ibex_icache_core_agent_cfg); `uvm_component_utils(ibex_i
PRE-TICK	FACT-GATED-CROSS-FILE	opentitan	hw/vendor/lowrisc_ibex/dv/uvm/icache/dv/ibex_icache_core_agent/ibex_icache_core_driver.sv	205	206	389	6	6910	dv_base_driver @ stimuli/sv/subs/opentitan/hw/dv/sv/dv_base_agent/dv_base_driver.sv	ends dv_base_driver #(.ITEM_T (ibex_icache_core_req_item),
PRE-TICK	FACT-GATED-CROSS-FILE	opentitan	hw/vendor/lowrisc_ibex/dv/uvm/icache/dv/ibex_icache_core_agent/ibex_icache_core_monitor.sv	205	206	442	5	5408	dv_base_monitor @ stimuli/sv/subs/opentitan/hw/dv/sv/dv_base_agent/dv_base_monitor.sv	nds dv_base_monitor #( .ITEM_T (ibex_icache_core_bus_item), .REQ_ITE
PRE-TICK	FACT-GATED-CROSS-FILE	opentitan	hw/vendor/lowrisc_ibex/dv/uvm/icache/dv/ibex_icache_core_agent/ibex_icache_core_sequencer.sv	211	212	401	6	1031	dv_base_sequencer @ stimuli/sv/subs/opentitan/hw/dv/sv/dv_base_agent/dv_base_sequencer.sv	s dv_base_sequencer #(.ITEM_T (ibex_icache_core_req_item),
PRE-TICK	FACT-GATED-CROSS-FILE	opentitan	hw/vendor/lowrisc_ibex/dv/uvm/icache/dv/ibex_icache_core_agent/seq_lib/ibex_icache_core_back_line_seq.sv	221	221	226	5	1691	ibex_icache_core_base_seq @ stimuli/sv/subs/opentitan/hw/vendor/lowrisc_ibex/dv/uvm/icache/dv/ibex_icache_core_agent/seq_lib/ibex_icache_core_base_seq.sv	icache_core_base_seq; `uvm_object_utils(ibex_icache_core_back_line_seq) `uv
PRE-TICK	FACT-GATED-CROSS-FILE	opentitan	hw/vendor/lowrisc_ibex/dv/uvm/icache/dv/ibex_icache_core_agent/seq_lib/ibex_icache_core_base_seq.sv	202	203	398	5	9330	dv_base_seq @ stimuli/sv/subs/opentitan/hw/dv/sv/dv_base_agent/dv_base_seq.sv	extends dv_base_seq #( .REQ (ibex_icache_core_req_item), .RSP
PRE-TICK	FACT-GATED-CROSS-FILE	opentitan	hw/vendor/lowrisc_ibex/dv/uvm/icache/dv/ibex_icache_mem_agent/ibex_icache_mem_agent.sv	200	201	439	5	1098	dv_base_agent @ stimuli/sv/subs/opentitan/hw/dv/sv/dv_base_agent/dv_base_agent.sv	tends dv_base_agent #( .CFG_T (ibex_icache_mem_agent_cfg), .DRIVER_
PRE-TICK	FACT-GATED-CROSS-FILE	opentitan	hw/vendor/lowrisc_ibex/dv/uvm/icache/dv/ibex_icache_mem_agent/ibex_icache_mem_agent_cfg.sv	208	208	409	5	519	dv_base_agent_cfg @ stimuli/sv/subs/opentitan/hw/dv/sv/dv_base_agent/dv_base_agent_cfg.sv	ds dv_base_agent_cfg; // Knobs bit disable_mem_errs = 0; int uns
PRE-TICK	FACT-GATED-CROSS-FILE	opentitan	hw/vendor/lowrisc_ibex/dv/uvm/icache/dv/ibex_icache_mem_agent/ibex_icache_mem_agent_cov.sv	210	211	253	6	509	dv_base_agent_cov @ stimuli/sv/subs/opentitan/hw/dv/sv/dv_base_agent/dv_base_agent_cov.sv	s dv_base_agent_cov #(.CFG_T (ibex_icache_mem_agent_cfg)); `uvm_component_uti
PRE-TICK	FACT-GATED-CROSS-FILE	opentitan	hw/vendor/lowrisc_ibex/dv/uvm/icache/dv/ibex_icache_mem_agent/ibex_icache_mem_driver.sv	475	476	710	13	3369	dv_base_driver @ stimuli/sv/subs/opentitan/hw/dv/sv/dv_base_agent/dv_base_driver.sv	ends dv_base_driver #(.ITEM_T (ibex_icache_mem_resp_item),
PRE-TICK	FACT-GATED-CROSS-FILE	opentitan	hw/vendor/lowrisc_ibex/dv/uvm/icache/dv/ibex_icache_mem_agent/ibex_icache_mem_monitor.sv	206	207	529	6	2763	dv_base_monitor @ stimuli/sv/subs/opentitan/hw/dv/sv/dv_base_agent/dv_base_monitor.sv	nds dv_base_monitor #(.ITEM_T (ibex_icache_mem_bus_item),
PRE-TICK	FACT-GATED-CROSS-FILE	opentitan	hw/vendor/lowrisc_ibex/dv/uvm/icache/dv/ibex_icache_mem_agent/ibex_icache_mem_sequencer.sv	261	262	372	8	1297	dv_base_sequencer @ stimuli/sv/subs/opentitan/hw/dv/sv/dv_base_agent/dv_base_sequencer.sv	s dv_base_sequencer #(.ITEM_T (ibex_icache_mem_resp_item),
PRE-TICK	FACT-GATED-CROSS-FILE	opentitan	hw/vendor/lowrisc_ibex/dv/uvm/icache/dv/ibex_icache_mem_agent/seq_lib/ibex_icache_mem_base_seq.sv	203	204	383	6	569	dv_base_seq @ stimuli/sv/subs/opentitan/hw/dv/sv/dv_base_agent/dv_base_seq.sv	extends dv_base_seq #(.REQ (ibex_icache_mem_resp_item),
PRE-TICK	FACT-GATED-CROSS-FILE	opentitan	hw/vendor/lowrisc_ibex/dv/uvm/icache/dv/ibex_icache_mem_agent/seq_lib/ibex_icache_mem_resp_seq.sv	242	242	1421	7	4811	ibex_icache_mem_base_seq @ stimuli/sv/subs/opentitan/hw/vendor/lowrisc_ibex/dv/uvm/icache/dv/ibex_icache_mem_agent/seq_lib/ibex_icache_mem_base_seq.sv	_icache_mem_base_seq; // Non-null if this is an item after the first in a "co
PRE-TICK	FACT-GATED-CROSS-FILE	opentitan	hw/vendor/lowrisc_ibex/dv/uvm/icache/dv/tests/ibex_icache_base_test.sv	199	200	272	5	742	dv_base_test @ stimuli/sv/subs/opentitan/hw/vendor/lowrisc_ibex/dv/uvm/icache/dv/tests/ibex_icache_base_test.sv	xtends dv_base_test #( .CFG_T(ibex_icache_env_cfg), .ENV_T(ibex_icache_e
PRE-TICK	FACT-GATED-CROSS-FILE	opentitan	hw/vendor/lowrisc_ibex/dv/uvm/icache/dv/tests/ibex_icache_oldval_test.sv	210	210	215	5	1904	ibex_icache_base_test @ stimuli/sv/subs/opentitan/hw/vendor/lowrisc_ibex/dv/uvm/icache/dv/tests/ibex_icache_base_test.sv	bex_icache_base_test; `uvm_component_utils(ibex_icache_oldval_test) `uvm_co
PRE-TICK	FACT-GATED-CROSS-FILE	opentitan	hw/vendor/lowrisc_ibex/rtl/ibex_lockstep.sv	1235	1252	24492	22	30732	rv32m_e @ stimuli/sv/subs/opentitan/hw/vendor/lowrisc_ibex/rtl/ibex_pkg.sv	m_e RV32M = RV32MFast, parameter rv32b_e
PRE-TICK	FACT-GATED-CROSS-FILE	opentitan	hw/vendor/lowrisc_ibex/rtl/ibex_top_tracing.sv	604	610	7166	16	14037	rv32m_e @ stimuli/sv/subs/opentitan/hw/vendor/lowrisc_ibex/rtl/ibex_pkg.sv	ameter rv32m_e RV32M = RV32MFast, parameter rv32b_e R
PRE-TICK	FACT-GATED-CROSS-FILE	opentitan	hw/vendor/lowrisc_ibex/vendor/google_riscv-dv/src/isa/custom/riscv_custom_instr.sv	669	669	748	19	1729	riscv_instr @ stimuli/sv/subs/opentitan/hw/vendor/lowrisc_ibex/vendor/google_riscv-dv/src/riscv_instr_pkg.sv	extends riscv_instr; // TODO: Add custom operands here, example: // rand r
PRE-TICK	FACT-GATED-CROSS-FILE	opentitan	hw/vendor/lowrisc_ibex/vendor/google_riscv-dv/src/isa/riscv_amo_instr.sv	637	637	722	17	2606	riscv_instr @ stimuli/sv/subs/opentitan/hw/vendor/lowrisc_ibex/vendor/google_riscv-dv/src/riscv_instr_pkg.sv	extends riscv_instr; rand bit aq; rand bit rl; constraint aq_rl_c {
PRE-TICK	FACT-GATED-CROSS-FILE	opentitan	hw/vendor/lowrisc_ibex/vendor/google_riscv-dv/src/isa/riscv_b_instr.sv	679	679	731	18	13674	riscv_instr @ stimuli/sv/subs/opentitan/hw/vendor/lowrisc_ibex/vendor/google_riscv-dv/src/riscv_instr_pkg.sv	extends riscv_instr; rand riscv_reg_t rs3; bit has_rs3 = 1'b0; `uvm_obj
PRE-TICK	FACT-GATED-CROSS-FILE	opentitan	hw/vendor/lowrisc_ibex/vendor/google_riscv-dv/src/isa/riscv_compressed_instr.sv	644	644	2184	17	14897	riscv_instr @ stimuli/sv/subs/opentitan/hw/vendor/lowrisc_ibex/vendor/google_riscv-dv/src/riscv_instr_pkg.sv	extends riscv_instr; int imm_align; constraint rvc_csr_c { // Regist
PRE-TICK	FACT-GATED-CROSS-FILE	opentitan	hw/vendor/lowrisc_ibex/vendor/google_riscv-dv/src/isa/riscv_csr_instr.sv	637	637	2510	17	6033	riscv_instr @ stimuli/sv/subs/opentitan/hw/vendor/lowrisc_ibex/vendor/google_riscv-dv/src/riscv_instr_pkg.sv	extends riscv_instr; // Privileged CSR filter static riscv_instr_pkg::privi
PRE-TICK	FACT-GATED-CROSS-FILE	opentitan	hw/vendor/lowrisc_ibex/vendor/google_riscv-dv/src/isa/riscv_floating_point_instr.sv	648	648	959	17	11659	riscv_instr @ stimuli/sv/subs/opentitan/hw/vendor/lowrisc_ibex/vendor/google_riscv-dv/src/riscv_instr_pkg.sv	extends riscv_instr; rand riscv_fpr_t fs1; rand riscv_fpr_t fs2; rand ri
PRE-TICK	FACT-GATED-CROSS-FILE	opentitan	hw/vendor/lowrisc_ibex/vendor/google_riscv-dv/src/isa/riscv_vector_instr.sv	778	778	9990	20	20750	riscv_floating_point_instr @ stimuli/sv/subs/opentitan/hw/vendor/lowrisc_ibex/vendor/google_riscv-dv/src/isa/riscv_floating_point_instr.sv	floating_point_instr; rand riscv_vreg_t vs1; rand riscv_vreg_t vs2; rand
PRE-TICK	FACT-GATED-CROSS-FILE	opentitan	hw/vendor/lowrisc_ibex/vendor/google_riscv-dv/src/isa/riscv_zba_instr.sv	673	673	677	17	3180	riscv_instr @ stimuli/sv/subs/opentitan/hw/vendor/lowrisc_ibex/vendor/google_riscv-dv/src/riscv_instr_pkg.sv	extends riscv_instr; `uvm_object_utils(riscv_zba_instr) function new(strin
PRE-TICK	FACT-GATED-CROSS-FILE	opentitan	hw/vendor/lowrisc_ibex/vendor/google_riscv-dv/src/isa/riscv_zbb_instr.sv	673	673	677	17	8208	riscv_instr @ stimuli/sv/subs/opentitan/hw/vendor/lowrisc_ibex/vendor/google_riscv-dv/src/riscv_instr_pkg.sv	extends riscv_instr; `uvm_object_utils(riscv_zbb_instr) function new(strin
PRE-TICK	FACT-GATED-CROSS-FILE	opentitan	hw/vendor/lowrisc_ibex/vendor/google_riscv-dv/src/isa/riscv_zbc_instr.sv	673	673	677	17	2292	riscv_instr @ stimuli/sv/subs/opentitan/hw/vendor/lowrisc_ibex/vendor/google_riscv-dv/src/riscv_instr_pkg.sv	extends riscv_instr; `uvm_object_utils(riscv_zbc_instr) function new(strin
PRE-TICK	FACT-GATED-CROSS-FILE	opentitan	hw/vendor/lowrisc_ibex/vendor/google_riscv-dv/src/isa/riscv_zbs_instr.sv	673	673	677	17	3350	riscv_instr @ stimuli/sv/subs/opentitan/hw/vendor/lowrisc_ibex/vendor/google_riscv-dv/src/riscv_instr_pkg.sv	extends riscv_instr; `uvm_object_utils(riscv_zbs_instr) function new(strin
PRE-TICK	FACT-GATED-CROSS-FILE	opentitan	hw/vendor/lowrisc_ibex/vendor/google_riscv-dv/src/riscv_amo_instr_lib.sv	702	702	1683	18	6927	riscv_mem_access_stream @ stimuli/sv/subs/opentitan/hw/vendor/lowrisc_ibex/vendor/google_riscv-dv/src/riscv_directed_instr_lib.sv	cv_mem_access_stream; rand int unsigned num_amo; rand int unsigned num_mi
PRE-TICK	FACT-GATED-CROSS-FILE	opentitan	hw/vendor/lowrisc_ibex/vendor/google_riscv-dv/src/riscv_debug_rom_gen.sv	997	997	1094	24	12036	riscv_asm_program_gen @ stimuli/sv/subs/opentitan/hw/vendor/lowrisc_ibex/vendor/google_riscv-dv/src/riscv_asm_program_gen.sv	iscv_asm_program_gen; string debug_main[$]; string debug_end[$]; string s
PRE-TICK	FACT-GATED-CROSS-FILE	opentitan	hw/vendor/lowrisc_ibex/vendor/google_riscv-dv/src/riscv_directed_instr_lib.sv	707	707	712	18	15861	riscv_rand_instr_stream @ stimuli/sv/subs/opentitan/hw/vendor/lowrisc_ibex/vendor/google_riscv-dv/src/riscv_instr_stream.sv	cv_rand_instr_stream; `uvm_object_utils(riscv_directed_instr_stream) strin
PRE-TICK	FACT-GATED-CROSS-FILE	opentitan	hw/vendor/lowrisc_ibex/vendor/google_riscv-dv/src/riscv_load_store_instr_lib.sv	766	766	1241	20	22619	riscv_mem_access_stream @ stimuli/sv/subs/opentitan/hw/vendor/lowrisc_ibex/vendor/google_riscv-dv/src/riscv_directed_instr_lib.sv	cv_mem_access_stream; typedef enum bit [1:0] { NARROW, HIGH, MEDI
PRE-TICK	FACT-GATED-CROSS-FILE	opentitan	hw/vendor/lowrisc_ibex/vendor/google_riscv-dv/src/riscv_loop_instr.sv	770	770	4046	20	8690	riscv_rand_instr_stream @ stimuli/sv/subs/opentitan/hw/vendor/lowrisc_ibex/vendor/google_riscv-dv/src/riscv_instr_stream.sv	cv_rand_instr_stream; rand riscv_reg_t loop_cnt_reg[]; rand riscv_r
PRE-TICK	FACT-GATED-CROSS-FILE	opentitan	hw/vendor/lowrisc_ibex/vendor/google_riscv-dv/src/riscv_page_table.sv	869	870	1310	21	2581	satp_mode_t @ stimuli/sv/subs/opentitan/hw/vendor/lowrisc_ibex/vendor/google_riscv-dv/src/riscv_instr_pkg.sv	_table#(satp_mode_t MODE = SV39) extends uvm_object; int unsigned
PRE-TICK	FACT-GATED-CROSS-FILE	opentitan	hw/vendor/lowrisc_ibex/vendor/google_riscv-dv/src/riscv_page_table_entry.sv	942	943	3115	23	7107	satp_mode_t @ stimuli/sv/subs/opentitan/hw/vendor/lowrisc_ibex/vendor/google_riscv-dv/src/riscv_instr_pkg.sv	_entry#(satp_mode_t MODE = SV39) extends uvm_object; // Note that only SV32,
PRE-TICK	FACT-GATED-CROSS-FILE	opentitan	hw/vendor/lowrisc_ibex/vendor/google_riscv-dv/src/riscv_page_table_list.sv	1191	1192	3131	28	26451	satp_mode_t @ stimuli/sv/subs/opentitan/hw/vendor/lowrisc_ibex/vendor/google_riscv-dv/src/riscv_instr_pkg.sv	e_list#(satp_mode_t MODE = SV39) extends uvm_object; localparam int PteSize
PRE-TICK	FACT-GATED-CROSS-FILE	opentitan	hw/vendor/lowrisc_ibex/vendor/google_riscv-dv/src/riscv_privil_reg.sv	672	672	696	18	19197	riscv_reg @ stimuli/sv/subs/opentitan/hw/vendor/lowrisc_ibex/vendor/google_riscv-dv/src/riscv_reg.sv	eg extends riscv_reg#(privileged_reg_t); `uvm_object_utils(riscv_privil_reg)
PRE-TICK	FACT-GATED-CROSS-FILE	opentitan	hw/vendor/lowrisc_ibex/vendor/google_riscv-dv/src/riscv_pseudo_instr.sv	709	709	768	18	1523	riscv_instr @ stimuli/sv/subs/opentitan/hw/vendor/lowrisc_ibex/vendor/google_riscv-dv/src/riscv_instr_pkg.sv	extends riscv_instr; rand riscv_pseudo_instr_name_t pseudo_instr_name; `
PRE-TICK	FACT-GATED-CROSS-FILE	opentitan	hw/vendor/lowrisc_ibex/vendor/google_riscv-dv/target/ml/riscv_core_setting.sv	926	927	3061	24	4568	satp_mode_t @ stimuli/sv/subs/opentitan/hw/vendor/lowrisc_ibex/vendor/google_riscv-dv/src/riscv_instr_pkg.sv	rameter satp_mode_t SATP_MODE = BARE; // Supported Privileged mode privileged_m
PRE-TICK	FACT-GATED-CROSS-FILE	opentitan	hw/vendor/lowrisc_ibex/vendor/google_riscv-dv/target/multi_harts/riscv_core_setting.sv	926	927	3048	24	4555	satp_mode_t @ stimuli/sv/subs/opentitan/hw/vendor/lowrisc_ibex/vendor/google_riscv-dv/src/riscv_instr_pkg.sv	rameter satp_mode_t SATP_MODE = BARE; // Supported Privileged mode privileged_m
PRE-TICK	FACT-GATED-CROSS-FILE	opentitan	hw/vendor/lowrisc_ibex/vendor/google_riscv-dv/target/rv32i/riscv_core_setting.sv	926	927	3027	24	4570	satp_mode_t @ stimuli/sv/subs/opentitan/hw/vendor/lowrisc_ibex/vendor/google_riscv-dv/src/riscv_instr_pkg.sv	rameter satp_mode_t SATP_MODE = BARE; // Supported Privileged mode privileged_m
PRE-TICK	FACT-GATED-CROSS-FILE	opentitan	hw/vendor/lowrisc_ibex/vendor/google_riscv-dv/target/rv32imafdc/riscv_core_setting.sv	926	927	3086	24	4543	satp_mode_t @ stimuli/sv/subs/opentitan/hw/vendor/lowrisc_ibex/vendor/google_riscv-dv/src/riscv_instr_pkg.sv	rameter satp_mode_t SATP_MODE = BARE; // Supported Privileged mode privileged_m
PRE-TICK	FACT-GATED-CROSS-FILE	opentitan	hw/vendor/lowrisc_ibex/vendor/google_riscv-dv/target/rv32imc/riscv_core_setting.sv	926	927	3041	24	4548	satp_mode_t @ stimuli/sv/subs/opentitan/hw/vendor/lowrisc_ibex/vendor/google_riscv-dv/src/riscv_instr_pkg.sv	rameter satp_mode_t SATP_MODE = BARE; // Supported Privileged mode privileged_m
PRE-TICK	FACT-GATED-CROSS-FILE	opentitan	hw/vendor/lowrisc_ibex/vendor/google_riscv-dv/target/rv32imc_sv32/riscv_core_setting.sv	926	927	3052	24	4559	satp_mode_t @ stimuli/sv/subs/opentitan/hw/vendor/lowrisc_ibex/vendor/google_riscv-dv/src/riscv_instr_pkg.sv	rameter satp_mode_t SATP_MODE = SV32; // Supported Privileged mode privileged_m
PRE-TICK	FACT-GATED-CROSS-FILE	opentitan	hw/vendor/lowrisc_ibex/vendor/google_riscv-dv/target/rv32imcb/riscv_core_setting.sv	926	927	3048	24	4555	satp_mode_t @ stimuli/sv/subs/opentitan/hw/vendor/lowrisc_ibex/vendor/google_riscv-dv/src/riscv_instr_pkg.sv	rameter satp_mode_t SATP_MODE = BARE; // Supported Privileged mode privileged_m
PRE-TICK	FACT-GATED-CROSS-FILE	opentitan	hw/vendor/lowrisc_ibex/vendor/google_riscv-dv/target/rv64gc/riscv_core_setting.sv	926	927	3178	24	6231	satp_mode_t @ stimuli/sv/subs/opentitan/hw/vendor/lowrisc_ibex/vendor/google_riscv-dv/src/riscv_instr_pkg.sv	rameter satp_mode_t SATP_MODE = SV39; // Supported Privileged mode privileged_m
PRE-TICK	FACT-GATED-CROSS-FILE	opentitan	hw/vendor/lowrisc_ibex/vendor/google_riscv-dv/target/rv64gcv/riscv_core_setting.sv	926	927	3152	24	6205	satp_mode_t @ stimuli/sv/subs/opentitan/hw/vendor/lowrisc_ibex/vendor/google_riscv-dv/src/riscv_instr_pkg.sv	rameter satp_mode_t SATP_MODE = BARE; // Supported Privileged mode privileged_m
PRE-TICK	FACT-GATED-CROSS-FILE	opentitan	hw/vendor/lowrisc_ibex/vendor/google_riscv-dv/target/rv64imafdc/riscv_core_setting.sv	926	927	3178	24	6231	satp_mode_t @ stimuli/sv/subs/opentitan/hw/vendor/lowrisc_ibex/vendor/google_riscv-dv/src/riscv_instr_pkg.sv	rameter satp_mode_t SATP_MODE = SV39; // Supported Privileged mode privileged_m
PRE-TICK	FACT-GATED-CROSS-FILE	opentitan	hw/vendor/lowrisc_ibex/vendor/google_riscv-dv/target/rv64imc/riscv_core_setting.sv	926	927	3061	24	4568	satp_mode_t @ stimuli/sv/subs/opentitan/hw/vendor/lowrisc_ibex/vendor/google_riscv-dv/src/riscv_instr_pkg.sv	rameter satp_mode_t SATP_MODE = BARE; // Supported Privileged mode privileged_m
PRE-TICK	FACT-GATED-CROSS-FILE	opentitan	hw/vendor/lowrisc_ibex/vendor/google_riscv-dv/target/rv64imcb/riscv_core_setting.sv	926	927	3076	24	4583	satp_mode_t @ stimuli/sv/subs/opentitan/hw/vendor/lowrisc_ibex/vendor/google_riscv-dv/src/riscv_instr_pkg.sv	rameter satp_mode_t SATP_MODE = BARE; // Supported Privileged mode privileged_m
PRE-TICK	FACT-GATED-CROSS-FILE	opentitan	hw/vendor/lowrisc_ibex/vendor/google_riscv-dv/test/riscv_instr_test.sv	690	690	695	18	2138	riscv_instr_base_test @ stimuli/sv/subs/opentitan/hw/vendor/lowrisc_ibex/vendor/google_riscv-dv/test/riscv_instr_base_test.sv	iscv_instr_base_test; `uvm_component_utils(riscv_instr_test) `uvm_component
PRE-TICK	FACT-GATED-CROSS-FILE	opentitan	hw/vendor/lowrisc_ibex/vendor/google_riscv-dv/test/riscv_instr_test_lib.sv	654	654	659	18	2107	riscv_instr_base_test @ stimuli/sv/subs/opentitan/hw/vendor/lowrisc_ibex/vendor/google_riscv-dv/test/riscv_instr_base_test.sv	iscv_instr_base_test; `uvm_component_utils(riscv_rand_instr_test) `uvm_comp
PRE-TICK	FACT-GATED-CROSS-FILE	uvm-core	uvm-core-2020.3.1/compat/uvm_compat_proxy_sequence.svh	1718	1718	1804	45	2010	uvm_sequence_item @ stimuli/sv/uvm/uvm-core-2020.3.1/src/seq/uvm_sequence_item.svh	= uvm_sequence_item, type RSP = REQ) extends
PRE-TICK	FACT-GATED-CROSS-FILE	uvm-core	uvm-core-2020.3.1/src/base/uvm_barrier.svh	1675	1675	1848	45	6473	uvm_object @ stimuli/sv/uvm/uvm-core-2020.3.1/src/base/uvm_misc.svh	r extends uvm_object; local int threshold; local int num_wait
PRE-TICK	FACT-GATED-CROSS-FILE	uvm-core	uvm-core-2020.3.1/src/base/uvm_bottomup_phase.svh	1809	1809	2568	48	4129	uvm_phase @ stimuli/sv/uvm/uvm-core-2020.3.1/src/base/uvm_phase.svh	se extends uvm_phase; // @uvm-ieee 1800.2-2020 auto 9.5.2.1 function new(s
PRE-TICK	FACT-GATED-CROSS-FILE	uvm-core	uvm-core-2020.3.1/src/base/uvm_cmdline_report.svh	1979	1980	2171	54	19957	uvm_report_object @ stimuli/sv/uvm/uvm-core-2020.3.1/src/base/uvm_root.svh	t uvm_report_object ro); string setting_str[$]; int verbosity;
PRE-TICK	FACT-GATED-CROSS-FILE	uvm-core	uvm-core-2020.3.1/src/base/uvm_common_phases.svh	2853	2853	3018	78	10741	uvm_topdown_phase @ stimuli/sv/uvm/uvm-core-2020.3.1/src/base/uvm_topdown_phase.svh	ds uvm_topdown_phase; virtual function void exec_func(uvm_component comp, uvm
PRE-TICK	FACT-GATED-CROSS-FILE	uvm-core	uvm-core-2020.3.1/src/base/uvm_comparer.svh	1948	1948	2000	50	21811	uvm_policy @ stimuli/sv/uvm/uvm-core-2020.3.1/src/base/uvm_policy.svh	r extends uvm_policy; // @uvm-ieee 1800.2-2020 auto 16.3.2.3 `uvm_obj
PRE-TICK	FACT-GATED-CROSS-FILE	uvm-core	uvm-core-2020.3.1/src/base/uvm_component.svh	2108	2108	61611	59	122681	uvm_report_object @ stimuli/sv/uvm/uvm-core-2020.3.1/src/base/uvm_root.svh	ds uvm_report_object; // Function -- NODOCS -- new // // Creates a new co
PRE-TICK	FACT-GATED-CROSS-FILE	uvm-core	uvm-core-2020.3.1/src/base/uvm_config_db_implementation.svh	1771	1771	1814	54	14827	uvm_object @ stimuli/sv/uvm/uvm-core-2020.3.1/src/base/uvm_misc.svh	) extends uvm_object; typedef uvm_resource #(T) rsrc_t; `uvm_object_abstr
PRE-TICK	FACT-GATED-CROSS-FILE	uvm-core	uvm-core-2020.3.1/src/base/uvm_copier.svh	1853	1853	1900	50	7646	uvm_policy @ stimuli/sv/uvm/uvm-core-2020.3.1/src/base/uvm_policy.svh	r extends uvm_policy; // @uvm-ieee 1800.2-2020 auto 16.6.2.2 `uvm_object_u
PRE-TICK	FACT-GATED-CROSS-FILE	uvm-core	uvm-core-2020.3.1/src/base/uvm_domain.svh	1953	1954	6304	58	7200	uvm_phase @ stimuli/sv/uvm/uvm-core-2020.3.1/src/base/uvm_phase.svh	n_phase; uvm_phase build_ph; uvm_phase connect_ph; uvm_phase end_of_elaboration
PRE-TICK	FACT-GATED-CROSS-FILE	uvm-core	uvm-core-2020.3.1/src/base/uvm_event.svh	1800	1800	1811	48	14230	uvm_object @ stimuli/sv/uvm/uvm-core-2020.3.1/src/base/uvm_misc.svh	e extends uvm_object; `uvm_object_abstract_utils(uvm_event_base) p
PRE-TICK	FACT-GATED-CROSS-FILE	uvm-core	uvm-core-2020.3.1/src/base/uvm_factory.svh	3550	3550	73634	92	83118	uvm_void @ stimuli/sv/uvm/uvm-core-2020.3.1/src/base/uvm_misc.svh	ory extends uvm_void; // Group -- NODOCS -- Retrieving the factory
PRE-TICK	FACT-GATED-CROSS-FILE	uvm-core	uvm-core-2020.3.1/src/base/uvm_field_op.svh	1516	1516	1522	40	6624	uvm_object @ stimuli/sv/uvm/uvm-core-2020.3.1/src/base/uvm_misc.svh	p extends uvm_object; `uvm_object_utils(uvm_field_op) local uvm_policy m
PRE-TICK	FACT-GATED-CROSS-FILE	uvm-core	uvm-core-2020.3.1/src/base/uvm_globals.svh	1900	1901	11151	58	21117	uvm_coreservice_t @ stimuli/sv/uvm/uvm-core-2020.3.1/src/base/uvm_coreservice.svh	uvm_coreservice_t cs; cs = uvm_coreservice_t::get(); top = cs.get_root();
PRE-TICK	FACT-GATED-CROSS-FILE	uvm-core	uvm-core-2020.3.1/src/base/uvm_links.svh	1507	1507	3311	44	8949	uvm_object @ stimuli/sv/uvm/uvm-core-2020.3.1/src/base/uvm_misc.svh	e extends uvm_object; // @uvm-ieee 1800.2-2020 auto 7.3.1.2 function new
PRE-TICK	FACT-GATED-CROSS-FILE	uvm-core	uvm-core-2020.3.1/src/base/uvm_misc.svh	9271	9272	16783	323	20126	uvm_radix_enum @ stimuli/sv/uvm/uvm-core-2020.3.1/src/base/uvm_object_globals.svh	uvm_radix_enum radix=UVM_NORADIX, string
PRE-TICK	FACT-GATED-CROSS-FILE	uvm-core	uvm-core-2020.3.1/src/base/uvm_object.svh	2200	2200	33598	61	41336	uvm_void @ stimuli/sv/uvm/uvm-core-2020.3.1/src/base/uvm_misc.svh	ect extends uvm_void; // Function -- NODOCS -- new // // Creates a new u
PRE-TICK	FACT-GATED-CROSS-FILE	uvm-core	uvm-core-2020.3.1/src/base/uvm_packer_array_extension.svh	1445	1445	1452	38	2436	uvm_object @ stimuli/sv/uvm/uvm-core-2020.3.1/src/base/uvm_misc.svh	n extends uvm_object; `uvm_object_utils(uvm_packer_array_extension) //
PRE-TICK	FACT-GATED-CROSS-FILE	uvm-core	uvm-core-2020.3.1/src/base/uvm_phase.svh	6764	6764	6803	147	66927	uvm_object @ stimuli/sv/uvm/uvm-core-2020.3.1/src/base/uvm_misc.svh	e extends uvm_object; //`uvm_object_utils(uvm_phase) `uvm_register_cb(uvm_
PRE-TICK	FACT-GATED-CROSS-FILE	uvm-core	uvm-core-2020.3.1/src/base/uvm_phase_hopper.svh	2064	2064	2069	55	27377	uvm_object @ stimuli/sv/uvm/uvm-core-2020.3.1/src/base/uvm_misc.svh	r extends uvm_object; `uvm_object_utils(uvm_phase_hopper) // Function: new
PRE-TICK	FACT-GATED-CROSS-FILE	uvm-core	uvm-core-2020.3.1/src/base/uvm_policy.svh	1562	1562	5751	41	7069	uvm_object @ stimuli/sv/uvm/uvm-core-2020.3.1/src/base/uvm_misc.svh	y extends uvm_object; typedef enum { NEVER, STARTED, F
PRE-TICK	FACT-GATED-CROSS-FILE	uvm-core	uvm-core-2020.3.1/src/base/uvm_pool.svh	1876	1876	2011	49	10443	uvm_void @ stimuli/sv/uvm/uvm-core-2020.3.1/src/base/uvm_misc.svh	KEY=int, T=uvm_void) extends uvm_object; typedef uvm_pool #(KEY,T) this_type
PRE-TICK	FACT-GATED-CROSS-FILE	uvm-core	uvm-core-2020.3.1/src/base/uvm_printer.svh	1781	1781	1787	57	56070	uvm_policy @ stimuli/sv/uvm/uvm-core-2020.3.1/src/base/uvm_policy.svh	r extends uvm_policy; `uvm_object_abstract_utils(uvm_printer) extern func
PRE-TICK	FACT-GATED-CROSS-FILE	uvm-core	uvm-core-2020.3.1/src/base/uvm_recorder.svh	2001	2001	2007	58	34507	uvm_policy @ stimuli/sv/uvm/uvm-core-2020.3.1/src/base/uvm_policy.svh	r extends uvm_policy; `uvm_object_abstract_utils(uvm_recorder) // Variabl
PRE-TICK	FACT-GATED-CROSS-FILE	uvm-core	uvm-core-2020.3.1/src/base/uvm_resource.svh	1876	1876	2596	52	9908	uvm_resource_base @ stimuli/sv/uvm/uvm-core-2020.3.1/src/base/uvm_coreservice.svh	ds uvm_resource_base; typedef uvm_resource#(T) this_type; // singleton han
PRE-TICK	FACT-GATED-CROSS-FILE	uvm-core	uvm-core-2020.3.1/src/base/uvm_resource_db_implementation.svh	1496	1496	1561	41	17951	uvm_object @ stimuli/sv/uvm/uvm-core-2020.3.1/src/base/uvm_misc.svh	#(type T=uvm_object) extends uvm_object; typedef uvm_resource #(T) rsrc_t;
PRE-TICK	FACT-GATED-CROSS-FILE	uvm-core	uvm-core-2020.3.1/src/base/uvm_resource_pool.svh	1940	1941	5930	55	41910	uvm_resource_base @ stimuli/sv/uvm/uvm-core-2020.3.1/src/base/uvm_coreservice.svh	uvm_resource_base rsrc; time t; endclass typedef class uvm_tree_printer ;
PRE-TICK	FACT-GATED-CROSS-FILE	uvm-core	uvm-core-2020.3.1/src/base/uvm_root.svh	3785	3785	10532	98	40762	uvm_component @ stimuli/sv/uvm/uvm-core-2020.3.1/src/base/uvm_coreservice.svh	xtends uvm_component; // Function -- NODOCS -- get() // Static accessor
PRE-TICK	FACT-GATED-CROSS-FILE	uvm-core	uvm-core-2020.3.1/src/base/uvm_runtime_phases.svh	2296	2296	2458	60	9814	uvm_task_phase @ stimuli/sv/uvm/uvm-core-2020.3.1/src/base/uvm_task_phase.svh	tends uvm_task_phase; virtual task exec_task(uvm_component comp, uvm_phase p
PRE-TICK	FACT-GATED-CROSS-FILE	uvm-core	uvm-core-2020.3.1/src/base/uvm_task_phase.svh	2799	2799	3829	69	5736	uvm_phase @ stimuli/sv/uvm/uvm-core-2020.3.1/src/base/uvm_phase.svh	se extends uvm_phase; // @uvm-ieee 1800.2-2020 auto 9.6.2.1 function new(
PRE-TICK	FACT-GATED-CROSS-FILE	uvm-core	uvm-core-2020.3.1/src/base/uvm_text_tr_database.svh	2328	2328	2501	64	7661	uvm_tr_database @ stimuli/sv/uvm/uvm-core-2020.3.1/src/base/uvm_coreservice.svh	ends uvm_tr_database; // Variable- m_filename_dap // Data Access Protecte
PRE-TICK	FACT-GATED-CROSS-FILE	uvm-core	uvm-core-2020.3.1/src/base/uvm_text_tr_stream.svh	1627	1627	1755	45	4955	uvm_tr_stream @ stimuli/sv/uvm/uvm-core-2020.3.1/src/base/uvm_tr_stream.svh	xtends uvm_tr_stream; // Variable- m_text_db // Internal reference to the
PRE-TICK	FACT-GATED-CROSS-FILE	uvm-core	uvm-core-2020.3.1/src/base/uvm_topdown_phase.svh	1740	1740	2298	47	4222	uvm_phase @ stimuli/sv/uvm/uvm-core-2020.3.1/src/base/uvm_phase.svh	se extends uvm_phase; // @uvm-ieee 1800.2-2020 auto 9.7.2.1 function new(
PRE-TICK	FACT-GATED-CROSS-FILE	uvm-core	uvm-core-2020.3.1/src/base/uvm_tr_database.svh	2328	2328	5131	63	7438	uvm_object @ stimuli/sv/uvm/uvm-core-2020.3.1/src/base/uvm_misc.svh	e extends uvm_object; // Variable- m_is_opened // Tracks the opened state
PRE-TICK	FACT-GATED-CROSS-FILE	uvm-core	uvm-core-2020.3.1/src/base/uvm_tr_stream.svh	1514	1515	3275	43	12590	uvm_tr_database @ stimuli/sv/uvm/uvm-core-2020.3.1/src/base/uvm_coreservice.svh	uvm_tr_database db; string scope; string stream_type_name; endclass :
PRE-TICK	FACT-GATED-CROSS-FILE	uvm-core	uvm-core-2020.3.1/src/base/uvm_traversal.svh	1657	1657	10226	43	11415	uvm_component @ stimuli/sv/uvm/uvm-core-2020.3.1/src/base/uvm_coreservice.svh	e NODE=uvm_component) extends uvm_object; function new (string name = "");
PRE-TICK	FACT-GATED-CROSS-FILE	uvm-core	uvm-core-2020.3.1/src/comps/uvm_agent.svh	2144	2144	2251	51	4363	uvm_component @ stimuli/sv/uvm/uvm-core-2020.3.1/src/base/uvm_coreservice.svh	xtends uvm_component; uvm_active_passive_enum is_active = UVM_ACTIVE; // TO
PRE-TICK	FACT-GATED-CROSS-FILE	uvm-core	uvm-core-2020.3.1/src/comps/uvm_algorithmic_comparator.svh	3590	3590	3762	83	5569	uvm_component @ stimuli/sv/uvm/uvm-core-2020.3.1/src/base/uvm_coreservice.svh	xtends uvm_component; typedef uvm_algorithmic_comparator #( BEFORE ,
PRE-TICK	FACT-GATED-CROSS-FILE	uvm-core	uvm-core-2020.3.1/src/comps/uvm_env.svh	1705	1705	1710	44	2167	uvm_component @ stimuli/sv/uvm/uvm-core-2020.3.1/src/base/uvm_coreservice.svh	xtends uvm_component; `uvm_component_abstract_utils(uvm_env) // Function
PRE-TICK	FACT-GATED-CROSS-FILE	uvm-core	uvm-core-2020.3.1/src/comps/uvm_monitor.svh	1744	1744	1749	45	2200	uvm_component @ stimuli/sv/uvm/uvm-core-2020.3.1/src/base/uvm_coreservice.svh	xtends uvm_component; `uvm_component_abstract_utils(uvm_monitor) // Func
PRE-TICK	FACT-GATED-CROSS-FILE	uvm-core	uvm-core-2020.3.1/src/comps/uvm_push_driver.svh	1958	1958	2024	50	3760	uvm_sequence_item @ stimuli/sv/uvm/uvm-core-2020.3.1/src/seq/uvm_sequence_item.svh	EQ=uvm_sequence_item, type RSP=REQ) extends uvm_componen
PRE-TICK	FACT-GATED-CROSS-FILE	uvm-core	uvm-core-2020.3.1/src/comps/uvm_random_stimulus.svh	2413	2413	2549	57	5023	uvm_transaction @ stimuli/sv/uvm/uvm-core-2020.3.1/src/base/uvm_transaction.svh	pe T=uvm_transaction) extends uvm_component; localparam string type_name = "
PRE-TICK	FACT-GATED-CROSS-FILE	uvm-core	uvm-core-2020.3.1/src/comps/uvm_scoreboard.svh	1823	1823	1828	47	2243	uvm_component @ stimuli/sv/uvm/uvm-core-2020.3.1/src/base/uvm_coreservice.svh	xtends uvm_component; `uvm_component_abstract_utils(uvm_scoreboard) // F
PRE-TICK	FACT-GATED-CROSS-FILE	uvm-core	uvm-core-2020.3.1/src/comps/uvm_test.svh	2969	2969	2974	73	3421	uvm_component @ stimuli/sv/uvm/uvm-core-2020.3.1/src/base/uvm_coreservice.svh	xtends uvm_component; `uvm_component_abstract_utils(uvm_test) // Functio
PRE-TICK	FACT-GATED-CROSS-FILE	uvm-core	uvm-core-2020.3.1/src/dap/uvm_get_to_lock_dap.svh	1665	1665	1782	45	5723	uvm_set_get_dap_base @ stimuli/sv/uvm/uvm-core-2020.3.1/src/dap/uvm_set_get_dap_base.svh	uvm_set_get_dap_base#(T); // Used for self-references typedef uvm_get_to_
PRE-TICK	FACT-GATED-CROSS-FILE	uvm-core	uvm-core-2020.3.1/src/dap/uvm_set_before_get_dap.svh	3289	3289	3409	78	6946	uvm_set_get_dap_base @ stimuli/sv/uvm/uvm-core-2020.3.1/src/dap/uvm_set_get_dap_base.svh	uvm_set_get_dap_base#(T); // Used for self-references typedef uvm_set_bef
PRE-TICK	FACT-GATED-CROSS-FILE	uvm-core	uvm-core-2020.3.1/src/dap/uvm_simple_lock_dap.svh	1661	1661	1778	46	5919	uvm_set_get_dap_base @ stimuli/sv/uvm/uvm-core-2020.3.1/src/dap/uvm_set_get_dap_base.svh	uvm_set_get_dap_base#(T); // Used for self-references typedef uvm_simple_
PRE-TICK	FACT-GATED-CROSS-FILE	uvm-core	uvm-core-2020.3.1/src/reg/sequences/uvm_mem_access_seq.svh	2108	2109	2275	63	11094	uvm_reg_sequence @ stimuli/sv/uvm/uvm-core-2020.3.1/src/reg/uvm_reg_sequence.svh	ds uvm_reg_sequence #(uvm_sequence #(uvm_reg_item)); // Variable -- NODOCS -
PRE-TICK	FACT-GATED-CROSS-FILE	uvm-core	uvm-core-2020.3.1/src/reg/sequences/uvm_mem_walk_seq.svh	2604	2605	2642	72	10748	uvm_reg_sequence @ stimuli/sv/uvm/uvm-core-2020.3.1/src/reg/uvm_reg_sequence.svh	ds uvm_reg_sequence #(uvm_sequence #(uvm_reg_item)); `uvm_object_utils(uvm_m
PRE-TICK	FACT-GATED-CROSS-FILE	uvm-core	uvm-core-2020.3.1/src/reg/sequences/uvm_reg_access_seq.svh	2713	2714	2830	76	12800	uvm_reg_sequence @ stimuli/sv/uvm/uvm-core-2020.3.1/src/reg/uvm_reg_sequence.svh	ds uvm_reg_sequence #(uvm_sequence #(uvm_reg_item)); // Variable -- NODOCS -
PRE-TICK	FACT-GATED-CROSS-FILE	uvm-core	uvm-core-2020.3.1/src/reg/sequences/uvm_reg_bit_bash_seq.svh	2651	2652	2768	69	10796	uvm_reg_sequence @ stimuli/sv/uvm/uvm-core-2020.3.1/src/reg/uvm_reg_sequence.svh	ds uvm_reg_sequence #(uvm_sequence #(uvm_reg_item)); // Variable -- NODOCS -
PRE-TICK	FACT-GATED-CROSS-FILE	uvm-core	uvm-core-2020.3.1/src/reg/sequences/uvm_reg_hw_reset_seq.svh	2187	2188	2225	63	6573	uvm_reg_sequence @ stimuli/sv/uvm/uvm-core-2020.3.1/src/reg/uvm_reg_sequence.svh	ds uvm_reg_sequence #(uvm_sequence #(uvm_reg_item)); `uvm_object_utils(uvm_r
PRE-TICK	FACT-GATED-CROSS-FILE	uvm-core	uvm-core-2020.3.1/src/reg/sequences/uvm_reg_mem_built_in_seq.svh	1609	1610	1647	46	6409	uvm_reg_sequence @ stimuli/sv/uvm/uvm-core-2020.3.1/src/reg/uvm_reg_sequence.svh	ds uvm_reg_sequence #(uvm_sequence #(uvm_reg_item)); `uvm_object_utils(uvm_r
PRE-TICK	FACT-GATED-CROSS-FILE	uvm-core	uvm-core-2020.3.1/src/reg/sequences/uvm_reg_mem_hdl_paths_seq.svh	2187	2188	2511	59	6676	uvm_reg_sequence @ stimuli/sv/uvm/uvm-core-2020.3.1/src/reg/uvm_reg_sequence.svh	ds uvm_reg_sequence #(uvm_sequence #(uvm_reg_item)); // Variable -- NODOCS -
PRE-TICK	FACT-GATED-CROSS-FILE	uvm-core	uvm-core-2020.3.1/src/reg/sequences/uvm_reg_mem_shared_access_seq.svh	2761	2762	2916	71	18785	uvm_reg_sequence @ stimuli/sv/uvm/uvm-core-2020.3.1/src/reg/uvm_reg_sequence.svh	ds uvm_reg_sequence #(uvm_sequence #(uvm_reg_item)); // Variable -- NODOCS -
PRE-TICK	FACT-GATED-CROSS-FILE	uvm-core	uvm-core-2020.3.1/src/reg/uvm_mem.svh	2134	2134	15466	57	59199	uvm_object @ stimuli/sv/uvm/uvm-core-2020.3.1/src/base/uvm_misc.svh	m extends uvm_object; // See Mantis 6040. I did NOT make this class virtual beca
PRE-TICK	FACT-GATED-CROSS-FILE	uvm-core	uvm-core-2020.3.1/src/reg/uvm_reg.svh	1869	1870	1876	50	80060	uvm_object @ stimuli/sv/uvm/uvm-core-2020.3.1/src/base/uvm_misc.svh	extends uvm_object ; `uvm_object_utils(uvm_reg_err_service) static uvm_
PRE-TICK	FACT-GATED-CROSS-FILE	uvm-core	uvm-core-2020.3.1/src/reg/uvm_reg_adapter.svh	2029	2029	2036	54	8103	uvm_object @ stimuli/sv/uvm/uvm-core-2020.3.1/src/base/uvm_misc.svh	r extends uvm_object; `uvm_object_abstract_utils(uvm_reg_adapter) // Fu
PRE-TICK	FACT-GATED-CROSS-FILE	uvm-core	uvm-core-2020.3.1/src/reg/uvm_reg_backdoor.svh	1844	1844	1851	51	7556	uvm_object @ stimuli/sv/uvm/uvm-core-2020.3.1/src/base/uvm_misc.svh	r extends uvm_object; `uvm_object_abstract_utils(uvm_reg_backdoor) //
PRE-TICK	FACT-GATED-CROSS-FILE	uvm-core	uvm-core-2020.3.1/src/reg/uvm_reg_block.svh	1441	1441	1448	40	76010	uvm_object @ stimuli/sv/uvm/uvm-core-2020.3.1/src/base/uvm_misc.svh	k extends uvm_object; `uvm_object_utils(uvm_reg_block) local uvm_reg_b
PRE-TICK	FACT-GATED-CROSS-FILE	uvm-core	uvm-core-2020.3.1/src/reg/uvm_reg_cbs.svh	2068	2068	2074	58	10970	uvm_callback @ stimuli/sv/uvm/uvm-core-2020.3.1/src/base/uvm_callback.svh	extends uvm_callback; `uvm_object_utils(uvm_reg_cbs) // @uvm-ieee 1800.
PRE-TICK	FACT-GATED-CROSS-FILE	uvm-core	uvm-core-2020.3.1/src/reg/uvm_reg_field.svh	1644	1644	2722	50	53463	uvm_object @ stimuli/sv/uvm/uvm-core-2020.3.1/src/base/uvm_misc.svh	d extends uvm_object; // Variable -- NODOCS -- value // Mirrored field va
PRE-TICK	FACT-GATED-CROSS-FILE	uvm-core	uvm-core-2020.3.1/src/reg/uvm_reg_fifo.svh	1726	1726	8163	49	9850	uvm_reg @ stimuli/sv/uvm/uvm-core-2020.3.1/src/reg/uvm_reg_model.svh	fifo extends uvm_reg; local uvm_reg_field value; local int m_set_cnt;
PRE-TICK	FACT-GATED-CROSS-FILE	uvm-core	uvm-core-2020.3.1/src/reg/uvm_reg_file.svh	1298	1298	1495	38	11289	uvm_object @ stimuli/sv/uvm/uvm-core-2020.3.1/src/base/uvm_misc.svh	e extends uvm_object; local uvm_reg_block parent; local uvm_reg_file
PRE-TICK	FACT-GATED-CROSS-FILE	uvm-core	uvm-core-2020.3.1/src/reg/uvm_reg_indirect.svh	1878	1878	3243	50	11396	uvm_reg @ stimuli/sv/uvm/uvm-core-2020.3.1/src/reg/uvm_reg_model.svh	data extends uvm_reg; protected uvm_reg m_idx; protected uvm_reg m_tbl[];
PRE-TICK	FACT-GATED-CROSS-FILE	uvm-core	uvm-core-2020.3.1/src/reg/uvm_reg_item.svh	2404	2404	2409	57	15662	uvm_sequence_item @ stimuli/sv/uvm/uvm-core-2020.3.1/src/seq/uvm_sequence_item.svh	ds uvm_sequence_item; `uvm_object_utils(uvm_reg_item) // Variable -- NODOC
PRE-TICK	FACT-GATED-CROSS-FILE	uvm-core	uvm-core-2020.3.1/src/reg/uvm_reg_map.svh	1506	1515	2792	42	74382	uvm_reg_addr_t @ stimuli/sv/uvm/uvm-core-2020.3.1/src/reg/uvm_reg_model.svh	_reg_addr_t offset; string rights; bit
PRE-TICK	FACT-GATED-CROSS-FILE	uvm-core	uvm-core-2020.3.1/src/reg/uvm_reg_predictor.svh	1847	1848	2919	49	10551	uvm_reg_item @ stimuli/sv/uvm/uvm-core-2020.3.1/src/reg/uvm_reg_model.svh	t]; uvm_reg_item reg_item; endclass //--------------------------------------
PRE-TICK	FACT-GATED-CROSS-FILE	uvm-core	uvm-core-2020.3.1/src/reg/uvm_vreg.svh	2514	2514	2520	72	39660	uvm_object @ stimuli/sv/uvm/uvm-core-2020.3.1/src/base/uvm_misc.svh	g extends uvm_object; `uvm_register_cb(uvm_vreg, uvm_vreg_cbs) local bit
PRE-TICK	FACT-GATED-CROSS-FILE	uvm-core	uvm-core-2020.3.1/src/reg/uvm_vreg_field.svh	2197	2197	2203	62	26811	uvm_object @ stimuli/sv/uvm/uvm-core-2020.3.1/src/base/uvm_misc.svh	d extends uvm_object; `uvm_object_utils(uvm_vreg_field) `uvm_register_cb(
PRE-TICK	FACT-GATED-CROSS-FILE	uvm-core	uvm-core-2020.3.1/src/seq/uvm_sequence_base.svh	5449	5449	5453	153	45532	uvm_sequence_item @ stimuli/sv/uvm/uvm-core-2020.3.1/src/seq/uvm_sequence_item.svh	ds uvm_sequence_item; `uvm_object_abstract_utils(uvm_sequence_base) // Thi
PRE-TICK	FACT-GATED-CROSS-FILE	uvm-core	uvm-core-2020.3.1/src/seq/uvm_sequence_item.svh	1888	1888	2545	52	18185	uvm_transaction @ stimuli/sv/uvm/uvm-core-2020.3.1/src/base/uvm_transaction.svh	ends uvm_transaction; local int m_sequence_id = -1; pro
PRE-TICK	FACT-GATED-CROSS-FILE	uvm-core	uvm-core-2020.3.1/src/seq/uvm_sequence_library.svh	3109	3109	3156	77	26380	uvm_sequence_item @ stimuli/sv/uvm/uvm-core-2020.3.1/src/seq/uvm_sequence_item.svh	EQ=uvm_sequence_item,RSP=REQ) extends uvm_sequence #(REQ,RSP); `uvm_object_p
PRE-TICK	FACT-GATED-CROSS-FILE	uvm-core	uvm-core-2020.3.1/src/seq/uvm_sequencer.svh	1566	1566	1711	44	11438	uvm_sequence_item @ stimuli/sv/uvm/uvm-core-2020.3.1/src/seq/uvm_sequence_item.svh	EQ=uvm_sequence_item, RSP=REQ) extends uvm_se
PRE-TICK	FACT-GATED-CROSS-FILE	uvm-core	uvm-core-2020.3.1/src/seq/uvm_sequencer_param_base.svh	1777	1777	11254	47	15903	uvm_sequence_item @ stimuli/sv/uvm/uvm-core-2020.3.1/src/seq/uvm_sequence_item.svh	= uvm_sequence_item, type RSP = REQ) extends u
PRE-TICK	FACT-GATED-CROSS-FILE	uvm-core	uvm-core-2020.3.1/src/tlm1/uvm_analysis_port.svh	2317	2318	2529	69	5667	uvm_port_base @ stimuli/sv/uvm/uvm-core-2020.3.1/src/base/uvm_port_base.svh	tends uvm_port_base # (uvm_tlm_if_base #(T,T)); // @uvm-ieee 1800.2-2020 auto
PRE-TICK	FACT-GATED-CROSS-FILE	uvm-core	uvm-core-2020.3.1/src/tlm1/uvm_exports.svh	3107	3108	3137	92	9845	uvm_port_base @ stimuli/sv/uvm/uvm-core-2020.3.1/src/base/uvm_port_base.svh	tends uvm_port_base #(uvm_tlm_if_base #(T,T)); `UVM_EXPORT_COMMON(`UVM_TLM_BLO
PRE-TICK	FACT-GATED-CROSS-FILE	uvm-core	uvm-core-2020.3.1/src/tlm1/uvm_imps.svh	3165	3166	3195	94	12400	uvm_port_base @ stimuli/sv/uvm/uvm-core-2020.3.1/src/base/uvm_port_base.svh	tends uvm_port_base #(uvm_tlm_if_base #(T,T)); `UVM_IMP_COMMON(`UVM_TLM_BLOCKI
PRE-TICK	FACT-GATED-CROSS-FILE	uvm-core	uvm-core-2020.3.1/src/tlm1/uvm_ports.svh	3233	3234	3263	93	9889	uvm_port_base @ stimuli/sv/uvm/uvm-core-2020.3.1/src/base/uvm_port_base.svh	tends uvm_port_base #(uvm_tlm_if_base #(T,T)); `UVM_PORT_COMMON(`UVM_TLM_BLOCK
PRE-TICK	FACT-GATED-CROSS-FILE	uvm-core	uvm-core-2020.3.1/src/tlm1/uvm_tlm_fifos.svh	2311	2312	2321	60	8162	uvm_tlm_fifo_base @ stimuli/sv/uvm/uvm-core-2020.3.1/src/tlm1/uvm_tlm_fifo_base.svh	s uvm_tlm_fifo_base #(T); `uvm_component_param_utils(uvm_tlm_fifo#(T)) `uvm
PRE-TICK	FACT-GATED-CROSS-FILE	uvm-core	uvm-core-2020.3.1/src/tlm2/uvm_tlm2_exports.svh	1642	1642	1690	46	2787	uvm_tlm_generic_payload @ stimuli/sv/uvm/uvm-core-2020.3.1/src/tlm2/uvm_tlm2_generic_payload.svh	_tlm_generic_payload) extends uvm_port_base #(uvm_tlm_if #(T)); `UVM_EXPORT_
PRE-TICK	FACT-GATED-CROSS-FILE	uvm-core	uvm-core-2020.3.1/src/tlm2/uvm_tlm2_generic_payload.svh	3558	3558	15686	114	40318	uvm_sequence_item @ stimuli/sv/uvm/uvm-core-2020.3.1/src/seq/uvm_sequence_item.svh	ds uvm_sequence_item; // Variable -- NODOCS -- m_address // // Addr
PRE-TICK	FACT-GATED-CROSS-FILE	uvm-core	uvm-core-2020.3.1/src/tlm2/uvm_tlm2_ports.svh	1749	1749	1797	48	3306	uvm_tlm_generic_payload @ stimuli/sv/uvm/uvm-core-2020.3.1/src/tlm2/uvm_tlm2_generic_payload.svh	_tlm_generic_payload) extends uvm_port_base #(uvm_tlm_if #(T)); `UVM_PORT_CO
PRE-TICK	FACT-GATED-CROSS-FILE	uvm-core	uvm-core-2020.3.1/src/tlm2/uvm_tlm2_sockets.svh	2950	2950	3703	69	14027	uvm_tlm_generic_payload @ stimuli/sv/uvm/uvm-core-2020.3.1/src/tlm2/uvm_tlm2_generic_payload.svh	_tlm_generic_payload) extends uvm_tlm_b_initiator_soc
PRE-TICK	FACT-GATED-CROSS-FILE	uvm-core	uvm-core-2020.3.1/src/tlm2/uvm_tlm2_sockets_base.svh	2496	2496	2667	59	7745	uvm_tlm_generic_payload @ stimuli/sv/uvm/uvm-core-2020.3.1/src/tlm2/uvm_tlm2_generic_payload.svh	_tlm_generic_payload) extends uvm_port_base #(uvm_tlm_if #(T)); function ne
PRE-TICK	FACT-GATED-CROSS-FILE	uvm-core	uvm-core-2020.3.1/src/tlm2/uvm_tlm_time.svh	1674	1674	4671	47	10133	uvm_void @ stimuli/sv/uvm/uvm-core-2020.3.1/src/base/uvm_misc.svh	ime extends uvm_void; static local real m_resolution = 1.0e-12; // ps by def
PRE-TICK	FACT-GATED-LOCAL-TYPE	uvm-core	uvm-core-2020.3.1/src/base/uvm_resource_base.svh	5509	5510	8409	123	20400	uvm_resource_base	(uvm_resource_base) rsrc_q_t; // SV queue of resources typedef uvm_resource
PRE-TICK	FACT-GATED-LOCAL-TYPE	uvm-core	uvm-core-2020.3.1/src/comps/uvm_driver.svh	2257	2257	2262	59	3848	REQ	xtends uvm_component; `uvm_component_param_utils(uvm_driver#(REQ,RSP)) // T
PRE-TICK	FACT-GATED-LOCAL-TYPE	uvm-core	uvm-core-2020.3.1/src/comps/uvm_in_order_comparator.svh	3591	3592	3804	87	8563	T	uilt_in_comp #( T ) , type convert = uvm_built_in_converter #( T ) ,
PRE-TICK	FACT-GATED-LOCAL-TYPE	uvm-core	uvm-core-2020.3.1/src/comps/uvm_pair.svh	1913	1913	1966	48	5211	T1	) extends uvm_object; typedef uvm_class_pair #(T1, T2 ) this_type; `uvm_ob
PRE-TICK	FACT-GATED-LOCAL-TYPE	uvm-core	uvm-core-2020.3.1/src/tlm1/uvm_sqr_connections.svh	2229	2230	2264	57	3724	REQ	tends uvm_port_base #(uvm_sqr_if_base #(REQ, RSP)); `UVM_SEQ_PORT(`UVM_SEQ_ITE
PRE-TICK	FACT-GATED-LOCAL-TYPE	uvm-core	uvm-core-2020.3.1/src/tlm1/uvm_tlm_req_rsp.svh	2340	2340	2403	59	13793	REQ	xtends uvm_component; typedef uvm_tlm_req_rsp_channel #(REQ, RSP) this_type;
PRE-TICK	NO-FACT-GATE-AT-FAILURE	opentitan	hw/dv/sv/tl_agent/dv/env/tl_agent_env_pkg.sv	534	535	556	17	742		(tl_agent_env_cfg)) tl_agent_env_cov; `include "tl_agent_env_cfg.sv" `inclu
PRE-TICK	NO-FACT-GATE-AT-FAILURE	opentitan	hw/ip/aes/dv/err_injection_if/signal_force.sv	719	719	2019	24	2350		)::set(null, "*", pick_if_name(), fi_if); end // Pick a name
PRE-TICK	NO-FACT-GATE-AT-FAILURE	opentitan	hw/top_darjeeling/dv/autogen/tb__alert_handler_connect.sv	243	244	274	7	5467		y `topgen.py` tool assign alert_if[0].alert_tx = `CHIP_HIER.u_uart0.alert_tx_o[
PRE-TICK	NO-FACT-GATE-AT-FAILURE	opentitan	hw/top_earlgrey/dv/autogen/tb__alert_handler_connect.sv	243	244	274	7	4562		y `topgen.py` tool assign alert_if[0].alert_tx = `CHIP_HIER.u_uart0.alert_tx_o[
PRE-TICK	NO-FACT-GATE-AT-FAILURE	opentitan	hw/vendor/lowrisc_ibex/dv/formal/check/peek/abs.sv	738	739	869	16	4259		te /////////////// assign pre_regs[0] = 32'h0; for (genvar i = 1; i < 32; i++)
PRE-TICK	NO-FACT-GATE-AT-FAILURE	opentitan	hw/vendor/lowrisc_ibex/dv/formal/check/peek/mem.sv	484	485	539	13	5003		logic has_snd_req; assign has_snd_req = mem_gnt_snd_d | (mem_gnt_fst_q & `CR.da
PRE-TICK	NO-FACT-GATE-AT-FAILURE	scr1	src/tb/scr1_top_tb_runtests.sv	334	335	470	10	9076		------------------ initial begin $value$plusargs("imem_pattern=%h", imem_re
PRE-TICK	NO-FACT-GATE-AT-FAILURE	uvm-core	uvm-core-2020.3.1/src/reg/uvm_reg_sequence.svh	3172	3172	3191	73	20131		ence #(uvm_reg_item)) extends BASE; `uvm_object_param_utils(uvm_reg_sequence
PRE-TICK	NO-FACT-GATE-AT-FAILURE	uvm-core	uvm-core-2020.3.1/src/seq/uvm_sequencer_base.svh	1496	1497	14540	41	47855		(uvm_sequence_base) uvm_config_seq; typedef class uvm_sequence_request; // Util
PRE-TICK	UNDECLARED-ANYWHERE	black-parrot	bp_top/test/common/bp_nonsynth_core_profiler.sv	27	31	1761	3	10455	ERROR_CURRENTLY_UNSUPPORTED	NTLY_UNSUPPORTED typedef struct packed { logic icache_miss; logic b
PRE-TICK	UNDECLARED-ANYWHERE	opentitan	hw/ip/aes/dv/env/aes_ral_extension.svh	320	320	324	6	1081	aes_reg_block	xtends aes_reg_block; `uvm_object_utils(aes_reg_block_extended) function ne
PRE-TICK	UNDECLARED-ANYWHERE	opentitan	hw/top_darjeeling/ip/xbar_dbg/dv/autogen/tb__xbar_connect.sv	231	232	240	7	854	xbar_dbg	.py` tool xbar_dbg dut(); `DRIVE_CLK(clk_dbg_i) `DRIVE_CLK(clk_peri_i) initia
PRE-TICK	UNDECLARED-ANYWHERE	opentitan	hw/top_darjeeling/ip/xbar_main/dv/autogen/tb__xbar_connect.sv	232	233	241	7	3448	xbar_main	py` tool xbar_main dut(); `DRIVE_CLK(clk_main_i) `DRIVE_CLK(clk_fixed_i) init
PRE-TICK	UNDECLARED-ANYWHERE	opentitan	hw/top_darjeeling/ip/xbar_mbx/dv/autogen/tb__xbar_connect.sv	231	232	240	7	1137	xbar_mbx	.py` tool xbar_mbx dut(); `DRIVE_CLK(clk_mbx_i) initial force dut.clk_mbx_i =
PRE-TICK	UNDECLARED-ANYWHERE	opentitan	hw/top_darjeeling/ip/xbar_peri/dv/autogen/tb__xbar_connect.sv	232	233	241	7	1639	xbar_peri	py` tool xbar_peri dut(); `DRIVE_CLK(clk_peri_i) initial force dut.clk_peri_i
PRE-TICK	UNDECLARED-ANYWHERE	opentitan	hw/top_darjeeling/ip_autogen/clkmgr/dv/env/clkmgr_env_cov.sv	960	961	3111	24	5299	csr_enable_cp,ip_clk_en_cp,peri_cross	le_off = peri_cross with (csr_enable_cp == 1 && ip_clk_en_cp == 0); } endg
PRE-TICK	UNDECLARED-ANYWHERE	opentitan	hw/top_darjeeling/ip_autogen/otp_ctrl/dv/env/otp_ctrl_env_cov.sv	2244	2245	6845	56	19061	TL_DW,otp_ctrl_core_reg_block	ctrl_core_reg_block ral) with function sample(bit[TL_DW-1:0]
PRE-TICK	UNDECLARED-ANYWHERE	opentitan	hw/top_earlgrey/ip/xbar_main/dv/autogen/tb__xbar_connect.sv	232	233	241	7	2502	xbar_main	py` tool xbar_main dut(); `DRIVE_CLK(clk_main_i) `DRIVE_CLK(clk_fixed_i) `DRIV
PRE-TICK	UNDECLARED-ANYWHERE	opentitan	hw/top_earlgrey/ip/xbar_peri/dv/autogen/tb__xbar_connect.sv	232	233	241	7	1965	xbar_peri	py` tool xbar_peri dut(); `DRIVE_CLK(clk_peri_i) initial force dut.clk_peri_i
PRE-TICK	UNDECLARED-ANYWHERE	opentitan	hw/top_earlgrey/ip_autogen/clkmgr/dv/env/clkmgr_env_cov.sv	960	961	3111	24	6299	csr_enable_cp,ip_clk_en_cp,peri_cross	le_off = peri_cross with (csr_enable_cp == 1 && ip_clk_en_cp == 0); } endg
PRE-TICK	UNDECLARED-ANYWHERE	opentitan	hw/top_earlgrey/ip_autogen/otp_ctrl/dv/env/otp_ctrl_env_cov.sv	2244	2245	5448	56	15677	TL_DW,otp_ctrl_core_reg_block	ctrl_core_reg_block ral) with function sample(bit[TL_DW-1:0]
PRE-TICK	UNDECLARED-ANYWHERE	opentitan	hw/top_englishbreakfast/ip/xbar_main/dv/autogen/tb__xbar_connect.sv	232	233	241	7	1375	xbar_main	py` tool xbar_main dut(); `DRIVE_CLK(clk_main_i) `DRIVE_CLK(clk_fixed_i) init
PRE-TICK	UNDECLARED-ANYWHERE	opentitan	hw/top_englishbreakfast/ip/xbar_peri/dv/autogen/tb__xbar_connect.sv	232	233	241	7	1409	xbar_peri	py` tool xbar_peri dut(); `DRIVE_CLK(clk_peri_i) `DRIVE_CLK(clk_spi_host0_i) `
PRE-TICK	UNDECLARED-ANYWHERE	opentitan	hw/top_englishbreakfast/ip_autogen/clkmgr/dv/env/clkmgr_env_cov.sv	960	961	3111	24	6141	csr_enable_cp,ip_clk_en_cp,peri_cross	le_off = peri_cross with (csr_enable_cp == 1 && ip_clk_en_cp == 0); } endg
PRE-TICK	UNDECLARED-ANYWHERE	opentitan	hw/vendor/lowrisc_ibex/dv/formal/check/protocol/irqs.sv	362	362	623	12	1104	NoNMI	ither of these NoNMI: assume property (~irq_nm_i); NoFastIRQ: assume property (~
PRE-TICK	UNDECLARED-ANYWHERE	opentitan	hw/vendor/lowrisc_ibex/dv/formal/check/spec_instance.sv	471	472	565	14	2815	t_MainMode	ate. */ t_MainMode main_mode; always_comb begin if (wbexc_handling_irq) ma
